2020_Townsend_3577-hepta_0                     -28.4834                3.6803              0.3680
2020_Townsend_3578-hepta_1                     -39.1887               11.9891              1.1989
2020_Townsend_3579-hepta_2                     -16.1165                2.0658              0.2066
2020_Townsend_3580-hepta_3                     -33.7822                3.5682              0.3568
2020_Townsend_3581-hepta_4                     -22.1753                1.8526              0.1853
2020_Townsend_3582-hepta_5                     -24.5139                1.8728              0.1873
2020_Townsend_3583-hepta_6                     -26.5704                2.7353              0.2735
2020_Townsend_3585-hepta_8                     -21.7100                2.4664              0.2466
2020_Townsend_3586-hepta_9                     -38.7110                2.9672              0.2967
2020_Townsend_3587-hepta_10                     -29.1274                3.4573              0.3457
2020_Townsend_3588-hepta_11                     -24.4045                3.8548              0.3855
2020_Townsend_3589-hepta_12                     -32.8749                5.1318              0.5132
2020_Townsend_3590-hepta_13                     -32.5124                4.4232              0.4423
2020_Townsend_3592-hepta_15                     -36.7823                5.0082              0.5008
2020_Townsend_3593-hepta_16                     -16.0603                1.8610              0.1861
2020_Townsend_3594-hepta_17                     -44.2768                4.0317              0.4032
2020_Townsend_3595-hepta_18                     -45.6786                3.8790              0.3879
2020_Townsend_3596-hepta_19                     -42.5870                3.8736              0.3874
2020_Townsend_3597-hepta_20                     -20.5430                2.0112              0.2011
2020_Townsend_3599-hepta_22                     -29.3913                4.9818              0.4982
2020_Townsend_3600-hepta_23                     -27.7977                2.4894              0.2489
2020_Townsend_3602-hepta_25                     -28.1589                2.9146              0.2915
2020_Townsend_3603-hepta_26                     -42.0859                5.5273              0.5527
2020_Townsend_3604-hepta_27                     -28.0064                3.2702              0.3270
2020_Townsend_3607-hepta_30                     -29.8384                3.1864              0.3186
2020_Townsend_3608-hepta_31                     -27.6798                2.2323              0.2232
2020_Townsend_3609-hepta_32                     -24.5720                2.3728              0.2373
2020_Townsend_3610-hepta_33                     -27.7617                5.4409              0.5441
2020_Townsend_3611-hepta_34                     -46.8659                3.5819              0.3582
2020_Townsend_3612-hepta_35                     -28.9445                2.2174              0.2217
2020_Townsend_3613-hepta_36                     -33.2203                4.1008              0.4101
2020_Townsend_3615-hepta_38                     -18.4083                2.4769              0.2477
2020_Townsend_3616-hepta_39                     -23.6437                2.5149              0.2515
2020_Townsend_3617-hepta_40                     -18.4624                2.4238              0.2424
2020_Townsend_3618-hepta_41                     -43.7457                6.5019              0.6502
2020_Townsend_3619-hepta_42                     -31.3054                3.2679              0.3268
2020_Townsend_3620-hepta_43                     -18.9916                1.8984              0.1898
2020_Townsend_3621-hepta_44                     -34.0206                3.7645              0.3764
2020_Townsend_3622-hepta_45                     -35.3465                6.4604              0.6460
2020_Townsend_3623-hepta_46                     -33.1417                3.2926              0.3293
2020_Townsend_3625-hepta_48                     -32.3630                4.7203              0.4720
2020_Townsend_3627-hepta_50                     -40.3639                4.6191              0.4619
2020_Townsend_3628-hepta_51                     -33.4502                3.4390              0.3439
2020_Townsend_3629-hepta_52                     -30.5399                1.9058              0.1906
2020_Townsend_3630-hepta_53                     -26.7641                3.0297              0.3030
2020_Townsend_3632-hepta_55                     -38.6551                4.4192              0.4419
2020_Townsend_3635-hepta_58                     -43.3798                4.9449              0.4945
2020_Townsend_3636-hepta_59                     -20.6177                2.2363              0.2236
2020_Townsend_3637-hepta_60                     -43.3725                5.8629              0.5863
2020_Townsend_3640-hepta_63                     -28.0779                3.4280              0.3428
2020_Townsend_3642-hepta_65                     -34.4847                4.0475              0.4048
2020_Townsend_3643-hepta_66                     -21.9311                2.5148              0.2515
2020_Townsend_3644-hepta_67                     -19.9410                2.6423              0.2642
2020_Townsend_3645-hepta_68                     -44.9644                5.4467              0.5447
2020_Townsend_3646-hepta_69                     -27.5825                2.6267              0.2627
2020_Townsend_3647-hepta_70                     -27.2975                5.8572              0.5857
2020_Townsend_3648-hepta_71                     -29.6734                3.5382              0.3538
2020_Townsend_3649-hepta_72                     -33.4751                3.8489              0.3849
2020_Townsend_3650-hepta_73                     -29.2774                3.2162              0.3216
2020_Townsend_3651-hepta_74                     -31.8903                5.7419              0.5742
2020_Townsend_3652-hepta_75                     -48.1665               13.0612              1.3061
2020_Townsend_3653-hepta_76                     -26.8649                4.4860              0.4486
2020_Townsend_3654-hepta_77                     -24.9475                1.4646              0.1465
2020_Townsend_3655-hepta_78                     -26.4437                3.1221              0.3122
2020_Townsend_3656-hepta_79                     -28.5638                5.0566              0.5057
2020_Townsend_3657-hepta_80                     -23.5439                6.8668              0.6867
2020_Townsend_3658-hepta_81                     -25.6763                2.0691              0.2069
2020_Townsend_3659-hepta_82                     -18.8583                2.1157              0.2116
2020_Townsend_3660-hepta_83                     -39.9114                4.3737              0.4374
2020_Townsend_3661-hepta_84                     -41.9650                3.2986              0.3299
2020_Townsend_3663-hepta_86                     -33.4585                2.8452              0.2845
2020_Townsend_3664-hepta_87                     -28.0731                5.9154              0.5915
2020_Townsend_3665-hepta_88                     -24.1070                2.7156              0.2716
2020_Townsend_3666-hepta_89                     -23.0409                2.6455              0.2645
2020_Townsend_3667-hepta_90                     -28.4856                3.0148              0.3015
2020_Townsend_3668-hepta_91                     -36.4755                4.8681              0.4868
2020_Townsend_3669-hepta_92                     -37.7525                3.7244              0.3724
2020_Townsend_3670-hepta_93                     -20.0806                2.1739              0.2174
2020_Townsend_3671-hepta_94                     -39.4844                3.2417              0.3242
2020_Townsend_3672-hepta_95                     -44.6271                4.3580              0.4358
2020_Townsend_3673-hepta_96                     -26.4585                1.9817              0.1982
2020_Townsend_3674-hepta_97                     -32.0009                6.4348              0.6435
2020_Townsend_3675-hepta_98                     -21.5141                2.6260              0.2626
2020_Townsend_3676-hepta_99                     -42.0847                4.2272              0.4227
2020_Townsend_3678-hepta_101                     -32.6744                3.7675              0.3767
2020_Townsend_3679-hepta_102                     -27.0605                2.3602              0.2360
2020_Townsend_3680-hepta_103                     -36.0645                9.4460              0.9446
2020_Townsend_3681-hepta_104                     -31.2779                3.1187              0.3119
2020_Townsend_3682-hepta_105                     -37.7667                3.4702              0.3470
2020_Townsend_3683-hepta_106                     -44.3098                3.3309              0.3331
2020_Townsend_3684-hepta_107                     -29.2546                4.9850              0.4985
2020_Townsend_3685-hepta_108                     -39.1574                3.8469              0.3847
2020_Townsend_3686-hepta_109                     -34.0980                4.1816              0.4182
2020_Townsend_3687-hepta_110                     -38.9693                3.6356              0.3636
2020_Townsend_3688-hepta_111                     -39.9853                3.0951              0.3095
2020_Townsend_3689-hepta_112                     -27.9902                2.8448              0.2845
2020_Townsend_3690-hepta_113                     -32.6696                4.8820              0.4882
2020_Townsend_3691-hepta_114                     -37.1499                3.7956              0.3796
2020_Townsend_3692-hepta_115                     -21.6504                1.4000              0.1400
2020_Townsend_3693-hepta_116                     -31.3718                2.1585              0.2159
2020_Townsend_3694-hepta_117                     -32.7943                5.1449              0.5145
2020_Townsend_3695-hepta_118                     -33.0924                2.8391              0.2839
2020_Townsend_3696-hepta_119                     -48.3644                7.1204              0.7120
2020_Townsend_3697-hepta_120                     -30.7352                4.5879              0.4588
2020_Townsend_3698-hepta_121                     -21.8356                3.1146              0.3115
2020_Townsend_3699-hepta_122                     -25.3725                2.6374              0.2637
2020_Townsend_3700-hepta_123                     -27.4604                2.0522              0.2052
2020_Townsend_3701-hepta_124                     -37.1063                3.3662              0.3366
2020_Townsend_3702-hepta_125                     -38.4006                2.6278              0.2628
2020_Townsend_3703-hepta_126                     -30.9317                2.6636              0.2664
2020_Townsend_3704-hepta_127                     -37.3309                2.1235              0.2123
2020_Townsend_3705-hepta_128                     -30.9510                2.6220              0.2622
2020_Townsend_3706-hepta_129                     -26.5132                2.4329              0.2433
2020_Townsend_3707-hepta_130                     -33.9597                2.3170              0.2317
2020_Townsend_3708-hepta_131                     -29.7164                3.3340              0.3334
2020_Townsend_3709-hepta_132                     -38.4677                4.8256              0.4826
2020_Townsend_3710-hepta_133                     -31.7399                2.8270              0.2827
2020_Townsend_3711-hepta_134                     -34.2457                3.7449              0.3745
2020_Townsend_3712-hepta_135                     -37.4695                3.4539              0.3454
2020_Townsend_3713-hepta_136                     -29.9550                3.3964              0.3396
2020_Townsend_3714-hepta_137                     -36.9515                4.8066              0.4807
2020_Townsend_3715-hepta_138                     -29.2183                3.7684              0.3768
2020_Townsend_3716-hepta_139                     -44.8827                4.6671              0.4667
2020_Townsend_3717-hepta_140                     -27.8689                2.6197              0.2620
2020_Townsend_3718-hepta_141                     -30.9432                3.5421              0.3542
2020_Townsend_3719-hepta_142                     -19.1261                1.7973              0.1797
2020_Townsend_3720-hepta_143                     -35.0676                4.9686              0.4969
2020_Townsend_3721-hepta_144                     -33.5272                6.7360              0.6736
2020_Townsend_3722-hepta_145                     -40.3847                5.1839              0.5184
2020_Townsend_3723-hepta_146                     -37.0692                5.3258              0.5326
2020_Townsend_3724-hepta_147                     -43.9055                3.6713              0.3671
2020_Townsend_3725-hepta_148                     -28.6276                4.1145              0.4114
2020_Townsend_3726-hepta_149                     -27.2397                2.8529              0.2853
2020_Townsend_3727-hepta_150                     -42.9324                3.1900              0.3190
2020_Townsend_3730-hepta_153                     -26.0539                2.2244              0.2224
2020_Townsend_3732-hepta_155                     -27.6640                3.8574              0.3857
2020_Townsend_3733-hepta_156                     -26.2377                2.7322              0.2732
2020_Townsend_3734-hepta_157                     -32.5927                5.1667              0.5167
2020_Townsend_3735-hepta_158                     -33.3545                3.9650              0.3965
2020_Townsend_3736-hepta_159                     -35.3020                5.4319              0.5432
2020_Townsend_3737-hepta_160                     -23.2392                2.3514              0.2351
2020_Townsend_3738-hepta_161                     -31.2468               11.4702              1.1470
2020_Townsend_3739-hepta_162                     -20.4830                2.7580              0.2758
2020_Townsend_3740-hepta_163                     -41.4725                4.8384              0.4838
2020_Townsend_3741-hepta_164                     -32.3763                2.2463              0.2246
2020_Townsend_3742-hepta_165                     -25.9108                5.8533              0.5853
2020_Townsend_3743-hepta_166                     -29.8597                2.6934              0.2693
2020_Townsend_3744-hepta_167                     -35.2570                6.6330              0.6633
2020_Townsend_3745-hepta_168                     -30.9831                5.0395              0.5040
2020_Townsend_3746-hepta_169                     -32.7456                3.9772              0.3977
2020_Townsend_3747-hepta_170                     -38.1461                2.8509              0.2851
2020_Townsend_3748-hepta_171                     -30.8349                4.3034              0.4303
2020_Townsend_3749-hepta_172                     -23.7762                3.1693              0.3169
2020_Townsend_3750-hepta_173                     -42.3069                3.4757              0.3476
2020_Townsend_3751-hepta_174                     -27.0180                2.4612              0.2461
2020_Townsend_3752-hepta_175                     -29.0896                1.8774              0.1877
2020_Townsend_3753-hepta_176                     -26.3890                4.0327              0.4033
2020_Townsend_3754-hepta_177                     -27.9817                2.5676              0.2568
2020_Townsend_3755-hepta_178                     -29.3800                4.4802              0.4480
2020_Townsend_3756-hepta_179                     -21.4670                2.4365              0.2436
2020_Townsend_3757-hepta_180                     -29.7438                2.8916              0.2892
2020_Townsend_3758-hepta_181                     -33.0170                2.3590              0.2359
2020_Townsend_3759-hepta_182                     -26.8864                2.1441              0.2144
2020_Townsend_3760-hepta_183                     -24.1545                1.5320              0.1532
2020_Townsend_3761-hepta_184                     -32.4988                5.5215              0.5521
2020_Townsend_3762-hepta_185                     -36.8874                4.9954              0.4995
2020_Townsend_3763-hepta_186                     -26.8801                4.1276              0.4128
2020_Townsend_3764-hepta_187                     -29.7013                4.5329              0.4533
2020_Townsend_3765-hepta_188                     -34.8669                2.0615              0.2061
2020_Townsend_3766-hepta_189                     -46.6468                5.2378              0.5238
2020_Townsend_3767-hepta_190                     -38.0181                3.2913              0.3291
2020_Townsend_3768-hepta_191                     -29.3828                3.4142              0.3414
2020_Townsend_3769-hepta_192                     -27.6821                2.5104              0.2510
2020_Townsend_3770-hepta_193                     -25.9354                2.3929              0.2393
2020_Townsend_3771-hepta_194                     -33.8771                5.1173              0.5117
2020_Townsend_3772-hepta_195                     -30.1149                3.3467              0.3347
2020_Townsend_3773-hepta_196                     -21.4503                3.1001              0.3100
2020_Townsend_3774-hepta_197                     -25.6263                2.5313              0.2531
2020_Townsend_3775-hepta_198                     -30.6872                3.7981              0.3798
2020_Townsend_3776-hepta_199                     -44.6828                3.7651              0.3765
2020_Townsend_3777-hepta_200                     -33.7900                2.9949              0.2995
2020_Townsend_3778-hepta_201                     -33.7951                2.0658              0.2066
2020_Townsend_3779-hepta_202                     -33.4801                2.5514              0.2551
2020_Townsend_3780-hepta_203                     -23.8255                3.1218              0.3122
2020_Townsend_3781-hepta_204                     -26.8322                4.8189              0.4819
2020_Townsend_3782-hepta_205                     -27.0206                3.2303              0.3230
2020_Townsend_3783-hepta_206                     -45.2961                3.5186              0.3519
2020_Townsend_3784-hepta_207                     -29.0144                1.8348              0.1835
2020_Townsend_3785-hepta_208                     -39.4700                4.8762              0.4876
2020_Townsend_3786-hepta_209                     -29.6071                3.6860              0.3686
2020_Townsend_3787-hepta_210                     -41.0716                3.9671              0.3967
2020_Townsend_3788-hepta_211                     -35.3047                5.1345              0.5134
2020_Townsend_3789-hepta_212                     -35.0770                2.6973              0.2697
2020_Townsend_3790-hepta_213                     -31.6664                3.2116              0.3212
2020_Townsend_3791-hepta_214                     -29.8022                3.9893              0.3989
2020_Townsend_3792-hepta_215                     -46.0557                5.5938              0.5594
2020_Townsend_3793-hepta_216                     -25.3101                2.9244              0.2924
2020_Townsend_3794-hepta_217                     -41.5985                4.4206              0.4421
2020_Townsend_3795-hepta_218                     -31.0606                2.3329              0.2333
2020_Townsend_3796-hepta_219                     -26.2017                3.0784              0.3078
2020_Townsend_3797-hepta_220                     -31.2037                2.1863              0.2186
2020_Townsend_3798-hepta_221                     -38.7102                3.0154              0.3015
2020_Townsend_3799-hepta_222                     -29.9512                2.6932              0.2693
2020_Townsend_3800-hepta_223                     -25.8384                2.6010              0.2601
2020_Townsend_3801-hepta_224                     -40.7764                7.3006              0.7301
2020_Townsend_3802-hepta_225                     -32.0052                2.7228              0.2723
2020_Townsend_3803-hepta_226                     -38.7267                4.4597              0.4460
2020_Townsend_3804-hepta_227                     -40.4570                3.4315              0.3432
2020_Townsend_3805-hepta_228                     -45.1316                5.4829              0.5483
2020_Townsend_3806-hepta_229                     -21.8043                1.9772              0.1977
2020_Townsend_3807-hepta_230                     -23.0405                1.9082              0.1908
2020_Townsend_3808-hepta_231                     -22.1594                1.8388              0.1839
2020_Townsend_3810-hepta_233                     -28.3266                3.9876              0.3988
2020_Townsend_3811-hepta_234                     -33.1755                4.7149              0.4715
2020_Townsend_3812-hepta_235                     -25.9614                2.0303              0.2030
2020_Townsend_3813-hepta_236                     -46.5426                6.7068              0.6707
2020_Townsend_3814-hepta_237                     -46.7206                2.9421              0.2942
2020_Townsend_3816-hepta_239                     -47.2128                4.2916              0.4292
2020_Townsend_3817-hepta_240                     -29.3230                3.6892              0.3689
2020_Townsend_3818-hepta_241                     -33.9586                3.0689              0.3069
2020_Townsend_3819-hepta_242                     -29.7235                4.0413              0.4041
2020_Townsend_3820-hepta_243                     -33.3971                6.3011              0.6301
2020_Townsend_3822-hepta_245                     -31.6506                3.3141              0.3314
2020_Townsend_3823-hepta_246                     -25.8333                2.3727              0.2373
2020_Townsend_3825-hepta_248                     -30.2776                2.9657              0.2966
2020_Townsend_3826-hepta_249                     -37.7944                3.4588              0.3459
2020_Townsend_3827-hepta_250                     -47.1817                4.1047              0.4105
2020_Townsend_3828-hepta_251                     -29.6209                3.1402              0.3140
2020_Townsend_3829-hepta_252                     -39.2632                6.6575              0.6657
2020_Townsend_3830-hepta_253                     -40.7499                3.4791              0.3479
2020_Townsend_3831-hepta_254                     -36.7429                4.0965              0.4096
2020_Townsend_3832-hepta_255                     -24.5444                2.3547              0.2355
2020_Townsend_3833-hepta_256                     -33.9192                3.5487              0.3549
2020_Townsend_3834-hepta_257                     -21.5317                1.5424              0.1542
2020_Townsend_3835-hepta_258                     -45.7521                4.4986              0.4499
2020_Townsend_3836-hepta_259                     -29.5208                2.5898              0.2590
2020_Townsend_3838-hepta_261                     -27.3257                1.8561              0.1856
2020_Townsend_3839-hepta_262                     -29.6139                1.5954              0.1595
2020_Townsend_3841-hepta_264                     -31.8624                2.8893              0.2889
2020_Townsend_3842-hepta_265                     -27.8455                4.1416              0.4142
2020_Townsend_3843-hepta_266                     -30.5755                3.0961              0.3096
2020_Townsend_3844-hepta_267                     -34.4754                3.1605              0.3160
2020_Townsend_3845-hepta_268                     -28.8179                2.2203              0.2220
2020_Townsend_3846-hepta_269                     -30.9888                3.6341              0.3634
2020_Townsend_3847-hepta_270                     -31.3609                5.9248              0.5925
2020_Townsend_3848-hepta_271                     -34.6321                3.8501              0.3850
2020_Townsend_3849-hepta_272                     -33.7465                3.3909              0.3391
2020_Townsend_3850-hepta_273                     -40.5233                3.7066              0.3707
2020_Townsend_3851-hepta_274                     -43.5989                5.0475              0.5048
2020_Townsend_3853-hepta_276                     -43.1644                8.0992              0.8099
2020_Townsend_3854-hepta_277                     -21.0186                4.0952              0.4095
2020_Townsend_3855-hepta_278                     -36.9802                3.4477              0.3448
2020_Townsend_3856-hepta_279                     -31.9118                2.5391              0.2539
2020_Townsend_3857-hepta_280                     -39.3703                5.7096              0.5710
2020_Townsend_3858-hepta_281                     -33.1769                2.2406              0.2241
2020_Townsend_3859-hepta_282                     -28.6438                2.4781              0.2478
2020_Townsend_3860-hepta_283                     -24.7099                1.8895              0.1890
2020_Townsend_3861-hepta_284                     -36.2845                2.1478              0.2148
2020_Townsend_3862-hepta_285                     -43.1071                3.1771              0.3177
2020_Townsend_3863-hepta_286                     -32.2974                2.0492              0.2049
2020_Townsend_3864-hepta_287                     -28.2880                4.9946              0.4995
2020_Townsend_3865-hepta_288                     -44.5102                3.2597              0.3260
2020_Townsend_3866-hepta_289                     -29.0335                2.4447              0.2445
2020_Townsend_3867-hepta_290                     -34.6708                2.6371              0.2637
2020_Townsend_3869-hepta_292                     -31.8543                2.7087              0.2709
2020_Townsend_3870-hepta_293                     -28.4701                1.6610              0.1661
2020_Townsend_3871-hepta_294                     -32.1492                3.0322              0.3032
2020_Townsend_3873-hepta_296                     -28.0539                2.1370              0.2137
2020_Townsend_3874-hepta_297                     -29.1299                2.7691              0.2769
2020_Townsend_3875-hepta_298                     -49.2565                3.6212              0.3621
2020_Townsend_3876-hepta_299                     -28.0954                2.5121              0.2512
2020_Townsend_3877-hepta_300                     -34.2890                4.1516              0.4152
2020_Townsend_3878-hepta_301                     -35.9526                5.6033              0.5603
2020_Townsend_3879-hepta_302                     -37.1758                2.1350              0.2135
2020_Townsend_3880-hepta_303                     -34.1634                2.6073              0.2607
2020_Townsend_3881-hepta_304                     -31.8091                4.0855              0.4085
2020_Townsend_3882-hepta_305                     -27.2419                2.3277              0.2328
2020_Townsend_3883-hepta_306                     -31.7532                4.7684              0.4768
2020_Townsend_3884-hepta_307                     -39.8307                3.5181              0.3518
2020_Townsend_3885-hepta_308                     -36.7360                2.3637              0.2364
2020_Townsend_3886-hepta_309                     -29.6115                3.0848              0.3085
2020_Townsend_3887-hepta_310                     -35.7222                2.8487              0.2849
2020_Townsend_3888-hepta_311                     -30.0483                2.4236              0.2424
2020_Townsend_3889-hepta_312                     -31.7818                2.2982              0.2298
2020_Townsend_3890-hepta_313                     -34.8407                3.1840              0.3184
2020_Townsend_3891-hepta_314                     -34.7801                6.2795              0.6279
2020_Townsend_3892-hepta_315                     -31.9503                2.6770              0.2677
2020_Townsend_3893-hepta_316                     -31.5832                2.0630              0.2063
2020_Townsend_3894-hepta_317                     -30.7407                3.3115              0.3312
2020_Townsend_3895-hepta_318                     -34.8018                7.1229              0.7123
2020_Townsend_3897-hepta_320                     -33.3971                3.1194              0.3119
2020_Townsend_3898-hepta_321                     -29.6574                2.1914              0.2191
2020_Townsend_3900-hepta_323                     -37.3802                4.2885              0.4289
2020_Townsend_3901-hepta_324                     -23.1564                3.1032              0.3103
2020_Townsend_3902-hepta_325                     -32.7911                2.7516              0.2752
2020_Townsend_3903-hepta_326                     -37.3142                4.2627              0.4263
2020_Townsend_3904-hepta_327                     -30.3242                3.2859              0.3286
2020_Townsend_3906-hepta_329                     -33.2926                5.3739              0.5374
2020_Townsend_3907-hepta_330                     -37.8912                4.4232              0.4423
2020_Townsend_3908-hepta_331                     -25.4500                1.9832              0.1983
2020_Townsend_3909-hepta_332                     -29.5709                3.8845              0.3885
2020_Townsend_3910-hepta_333                     -19.3900                2.0163              0.2016
2020_Townsend_3911-hepta_334                     -41.9383                3.2853              0.3285
2020_Townsend_3912-hepta_335                     -30.8245                6.4482              0.6448
2020_Townsend_3913-hepta_336                     -36.7300                2.9796              0.2980
2020_Townsend_3914-hepta_337                     -43.3523                3.5250              0.3525
2020_Townsend_3915-hepta_338                     -30.0121                3.6892              0.3689
2020_Townsend_3916-hepta_339                     -20.8022                2.7076              0.2708
2020_Townsend_3917-hepta_340                     -26.8295                3.2197              0.3220
2020_Townsend_3918-hepta_341                     -32.6930                2.4297              0.2430
2020_Townsend_3919-hepta_342                     -41.0990                5.9936              0.5994
2020_Townsend_3921-hepta_344                     -37.3361                4.2871              0.4287
2020_Townsend_3922-hepta_345                     -32.2716                3.8093              0.3809
2020_Townsend_3923-hepta_346                     -29.1279                3.5786              0.3579
2020_Townsend_3924-hepta_347                     -35.6887                4.6247              0.4625
2020_Townsend_3925-hepta_348                     -32.0597                3.0708              0.3071
2020_Townsend_3926-hepta_349                     -27.8788                2.0289              0.2029
2020_Townsend_3927-hepta_350                     -23.5031                3.9876              0.3988
2020_Townsend_3928-hepta_351                     -45.6957                2.7181              0.2718
2020_Townsend_3930-hepta_353                     -45.4868                4.9347              0.4935
2020_Townsend_3931-hepta_354                     -34.5527                4.6058              0.4606
2020_Townsend_3932-hepta_355                     -26.5247                6.6415              0.6641
2020_Townsend_3933-hepta_356                     -30.5734                3.1726              0.3173
2020_Townsend_3934-hepta_357                     -26.4910                2.7207              0.2721
2020_Townsend_3935-hepta_358                     -40.3047                6.2292              0.6229
2020_Townsend_3937-hepta_360                     -19.2051                1.7512              0.1751
2020_Townsend_3938-hepta_361                     -27.8104                2.8308              0.2831
2020_Townsend_3939-hepta_362                     -22.7188                1.7759              0.1776
2020_Townsend_3940-hepta_363                     -24.7685                2.6661              0.2666
2020_Townsend_3941-hepta_364                     -38.7370                3.5357              0.3536
2020_Townsend_3942-hepta_365                     -20.5401                4.4344              0.4434
2020_Townsend_3943-hepta_366                     -22.5307                3.3928              0.3393
2020_Townsend_3944-hepta_367                     -32.6888                5.1387              0.5139
2020_Townsend_3945-hepta_368                     -36.8616                9.4238              0.9424
2020_Townsend_3947-hepta_370                     -37.9630                5.4332              0.5433
2020_Townsend_3948-hepta_371                     -39.1220                3.9316              0.3932
2020_Townsend_3949-hepta_372                     -32.7703                2.7967              0.2797
2020_Townsend_3950-hepta_373                     -44.1851                3.3185              0.3318
2020_Townsend_3951-hepta_374                     -33.1316                3.1231              0.3123
2020_Townsend_3952-hepta_375                     -32.7684                3.2369              0.3237
2020_Townsend_3953-hepta_376                     -40.3827                4.6585              0.4659
2020_Townsend_3954-hepta_377                     -35.5667                4.2328              0.4233
2020_Townsend_3955-hepta_378                     -31.7204                2.9367              0.2937
2020_Townsend_3956-hepta_379                     -30.9281                2.2918              0.2292
2020_Townsend_3957-hepta_380                     -29.3023                2.3573              0.2357
2020_Townsend_3959-hepta_382                     -34.1970                5.9227              0.5923
2020_Townsend_3960-hepta_383                     -36.9670                4.2752              0.4275
2020_Townsend_3961-hepta_384                     -39.9388                3.5859              0.3586
2020_Townsend_3962-hepta_385                     -33.7310                6.7475              0.6748
2020_Townsend_3963-hepta_386                     -40.1813                4.2927              0.4293
2020_Townsend_3964-hepta_387                     -32.0237                3.5054              0.3505
2020_Townsend_3965-hepta_388                     -32.1734                4.7019              0.4702
2020_Townsend_3966-hepta_389                     -47.2060                3.7039              0.3704
2020_Townsend_3967-hepta_390                     -47.8256                4.4614              0.4461
2020_Townsend_3968-hepta_391                     -21.1753                2.6204              0.2620
2020_Townsend_3969-hepta_392                     -31.2744                3.7595              0.3760
2020_Townsend_3970-hepta_393                     -32.9570                2.2344              0.2234
2020_Townsend_3971-hepta_394                     -43.8228                7.3751              0.7375
2020_Townsend_3972-hepta_395                     -31.7409                2.5076              0.2508
2020_Townsend_3973-hepta_396                     -22.9132                1.9593              0.1959
2020_Townsend_3974-hepta_397                     -43.7864                2.8365              0.2836
2020_Townsend_3976-hepta_399                     -43.6222                5.9269              0.5927
2020_Townsend_3977-hepta_400                     -33.1883                4.1741              0.4174
2020_Townsend_3978-hepta_401                     -47.5644                3.6150              0.3615
2020_Townsend_3979-hepta_402                     -36.1021                4.2325              0.4233
2020_Townsend_3980-hepta_403                     -42.6369                4.5316              0.4532
2020_Townsend_3981-hepta_404                     -36.9146                2.9488              0.2949
2020_Townsend_3982-hepta_405                     -38.0375                3.5057              0.3506
2020_Townsend_3983-hepta_406                     -50.1150                3.7238              0.3724
2020_Townsend_3984-hepta_407                     -40.2040                3.7459              0.3746
2020_Townsend_3985-hepta_408                     -21.8435                3.3573              0.3357
2020_Townsend_3986-hepta_409                     -36.5935                8.9252              0.8925
2020_Townsend_3987-hepta_410                     -34.0172                4.1006              0.4101
2020_Townsend_3988-hepta_411                     -43.3925                4.6551              0.4655
2020_Townsend_3989-hepta_412                     -28.2151                2.8016              0.2802
2020_Townsend_3990-hepta_413                     -25.4155                4.9757              0.4976
2020_Townsend_3992-hepta_415                     -28.1391                2.6775              0.2678
2020_Townsend_3993-hepta_416                     -32.2789                2.9042              0.2904
2020_Townsend_3994-hepta_417                     -16.2922                1.8941              0.1894
2020_Townsend_3995-hepta_418                     -27.9376                3.6094              0.3609
2020_Townsend_3996-hepta_419                     -33.6883                4.4073              0.4407
2020_Townsend_3997-hepta_420                     -33.4616                3.7856              0.3786
2020_Townsend_3998-hepta_421                     -29.9770                2.8606              0.2861
2020_Townsend_3999-hepta_422                     -29.7090                3.2459              0.3246
2020_Townsend_4000-hepta_423                     -30.7911                6.4641              0.6464
2020_Townsend_4001-hepta_424                     -35.2671                2.6179              0.2618
2020_Townsend_4002-hepta_425                     -27.6934                3.8727              0.3873
2020_Townsend_4003-hepta_426                     -30.3315                2.3374              0.2337
2020_Townsend_4004-hepta_427                     -28.7138                3.6936              0.3694
2020_Townsend_4005-hepta_428                     -33.4033                4.3881              0.4388
2020_Townsend_4006-hepta_429                     -26.6959                2.8112              0.2811
2020_Townsend_4007-hepta_430                     -22.4039                2.5572              0.2557
2020_Townsend_4008-hepta_431                     -25.6015                2.4873              0.2487
2020_Townsend_4009-hepta_432                     -25.7856                2.7065              0.2706
2020_Townsend_4010-hepta_433                     -33.0622                3.6737              0.3674
2020_Townsend_4011-hepta_434                     -24.2350                2.4303              0.2430
2020_Townsend_4012-hepta_435                     -23.3393                2.5481              0.2548
2020_Townsend_4013-hepta_436                     -21.8024                2.3634              0.2363
2020_Townsend_4014-hepta_437                     -28.2169                5.0787              0.5079
2020_Townsend_4015-hepta_438                     -20.8424                3.6385              0.3638
2020_Townsend_4016-hepta_439                     -29.6028                4.2764              0.4276
2020_Townsend_4017-hepta_440                     -43.5570                4.0079              0.4008
2020_Townsend_4018-hepta_441                     -27.0024                2.8753              0.2875
2020_Townsend_4019-hepta_442                     -23.5481                2.5837              0.2584
2020_Townsend_4020-hepta_443                     -28.2932                1.7887              0.1789
2020_Townsend_4021-hepta_444                     -23.7461                3.5213              0.3521
2020_Townsend_4022-hepta_445                     -38.3275                3.8965              0.3896
2020_Townsend_4023-hepta_446                     -25.7597                3.3589              0.3359
2020_Townsend_4024-hepta_447                     -19.0015                2.2571              0.2257
2020_Townsend_4025-hepta_448                     -30.4657                3.2212              0.3221
2020_Townsend_4026-hepta_449                     -32.5664                5.0411              0.5041
2020_Townsend_4027-hepta_450                     -30.9891                4.8195              0.4819
2020_Townsend_4028-hepta_451                     -32.2662                3.4653              0.3465
2020_Townsend_4029-hepta_452                     -28.6412                3.9777              0.3978
2020_Townsend_4030-hepta_453                     -38.6991                5.7916              0.5792
2020_Townsend_4031-hepta_454                     -29.0147                2.4977              0.2498
2020_Townsend_4032-hepta_455                     -24.3509                2.8377              0.2838
2020_Townsend_4033-hepta_456                     -22.0146                2.4812              0.2481
2020_Townsend_4034-hepta_457                     -18.1170                7.0083              0.7008
2020_Townsend_4035-hepta_458                     -27.9653                2.2670              0.2267
2020_Townsend_4036-hepta_459                     -28.5979                4.6610              0.4661
2020_Townsend_4037-hepta_460                     -27.3397                3.5095              0.3509
2020_Townsend_4038-hepta_461                     -33.3488                6.9235              0.6924
2020_Townsend_4039-hepta_462                     -24.3001                2.8057              0.2806
2020_Townsend_4040-hepta_463                     -24.1291                2.2661              0.2266
2020_Townsend_4041-hepta_464                     -27.6284                1.5061              0.1506
2020_Townsend_4042-hepta_465                     -24.1706                2.3838              0.2384
2020_Townsend_4043-hepta_466                     -31.4324                3.6784              0.3678
2020_Townsend_4044-hepta_467                     -35.3046                2.3376              0.2338
2020_Townsend_4045-hepta_468                     -28.7198                3.5121              0.3512
2020_Townsend_4046-hepta_469                     -32.6654                4.9288              0.4929
2020_Townsend_4047-hepta_470                     -31.5971                5.5059              0.5506
2020_Townsend_4048-hepta_471                     -37.9503                5.5518              0.5552
2020_Townsend_4049-hepta_472                     -35.4661                5.5924              0.5592
2020_Townsend_4050-hepta_473                     -38.6826                3.3198              0.3320
2020_Townsend_4051-hepta_474                     -26.2285                2.9472              0.2947
2020_Townsend_4052-hepta_475                     -29.6272                3.9142              0.3914
2020_Townsend_4053-hepta_476                     -26.0056                1.9547              0.1955
2020_Townsend_4054-hepta_477                     -23.8377                1.9980              0.1998
2020_Townsend_4055-hepta_478                     -30.5360                2.8846              0.2885
2020_Townsend_4056-hepta_479                     -30.6530                4.0345              0.4034
2020_Townsend_4057-hepta_480                     -32.8883                2.9501              0.2950
2020_Townsend_4058-hepta_481                     -44.5858                3.7122              0.3712
2020_Townsend_4059-hepta_482                     -29.0978                3.1905              0.3190
2020_Townsend_4060-hepta_483                     -31.5885                3.6353              0.3635
2020_Townsend_4061-hepta_484                     -24.9421                3.3724              0.3372
2020_Townsend_4062-hepta_485                     -33.5135                5.5029              0.5503
2020_Townsend_4063-hepta_486                     -31.5008                3.9384              0.3938
2020_Townsend_4064-hepta_487                     -31.2957                3.5257              0.3526
2020_Townsend_4065-hepta_488                     -23.3100                2.3261              0.2326
2020_Townsend_4066-hepta_489                     -28.2937                2.5655              0.2565
2020_Townsend_4067-hepta_490                     -32.5506                3.0105              0.3010
2020_Townsend_4068-hepta_491                     -24.4437                4.0188              0.4019
2020_Townsend_4069-hepta_492                     -22.6431                2.4653              0.2465
2020_Townsend_4070-hepta_493                     -24.1318                2.8141              0.2814
2020_Townsend_4071-hepta_494                     -31.7406                6.0139              0.6014
2020_Townsend_4072-hepta_495                     -36.6085                4.6839              0.4684
2020_Townsend_4073-hepta_496                     -24.6512                1.7796              0.1780
2020_Townsend_4074-hepta_497                     -25.9097                4.5319              0.4532
2020_Townsend_4075-hepta_498                     -31.0861                2.6766              0.2677
2020_Townsend_4076-hepta_499                     -25.9372                4.4547              0.4455
2020_Townsend_4077-hepta_500                     -23.0205                1.7979              0.1798
2020_Townsend_4078-hepta_501                     -40.6686                4.0669              0.4067
2020_Townsend_4079-hepta_502                     -40.8429                3.8399              0.3840
2020_Townsend_4080-hepta_503                     -18.5895                2.0771              0.2077
2020_Townsend_4081-hepta_504                     -30.6651                3.9679              0.3968
2020_Townsend_4082-hepta_505                     -33.6209                2.3613              0.2361
2020_Townsend_4083-hepta_506                     -40.1178                3.7204              0.3720
2020_Townsend_4084-hepta_507                     -33.9317                3.3510              0.3351
2020_Townsend_4085-hepta_508                     -35.2327                4.5794              0.4579
2020_Townsend_4086-hepta_509                     -28.2778                4.0978              0.4098
2020_Townsend_4087-hepta_510                     -32.7364                4.3627              0.4363
2020_Townsend_4088-hepta_511                     -23.1209                1.8882              0.1888
2020_Townsend_4089-hepta_512                     -33.4950                5.0633              0.5063
2020_Townsend_4090-hepta_513                     -27.8134                3.1922              0.3192
2020_Townsend_4091-hepta_514                     -28.4372                3.7488              0.3749
2020_Townsend_4092-hepta_515                     -23.3994                8.3439              0.8344
2020_Townsend_4093-hepta_516                     -14.8671                1.8178              0.1818
2020_Townsend_4094-hepta_517                     -22.8318                2.0881              0.2088
2020_Townsend_4095-hepta_518                     -21.4305                1.5021              0.1502
2020_Townsend_4096-hepta_519                     -34.5883                3.3782              0.3378
2020_Townsend_4097-hepta_520                     -33.6905                2.0148              0.2015
2020_Townsend_4098-hepta_521                     -16.9927                1.9329              0.1933
2020_Townsend_4099-hepta_522                     -35.0880                9.2702              0.9270
2020_Townsend_4100-hepta_523                     -18.9732                6.9223              0.6922
2020_Townsend_4102-hepta_525                     -26.3969                4.3749              0.4375
2020_Townsend_4103-hepta_526                     -31.8608                5.3456              0.5346
2020_Townsend_4104-hepta_527                     -31.6449                5.5926              0.5593
2020_Townsend_4105-hepta_528                     -31.2083                5.6368              0.5637
2020_Townsend_4106-hepta_529                     -39.0532                2.4470              0.2447
2020_Townsend_4107-hepta_530                     -15.2558                2.1628              0.2163
2020_Townsend_4108-hepta_531                     -25.2249                6.3423              0.6342
2020_Townsend_4109-hepta_532                     -39.5701                3.2044              0.3204
2020_Townsend_4110-hepta_533                     -16.2180                1.7839              0.1784
2020_Townsend_4111-hepta_534                     -28.3970                3.4822              0.3482
2020_Townsend_4112-hepta_535                     -32.6833                3.9196              0.3920
2020_Townsend_4113-hepta_536                     -30.6972                4.5399              0.4540
2020_Townsend_4114-hepta_537                     -26.6102                5.3075              0.5307
2020_Townsend_4116-hepta_539                     -26.0065                2.2611              0.2261
2020_Townsend_4117-hepta_540                     -32.7084                3.0358              0.3036
2020_Townsend_4118-hepta_541                     -28.4272                6.6672              0.6667
2020_Townsend_4119-hepta_542                     -34.5082                3.5278              0.3528
2020_Townsend_4120-hepta_543                     -21.5066                5.2864              0.5286
2020_Townsend_4122-hepta_545                     -31.7992                5.8929              0.5893
2020_Townsend_4123-hepta_546                     -28.0453                3.1326              0.3133
2020_Townsend_4124-hepta_547                     -22.3405                3.3787              0.3379
2020_Townsend_4125-hepta_548                     -34.0037                4.0676              0.4068
2020_Townsend_4126-hepta_549                     -24.3980                1.9405              0.1940
2020_Townsend_4129-hepta_552                     -30.8753                4.6897              0.4690
2020_Townsend_4130-hepta_553                     -26.0624                2.9561              0.2956
2020_Townsend_4131-hepta_554                     -17.2428                1.9792              0.1979
2020_Townsend_4132-hepta_555                     -42.5434                3.6300              0.3630
2020_Townsend_4133-hepta_556                     -29.7707                4.5595              0.4559
2020_Townsend_4134-hepta_557                     -27.7563                3.4350              0.3435
2020_Townsend_4135-hepta_558                     -28.6447                2.4471              0.2447
2020_Townsend_4136-hepta_559                     -34.7547                3.3599              0.3360
2020_Townsend_4137-hepta_560                     -22.1033                1.5395              0.1539
2020_Townsend_4138-hepta_561                     -23.9293                1.7970              0.1797
2020_Townsend_4140-hepta_563                     -24.5231                3.8173              0.3817
2020_Townsend_4141-hepta_564                     -30.7482                5.9982              0.5998
2020_Townsend_4142-hepta_565                     -26.3865                4.1212              0.4121
2020_Townsend_4143-hepta_566                     -22.1138                1.9644              0.1964
2020_Townsend_4144-hepta_567                     -28.4848                2.6723              0.2672
2020_Townsend_4145-hepta_568                     -40.3837                3.0505              0.3050
2020_Townsend_4146-hepta_569                     -20.6073                2.7078              0.2708
2020_Townsend_4147-hepta_570                     -24.0593                1.9658              0.1966
2020_Townsend_4148-hepta_571                     -30.3265                2.3612              0.2361
2020_Townsend_4149-hepta_572                     -31.0173                5.6531              0.5653
2020_Townsend_4150-hepta_573                     -23.2975                3.8092              0.3809
2020_Townsend_4151-hepta_574                     -32.5199                4.9747              0.4975
2020_Townsend_4152-hepta_575                     -30.2456                2.4258              0.2426
2020_Townsend_4153-hepta_576                     -40.1629                4.9878              0.4988
2020_Townsend_4154-hepta_577                     -23.2852                2.6049              0.2605
2020_Townsend_4155-hepta_578                     -31.7572                4.2135              0.4214
2020_Townsend_4156-hepta_579                     -22.9490                2.1657              0.2166
2020_Townsend_4157-hepta_580                     -37.8531                3.2924              0.3292
2020_Townsend_4158-hepta_581                     -34.2752                3.7259              0.3726
2020_Townsend_4159-hepta_582                     -23.5230                1.8852              0.1885
2020_Townsend_4160-hepta_583                     -28.3749                2.8404              0.2840
2020_Townsend_4161-hepta_584                     -29.2863                2.5109              0.2511
2020_Townsend_4162-hepta_585                     -22.5992                1.7488              0.1749
2020_Townsend_4163-hepta_586                     -23.7695                1.8998              0.1900
2020_Townsend_4164-hepta_587                     -24.9946                3.1985              0.3198
2020_Townsend_4165-hepta_588                     -28.6018                6.0722              0.6072
2020_Townsend_4166-hepta_589                     -25.4885                2.2645              0.2264
2020_Townsend_4167-hepta_590                     -23.9973                3.2034              0.3203
2020_Townsend_4168-hepta_591                     -44.0111                4.4169              0.4417
2020_Townsend_4169-hepta_592                     -34.5715                2.7397              0.2740
2020_Townsend_4170-hepta_593                     -24.6967                3.2608              0.3261
2020_Townsend_4171-hepta_594                     -42.8145                5.5293              0.5529
2020_Townsend_4172-hepta_595                     -30.6548                3.8268              0.3827
2020_Townsend_4173-hepta_596                     -24.5992                3.1859              0.3186
2020_Townsend_4174-hepta_597                     -31.3544                6.2381              0.6238
2020_Townsend_4175-hepta_598                     -43.1698                4.2634              0.4263
2020_Townsend_4176-hepta_599                     -22.2721                2.9584              0.2958
2020_Townsend_4177-hepta_600                     -38.4319                2.6836              0.2684
2020_Townsend_4178-hepta_601                     -30.9759                2.3560              0.2356
2020_Townsend_4179-hepta_602                     -28.1243                2.5539              0.2554
2020_Townsend_4180-hepta_603                     -23.3660                1.8682              0.1868
2020_Townsend_4181-hepta_604                     -38.1864                3.4525              0.3453
2020_Townsend_4182-hepta_605                     -25.5479                2.9405              0.2940
2020_Townsend_4183-hepta_606                     -29.4052                4.7134              0.4713
2020_Townsend_4184-hepta_607                     -25.7232                2.5803              0.2580
2020_Townsend_4185-hepta_608                     -18.9994                4.5432              0.4543
2020_Townsend_4186-hepta_609                     -44.3688                4.8809              0.4881
2020_Townsend_4187-hepta_610                     -39.3447                4.7701              0.4770
2020_Townsend_4188-hepta_611                     -23.6088                3.2385              0.3239
2020_Townsend_4189-hepta_612                     -33.2867                3.2445              0.3244
2020_Townsend_4190-hepta_613                     -34.4039                2.9495              0.2949
2020_Townsend_4191-hepta_614                     -26.5047                2.5607              0.2561
2020_Townsend_4192-hepta_615                     -29.9596                2.7341              0.2734
2020_Townsend_4193-hepta_616                     -33.8701                3.3597              0.3360
2020_Townsend_4194-hepta_617                     -31.9725                4.8333              0.4833
2020_Townsend_4195-hepta_618                     -30.1906                2.0595              0.2059
2020_Townsend_4196-hepta_619                     -34.1011                3.4930              0.3493
2020_Townsend_4197-hepta_620                     -22.9101                2.8066              0.2807
2020_Townsend_4198-hepta_621                     -28.8383                4.2585              0.4258
2020_Townsend_4199-hepta_622                     -38.2654                3.9557              0.3956
2020_Townsend_4200-hepta_623                     -41.4041                3.5332              0.3533
2020_Townsend_4201-hepta_624                     -27.4757                3.0132              0.3013
2020_Townsend_4202-hepta_625                     -38.0002                2.8686              0.2869
2020_Townsend_4203-hepta_626                     -35.0287                4.1795              0.4180
2020_Townsend_4204-hepta_627                     -27.3873                2.5933              0.2593
2020_Townsend_4205-hepta_628                     -33.3350                4.3268              0.4327
2020_Townsend_4206-hepta_629                     -23.4371                2.5891              0.2589
2020_Townsend_4207-hepta_630                     -19.0217                1.6599              0.1660
2020_Townsend_4208-hepta_631                     -22.5314                1.7848              0.1785
2020_Townsend_4209-hepta_632                     -22.3128                3.9557              0.3956
2020_Townsend_4210-hepta_633                     -20.3329                2.5287              0.2529
2020_Townsend_4211-hepta_634                     -34.8205                4.4450              0.4445
2020_Townsend_4212-hepta_635                     -25.1171                2.0322              0.2032
2020_Townsend_4213-hepta_636                     -22.8456                2.8472              0.2847
2020_Townsend_4214-hepta_637                     -31.2056                4.9200              0.4920
2020_Townsend_4215-hepta_638                     -20.5812                1.2496              0.1250
2020_Townsend_4216-hepta_639                     -26.1442                3.4640              0.3464
2020_Townsend_4217-hepta_640                     -25.9458                2.2399              0.2240
2020_Townsend_4218-hepta_641                     -34.8219                3.0420              0.3042
2020_Townsend_4219-hepta_642                     -32.4027                2.9457              0.2946
2020_Townsend_4220-hepta_643                     -24.1237                2.8615              0.2861
2020_Townsend_4221-hepta_644                     -32.0545                5.8696              0.5870
2020_Townsend_4222-hepta_645                     -27.2293                4.3975              0.4397
2020_Townsend_4223-hepta_646                     -39.7118                4.8067              0.4807
2020_Townsend_4224-hepta_647                     -35.9916                3.3201              0.3320
2020_Townsend_4226-hepta_649                     -33.5745                8.6586              0.8659
2020_Townsend_4227-hepta_650                     -41.1944                8.0566              0.8057
2020_Townsend_4228-hepta_651                     -17.4321                2.5683              0.2568
2020_Townsend_4229-hepta_652                     -23.3156                2.2840              0.2284
2020_Townsend_4230-hepta_653                     -28.7732                1.7137              0.1714
2020_Townsend_4231-hepta_654                     -18.3051                2.0349              0.2035
2020_Townsend_4232-hepta_655                     -22.2289                2.6283              0.2628
2020_Townsend_4233-hepta_656                     -15.3868                1.7517              0.1752
2020_Townsend_4234-hepta_657                     -33.1103                5.1878              0.5188
2020_Townsend_4235-hepta_658                     -25.0916                3.2227              0.3223
2020_Townsend_4236-hepta_659                     -36.5738                3.1572              0.3157
2020_Townsend_4237-hepta_660                     -34.0034                3.1083              0.3108
2020_Townsend_4238-hepta_661                     -36.6658                2.2305              0.2231
2020_Townsend_4239-hepta_662                     -36.6348                4.4986              0.4499
2020_Townsend_4240-hepta_663                     -43.3528                5.2278              0.5228
2020_Townsend_4241-hepta_664                     -25.6222                2.4453              0.2445
2020_Townsend_4242-hepta_665                     -19.9596                2.2272              0.2227
2020_Townsend_4243-hepta_666                     -39.2303                4.7121              0.4712
2020_Townsend_4244-hepta_667                     -24.0609                2.1418              0.2142
2020_Townsend_4245-hepta_668                     -29.7649                2.4836              0.2484
2020_Townsend_4246-hepta_669                     -34.0197                3.9779              0.3978
2020_Townsend_4247-hepta_670                     -34.5042                3.6878              0.3688
2020_Townsend_4249-hepta_672                     -27.1868                2.7971              0.2797
2020_Townsend_4250-hepta_673                     -28.0709                3.5802              0.3580
2020_Townsend_4251-hepta_674                     -38.3758                3.8025              0.3803
2020_Townsend_4253-hepta_676                     -35.7449                6.1222              0.6122
2020_Townsend_4254-hepta_677                     -17.2049                2.6425              0.2643
2020_Townsend_4255-hepta_678                     -39.7474                4.2187              0.4219
2020_Townsend_4256-hepta_679                     -29.7198                4.5686              0.4569
2020_Townsend_4257-hepta_680                     -24.7157                1.9981              0.1998
2020_Townsend_4258-hepta_681                     -31.4625                3.3935              0.3393
2020_Townsend_4259-hepta_682                     -31.1026                3.2165              0.3217
2020_Townsend_4260-hepta_683                     -27.2485                2.2766              0.2277
2020_Townsend_4262-hepta_685                     -26.6602                5.9427              0.5943
2020_Townsend_4263-hepta_686                     -28.8974                2.7895              0.2789
2020_Townsend_4264-hepta_687                     -28.6218                3.1403              0.3140
2020_Townsend_4265-hepta_688                     -25.3930                2.6295              0.2629
2020_Townsend_4266-hepta_689                     -31.6038                3.5039              0.3504
2020_Townsend_4267-hepta_690                     -27.2758                1.9857              0.1986
2020_Townsend_4268-hepta_691                     -26.2380                6.0136              0.6014
2020_Townsend_4269-hepta_692                     -26.8445                2.5058              0.2506
2020_Townsend_4270-hepta_693                     -33.9872                4.1733              0.4173
2020_Townsend_4271-hepta_694                     -32.2681                2.7427              0.2743
2020_Townsend_4272-hepta_695                     -27.4053                2.7574              0.2757
2020_Townsend_4273-hepta_696                     -25.8704                3.8928              0.3893
2020_Townsend_4274-hepta_697                     -34.0196                2.0194              0.2019
2020_Townsend_4275-hepta_698                     -45.8953                5.4159              0.5416
2020_Townsend_4276-hepta_699                     -30.6033                3.9203              0.3920
2020_Townsend_4277-hepta_700                     -26.7986                5.0443              0.5044
2020_Townsend_4278-hepta_701                     -29.9225                3.2865              0.3287
2020_Townsend_4279-hepta_702                     -25.3610                2.4057              0.2406
2020_Townsend_4280-hepta_703                     -36.6944                2.3555              0.2355
2020_Townsend_4281-hepta_704                     -28.9563                3.8634              0.3863
2020_Townsend_4282-hepta_705                     -31.0428                3.1084              0.3108
2020_Townsend_4283-hepta_706                     -27.6061                4.8268              0.4827
2020_Townsend_4284-hepta_707                     -28.1645                3.0089              0.3009
2020_Townsend_4285-hepta_708                     -23.0280                3.1265              0.3127
2020_Townsend_4286-hepta_709                     -23.7309                3.8580              0.3858
2020_Townsend_4287-hepta_710                     -30.4781                6.2781              0.6278
2020_Townsend_4288-hepta_711                     -32.3426                5.8899              0.5890
2020_Townsend_4289-hepta_712                     -26.8102                4.3957              0.4396
2020_Townsend_4290-hepta_713                     -27.7545                2.8178              0.2818
2020_Townsend_4291-hepta_714                     -27.5847                3.2956              0.3296
2020_Townsend_4292-hepta_715                     -30.9707                2.6329              0.2633
2020_Townsend_4293-hepta_716                     -19.9710                3.6773              0.3677
2020_Townsend_4294-hepta_717                     -32.5670                3.7703              0.3770
2020_Townsend_4295-hepta_718                     -26.3282                5.4140              0.5414
2020_Townsend_4296-hepta_719                     -23.8657                3.4130              0.3413
2020_Townsend_4297-hepta_720                     -20.3021                2.5673              0.2567
2020_Townsend_4298-hepta_721                     -28.1382                3.9441              0.3944
2020_Townsend_4299-hepta_722                     -24.8081                2.1964              0.2196
2020_Townsend_4300-hepta_723                     -25.0001                2.8400              0.2840
2020_Townsend_4301-hepta_724                     -25.3921                4.6742              0.4674
2020_Townsend_4302-hepta_725                     -22.9045                4.0677              0.4068
2020_Townsend_4303-hepta_726                     -27.6138                1.9514              0.1951
2020_Townsend_4305-hepta_728                     -31.2799                3.3734              0.3373
2020_Townsend_4306-hepta_729                     -24.7048                2.0909              0.2091
2020_Townsend_4307-hepta_730                     -24.1569                2.8018              0.2802
2020_Townsend_4308-hepta_731                     -34.0095                4.9869              0.4987
2020_Townsend_4309-hepta_732                     -37.9434                3.2934              0.3293
2020_Townsend_4310-hepta_733                     -41.3577                2.6936              0.2694
2020_Townsend_4311-hepta_734                     -21.8122                3.0120              0.3012
2020_Townsend_4312-hepta_735                     -23.5105                3.8143              0.3814
2020_Townsend_4313-hepta_736                     -23.9037                5.2777              0.5278
2020_Townsend_4314-hepta_737                     -26.8116                2.4400              0.2440
2020_Townsend_4315-hepta_738                     -24.6080                3.7116              0.3712
2020_Townsend_4316-hepta_739                     -31.7094                4.7701              0.4770
2020_Townsend_4317-hepta_740                     -29.9053                3.0210              0.3021
2020_Townsend_4318-hepta_741                     -29.2765                2.8586              0.2859
2020_Townsend_4319-hepta_742                     -36.1995                3.8064              0.3806
2020_Townsend_4320-hepta_743                     -37.0457                5.4723              0.5472
2020_Townsend_4321-hepta_744                     -26.7456                3.7580              0.3758
2020_Townsend_4322-hepta_745                     -23.5582                3.6236              0.3624
2020_Townsend_4324-hepta_747                     -44.4603                5.1991              0.5199
2020_Townsend_4325-hepta_748                     -30.1335                4.8809              0.4881
2020_Townsend_4326-hepta_749                     -35.3320                6.4285              0.6428
2020_Townsend_4327-hepta_750                     -30.5976                3.1768              0.3177
2020_Townsend_4328-hepta_751                     -24.4245                3.1384              0.3138
2020_Townsend_4329-hepta_752                     -42.7447                5.1919              0.5192
2020_Townsend_4330-hepta_753                     -36.0310                5.3806              0.5381
2020_Townsend_4331-hepta_754                     -25.7428                1.5114              0.1511
2020_Townsend_4332-hepta_755                     -25.2137                1.9845              0.1984
2020_Townsend_4333-hepta_756                     -16.2960                3.6364              0.3636
2020_Townsend_4334-hepta_757                     -30.7203                3.1314              0.3131
2020_Townsend_4335-hepta_758                     -32.5420                4.5116              0.4512
2020_Townsend_4336-hepta_759                     -40.8495                3.2622              0.3262
2020_Townsend_4337-hepta_760                     -24.2493                5.1638              0.5164
2020_Townsend_4338-hepta_761                     -23.5016                2.4941              0.2494
2020_Townsend_4339-hepta_762                     -21.6174                3.6508              0.3651
2020_Townsend_4340-hepta_763                     -41.7473               11.1230              1.1123
2020_Townsend_4341-hepta_764                     -36.8892                5.4010              0.5401
2020_Townsend_4342-hepta_765                     -29.8808                3.3677              0.3368
2020_Townsend_4343-hepta_766                     -37.2709                3.7847              0.3785
2020_Townsend_4344-hepta_767                     -30.4820                4.3745              0.4375
2020_Townsend_4345-hepta_768                     -32.4236                5.6652              0.5665
2020_Townsend_4346-hepta_769                     -31.9416                2.8817              0.2882
2020_Townsend_4347-hepta_770                     -40.1852                3.6950              0.3695
2020_Townsend_4348-hepta_771                     -25.7962                2.9018              0.2902
2020_Townsend_4349-hepta_772                     -17.5190                1.9490              0.1949
2020_Townsend_4350-hepta_773                     -32.6840                4.0834              0.4083
2020_Townsend_4351-hepta_774                     -25.0607                3.0478              0.3048
2020_Townsend_4352-hepta_775                     -36.8998                2.8190              0.2819
2020_Townsend_4353-hepta_776                     -24.9731                4.6185              0.4618
2020_Townsend_4354-hepta_777                     -25.2917                2.2711              0.2271
2020_Townsend_4355-hepta_778                     -27.1199                2.9058              0.2906
2020_Townsend_4356-hepta_779                     -28.4639                2.8188              0.2819
2020_Townsend_4357-hepta_780                     -30.9604                6.0029              0.6003
2020_Townsend_4358-hepta_781                     -32.7338                3.5279              0.3528
2020_Townsend_4359-hepta_782                     -32.2494                4.7701              0.4770
2020_Townsend_4360-hepta_783                     -27.2431                2.4926              0.2493
2020_Townsend_4361-hepta_784                     -19.0992                1.6951              0.1695
2020_Townsend_4363-hepta_786                     -27.2517                2.5554              0.2555
2020_Townsend_4364-hepta_787                     -19.9102                1.9250              0.1925
2020_Townsend_4365-hepta_788                     -36.6161                7.5402              0.7540
2020_Townsend_4366-hepta_789                     -32.5241                2.9462              0.2946
2020_Townsend_4367-hepta_790                     -27.6938                3.5997              0.3600
2020_Townsend_4368-hepta_791                     -29.3557                2.0522              0.2052
2020_Townsend_4369-hepta_792                     -33.8764                5.3060              0.5306
2020_Townsend_4370-hepta_793                     -40.9298                4.5299              0.4530
2020_Townsend_4371-hepta_794                     -41.2489                5.9689              0.5969
2020_Townsend_4372-hepta_795                     -25.6049                2.8637              0.2864
2020_Townsend_4373-hepta_796                     -29.9492                1.6213              0.1621
2020_Townsend_4374-hepta_797                     -26.8352                4.7345              0.4735
2020_Townsend_4375-hepta_798                     -41.3506                7.3987              0.7399
2020_Townsend_4376-hepta_799                     -29.3540                5.5724              0.5572
2020_Townsend_4377-hepta_800                     -32.3429                2.5566              0.2557
2020_Townsend_4378-hepta_801                     -33.3492                3.6600              0.3660
2020_Townsend_4379-hepta_802                     -24.1979                5.9315              0.5931
2020_Townsend_4380-hepta_803                     -33.4729                2.9464              0.2946
2020_Townsend_4381-hepta_804                     -38.6134                4.0880              0.4088
2020_Townsend_4382-hepta_805                     -27.7899                3.5732              0.3573
2020_Townsend_4383-hepta_806                     -31.8262                5.8028              0.5803
2020_Townsend_4384-hepta_807                     -30.6046                5.0087              0.5009
2020_Townsend_4385-hepta_808                     -19.9646                2.7735              0.2773
2020_Townsend_4386-hepta_809                     -24.9841                2.5840              0.2584
2020_Townsend_4387-hepta_810                     -36.3287                3.3909              0.3391
2020_Townsend_4388-hepta_811                     -27.0339                5.7612              0.5761
2020_Townsend_4389-hepta_812                     -22.9294                3.4783              0.3478
2020_Townsend_4390-hepta_813                     -26.9024                3.2202              0.3220
2020_Townsend_4391-hepta_814                     -26.5463                2.7779              0.2778
2020_Townsend_4392-hepta_815                     -33.0029                4.2291              0.4229
2020_Townsend_4393-hepta_816                     -28.0318                9.4402              0.9440
2020_Townsend_4394-hepta_817                     -30.9828                4.2866              0.4287
2020_Townsend_4395-hepta_818                     -23.2437                2.3576              0.2358
2020_Townsend_4396-hepta_819                     -29.2061                2.3091              0.2309
2020_Townsend_4397-hepta_820                     -29.0781                4.8895              0.4890
2020_Townsend_4398-hepta_821                     -35.8366                6.4158              0.6416
2020_Townsend_4399-hepta_822                     -19.6710                2.8123              0.2812
2020_Townsend_4400-hepta_823                     -29.3210                2.7959              0.2796
2020_Townsend_4401-hepta_824                     -24.0950                2.6160              0.2616
2020_Townsend_4402-hepta_825                     -28.8122                3.2019              0.3202
2020_Townsend_4403-hepta_826                     -36.9488                2.3768              0.2377
2020_Townsend_4404-hepta_827                     -27.6136                3.5346              0.3535
2020_Townsend_4405-hepta_828                     -24.5993                1.6517              0.1652
2020_Townsend_4406-hepta_829                     -23.2923                1.7206              0.1721
2020_Townsend_4407-hepta_830                     -24.1185                2.1927              0.2193
2020_Townsend_4408-hepta_831                     -43.5708                4.6498              0.4650
2020_Townsend_4409-hepta_832                     -25.9794                2.0365              0.2037
2020_Townsend_4410-hepta_833                     -30.2982                3.5768              0.3577
2020_Townsend_4411-hepta_834                     -23.3496                1.6389              0.1639
2020_Townsend_4412-hepta_835                     -31.4324                1.9350              0.1935
2020_Townsend_4413-hepta_836                     -30.8716                3.2098              0.3210
2020_Townsend_4414-hepta_837                     -37.9502                3.3880              0.3388
2020_Townsend_4415-hepta_838                     -32.5184                4.1949              0.4195
2020_Townsend_4416-hepta_839                     -22.2246                1.9197              0.1920
2020_Townsend_4417-hepta_840                     -30.5947                4.6112              0.4611
2020_Townsend_4418-hepta_841                     -27.3404                2.2900              0.2290
2020_Townsend_4419-hepta_842                     -20.7568                2.2989              0.2299
2020_Townsend_4420-hepta_843                     -26.9086                1.9061              0.1906
2020_Townsend_4421-hepta_844                     -35.1602                2.6451              0.2645
2020_Townsend_4422-hepta_845                     -36.4413                4.7459              0.4746
2020_Townsend_4423-hepta_846                     -38.6420                3.7454              0.3745
2020_Townsend_4424-hepta_847                     -22.4518                2.5285              0.2529
2020_Townsend_4425-hepta_848                     -20.1497                1.4782              0.1478
2020_Townsend_4426-hepta_849                     -26.4401                2.9981              0.2998
2020_Townsend_4427-hepta_850                     -24.1314                1.5715              0.1571
2020_Townsend_4428-hepta_851                     -33.3915                3.9332              0.3933
2020_Townsend_4429-hepta_852                     -30.6247                2.1623              0.2162
2020_Townsend_4430-hepta_853                     -19.4760                1.4768              0.1477
2020_Townsend_4431-hepta_854                     -23.2360                2.1402              0.2140
2020_Townsend_4432-hepta_855                     -20.9683                1.5520              0.1552
2020_Townsend_4433-hepta_856                     -32.5678                4.5770              0.4577
2020_Townsend_4434-hepta_857                     -31.1384                3.0771              0.3077
2020_Townsend_4435-hepta_858                     -35.7551                5.6320              0.5632
2020_Townsend_4436-hepta_859                     -26.8161                2.2071              0.2207
2020_Townsend_4437-hepta_860                     -25.5011                3.6284              0.3628
2020_Townsend_4438-hepta_861                     -29.2044                1.9825              0.1983
2020_Townsend_4439-hepta_862                     -24.8768                2.1262              0.2126
2020_Townsend_4440-hepta_863                     -25.0578                2.9272              0.2927
2020_Townsend_4441-hepta_864                     -32.7363                5.7705              0.5770
2020_Townsend_4442-hepta_865                     -33.1936                3.2795              0.3279
2020_Townsend_4443-hepta_866                     -29.5649                3.1002              0.3100
2020_Townsend_4444-hepta_867                     -30.3397                3.6291              0.3629
2020_Townsend_4445-hepta_868                     -45.0846                4.1522              0.4152
2020_Townsend_4446-hepta_869                     -25.7409                3.0003              0.3000
2020_Townsend_4447-hepta_870                     -31.4141                5.8179              0.5818
2020_Townsend_4448-hepta_871                     -32.2320                5.7195              0.5719
2020_Townsend_4449-hepta_872                     -26.4641                3.4305              0.3430
2020_Townsend_4450-hepta_873                     -36.9020                4.8439              0.4844
2020_Townsend_4451-hepta_874                     -44.7859                3.3025              0.3303
2020_Townsend_4452-hepta_875                     -30.5043                2.5870              0.2587
2020_Townsend_4453-hepta_876                     -38.4103                3.4551              0.3455
2020_Townsend_4454-hepta_877                     -30.2283                3.1923              0.3192
2020_Townsend_4455-hepta_878                     -37.6956                4.5720              0.4572
2020_Townsend_4456-hepta_879                     -34.1523                4.6233              0.4623
2020_Townsend_4457-hepta_880                     -26.6194                2.6994              0.2699
2020_Townsend_4458-hepta_881                     -25.2197                2.0755              0.2075
2020_Townsend_4459-hepta_882                     -30.2511                3.7507              0.3751
2020_Townsend_4460-hepta_883                     -36.8659                2.8299              0.2830
2020_Townsend_4461-hepta_884                     -37.9355                2.3224              0.2322
2020_Townsend_4462-hepta_885                     -27.9068                3.1807              0.3181
2020_Townsend_4463-hepta_886                     -29.6760                4.2338              0.4234
2020_Townsend_4464-hepta_887                     -33.1329                2.0152              0.2015
2020_Townsend_4465-hepta_888                     -28.2769                1.8896              0.1890
2020_Townsend_4466-hepta_889                     -31.1182                3.1586              0.3159
2020_Townsend_4467-hepta_890                     -31.1701                3.4901              0.3490
2020_Townsend_4468-hepta_891                     -24.5064                2.5043              0.2504
2020_Townsend_4469-hepta_892                     -33.5831                3.9010              0.3901
2020_Townsend_4470-hepta_893                     -29.8697                3.8226              0.3823
2020_Townsend_4471-hepta_894                     -43.2902                4.2653              0.4265
2020_Townsend_4472-hepta_895                     -28.3614                4.3750              0.4375
2020_Townsend_4473-hepta_896                     -35.4195                4.1976              0.4198
2020_Townsend_4474-hepta_897                     -42.2585                2.2602              0.2260
2020_Townsend_4475-hepta_898                     -35.6452                4.8082              0.4808
2020_Townsend_4476-hepta_899                     -27.3774                2.4757              0.2476
2020_Townsend_4477-hepta_900                     -45.0976                6.4916              0.6492
2020_Townsend_4478-hepta_901                     -24.3940                1.9080              0.1908
2020_Townsend_4479-hepta_902                     -33.4959                3.7761              0.3776
2020_Townsend_4480-hepta_903                     -29.6551                5.6958              0.5696
2020_Townsend_4481-hepta_904                     -30.6882                6.0671              0.6067
2020_Townsend_4482-hepta_905                     -25.7768                2.3659              0.2366
2020_Townsend_4483-hepta_906                     -36.6774                3.5864              0.3586
2020_Townsend_4484-hepta_907                     -36.3650                3.3905              0.3391
2020_Townsend_4485-hepta_908                     -24.0914                3.3017              0.3302
2020_Townsend_4486-hepta_909                     -32.4912                5.0830              0.5083
2020_Townsend_4487-hepta_910                     -36.1230                3.9552              0.3955
2020_Townsend_4488-hepta_911                     -27.4614                5.8567              0.5857
2020_Townsend_4489-hepta_912                     -25.7561                3.0924              0.3092
2020_Townsend_4490-hepta_913                     -26.4864                2.3982              0.2398
2020_Townsend_4491-hepta_914                     -27.1248                3.3057              0.3306
2020_Townsend_4492-hepta_915                     -22.9773                2.3121              0.2312
2020_Townsend_4493-hepta_916                     -33.3640                4.9861              0.4986
2020_Townsend_4494-hepta_917                     -22.6519                4.3208              0.4321
2020_Townsend_4495-hepta_918                     -41.4872                7.3111              0.7311
2020_Townsend_4496-hepta_919                     -19.3721                2.2349              0.2235
2020_Townsend_4497-hepta_920                     -37.9790                2.9897              0.2990
2020_Townsend_4498-hepta_921                     -32.5619                3.1674              0.3167
2020_Townsend_4499-hepta_922                     -32.3635                2.8867              0.2887
2020_Townsend_4500-hepta_923                     -25.7686                4.9449              0.4945
2020_Townsend_4501-hepta_924                     -23.5362                2.3736              0.2374
2020_Townsend_4502-hepta_925                     -30.2151                2.8564              0.2856
2020_Townsend_4503-hepta_926                     -23.9414                1.7700              0.1770
2020_Townsend_4504-hepta_927                     -27.7486                3.4205              0.3421
2020_Townsend_4505-hepta_928                     -40.6133                5.0699              0.5070
2020_Townsend_4506-hepta_929                     -19.3993                3.3365              0.3336
2020_Townsend_4507-hepta_930                     -31.1852                4.0828              0.4083
2020_Townsend_4508-hepta_931                     -31.0196                2.7639              0.2764
2020_Townsend_4509-hepta_932                     -35.5727                3.8060              0.3806
2020_Townsend_4511-hepta_934                     -31.5111                2.3159              0.2316
2020_Townsend_4512-hepta_935                     -31.2984                3.1155              0.3115
2020_Townsend_4513-hepta_936                     -36.7314                3.4800              0.3480
2020_Townsend_4514-hepta_937                     -36.1869                4.6416              0.4642
2020_Townsend_4515-hepta_938                     -43.4768                4.9715              0.4971
2020_Townsend_4516-hepta_939                     -25.0274                2.2720              0.2272
2020_Townsend_4517-hepta_940                     -33.4565                3.9514              0.3951
2020_Townsend_4518-hepta_941                     -29.3387                4.8761              0.4876
2020_Townsend_4519-hepta_942                     -20.8547                1.9138              0.1914
2020_Townsend_4520-hepta_943                     -24.8074                2.2064              0.2206
2020_Townsend_4521-hepta_944                     -26.1017                2.0945              0.2095
2020_Townsend_4522-hepta_945                     -34.5222                3.4494              0.3449
2020_Townsend_4523-hepta_946                     -32.7619                2.7822              0.2782
2020_Townsend_4524-hepta_947                     -29.9331                5.9351              0.5935
2020_Townsend_4525-hepta_948                     -27.6946                3.2590              0.3259
2020_Townsend_4526-hepta_949                     -33.3404                2.4140              0.2414
2020_Townsend_4527-hepta_950                     -22.1612                2.3859              0.2386
2020_Townsend_4528-hepta_951                     -39.0533                4.3064              0.4306
2020_Townsend_4529-hepta_952                     -38.3360                6.3768              0.6377
2020_Townsend_4530-hepta_953                     -32.6178                2.1593              0.2159
2020_Townsend_4531-hepta_954                     -30.7403                4.4057              0.4406
2020_Townsend_4532-hepta_955                     -30.6714                3.1666              0.3167
2020_Townsend_4533-hepta_956                     -35.4881                6.6750              0.6675
2020_Townsend_4534-hepta_957                     -39.0808                3.5803              0.3580
2020_Townsend_4535-hepta_958                     -42.4325                7.5482              0.7548
2020_Townsend_4536-hepta_959                     -44.3294                3.4710              0.3471
2020_Townsend_4537-hepta_960                     -27.8931                2.9942              0.2994
2020_Townsend_4538-hepta_961                     -26.5489                2.0105              0.2010
2020_Townsend_4539-hepta_962                     -31.8327                2.8437              0.2844
2020_Townsend_4540-hepta_963                     -34.7862                2.8828              0.2883
2020_Townsend_4541-hepta_964                     -29.3174                2.3205              0.2320
2020_Townsend_4542-hepta_965                     -32.4816                6.4538              0.6454
2020_Townsend_4543-hepta_966                     -36.6388                3.0915              0.3091
2020_Townsend_4544-hepta_967                     -41.0980                4.0535              0.4053
2020_Townsend_4545-hepta_968                     -31.2553                4.4968              0.4497
2020_Townsend_4546-hepta_969                     -27.6011                4.7476              0.4748
2020_Townsend_4547-hepta_970                     -41.1860                4.0459              0.4046
2020_Townsend_4548-hepta_971                     -34.2366                3.9539              0.3954
2020_Townsend_4549-hepta_972                     -41.2235                3.5998              0.3600
2020_Townsend_4550-hepta_973                     -33.0791                2.1818              0.2182
2020_Townsend_4551-hepta_974                     -32.6625                3.6811              0.3681
2020_Townsend_4552-hepta_975                     -27.7738                2.8024              0.2802
2020_Townsend_4553-hepta_976                     -35.1531                3.5251              0.3525
2020_Townsend_4554-hepta_977                     -41.0054                4.6250              0.4625
2020_Townsend_4555-hepta_978                     -25.8968                3.6557              0.3656
2020_Townsend_4556-hepta_979                     -36.3596                3.4178              0.3418
2020_Townsend_4557-hepta_980                     -26.1815                2.6052              0.2605
2020_Townsend_4558-hepta_981                     -31.5214                3.1262              0.3126
2020_Townsend_4559-hepta_982                     -26.9825                2.0234              0.2023
2020_Townsend_4560-hepta_983                     -28.6822                3.1561              0.3156
2020_Townsend_4561-hepta_984                     -25.3497                2.9638              0.2964
2020_Townsend_4562-hepta_985                     -24.8576                1.7518              0.1752
2020_Townsend_4563-hepta_986                     -28.1402                2.9935              0.2994
2020_Townsend_4564-hepta_987                     -47.1830                4.1212              0.4121
2020_Townsend_4565-hepta_988                     -22.7994                2.1958              0.2196
2020_Townsend_4566-hepta_989                     -34.3906                3.8649              0.3865
2020_Townsend_4567-hepta_990                     -32.4114                2.9359              0.2936
2020_Townsend_4568-hepta_991                     -30.9109                3.1434              0.3143
2020_Townsend_4569-hepta_992                     -21.2839                2.3293              0.2329
2020_Townsend_4570-hepta_993                     -32.0132                5.7036              0.5704
2020_Townsend_4571-hepta_994                     -33.7716                3.3642              0.3364
2020_Townsend_4572-hepta_995                     -36.0862                1.7937              0.1794
2020_Townsend_4573-hepta_996                     -45.1701                3.4630              0.3463
2020_Townsend_4574-hepta_997                     -31.7099                2.7706              0.2771
2020_Townsend_4575-hepta_998                     -37.0147                2.9328              0.2933
2020_Townsend_4576-hepta_999                     -32.4163                2.7577              0.2758
2020_Townsend_4577-hepta_1000                     -42.8618                3.1630              0.3163
2020_Townsend_4578-hepta_1001                     -30.4809                2.4961              0.2496
2020_Townsend_4579-hepta_1002                     -25.5426                2.1560              0.2156
2020_Townsend_4580-hepta_1003                     -23.7928                3.5025              0.3503
2020_Townsend_4581-hepta_1004                     -21.0995                3.6756              0.3676
2020_Townsend_4582-hepta_1005                     -39.5587                4.1694              0.4169
2020_Townsend_4583-hepta_1006                     -24.8172                2.4046              0.2405
2020_Townsend_4584-hepta_1007                     -28.8908                3.2463              0.3246
2020_Townsend_4585-hepta_1008                     -31.2729                2.9791              0.2979
2020_Townsend_4586-hepta_1009                     -40.0351                3.9247              0.3925
2020_Townsend_4587-hepta_1010                     -29.9346                3.1743              0.3174
2020_Townsend_4588-hepta_1011                     -29.0375                2.7890              0.2789
2020_Townsend_4589-hepta_1012                     -23.8317                2.7481              0.2748
2020_Townsend_4590-hepta_1013                     -25.5302                2.5986              0.2599
2020_Townsend_4591-hepta_1014                     -25.1446                2.3358              0.2336
2020_Townsend_4592-hepta_1015                     -34.4500                2.3601              0.2360
2020_Townsend_4593-hepta_1016                     -30.6624                2.8426              0.2843
2020_Townsend_4594-hepta_1017                     -33.7965                2.3777              0.2378
2020_Townsend_4595-hepta_1018                     -38.9581                3.3948              0.3395
2020_Townsend_4596-hepta_1019                     -30.7982                2.3464              0.2346
2020_Townsend_4597-hepta_1020                     -28.1747                1.8095              0.1809
2020_Townsend_4598-hepta_1021                     -19.8228                1.3624              0.1362
2020_Townsend_4599-hepta_1022                     -28.7582                2.3053              0.2305
2020_Townsend_4600-hepta_1023                     -34.7206                3.4125              0.3412
2020_Townsend_4601-hepta_1024                     -37.3402                4.7422              0.4742
2020_Townsend_4602-hepta_1025                     -28.4455                4.5142              0.4514
2020_Townsend_4603-hepta_1026                     -30.2758                1.4807              0.1481
2020_Townsend_4604-hepta_1027                     -31.9536                2.2332              0.2233
2020_Townsend_4605-hepta_1028                     -37.7989                3.8735              0.3874
2020_Townsend_4606-hepta_1029                     -37.7598                3.4682              0.3468
2020_Townsend_4607-hepta_1030                     -26.1866                1.7677              0.1768
2020_Townsend_4608-hepta_1031                     -46.4049                4.5962              0.4596
2020_Townsend_4609-hepta_1032                     -31.7723                3.0265              0.3026
2020_Townsend_4610-hepta_1033                     -39.2578                2.4361              0.2436
2020_Townsend_4611-hepta_1034                     -33.5239                2.9303              0.2930
2020_Townsend_4612-hepta_1035                     -54.7606                4.0483              0.4048
2020_Townsend_4613-hepta_1036                     -36.9924                2.4465              0.2446
2020_Townsend_4614-hepta_1037                     -30.5154                3.6851              0.3685
2020_Townsend_4615-hepta_1038                     -32.8701                4.1770              0.4177
2020_Townsend_4616-hepta_1039                     -38.8753                2.1089              0.2109
2020_Townsend_4617-hepta_1040                     -30.8403                2.4792              0.2479
2020_Townsend_4618-hepta_1041                     -43.7256                6.1859              0.6186
2020_Townsend_4619-hepta_1042                     -35.5828                3.2091              0.3209
2020_Townsend_4620-hepta_1043                     -31.2587                2.6333              0.2633
2020_Townsend_4621-hepta_1044                     -29.0115                2.2016              0.2202
2020_Townsend_4622-hepta_1045                     -29.6499                2.7863              0.2786
2020_Townsend_4623-hepta_1046                     -32.0860                3.1622              0.3162
2020_Townsend_4624-hepta_1047                     -22.4411                2.6343              0.2634
2020_Townsend_4625-hepta_1048                     -24.7561                2.3917              0.2392
2020_Townsend_4626-hepta_1049                     -34.3546                2.0888              0.2089
2020_Townsend_4627-hepta_1050                     -28.3414                1.6161              0.1616
2020_Townsend_4628-hepta_1051                     -32.6637                3.7685              0.3769
2020_Townsend_4629-hepta_1052                     -28.1340                4.6197              0.4620
2020_Townsend_4630-hepta_1053                     -38.6431                3.6562              0.3656
2020_Townsend_4631-hepta_1054                     -37.6244                3.0514              0.3051
2020_Townsend_4632-hepta_1055                     -28.7271                4.3576              0.4358
2020_Townsend_4633-hepta_1056                     -36.1749                3.6890              0.3689
2020_Townsend_4634-hepta_1057                     -33.1290                3.7970              0.3797
2020_Townsend_4635-hepta_1058                     -24.1524                2.5388              0.2539
2020_Townsend_4636-hepta_1059                     -37.8218                8.5263              0.8526
2020_Townsend_4637-hepta_1060                     -32.0056                2.4530              0.2453
2020_Townsend_4638-hepta_1061                     -27.5180                1.9770              0.1977
2020_Townsend_4639-hepta_1062                     -26.0676                3.4256              0.3426
2020_Townsend_4640-hepta_1063                     -33.9322                5.6552              0.5655
2020_Townsend_4641-hepta_1064                     -34.5482                6.2223              0.6222
2020_Townsend_4642-hepta_1065                     -25.2984                4.3212              0.4321
2020_Townsend_4643-hepta_1066                     -31.8304                3.5063              0.3506
2020_Townsend_4644-hepta_1067                     -31.1925                2.5758              0.2576
2020_Townsend_4645-hepta_1068                     -25.0203                2.6316              0.2632
2020_Townsend_4646-hepta_1069                     -33.6810                5.1364              0.5136
2020_Townsend_4647-hepta_1070                     -22.7863                3.8082              0.3808
2020_Townsend_4648-hepta_1071                     -26.7916                1.9919              0.1992
2020_Townsend_4649-hepta_1072                     -20.3267                2.1648              0.2165
2020_Townsend_4650-hepta_1073                     -28.0050                1.5510              0.1551
2020_Townsend_4651-hepta_1074                     -33.2810                2.5351              0.2535
2020_Townsend_4652-hepta_1075                     -25.4370                2.0456              0.2046
2020_Townsend_4653-hepta_1076                     -19.9125                2.4956              0.2496
2020_Townsend_4654-hepta_1077                     -29.5842                4.2233              0.4223
2020_Townsend_4655-hepta_1078                     -30.4772                4.4978              0.4498
2020_Townsend_4656-hepta_1079                     -19.6735                1.8201              0.1820
2020_Townsend_4657-hepta_1080                     -34.3799                2.8068              0.2807
2020_Townsend_4658-hepta_1081                     -48.6734                3.5857              0.3586
2020_Townsend_4659-hepta_1082                     -31.9287                1.8828              0.1883
2020_Townsend_4660-hepta_1083                     -27.2198                3.0704              0.3070
2020_Townsend_4661-hepta_1084                     -25.5184                2.1635              0.2164
2020_Townsend_4662-hepta_1085                     -30.1972                4.3693              0.4369
2020_Townsend_4663-hepta_1086                     -22.3471                2.5877              0.2588
2020_Townsend_4664-hepta_1087                     -32.3094                4.1380              0.4138
2020_Townsend_4666-hepta_1089                     -36.7550                5.8815              0.5882
2020_Townsend_4667-hepta_1090                     -31.1594                3.0523              0.3052
2020_Townsend_4668-hepta_1091                     -34.2702                2.5733              0.2573
2020_Townsend_4669-hepta_1092                     -27.9056                2.1971              0.2197
2020_Townsend_4670-hepta_1093                     -40.3190                2.5629              0.2563
2020_Townsend_4671-hepta_1094                     -21.7651                2.2228              0.2223
2020_Townsend_4672-hepta_1095                     -21.9520                1.7566              0.1757
2020_Townsend_4673-hepta_1096                     -27.6631                3.6538              0.3654
2020_Townsend_4674-hepta_1097                     -29.0252                2.5482              0.2548
2020_Townsend_4675-hepta_1098                     -29.3430                2.8214              0.2821
2020_Townsend_4676-hepta_1099                     -36.2628                3.4861              0.3486
2020_Townsend_4677-hepta_1100                     -26.9208                1.8957              0.1896
2020_Townsend_4678-hepta_1101                     -20.3818                3.2791              0.3279
2020_Townsend_4679-hepta_1102                     -28.5342                3.7003              0.3700
2020_Townsend_4680-hepta_1103                     -24.5279                3.6268              0.3627
2020_Townsend_4681-hepta_1104                     -27.8339                2.3399              0.2340
2020_Townsend_4682-hepta_1105                     -30.5088                2.2357              0.2236
2020_Townsend_4683-hepta_1106                     -33.0872                1.6472              0.1647
2020_Townsend_4684-hepta_1107                     -28.4730                2.8036              0.2804
2020_Townsend_4685-hepta_1108                     -36.9101                3.6796              0.3680
2020_Townsend_4686-hepta_1109                     -34.2009                4.0437              0.4044
2020_Townsend_4687-hepta_1110                     -25.5314                2.1529              0.2153
2020_Townsend_4688-hepta_1111                     -33.6484                4.0483              0.4048
2020_Townsend_4689-hepta_1112                     -25.9612                3.1203              0.3120
2020_Townsend_4690-hepta_1113                     -31.8089                4.8647              0.4865
2020_Townsend_4691-hepta_1114                     -27.0400                4.4169              0.4417
2020_Townsend_4692-hepta_1115                     -28.2021                2.7022              0.2702
2020_Townsend_4693-hepta_1116                     -33.1183                3.6317              0.3632
2020_Townsend_4695-hepta_1118                     -27.6101                2.9675              0.2968
2020_Townsend_4696-hepta_1119                     -32.5458                2.6396              0.2640
2020_Townsend_4697-hepta_1120                     -30.0455                2.0155              0.2016
2020_Townsend_4698-hepta_1121                     -33.9805                2.9905              0.2990
2020_Townsend_4699-hepta_1122                     -33.6737                3.9369              0.3937
2020_Townsend_4700-hepta_1123                     -20.8601                2.1292              0.2129
2020_Townsend_4701-hepta_1124                     -34.6813                5.8670              0.5867
2020_Townsend_4702-hepta_1125                     -26.8104                2.1566              0.2157
2020_Townsend_4703-hepta_1126                     -21.6227                2.7438              0.2744
2020_Townsend_4704-hepta_1127                     -36.5813                5.5039              0.5504
2020_Townsend_4705-hepta_1128                     -34.2147                2.3789              0.2379
2020_Townsend_4706-hepta_1129                     -26.8895                1.9083              0.1908
2020_Townsend_4707-hepta_1130                     -26.7438                1.5629              0.1563
2020_Townsend_4708-hepta_1131                     -45.9137                5.2260              0.5226
2020_Townsend_4709-hepta_1132                     -41.4658                4.8276              0.4828
2020_Townsend_4710-hepta_1133                     -24.1654                1.9958              0.1996
2020_Townsend_4711-hepta_1134                     -21.1894                1.6579              0.1658
2020_Townsend_4712-hepta_1135                     -31.2470                2.3021              0.2302
2020_Townsend_4713-hepta_1136                     -28.7971                2.2796              0.2280
2020_Townsend_4714-hepta_1137                     -24.8441                1.5884              0.1588
2020_Townsend_4715-hepta_1138                     -29.6909                4.4240              0.4424
2020_Townsend_4716-hepta_1139                     -27.9937                2.1256              0.2126
2020_Townsend_4717-hepta_1140                     -29.5396                2.0194              0.2019
2020_Townsend_4718-hepta_1141                     -28.9069                3.6019              0.3602
2020_Townsend_4719-hepta_1142                     -34.9235                6.5974              0.6597
2020_Townsend_4720-hepta_1143                     -40.5659                5.2424              0.5242
2020_Townsend_4721-hepta_1144                     -26.7048                3.2249              0.3225
2020_Townsend_4722-hepta_1145                     -19.4205                2.0079              0.2008
2020_Townsend_4723-hepta_1146                     -34.8720                5.9022              0.5902
2020_Townsend_4724-hepta_1147                     -29.8901                3.4665              0.3466
2020_Townsend_4725-hepta_1148                     -22.8748                2.3168              0.2317
2020_Townsend_4726-hepta_1149                     -28.1378                4.2856              0.4286
2020_Townsend_4727-hepta_1150                     -33.7385                3.5678              0.3568
2020_Townsend_4728-hepta_1151                     -23.9886                2.9149              0.2915
2020_Townsend_4729-hepta_1152                     -21.0370                2.5716              0.2572
2020_Townsend_4730-hepta_1153                     -26.6363                1.8380              0.1838
2020_Townsend_4731-hepta_1154                     -17.5434                1.9044              0.1904
2020_Townsend_4732-hepta_1155                     -21.2025                1.8312              0.1831
2020_Townsend_4733-hepta_1156                     -31.7663                4.9778              0.4978
2020_Townsend_4734-hepta_1157                     -37.7968                4.8989              0.4899
2020_Townsend_4735-hepta_1158                     -30.5184                3.0167              0.3017
2020_Townsend_4736-hepta_1159                     -15.4479                2.1075              0.2107
2020_Townsend_4737-hepta_1160                     -25.5921                2.5806              0.2581
2020_Townsend_4738-hepta_1161                     -31.5215                8.4449              0.8445
2020_Townsend_4739-hepta_1162                     -28.2462                3.6834              0.3683
2020_Townsend_4740-hepta_1163                     -24.9082                2.1392              0.2139
2020_Townsend_4741-hepta_1164                     -18.4840                1.9818              0.1982
2020_Townsend_4742-hepta_1165                     -20.1770                2.0074              0.2007
2020_Townsend_4743-hepta_1166                     -29.5661                2.6092              0.2609
2020_Townsend_4744-hepta_1167                     -42.4941                2.6657              0.2666
2020_Townsend_4745-hepta_1168                     -26.1168                2.4315              0.2432
2020_Townsend_4746-hepta_1169                     -43.1083                3.8044              0.3804
2020_Townsend_4747-hepta_1170                     -34.3141                3.1480              0.3148
2020_Townsend_4748-hepta_1171                     -20.9592                2.6314              0.2631
2020_Townsend_4749-hepta_1172                     -46.5324                5.2014              0.5201
2020_Townsend_4750-hepta_1173                     -32.1339                3.1582              0.3158
2020_Townsend_4751-hepta_1174                     -19.0311                1.6204              0.1620
2020_Townsend_4752-hepta_1175                     -36.5663                2.4186              0.2419
2020_Townsend_4753-hepta_1176                     -35.6708                4.1570              0.4157
2020_Townsend_4754-hepta_1177                     -29.6004                2.5499              0.2550
2020_Townsend_4755-hepta_1178                     -27.0431                2.9889              0.2989
2020_Townsend_4756-hepta_1179                     -37.2590                4.7061              0.4706
2020_Townsend_4757-hepta_1180                     -21.3592                2.3178              0.2318
2020_Townsend_4758-hepta_1181                     -22.7878                3.0196              0.3020
2020_Townsend_4759-hepta_1182                     -28.1800                3.4762              0.3476
2020_Townsend_4760-hepta_1183                     -24.2991                4.4745              0.4474
2020_Townsend_4761-hepta_1184                     -28.8556                8.6347              0.8635
2020_Townsend_4762-hepta_1185                     -37.8638                3.5891              0.3589
2020_Townsend_4763-hepta_1186                     -32.5770                2.3189              0.2319
2020_Townsend_4764-hepta_1187                     -27.0629                3.0748              0.3075
2020_Townsend_4765-hepta_1188                     -23.6166                2.1261              0.2126
2020_Townsend_4766-hepta_1189                     -29.1759                2.0449              0.2045
2020_Townsend_4767-hepta_1190                     -36.1562                5.3549              0.5355
2020_Townsend_4768-hepta_1191                     -29.0488                3.0369              0.3037
2020_Townsend_4769-hepta_1192                     -26.7302                2.7147              0.2715
2020_Townsend_4770-hepta_1193                     -26.0779                4.2362              0.4236
2020_Townsend_4771-hepta_1194                     -27.3007                2.8628              0.2863
2020_Townsend_4772-hepta_1195                     -22.4104                2.2559              0.2256
2020_Townsend_4773-hepta_1196                     -29.0492                2.8904              0.2890
2020_Townsend_4774-hepta_1197                     -32.6695                2.6507              0.2651
2020_Townsend_4775-hepta_1198                     -19.5957                2.6473              0.2647
2020_Townsend_4776-hepta_1199                     -31.9068                2.8060              0.2806
2020_Townsend_4777-hepta_1200                     -34.4875                3.6710              0.3671
2020_Townsend_4778-hepta_1201                     -30.8055                3.2323              0.3232
2020_Townsend_4779-hepta_1202                     -44.5215                3.3792              0.3379
2020_Townsend_4780-hepta_1203                     -33.0195                5.5898              0.5590
2020_Townsend_4781-hepta_1204                     -26.5328                2.4457              0.2446
2020_Townsend_4782-hepta_1205                     -42.2804                5.6191              0.5619
2020_Townsend_4783-hepta_1206                     -29.7957                3.0974              0.3097
2020_Townsend_4784-hepta_1207                     -25.6106                2.6360              0.2636
2020_Townsend_4785-hepta_1208                     -33.2023                3.6067              0.3607
2020_Townsend_4786-hepta_1209                     -32.3934                2.8519              0.2852
2020_Townsend_4787-hepta_1210                     -26.5861                4.3620              0.4362
2020_Townsend_4788-hepta_1211                     -34.2395                6.7025              0.6702
2020_Townsend_4789-hepta_1212                     -31.7771                4.2662              0.4266
2020_Townsend_4790-hepta_1213                     -31.2520                2.9086              0.2909
2020_Townsend_4791-hepta_1214                     -33.2716                4.0479              0.4048
2020_Townsend_4792-hepta_1215                     -28.4874                4.2681              0.4268
2020_Townsend_4793-hepta_1216                     -30.2086                3.2268              0.3227
2020_Townsend_4794-hepta_1217                     -35.4701                2.1421              0.2142
2020_Townsend_4795-hepta_1218                     -25.8920                3.9751              0.3975
2020_Townsend_4796-hepta_1219                     -29.6872                3.4963              0.3496
2020_Townsend_4797-hepta_1220                     -25.6185                2.2381              0.2238
2020_Townsend_4798-hepta_1221                     -37.2546                3.2495              0.3249
2020_Townsend_4799-hepta_1222                     -40.0302               12.3156              1.2316
2020_Townsend_4800-hepta_1223                     -21.1797                1.4727              0.1473
2020_Townsend_4801-hepta_1224                     -21.9538                4.2941              0.4294
2020_Townsend_4802-hepta_1225                     -35.0016                2.0147              0.2015
2020_Townsend_4803-hepta_1226                     -42.6994                3.1899              0.3190
2020_Townsend_4804-hepta_1227                     -30.8035                2.1043              0.2104
2020_Townsend_4805-hepta_1228                     -33.8193                2.2503              0.2250
2020_Townsend_4806-hepta_1229                     -42.6686                2.5083              0.2508
2020_Townsend_4807-hepta_1230                     -40.2267                6.9309              0.6931
2020_Townsend_4808-hepta_1231                     -44.3081                4.6392              0.4639
2020_Townsend_4809-hepta_1232                     -32.4359                4.5183              0.4518
2020_Townsend_4810-hepta_1233                     -37.0948                2.5940              0.2594
2020_Townsend_4811-hepta_1234                     -51.3308                5.1105              0.5111
2020_Townsend_4812-hepta_1235                     -38.0466                2.0044              0.2004
2020_Townsend_4813-hepta_1236                     -24.2362                3.3537              0.3354
2020_Townsend_4814-hepta_1237                     -23.0179                2.5117              0.2512
2020_Townsend_4815-hepta_1238                     -39.6593                5.3925              0.5392
2020_Townsend_4816-hepta_1239                     -37.4695                3.1626              0.3163
2020_Townsend_4817-hepta_1240                     -41.9925                2.7926              0.2793
2020_Townsend_4818-hepta_1241                     -22.4554                2.0076              0.2008
2020_Townsend_4819-hepta_1242                     -29.4236                2.2783              0.2278
2020_Townsend_4820-hepta_1243                     -25.9284                2.2949              0.2295
2020_Townsend_4821-hepta_1244                     -39.3423                3.2468              0.3247
2020_Townsend_4822-hepta_1245                     -38.3230                2.8061              0.2806
2020_Townsend_4823-hepta_1246                     -29.4383                2.2503              0.2250
2020_Townsend_4824-hepta_1247                     -23.4774                2.5281              0.2528
2020_Townsend_4825-hepta_1248                     -27.3959                2.3919              0.2392
2020_Townsend_4826-hepta_1249                     -28.1813                2.2293              0.2229
2020_Townsend_4827-hepta_1250                     -36.7205                5.1852              0.5185
2020_Townsend_4828-hepta_1251                     -26.4426                3.0168              0.3017
2020_Townsend_4829-hepta_1252                     -38.3571                3.2033              0.3203
2020_Townsend_4831-hepta_1254                     -19.3881                2.2732              0.2273
2020_Townsend_4832-hepta_1255                     -33.6310                2.5445              0.2544
2020_Townsend_4833-hepta_1256                     -30.6468                2.3358              0.2336
2020_Townsend_4834-hepta_1257                     -34.4090                2.4430              0.2443
2020_Townsend_4836-hepta_1259                     -28.9604                2.2539              0.2254
2020_Townsend_4837-hepta_1260                     -23.3878                2.8064              0.2806
2020_Townsend_4838-hepta_1261                     -22.4255                1.6494              0.1649
2020_Townsend_4839-hepta_1262                     -33.2468                2.8521              0.2852
2020_Townsend_4840-hepta_1263                     -22.9609                1.8918              0.1892
2020_Townsend_4841-hepta_1264                     -25.8969                4.9404              0.4940
2020_Townsend_4842-hepta_1265                     -25.3080                3.9140              0.3914
2020_Townsend_4844-hepta_1267                     -41.8748                2.1379              0.2138
2020_Townsend_4845-hepta_1268                     -25.3749                1.9086              0.1909
2020_Townsend_4846-hepta_1269                     -30.6599                2.3433              0.2343
2020_Townsend_4847-hepta_1270                     -31.5718                2.8534              0.2853
2020_Townsend_4848-hepta_1271                     -24.7880                4.4354              0.4435
2020_Townsend_4849-hepta_1272                     -24.0840                3.1411              0.3141
2020_Townsend_4850-hepta_1273                     -28.9401                3.3558              0.3356
2020_Townsend_4851-hepta_1274                     -32.3119                2.4500              0.2450
2020_Townsend_4852-hepta_1275                     -30.9371                2.1256              0.2126
2020_Townsend_4853-hepta_1276                     -43.8671                3.2259              0.3226
2020_Townsend_4854-hepta_1277                     -26.2101                2.2476              0.2248
2020_Townsend_4856-hepta_1279                     -21.7569                2.0122              0.2012
2020_Townsend_4857-hepta_1280                     -32.1178                2.0937              0.2094
2020_Townsend_4858-hepta_1281                     -36.9132                4.3144              0.4314
2020_Townsend_4859-hepta_1282                     -23.3579                1.5237              0.1524
2020_Townsend_4860-hepta_1283                     -33.8900                4.6889              0.4689
2020_Townsend_4861-hepta_1284                     -30.9247                2.1585              0.2158
2020_Townsend_4862-hepta_1285                     -25.1674                3.2455              0.3246
2020_Townsend_4863-hepta_1286                     -34.8793                2.5962              0.2596
2020_Townsend_4864-hepta_1287                     -38.2978                3.4857              0.3486
2020_Townsend_4865-hepta_1288                     -28.1913                2.3760              0.2376
2020_Townsend_4866-hepta_1289                     -35.1150                3.8391              0.3839
2020_Townsend_4867-hepta_1290                     -36.2730                1.8232              0.1823
2020_Townsend_4868-hepta_1291                     -33.1693                4.3453              0.4345
2020_Townsend_4869-hepta_1292                     -31.5453                3.1099              0.3110
2020_Townsend_4870-hepta_1293                     -41.9894                3.8025              0.3802
2020_Townsend_4871-hepta_1294                     -34.9861                5.6964              0.5696
2020_Townsend_4872-hepta_1295                     -30.7145                3.1391              0.3139
2020_Townsend_4873-hepta_1296                     -37.9169                7.7294              0.7729
2020_Townsend_4874-hepta_1297                     -37.2140                2.8477              0.2848
2020_Townsend_4875-hepta_1298                     -28.3532                2.4572              0.2457
2020_Townsend_4876-hepta_1299                     -22.9079                4.1086              0.4109
2020_Townsend_4877-hepta_1300                     -27.7528                1.8622              0.1862
2020_Townsend_4878-hepta_1301                     -24.5627                2.3356              0.2336
2020_Townsend_4879-hepta_1302                     -31.0374                3.0375              0.3038
2020_Townsend_4880-hepta_1303                     -26.9543                2.6613              0.2661
2020_Townsend_4881-hepta_1304                     -28.7662                2.0572              0.2057
2020_Townsend_4882-hepta_1305                     -27.6004                2.8736              0.2874
2020_Townsend_4883-hepta_1306                     -41.5027                6.0155              0.6015
2020_Townsend_4884-hepta_1307                     -37.0999                5.4519              0.5452
2020_Townsend_4885-hepta_1308                     -28.7717                4.0097              0.4010
2020_Townsend_4886-hepta_1309                     -42.8773                3.5307              0.3531
2020_Townsend_4887-hepta_1310                     -33.2125                3.6267              0.3627
2020_Townsend_4888-hepta_1311                     -24.6809                3.2145              0.3215
2020_Townsend_4889-hepta_1312                     -26.4867                2.9357              0.2936
2020_Townsend_4890-hepta_1313                     -31.1905                3.5794              0.3579
2020_Townsend_4891-hepta_1314                     -22.7406                1.5662              0.1566
2020_Townsend_4892-hepta_1315                     -33.0611                3.4329              0.3433
2020_Townsend_4893-hepta_1316                     -30.3793                2.4508              0.2451
2020_Townsend_4894-hepta_1317                     -31.5792                3.0987              0.3099
2020_Townsend_4895-hepta_1318                     -29.1185                3.1651              0.3165
2020_Townsend_4896-hepta_1319                     -29.5105                2.5676              0.2568
2020_Townsend_4897-hepta_1320                     -30.8516                5.2752              0.5275
2020_Townsend_4898-hepta_1321                     -25.2881                5.1603              0.5160
2020_Townsend_4899-hepta_1322                     -33.1388                3.3848              0.3385
2020_Townsend_4900-hepta_1323                     -29.0004                2.6413              0.2641
2020_Townsend_4901-hepta_1324                     -22.5441                2.3208              0.2321
2020_Townsend_4902-hepta_1325                     -33.3752                2.7711              0.2771
2020_Townsend_4903-hepta_1326                     -32.7869                4.7393              0.4739
2020_Townsend_4904-hepta_1327                     -31.9245                3.3254              0.3325
2020_Townsend_4905-hepta_1328                     -35.0239                3.7310              0.3731
2020_Townsend_4907-hepta_1330                     -38.9793                5.0254              0.5025
2020_Townsend_4908-hepta_1331                     -35.0587                2.4449              0.2445
2020_Townsend_4910-hepta_1333                     -17.8141                2.3372              0.2337
2020_Townsend_4911-hepta_1334                     -30.3310                2.7824              0.2782
2020_Townsend_4912-hepta_1335                     -38.6809                1.9532              0.1953
2020_Townsend_4913-hepta_1336                     -33.4133                3.6930              0.3693
2020_Townsend_4914-hepta_1337                     -30.3378                2.1478              0.2148
2020_Townsend_4915-hepta_1338                     -26.9115                2.6403              0.2640
2020_Townsend_4916-hepta_1339                     -26.5648                2.4832              0.2483
2020_Townsend_4917-hepta_1340                     -28.7052                4.5490              0.4549
2020_Townsend_4918-hepta_1341                     -27.4278                2.6790              0.2679
2020_Townsend_4919-hepta_1342                     -18.4149                2.7360              0.2736
2020_Townsend_4920-hepta_1343                     -31.1938                2.8587              0.2859
2020_Townsend_4921-hepta_1344                     -30.1081                2.4477              0.2448
2020_Townsend_4922-hepta_1345                     -27.4430                2.3513              0.2351
2020_Townsend_4923-hepta_1346                     -28.3450                3.4049              0.3405
2020_Townsend_4924-hepta_1347                     -24.6058                2.2429              0.2243
2020_Townsend_4925-hepta_1348                     -28.7516                2.8589              0.2859
2020_Townsend_4927-hepta_1350                     -27.9414                3.2980              0.3298
2020_Townsend_4928-hepta_1351                     -38.5170                3.9652              0.3965
2020_Townsend_4930-hepta_1353                     -26.2420                2.1436              0.2144
2020_Townsend_4931-hepta_1354                     -22.0135                2.9862              0.2986
2020_Townsend_4932-hepta_1355                     -36.3409                3.2591              0.3259
2020_Townsend_4933-hepta_1356                     -33.2374                4.0299              0.4030
2020_Townsend_4934-hepta_1357                     -21.5718                1.6117              0.1612
2020_Townsend_4935-hepta_1358                     -36.8024                2.7113              0.2711
2020_Townsend_4936-hepta_1359                     -26.2495                2.2674              0.2267
2020_Townsend_4937-hepta_1360                     -30.4271                3.1413              0.3141
2020_Townsend_4938-hepta_1361                     -17.8563                2.2060              0.2206
2020_Townsend_4939-hepta_1362                     -27.6234                3.7483              0.3748
2020_Townsend_4940-hepta_1363                     -33.9200                4.7491              0.4749
2020_Townsend_4941-hepta_1364                     -27.8004                5.1345              0.5135
2020_Townsend_4942-hepta_1365                     -38.4678                4.2809              0.4281
2020_Townsend_4943-hepta_1366                     -35.9305                4.0442              0.4044
2020_Townsend_4944-hepta_1367                     -42.2978                3.3990              0.3399
2020_Townsend_4945-hepta_1368                     -23.8401                3.6515              0.3652
2020_Townsend_4946-hepta_1369                     -22.0742                3.3615              0.3361
2020_Townsend_4947-hepta_1370                     -34.3584                3.9350              0.3935
2020_Townsend_4948-hepta_1371                     -44.3118                4.9842              0.4984
2020_Townsend_4949-hepta_1372                     -28.0319                3.1350              0.3135
2020_Townsend_4950-hepta_1373                     -34.0158                3.0091              0.3009
2020_Townsend_4951-hepta_1374                     -17.5610                2.0015              0.2001
2020_Townsend_4952-hepta_1375                     -21.2178                4.7798              0.4780
2020_Townsend_4953-hepta_1376                     -34.6838                3.1814              0.3181
2020_Townsend_4954-hepta_1377                     -42.6212                4.3734              0.4373
2020_Townsend_4956-hepta_1379                     -28.5482                2.2695              0.2269
2020_Townsend_4957-hepta_1380                     -23.4773                2.5103              0.2510
2020_Townsend_4958-hepta_1381                     -29.5948                4.2772              0.4277
2020_Townsend_4959-hepta_1382                     -36.2688                2.3871              0.2387
2020_Townsend_4960-hepta_1383                     -38.4450                3.2206              0.3221
2020_Townsend_4961-hepta_1384                     -31.0472                2.9218              0.2922
2020_Townsend_4962-hepta_1385                     -35.1673                2.9450              0.2945
2020_Townsend_4964-hepta_1387                     -28.5497                3.2183              0.3218
2020_Townsend_4965-hepta_1388                     -32.8962                2.3950              0.2395
2020_Townsend_4966-hepta_1389                     -37.3483                2.9981              0.2998
2020_Townsend_4967-hepta_1390                     -32.6875                2.1486              0.2149
2020_Townsend_4968-hepta_1391                     -24.3914                2.6919              0.2692
2020_Townsend_4969-hepta_1392                     -31.5101                2.5723              0.2572
2020_Townsend_4970-hepta_1393                     -31.9371                2.7187              0.2719
2020_Townsend_4971-hepta_1394                     -25.3577                2.7163              0.2716
2020_Townsend_4972-hepta_1395                     -28.2413                2.2477              0.2248
2020_Townsend_4973-hepta_1396                     -32.6800                2.7711              0.2771
2020_Townsend_4974-hepta_1397                     -28.6384                2.8631              0.2863
2020_Townsend_4975-hepta_1398                     -30.8011                3.9892              0.3989
2020_Townsend_4976-hepta_1399                     -34.1017                3.3996              0.3400
2020_Townsend_4977-hepta_1400                     -26.9057                2.1602              0.2160
2020_Townsend_4978-hepta_1401                     -31.4922                7.6776              0.7678
2020_Townsend_4979-hepta_1402                     -37.6961                2.9241              0.2924
2020_Townsend_4980-hepta_1403                     -33.6011                4.0209              0.4021
2020_Townsend_4981-hepta_1404                     -27.3112                2.4754              0.2475
2020_Townsend_4982-hepta_1405                     -31.6005                2.8841              0.2884
2020_Townsend_4983-hepta_1406                     -33.9234                2.7077              0.2708
2020_Townsend_4984-hepta_1407                     -37.5449                2.8982              0.2898
2020_Townsend_4985-hepta_1408                     -35.7098                3.1187              0.3119
2020_Townsend_4986-hepta_1409                     -20.8327                1.8494              0.1849
2020_Townsend_4987-hepta_1410                     -23.6147                2.6799              0.2680
2020_Townsend_4988-hepta_1411                     -37.7032                4.3366              0.4337
2020_Townsend_4989-hepta_1412                     -30.3901                2.8768              0.2877
2020_Townsend_4990-hepta_1413                     -32.6773                2.6461              0.2646
2020_Townsend_4991-hepta_1414                     -25.8366                2.1152              0.2115
2020_Townsend_4992-hepta_1415                     -34.8336                3.5092              0.3509
2020_Townsend_4993-hepta_1416                     -28.7782                2.6267              0.2627
2020_Townsend_4994-hepta_1417                     -29.9679                4.0557              0.4056
2020_Townsend_4995-hepta_1418                     -29.1737                2.6046              0.2605
2020_Townsend_4996-hepta_1419                     -35.1516                4.5620              0.4562
2020_Townsend_4997-hepta_1420                     -26.2312                2.9247              0.2925
2020_Townsend_4998-hepta_1421                     -26.1381                5.2232              0.5223
2020_Townsend_4999-hepta_1422                     -29.6951                3.3834              0.3383
2020_Townsend_5000-hepta_1423                     -33.3766                2.7590              0.2759
2020_Townsend_5001-hepta_1424                     -29.5986                5.4576              0.5458
2020_Townsend_5002-hepta_1425                     -17.7135                1.8202              0.1820
2020_Townsend_5004-hepta_1427                     -33.7501                2.4264              0.2426
2020_Townsend_5005-hepta_1428                     -29.1722                3.5787              0.3579
2020_Townsend_5006-hepta_1429                     -22.1736                2.2993              0.2299
2020_Townsend_5007-hepta_1430                     -39.5809                3.4787              0.3479
2020_Townsend_5009-hepta_1432                     -38.9200                4.9905              0.4991
2020_Townsend_5010-hepta_1433                     -21.7213                4.3413              0.4341
2020_Townsend_5011-hepta_1434                     -29.8516                2.5844              0.2584
2020_Townsend_5012-hepta_1435                     -23.7878                2.4094              0.2409
2020_Townsend_5013-hepta_1436                     -31.7650                2.1146              0.2115
2020_Townsend_5014-hepta_1437                     -33.6340                1.8657              0.1866
2020_Townsend_5015-hepta_1438                     -21.2599                2.1733              0.2173
2020_Townsend_5016-hepta_1439                     -29.0994                2.1161              0.2116
2020_Townsend_5017-hepta_1440                     -25.0923                2.1184              0.2118
2020_Townsend_5018-hepta_1441                     -29.5737                2.3389              0.2339
2020_Townsend_5019-hepta_1442                     -27.5142                2.0356              0.2036
2020_Townsend_5020-hepta_1443                     -41.9522                7.3922              0.7392
2020_Townsend_5021-hepta_1444                     -28.8285                1.9639              0.1964
2020_Townsend_5022-hepta_1445                     -19.1419                2.0174              0.2017
2020_Townsend_5023-hepta_1446                     -34.7300                3.7871              0.3787
2020_Townsend_5025-hepta_1448                     -25.3551                1.9847              0.1985
2020_Townsend_5026-hepta_1449                     -21.8662                1.7576              0.1758
2020_Townsend_5027-hepta_1450                     -33.4757                2.4419              0.2442
2020_Townsend_5029-hepta_1452                     -46.1633                4.5503              0.4550
2020_Townsend_5030-hepta_1453                     -39.1684                5.0010              0.5001
2020_Townsend_5031-hepta_1454                     -22.2743                2.0352              0.2035
2020_Townsend_5032-hepta_1455                     -32.0409                2.3037              0.2304
2020_Townsend_5033-hepta_1456                     -18.7412                2.9353              0.2935
2020_Townsend_5035-hepta_1458                     -28.2302                4.0679              0.4068
2020_Townsend_5036-hepta_1459                     -23.7922                5.3575              0.5357
2020_Townsend_5037-hepta_1460                     -38.9658                3.4803              0.3480
2020_Townsend_5038-hepta_1461                     -26.3520                5.6174              0.5617
2020_Townsend_5040-hepta_1463                     -26.6222                3.0454              0.3045
2020_Townsend_5041-hepta_1464                     -32.0106                3.2264              0.3226
2020_Townsend_5042-hepta_1465                     -38.6649                4.0673              0.4067
2020_Townsend_5043-hepta_1466                     -23.3897                1.6779              0.1678
2020_Townsend_5044-hepta_1467                     -28.1937                2.3385              0.2338
2020_Townsend_5045-hepta_1468                     -22.3212                1.6767              0.1677
2020_Townsend_5046-hepta_1469                     -39.4242                2.3663              0.2366
2020_Townsend_5047-hepta_1470                     -42.5791                3.8738              0.3874
2020_Townsend_5048-hepta_1471                     -30.0696                1.7684              0.1768
2020_Townsend_5049-hepta_1472                     -24.5109                2.6164              0.2616
2020_Townsend_5050-hepta_1473                     -29.4908                2.1013              0.2101
2020_Townsend_5051-hepta_1474                     -29.1865                2.7175              0.2717
2020_Townsend_5052-hepta_1475                     -32.2597                3.9608              0.3961
2020_Townsend_5053-hepta_1476                     -34.8221                2.7962              0.2796
2020_Townsend_5054-hepta_1477                     -30.1518                4.1426              0.4143
2020_Townsend_5055-hepta_1478                     -40.4661                3.6352              0.3635
2020_Townsend_5056-hepta_1479                     -24.9109                2.3175              0.2317
2020_Townsend_5057-hepta_1480                     -24.8867                2.2042              0.2204
2020_Townsend_5058-hepta_1481                     -31.9283                2.6782              0.2678
2020_Townsend_5059-hepta_1482                     -33.0027                3.0127              0.3013
2020_Townsend_5060-hepta_1483                     -28.0775                3.9170              0.3917
2020_Townsend_5061-hepta_1484                     -31.6049                2.5074              0.2507
2020_Townsend_5062-hepta_1485                     -29.2515                3.1229              0.3123
2020_Townsend_5063-hepta_1486                     -34.6611                5.2271              0.5227
2020_Townsend_5064-hepta_1487                     -24.3416                2.7602              0.2760
2020_Townsend_5065-hepta_1488                     -27.9921                3.6404              0.3640
2020_Townsend_5066-hepta_1489                     -27.1449                3.8587              0.3859
2020_Townsend_5067-hepta_1490                     -43.9910                4.8637              0.4864
2020_Townsend_5068-hepta_1491                     -28.8812                2.6778              0.2678
2020_Townsend_5069-hepta_1492                     -30.7060                2.9853              0.2985
2020_Townsend_5070-hepta_1493                     -33.2450                3.1007              0.3101
2020_Townsend_5071-hepta_1494                     -22.5615                2.1771              0.2177
2020_Townsend_5072-hepta_1495                     -25.1771                2.4939              0.2494
2020_Townsend_5073-hepta_1496                     -26.0616                3.5667              0.3567
2020_Townsend_5074-hepta_1497                     -31.2553                3.9616              0.3962
2020_Townsend_5075-hepta_1498                     -39.5847                3.2930              0.3293
2020_Townsend_5076-hepta_1499                     -34.6427                4.9933              0.4993
2020_Townsend_5077-hepta_1500                     -36.2571                7.4967              0.7497
2020_Townsend_5078-hepta_1501                     -22.9993                2.0082              0.2008
2020_Townsend_5079-hepta_1502                     -41.9930                4.4788              0.4479
2020_Townsend_5080-hepta_1503                     -41.9910                3.2403              0.3240
2020_Townsend_5081-hepta_1504                     -38.6037                6.5907              0.6591
2020_Townsend_5082-hepta_1505                     -16.9351                1.8996              0.1900
2020_Townsend_5084-hepta_1507                     -28.8560                2.6678              0.2668
2020_Townsend_5085-hepta_1508                     -25.2600                5.6637              0.5664
2020_Townsend_5086-hepta_1509                     -25.9658                2.3460              0.2346
2020_Townsend_5087-hepta_1510                     -31.2659                3.9791              0.3979
2020_Townsend_5088-hepta_1511                     -30.2282                3.1194              0.3119
2020_Townsend_5089-hepta_1512                     -28.9242                3.2330              0.3233
2020_Townsend_5091-hepta_1514                     -40.8582                4.2179              0.4218
2020_Townsend_5092-hepta_1515                     -36.7026                4.9845              0.4984
2020_Townsend_5093-hepta_1516                     -27.8001                3.7091              0.3709
2020_Townsend_5094-hepta_1517                     -33.6891                3.1529              0.3153
2020_Townsend_5096-hepta_1519                     -28.4541                2.7344              0.2734
2020_Townsend_5098-hepta_1521                     -33.6644                3.8447              0.3845
2020_Townsend_5099-hepta_1522                     -17.4984                2.9442              0.2944
2020_Townsend_5100-hepta_1523                     -35.6582                5.1703              0.5170
2020_Townsend_5101-hepta_1524                     -30.8208                3.1215              0.3121
2020_Townsend_5104-hepta_1527                     -37.8299                4.6078              0.4608
2020_Townsend_5106-hepta_1529                     -23.4965                2.9208              0.2921
2020_Townsend_5107-hepta_1530                     -29.7997                3.3638              0.3364
2020_Townsend_5108-hepta_1531                     -38.3340                4.6243              0.4624
2020_Townsend_5109-hepta_1532                     -21.1237                3.6044              0.3604
2020_Townsend_5110-hepta_1533                     -36.0163                6.5679              0.6568
2020_Townsend_5111-hepta_1534                     -34.1315                5.2478              0.5248
2020_Townsend_5112-hepta_1535                     -35.9771                5.5774              0.5577
2020_Townsend_5113-hepta_1536                     -28.1621                4.9248              0.4925
2020_Townsend_5114-hepta_1537                     -36.9503                3.5052              0.3505
2020_Townsend_5115-hepta_1538                     -23.3517                2.2383              0.2238
2020_Townsend_5116-hepta_1539                     -30.7156                2.8081              0.2808
2020_Townsend_5118-hepta_1541                     -28.3220                3.6498              0.3650
2020_Townsend_5119-hepta_1542                     -27.7405                5.0515              0.5051
2020_Townsend_5122-hepta_1545                     -19.5821                2.0944              0.2094
2020_Townsend_5123-hepta_1546                     -29.7474                6.8787              0.6879
2020_Townsend_5124-hepta_1547                     -25.2402                2.7640              0.2764
2020_Townsend_5126-hepta_1549                     -31.5386                3.7882              0.3788
2020_Townsend_5127-hepta_1550                     -20.6485                5.2587              0.5259
2020_Townsend_5128-hepta_1551                     -25.5196                2.8625              0.2863
2020_Townsend_5129-hepta_1552                     -32.8375                6.8280              0.6828
2020_Townsend_5130-hepta_1553                     -36.8049                3.0584              0.3058
2020_Townsend_5131-hepta_1554                     -20.6260                2.2991              0.2299
2020_Townsend_5132-hepta_1555                     -29.1993                3.2944              0.3294
2020_Townsend_5133-hepta_1556                     -28.9330                5.5258              0.5526
2020_Townsend_5134-hepta_1557                     -38.7467                4.5523              0.4552
2020_Townsend_5135-hepta_1558                     -39.6040                4.1406              0.4141
2020_Townsend_5136-hepta_1559                     -37.3756                6.6730              0.6673
2020_Townsend_5137-hepta_1560                     -24.5921                3.8712              0.3871
2020_Townsend_5139-hepta_1562                     -44.0590                4.1191              0.4119
2020_Townsend_5140-hepta_1563                     -35.4178                3.3731              0.3373
2020_Townsend_5142-hepta_1565                     -28.8705                3.3040              0.3304
2020_Townsend_5144-hepta_1567                     -17.4754                3.4729              0.3473
2020_Townsend_5145-hepta_1568                     -34.5858                2.1901              0.2190
2020_Townsend_5146-hepta_1569                     -38.2875                4.7330              0.4733
2020_Townsend_5147-hepta_1570                     -22.9877                1.2828              0.1283
2020_Townsend_5149-hepta_1572                     -37.8490                5.9842              0.5984
2020_Townsend_5151-hepta_1574                     -29.7549                3.6381              0.3638
2020_Townsend_5152-hepta_1575                     -26.9434                3.9656              0.3966
2020_Townsend_5153-hepta_1576                     -22.7070                2.8586              0.2859
2020_Townsend_5155-hepta_1578                     -26.7025                2.8727              0.2873
2020_Townsend_5156-hepta_1579                     -21.9264                3.3989              0.3399
2020_Townsend_5158-hepta_1581                     -23.1906                2.8614              0.2861
2020_Townsend_5161-hepta_1584                     -23.1705                3.0548              0.3055
2020_Townsend_5162-hepta_1585                     -37.3725                3.6890              0.3689
2020_Townsend_5163-hepta_1586                     -48.2935                4.2207              0.4221
2020_Townsend_5166-hepta_1589                     -22.7877                1.8556              0.1856
2020_Townsend_5168-hepta_1591                     -34.8497                2.3788              0.2379
2020_Townsend_5169-hepta_1592                     -20.3948                2.2982              0.2298
2020_Townsend_5170-hepta_1593                     -45.4615                7.9929              0.7993
2020_Townsend_5171-hepta_1594                     -37.6055                4.2066              0.4207
2020_Townsend_5172-hepta_1595                     -25.4225                3.8522              0.3852
2020_Townsend_5174-hepta_1597                     -33.4180                3.5556              0.3556
2020_Townsend_5175-hepta_1598                     -41.0236                3.0891              0.3089
2020_Townsend_5176-hepta_1599                     -23.1707                2.6943              0.2694
2020_Townsend_5177-hepta_1600                     -29.2286                2.8216              0.2822
2020_Townsend_5178-hepta_1601                     -25.0645                2.2407              0.2241
2020_Townsend_5179-hepta_1602                     -29.6714                2.6245              0.2625
2020_Townsend_5180-hepta_1603                     -27.6837                3.5415              0.3541
2020_Townsend_5181-hepta_1604                     -33.7934                3.3358              0.3336
2020_Townsend_5183-hepta_1606                     -31.2807                1.9690              0.1969
2020_Townsend_5184-hepta_1607                     -38.2339                5.2600              0.5260
2020_Townsend_5185-hepta_1608                     -40.3600                3.7599              0.3760
2020_Townsend_5186-hepta_1609                     -32.0621                3.0588              0.3059
2020_Townsend_5187-hepta_1610                     -30.1543                6.1159              0.6116
2020_Townsend_5188-hepta_1611                     -42.0837                5.2944              0.5294
2020_Townsend_5189-hepta_1612                     -22.5739                2.9263              0.2926
2020_Townsend_5191-hepta_1614                     -30.4126                3.4376              0.3438
2020_Townsend_5192-hepta_1615                     -26.2452                2.2852              0.2285
2020_Townsend_5193-hepta_1616                     -28.0245                3.2101              0.3210
2020_Townsend_5194-hepta_1617                     -23.8669                2.0240              0.2024
2020_Townsend_5195-hepta_1618                     -41.4457                3.1389              0.3139
2020_Townsend_5196-hepta_1619                     -17.2537                1.4967              0.1497
2020_Townsend_5197-hepta_1620                     -24.6658                2.6537              0.2654
2020_Townsend_5198-hepta_1621                     -39.3123                6.3982              0.6398
2020_Townsend_5200-hepta_1623                     -33.6360                4.3776              0.4378
2020_Townsend_5201-hepta_1624                     -34.0622                2.3608              0.2361
2020_Townsend_5203-hepta_1626                     -20.4384                2.4745              0.2475
2020_Townsend_5204-hepta_1627                     -34.1622                2.7281              0.2728
2020_Townsend_5205-hepta_1628                     -22.2602                2.7639              0.2764
2020_Townsend_5206-hepta_1629                     -36.1858                2.9294              0.2929
2020_Townsend_5207-hepta_1630                     -27.6670                6.1833              0.6183
2020_Townsend_5208-hepta_1631                     -42.2833                3.3447              0.3345
2020_Townsend_5209-hepta_1632                     -17.5783                2.5986              0.2599
2020_Townsend_5210-hepta_1633                     -21.5839                3.4392              0.3439
2020_Townsend_5211-hepta_1634                     -25.1429                3.5264              0.3526
2020_Townsend_5212-hepta_1635                     -28.2120                3.4809              0.3481
2020_Townsend_5213-hepta_1636                     -44.6454                2.7055              0.2706
2020_Townsend_5214-hepta_1637                     -42.6778                5.6473              0.5647
2020_Townsend_5215-hepta_1638                     -27.5259                2.3728              0.2373
2020_Townsend_5216-hepta_1639                     -43.3578                3.1605              0.3161
2020_Townsend_5217-hepta_1640                     -29.1597                4.2096              0.4210
2020_Townsend_5218-hepta_1641                     -36.1039                3.1626              0.3163
2020_Townsend_5219-hepta_1642                     -28.6662                6.0036              0.6004
2020_Townsend_5220-hepta_1643                     -28.2264                5.1872              0.5187
2020_Townsend_5221-hepta_1644                     -41.0197                4.4367              0.4437
2020_Townsend_5222-hepta_1645                     -24.0491                2.0073              0.2007
2020_Townsend_5223-hepta_1646                     -25.0373                2.5896              0.2590
2020_Townsend_5224-hepta_1647                     -30.0221                2.6883              0.2688
2020_Townsend_5225-hepta_1648                     -31.0780                2.5724              0.2572
2020_Townsend_5226-hepta_1649                     -32.7848                3.1824              0.3182
2020_Townsend_5227-hepta_1650                     -31.3169                1.9459              0.1946
2020_Townsend_5228-hepta_1651                     -34.9278                3.0084              0.3008
2020_Townsend_5229-hepta_1652                     -31.3150                2.9396              0.2940
2020_Townsend_5230-hepta_1653                     -36.0359                4.3656              0.4366
2020_Townsend_5231-hepta_1654                     -39.7699                3.5206              0.3521
2020_Townsend_5232-hepta_1655                     -41.3094                8.9259              0.8926
2020_Townsend_5233-hepta_1656                     -29.6559                3.3723              0.3372
2020_Townsend_5234-hepta_1657                     -36.2153                5.6645              0.5664
2020_Townsend_5235-hepta_1658                     -26.2294                5.4529              0.5453
2020_Townsend_5236-hepta_1659                     -35.5941                2.8827              0.2883
2020_Townsend_5237-hepta_1660                     -30.3367                2.6070              0.2607
2020_Townsend_5238-hepta_1661                     -29.8299                2.4349              0.2435
2020_Townsend_5239-hepta_1662                     -31.7020                7.6766              0.7677
2020_Townsend_5240-hepta_1663                     -29.4069                3.4685              0.3468
2020_Townsend_5241-hepta_1664                     -25.3304                1.7204              0.1720
2020_Townsend_5242-hepta_1665                     -23.2503                2.6741              0.2674
2020_Townsend_5243-hepta_1666                     -25.9330                1.9051              0.1905
2020_Townsend_5244-hepta_1667                     -45.4084                4.6853              0.4685
2020_Townsend_5245-hepta_1668                     -28.3640                4.7164              0.4716
2020_Townsend_5246-hepta_1669                     -38.5021                3.1696              0.3170
2020_Townsend_5247-hepta_1670                     -41.0583                3.4385              0.3439
2020_Townsend_5248-hepta_1671                     -32.0289                2.7356              0.2736
2020_Townsend_5249-hepta_1672                     -30.3658                3.8700              0.3870
2020_Townsend_5250-hepta_1673                     -33.4347                2.2023              0.2202
2020_Townsend_5251-hepta_1674                     -26.6536                3.3382              0.3338
2020_Townsend_5252-hepta_1675                     -39.4776                5.1755              0.5176
2020_Townsend_5253-hepta_1676                     -41.1141                2.9957              0.2996
2020_Townsend_5254-hepta_1677                     -26.2314                4.1711              0.4171
2020_Townsend_5255-hepta_1678                     -39.9882                3.1338              0.3134
2020_Townsend_5256-hepta_1679                     -35.9907                2.5523              0.2552
2020_Townsend_5257-hepta_1680                     -34.4172                4.2154              0.4215
2020_Townsend_5258-hepta_1681                     -35.6567                2.7104              0.2710
2020_Townsend_5259-hepta_1682                     -31.7334                1.7023              0.1702
2020_Townsend_5260-hepta_1683                     -23.8748                3.2301              0.3230
2020_Townsend_5261-hepta_1684                     -23.9970                4.2547              0.4255
2020_Townsend_5262-hepta_1685                     -24.9217                1.7933              0.1793
2020_Townsend_5263-hepta_1686                     -41.0555                6.0607              0.6061
2020_Townsend_5264-hepta_1687                     -33.9994                3.6669              0.3667
2020_Townsend_5265-hepta_1688                     -23.7982                2.4533              0.2453
2020_Townsend_5266-hepta_1689                     -20.9442                2.3825              0.2382
2020_Townsend_5267-hepta_1690                     -28.7581                2.6624              0.2662
2020_Townsend_5268-hepta_1691                     -38.1085                2.5024              0.2502
2020_Townsend_5269-hepta_1692                     -28.6378                8.1676              0.8168
2020_Townsend_5270-hepta_1693                     -30.1597                3.4908              0.3491
2020_Townsend_5271-hepta_1694                     -40.5423                3.0721              0.3072
2020_Townsend_5272-hepta_1695                     -19.7471                2.8629              0.2863
2020_Townsend_5273-hepta_1696                     -33.6430                2.2239              0.2224
2020_Townsend_5274-hepta_1697                     -31.3312                5.2464              0.5246
2020_Townsend_5275-hepta_1698                     -17.1986                2.6907              0.2691
2020_Townsend_5276-hepta_1699                     -33.3066                6.9090              0.6909
2020_Townsend_5277-hepta_1700                     -32.3423                5.3050              0.5305
2020_Townsend_5278-hepta_1701                     -36.0128                2.4730              0.2473
2020_Townsend_5279-hepta_1702                     -29.7126                2.5694              0.2569
2020_Townsend_5280-hepta_1703                     -34.2323                3.4711              0.3471
2020_Townsend_5281-hepta_1704                     -19.3587                1.7921              0.1792
2020_Townsend_5282-hepta_1705                     -31.1175                2.5719              0.2572
2020_Townsend_5283-hepta_1706                     -30.7365                3.4849              0.3485
2020_Townsend_5284-hepta_1707                     -26.0150                2.4924              0.2492
2020_Townsend_5285-hepta_1708                     -22.4211                1.3584              0.1358
2020_Townsend_5286-hepta_1709                     -30.7203                6.3711              0.6371
2020_Townsend_5287-hepta_1710                     -22.3015                3.4930              0.3493
2020_Townsend_5288-hepta_1711                     -19.0092                1.7433              0.1743
2020_Townsend_5289-hepta_1712                     -31.2354                2.6311              0.2631
2020_Townsend_5290-hepta_1713                     -29.0680                3.6648              0.3665
2020_Townsend_5291-hepta_1714                     -36.3780                3.7793              0.3779
2020_Townsend_5292-hepta_1715                     -27.1296                3.4242              0.3424
2020_Townsend_5293-hepta_1716                     -31.7098                5.3415              0.5341
2020_Townsend_5294-hepta_1717                     -29.0722                6.5536              0.6554
2020_Townsend_5295-hepta_1718                     -24.0801                2.9055              0.2905
2020_Townsend_5296-hepta_1719                     -40.9033                3.5837              0.3584
2020_Townsend_5297-hepta_1720                     -30.5436                3.6176              0.3618
2020_Townsend_5298-hepta_1721                     -44.7663                2.7375              0.2738
2020_Townsend_5299-hepta_1722                     -30.1565                6.7404              0.6740
2020_Townsend_5300-hepta_1723                     -33.1241                4.8608              0.4861
2020_Townsend_5301-hepta_1724                     -43.8290                4.4023              0.4402
2020_Townsend_5302-hepta_1725                     -38.6170                5.2789              0.5279
2020_Townsend_5303-hepta_1726                     -30.0784                2.1936              0.2194
2020_Townsend_5304-hepta_1727                     -50.0384                3.1066              0.3107
2020_Townsend_5305-hepta_1728                     -15.7400                2.4440              0.2444
2020_Townsend_5306-hepta_1729                     -20.7498                3.2243              0.3224
2020_Townsend_5307-hepta_1730                     -29.3880                2.9075              0.2908
2020_Townsend_5308-hepta_1731                     -24.4168                2.0814              0.2081
2020_Townsend_5309-hepta_1732                     -27.8901                3.1391              0.3139
2020_Townsend_5310-hepta_1733                     -40.8052                3.6968              0.3697
2020_Townsend_5311-hepta_1734                     -21.4394                2.3923              0.2392
2020_Townsend_5312-hepta_1735                     -39.2197                5.3526              0.5353
2020_Townsend_5313-hepta_1736                     -29.4768                2.3454              0.2345
2020_Townsend_5314-hepta_1737                     -25.4499                1.7287              0.1729
2020_Townsend_5315-hepta_1738                     -27.8102                6.3067              0.6307
2020_Townsend_5316-hepta_1739                     -31.3185                4.8396              0.4840
2020_Townsend_5317-hepta_1740                     -32.8951                3.7908              0.3791
2020_Townsend_5318-hepta_1741                     -44.8271                3.8060              0.3806
2020_Townsend_5319-hepta_1742                     -30.7725                3.8083              0.3808
2020_Townsend_5320-hepta_1743                     -38.8188                4.2522              0.4252
2020_Townsend_5321-hepta_1744                     -32.0721                4.0802              0.4080
2020_Townsend_5322-hepta_1745                     -28.4971                3.3460              0.3346
2020_Townsend_5323-hepta_1746                     -40.0482                4.9953              0.4995
2020_Townsend_5324-hepta_1747                     -28.8239                2.1461              0.2146
2020_Townsend_5325-hepta_1748                     -35.0648                3.2625              0.3262
2020_Townsend_5326-hepta_1749                     -34.7893                4.4849              0.4485
2020_Townsend_5327-hepta_1750                     -25.3282                2.2702              0.2270
2020_Townsend_5328-hepta_1751                     -25.3331                2.3189              0.2319
2020_Townsend_5329-hepta_1752                     -29.3684                3.1397              0.3140
2020_Townsend_5330-hepta_1753                     -33.5230                2.5417              0.2542
2020_Townsend_5331-hepta_1754                     -43.2491                2.6398              0.2640
2020_Townsend_5332-hepta_1755                     -32.5261                3.6445              0.3644
2020_Townsend_5333-hepta_1756                     -39.9794                4.4018              0.4402
2020_Townsend_5334-hepta_1757                     -35.4956                2.9975              0.2998
2020_Townsend_5335-hepta_1758                     -40.1023                2.5487              0.2549
2020_Townsend_5336-hepta_1759                     -24.9217                1.7703              0.1770
2020_Townsend_5337-hepta_1760                     -41.4202                2.3768              0.2377
2020_Townsend_5338-hepta_1761                     -22.9760                2.2444              0.2244
2020_Townsend_5339-hepta_1762                     -27.0970                5.5683              0.5568
2020_Townsend_5340-hepta_1763                     -22.3210                2.1392              0.2139
2020_Townsend_5341-hepta_1764                     -30.4465                4.8534              0.4853
2020_Townsend_5342-hepta_1765                     -41.2187                7.1096              0.7110
2020_Townsend_5343-hepta_1766                     -24.8503                1.7709              0.1771
2020_Townsend_5344-hepta_1767                     -49.8002                2.4812              0.2481
2020_Townsend_5345-hepta_1768                     -26.7566                1.9906              0.1991
2020_Townsend_5346-hepta_1769                     -43.1949                5.4479              0.5448
2020_Townsend_5347-hepta_1770                     -23.7202                2.3135              0.2314
2020_Townsend_5348-hepta_1771                     -38.5555                1.7237              0.1724
2020_Townsend_5349-hepta_1772                     -28.1037                3.2107              0.3211
2020_Townsend_5350-hepta_1773                     -41.8836                9.3799              0.9380
2020_Townsend_5351-hepta_1774                     -43.1668                3.3048              0.3305
2020_Townsend_5352-hepta_1775                     -33.4353                2.4960              0.2496
2020_Townsend_5353-hepta_1776                     -27.6082                2.8361              0.2836
2020_Townsend_5354-hepta_1777                     -37.9624                3.7805              0.3780
2020_Townsend_5355-hepta_1778                     -32.6772                3.8304              0.3830
2020_Townsend_5357-hepta_1780                     -17.6972                2.1005              0.2101
2020_Townsend_5358-hepta_1781                     -30.8683                3.8070              0.3807
2020_Townsend_5359-hepta_1782                     -31.5726                5.4688              0.5469
2020_Townsend_5360-hepta_1783                     -36.7973                4.8394              0.4839
2020_Townsend_5361-hepta_1784                     -30.0290                2.8475              0.2848
2020_Townsend_5362-hepta_1785                     -33.7617                4.8062              0.4806
2020_Townsend_5363-hepta_1786                     -19.7909                2.1520              0.2152
2020_Townsend_5364-hepta_1787                     -36.2526                3.9756              0.3976
2020_Townsend_5365-hepta_1788                     -33.1849                4.5249              0.4525
2020_Townsend_5366-hepta_1789                     -32.5320                2.9949              0.2995
2020_Townsend_5367-hepta_1790                     -30.7066                2.6787              0.2679
2020_Townsend_5369-hepta_1792                     -24.1085                3.4359              0.3436
2020_Townsend_5370-hepta_1793                     -26.8779                3.1819              0.3182
2020_Townsend_5372-hepta_1795                     -27.9104                2.6778              0.2678
2020_Townsend_5373-hepta_1796                     -24.6385                2.9846              0.2985
2020_Townsend_5374-hepta_1797                     -31.0747                3.1005              0.3101
2020_Townsend_5375-hepta_1798                     -24.6059                3.1049              0.3105
2020_Townsend_5376-hepta_1799                     -40.3787                5.3042              0.5304
2020_Townsend_5377-hepta_1800                     -20.7636                2.4803              0.2480
2020_Townsend_5378-hepta_1801                     -30.7893                4.6611              0.4661
2020_Townsend_5379-hepta_1802                     -23.8013                2.1610              0.2161
2020_Townsend_5380-hepta_1803                     -29.1908                3.8957              0.3896
2020_Townsend_5381-hepta_1804                     -29.6051                2.2779              0.2278
2020_Townsend_5382-hepta_1805                     -32.8478                2.1225              0.2122
2020_Townsend_5383-hepta_1806                     -40.1113                3.5015              0.3501
2020_Townsend_5384-hepta_1807                     -33.6155                3.3639              0.3364
2020_Townsend_5385-hepta_1808                     -27.6312                2.7522              0.2752
2020_Townsend_5386-hepta_1809                     -29.9625                2.2932              0.2293
2020_Townsend_5387-hepta_1810                     -23.4467                1.8759              0.1876
2020_Townsend_5388-hepta_1811                     -17.5576                2.0984              0.2098
2020_Townsend_5389-hepta_1812                     -23.1693                2.0458              0.2046
2020_Townsend_5390-hepta_1813                     -30.8200                2.8217              0.2822
2020_Townsend_5391-hepta_1814                     -30.0265                4.6842              0.4684
2020_Townsend_5392-hepta_1815                     -42.2147                4.2455              0.4246
2020_Townsend_5393-hepta_1816                     -38.5527                4.7743              0.4774
2020_Townsend_5395-hepta_1818                     -20.6862                2.5568              0.2557
2020_Townsend_5396-hepta_1819                     -43.9092                7.1544              0.7154
2020_Townsend_5397-hepta_1820                     -44.3862                3.2241              0.3224
2020_Townsend_5398-hepta_1821                     -35.0160                3.6021              0.3602
2020_Townsend_5399-hepta_1822                     -23.3787                3.4517              0.3452
2020_Townsend_5400-hepta_1823                     -31.5983                2.8440              0.2844
2020_Townsend_5401-hepta_1824                     -25.6554                3.7681              0.3768
2020_Townsend_5402-hepta_1825                     -53.2057                4.2054              0.4205
2020_Townsend_5403-hepta_1826                     -27.0679                2.2266              0.2227
2020_Townsend_5404-hepta_1827                     -27.5478                2.9116              0.2912
2020_Townsend_5405-hepta_1828                     -26.6398                2.9665              0.2966
2020_Townsend_5406-hepta_1829                     -32.3598                2.6023              0.2602
2020_Townsend_5407-hepta_1830                     -38.7592                2.9096              0.2910
2020_Townsend_5408-hepta_1831                     -34.4471                2.7622              0.2762
2020_Townsend_5409-hepta_1832                     -20.5684                1.7184              0.1718
2020_Townsend_5410-hepta_1833                     -25.2233                3.3340              0.3334
2020_Townsend_5411-hepta_1834                     -28.2534                1.8006              0.1801
2020_Townsend_5412-hepta_1835                     -30.7443                2.1788              0.2179
2020_Townsend_5413-hepta_1836                     -37.3010                2.4909              0.2491
2020_Townsend_5414-hepta_1837                     -42.0013                3.6663              0.3666
2020_Townsend_5415-hepta_1838                     -36.8680                2.4803              0.2480
2020_Townsend_5416-hepta_1839                     -24.2560                2.8433              0.2843
2020_Townsend_5417-hepta_1840                     -33.6200                3.1926              0.3193
2020_Townsend_5418-hepta_1841                     -39.6376                3.6248              0.3625
2020_Townsend_5419-hepta_1842                     -27.2737                2.5850              0.2585
2020_Townsend_5420-hepta_1843                     -24.6032                2.2891              0.2289
2020_Townsend_5421-hepta_1844                     -26.9474                3.4955              0.3495
2020_Townsend_5422-hepta_1845                     -23.6864                3.6177              0.3618
2020_Townsend_5423-hepta_1846                     -30.5679                3.1582              0.3158
2020_Townsend_5424-hepta_1847                     -34.0784                1.9686              0.1969
2020_Townsend_5425-hepta_1848                     -29.3737                2.9056              0.2906
2020_Townsend_5426-hepta_1849                     -43.4107                3.3525              0.3352
2020_Townsend_5427-hepta_1850                     -34.2318                2.8129              0.2813
2020_Townsend_5428-hepta_1851                     -33.7032                3.8539              0.3854
2020_Townsend_5429-hepta_1852                     -24.6028                2.7419              0.2742
2020_Townsend_5430-hepta_1853                     -26.9255                2.8092              0.2809
2020_Townsend_5431-hepta_1854                     -25.0766                2.6431              0.2643
2020_Townsend_5432-hepta_1855                     -34.2451                3.1880              0.3188
2020_Townsend_5433-hepta_1856                     -28.2365                2.4217              0.2422
2020_Townsend_5434-hepta_1857                     -30.2619                5.8362              0.5836
2020_Townsend_5435-hepta_1858                     -31.9671                3.3454              0.3345
2020_Townsend_5436-hepta_1859                     -41.6037                2.3221              0.2322
2020_Townsend_5437-hepta_1860                     -32.0962                3.5979              0.3598
2020_Townsend_5438-hepta_1861                     -33.8842                3.3912              0.3391
2020_Townsend_5439-hepta_1862                     -27.6833                3.0536              0.3054
2020_Townsend_5440-hepta_1863                     -40.8186                4.8904              0.4890
2020_Townsend_5441-hepta_1864                     -27.5327                2.1177              0.2118
2020_Townsend_5442-hepta_1865                     -28.6778                2.0220              0.2022
2020_Townsend_5443-hepta_1866                     -23.0811                3.2442              0.3244
2020_Townsend_5444-hepta_1867                     -38.0568                7.9146              0.7915
2020_Townsend_5445-hepta_1868                     -37.4263                4.1805              0.4181
2020_Townsend_5446-hepta_1869                     -29.7619                2.2759              0.2276
2020_Townsend_5447-hepta_1870                     -33.8960                1.9926              0.1993
2020_Townsend_5448-hepta_1871                     -30.4627                2.6869              0.2687
2020_Townsend_5449-hepta_1872                     -33.4573                4.0884              0.4088
2020_Townsend_5450-hepta_1873                     -34.3094                3.0825              0.3082
2020_Townsend_5451-hepta_1874                     -30.9391                2.5415              0.2542
2020_Townsend_5452-hepta_1875                     -21.5336                2.0510              0.2051
2020_Townsend_5453-hepta_1876                     -30.3688                2.0623              0.2062
2020_Townsend_5454-hepta_1877                     -29.3241                1.8368              0.1837
2020_Townsend_5455-hepta_1878                     -32.2479                2.9490              0.2949
2020_Townsend_5456-hepta_1879                     -35.5560                3.0477              0.3048
2020_Townsend_5457-hepta_1880                     -34.7962                3.3422              0.3342
2020_Townsend_5458-hepta_1881                     -23.6394                3.6211              0.3621
2020_Townsend_5459-hepta_1882                     -43.2203                8.6142              0.8614
2020_Townsend_5460-hepta_1883                     -35.2123                6.1241              0.6124
2020_Townsend_5461-hepta_1884                     -33.6093                4.3645              0.4365
2020_Townsend_5462-hepta_1885                     -32.6507                5.4844              0.5484
2020_Townsend_5463-hepta_1886                     -29.7118                2.5561              0.2556
2020_Townsend_5464-hepta_1887                     -35.0866                5.2883              0.5288
2020_Townsend_5465-hepta_1888                     -32.5403                3.7900              0.3790
2020_Townsend_5466-hepta_1889                     -31.5061                5.5446              0.5545
2020_Townsend_5467-hepta_1890                     -46.4809                4.3561              0.4356
2020_Townsend_5468-hepta_1891                     -24.9283                2.2481              0.2248
2020_Townsend_5469-hepta_1892                     -30.6600                2.4574              0.2457
2020_Townsend_5470-hepta_1893                     -34.3433                2.3228              0.2323
2020_Townsend_5471-hepta_1894                     -30.5142                2.2717              0.2272
2020_Townsend_5472-hepta_1895                     -37.5882                2.4809              0.2481
2020_Townsend_5473-hepta_1896                     -39.8925                3.0052              0.3005
2020_Townsend_5474-hepta_1897                     -28.3225                2.2193              0.2219
2020_Townsend_5475-hepta_1898                     -35.2755                3.3658              0.3366
2020_Townsend_5476-hepta_1899                     -31.9097                2.2397              0.2240
2020_Townsend_5477-hepta_1900                     -32.2794                3.2805              0.3281
2020_Townsend_5478-hepta_1901                     -33.5832                3.4405              0.3440
2020_Townsend_5479-hepta_1902                     -32.8264                3.5879              0.3588
2020_Townsend_5480-hepta_1903                     -33.2976                2.9108              0.2911
2020_Townsend_5481-hepta_1904                     -24.6796                2.0534              0.2053
2020_Townsend_5482-hepta_1905                     -35.3528                4.4081              0.4408
2020_Townsend_5483-hepta_1906                     -43.9958                4.0402              0.4040
2020_Townsend_5484-hepta_1907                     -34.7163                2.4447              0.2445
2020_Townsend_5485-hepta_1908                     -31.6967                3.8217              0.3822
2020_Townsend_5486-hepta_1909                     -27.7976                3.0708              0.3071
2020_Townsend_5487-hepta_1910                     -34.6727                2.3191              0.2319
2020_Townsend_5488-hepta_1911                     -31.9101                2.3735              0.2373
2020_Townsend_5489-hepta_1912                     -34.3308                3.9522              0.3952
2020_Townsend_5490-hepta_1913                     -44.3135                4.2694              0.4269
2020_Townsend_5491-hepta_1914                     -51.0098                2.8485              0.2849
2020_Townsend_5492-hepta_1915                     -29.7488                4.1663              0.4166
2020_Townsend_5493-hepta_1916                     -30.4451                2.6644              0.2664
2020_Townsend_5494-hepta_1917                     -46.7393                3.4666              0.3467
2020_Townsend_5495-hepta_1918                     -27.9686                3.4150              0.3415
2020_Townsend_5496-hepta_1919                     -29.3922                3.2813              0.3281
2020_Townsend_5497-hepta_1920                     -26.2343                1.8960              0.1896
2020_Townsend_5498-hepta_1921                     -31.2669                2.1893              0.2189
2020_Townsend_5499-hepta_1922                     -31.7163                4.4572              0.4457
2020_Townsend_5500-hepta_1923                     -33.6254                3.4266              0.3427
2020_Townsend_5501-hepta_1924                     -41.6839                4.5042              0.4504
2020_Townsend_5502-hepta_1925                     -33.9212                3.3104              0.3310
2020_Townsend_5503-hepta_1926                     -35.9883                5.8729              0.5873
2020_Townsend_5504-hepta_1927                     -31.9099                2.6877              0.2688
2020_Townsend_5505-hepta_1928                     -32.5328                4.1176              0.4118
2020_Townsend_5506-hepta_1929                     -32.8628                3.2108              0.3211
2020_Townsend_5507-hepta_1930                     -44.9280                4.7555              0.4756
2020_Townsend_5508-hepta_1931                     -34.6625                3.4236              0.3424
2020_Townsend_5509-hepta_1932                     -22.4385                5.4468              0.5447
2020_Townsend_5510-hepta_1933                     -37.3559                5.7294              0.5729
2020_Townsend_5511-hepta_1934                     -32.7773                3.0995              0.3099
2020_Townsend_5512-hepta_1935                     -27.5748                1.7954              0.1795
2020_Townsend_5513-hepta_1936                     -31.1892                3.1919              0.3192
2020_Townsend_5514-hepta_1937                     -37.3745                2.8762              0.2876
2020_Townsend_5515-hepta_1938                     -30.8801                3.3804              0.3380
2020_Townsend_5516-hepta_1939                     -32.3530                2.6303              0.2630
2020_Townsend_5517-hepta_1940                     -35.0385                3.1645              0.3164
2020_Townsend_5518-hepta_1941                     -25.6202                2.7452              0.2745
2020_Townsend_5519-hepta_1942                     -39.1864                2.4122              0.2412
2020_Townsend_5520-hepta_1943                     -23.5056                3.3649              0.3365
2020_Townsend_5521-hepta_1944                     -27.8626                1.6385              0.1638
2020_Townsend_5522-hepta_1945                     -27.9142                6.8020              0.6802
2020_Townsend_5523-hepta_1946                     -22.1387                2.4220              0.2422
2020_Townsend_5524-hepta_1947                     -23.4258                3.9612              0.3961
2020_Townsend_5525-hepta_1948                     -27.2605                3.8204              0.3820
2020_Townsend_5526-hepta_1949                     -26.8014                3.1526              0.3153
2020_Townsend_5527-hepta_1950                     -29.0428                3.4594              0.3459
2020_Townsend_5528-hepta_1951                     -30.4862                3.8642              0.3864
2020_Townsend_5529-hepta_1952                     -22.2554                2.4259              0.2426
2020_Townsend_5530-hepta_1953                     -31.9791                2.5693              0.2569
2020_Townsend_5531-hepta_1954                     -43.3462                2.8846              0.2885
2020_Townsend_5532-hepta_1955                     -31.6599                2.6022              0.2602
2020_Townsend_5533-hepta_1956                     -45.8448                3.1103              0.3110
2020_Townsend_5534-hepta_1957                     -24.8548                2.6307              0.2631
2020_Townsend_5535-hepta_1958                     -31.1041                4.6418              0.4642
2020_Townsend_5536-hepta_1959                     -35.1817                2.9453              0.2945
2020_Townsend_5537-hepta_1960                     -24.7053                2.5028              0.2503
2020_Townsend_5538-hepta_1961                     -27.0573                2.6162              0.2616
2020_Townsend_5539-hepta_1962                     -31.3890                1.9593              0.1959
2020_Townsend_5540-hepta_1963                     -33.4742                2.9719              0.2972
2020_Townsend_5541-hepta_1964                     -31.6267                2.0147              0.2015
2020_Townsend_5542-hepta_1965                     -30.4106                3.0345              0.3034
2020_Townsend_5543-hepta_1966                     -27.7224                2.8163              0.2816
2020_Townsend_5544-hepta_1967                     -25.1409                1.9415              0.1942
2020_Townsend_5545-hepta_1968                     -28.2881                1.8139              0.1814
2020_Townsend_5546-hepta_1969                     -28.5066                2.1001              0.2100
2020_Townsend_5547-hepta_1970                     -26.1116                2.0519              0.2052
2020_Townsend_5548-hepta_1971                     -26.3640                1.8116              0.1812
2020_Townsend_5549-hepta_1972                     -28.9339                2.1511              0.2151
2020_Townsend_5550-hepta_1973                     -31.4718                3.8980              0.3898
2020_Townsend_5551-hepta_1974                     -23.7782                1.9660              0.1966
2020_Townsend_5552-hepta_1975                     -19.6170                2.2445              0.2245
2020_Townsend_5553-hepta_1976                     -23.9140                2.1401              0.2140
2020_Townsend_5554-hepta_1977                     -23.2237                1.7135              0.1714
2020_Townsend_5555-hepta_1978                     -26.1767                2.8129              0.2813
2020_Townsend_5556-hepta_1979                     -29.6576                4.8713              0.4871
2020_Townsend_5557-hepta_1980                     -29.3592                2.2003              0.2200
2020_Townsend_5558-hepta_1981                     -30.4494                2.7723              0.2772
2020_Townsend_5559-hepta_1982                     -21.9794                2.8667              0.2867
2020_Townsend_5560-hepta_1983                     -26.7409                2.0423              0.2042
2020_Townsend_5561-hepta_1984                     -28.6648                2.7199              0.2720
2020_Townsend_5562-hepta_1985                     -33.9599                2.6174              0.2617
2020_Townsend_5563-hepta_1986                     -29.6390                3.0134              0.3013
2020_Townsend_5564-hepta_1987                     -35.5978                3.3674              0.3367
2020_Townsend_5565-hepta_1988                     -29.4727                6.7215              0.6721
2020_Townsend_5566-hepta_1989                     -38.7440                5.1482              0.5148
2020_Townsend_5567-hepta_1990                     -29.5856                2.6681              0.2668
2020_Townsend_5568-hepta_1991                     -34.5464                2.6124              0.2612
2020_Townsend_5569-hepta_1992                     -36.1116                3.4462              0.3446
2020_Townsend_5571-hepta_1994                     -32.4729                2.1855              0.2186
2020_Townsend_5572-hepta_1995                     -17.7224                1.5153              0.1515
2020_Townsend_5573-hepta_1996                     -34.8494                3.6922              0.3692
2020_Townsend_5574-hepta_1997                     -30.1189                2.4012              0.2401
2020_Townsend_5575-hepta_1998                     -32.9188                2.7460              0.2746
2020_Townsend_5576-hepta_1999                     -35.0756                2.3431              0.2343
2020_Townsend_5577-hepta_2000                     -23.7521                2.2672              0.2267
2020_Townsend_5578-hepta_2001                     -27.2022                2.6461              0.2646
2020_Townsend_5579-hepta_2002                     -27.6921                2.0454              0.2045
2020_Townsend_5580-hepta_2003                     -42.9233                3.4039              0.3404
2020_Townsend_5581-hepta_2004                     -39.5656                3.0111              0.3011
2020_Townsend_5582-hepta_2005                     -25.3458                2.3747              0.2375
2020_Townsend_5583-hepta_2006                     -37.7083                1.9194              0.1919
2020_Townsend_5584-hepta_2007                     -31.0784                2.2212              0.2221
2020_Townsend_5585-hepta_2008                     -28.3314                2.8472              0.2847
2020_Townsend_5586-hepta_2009                     -30.6300                1.7833              0.1783
2020_Townsend_5587-hepta_2010                     -31.7895                3.7766              0.3777
2020_Townsend_5588-hepta_2011                     -26.6471                2.6773              0.2677
2020_Townsend_5589-hepta_2012                     -24.7686                2.2391              0.2239
2020_Townsend_5590-hepta_2013                     -26.9324                2.4534              0.2453
2020_Townsend_5591-hepta_2014                     -33.6632                2.6332              0.2633
2020_Townsend_5592-hepta_2015                     -28.3474                2.4530              0.2453
2020_Townsend_5593-hepta_2016                     -27.7404                1.8902              0.1890
2020_Townsend_5594-hepta_2017                     -21.3852                2.3194              0.2319
2020_Townsend_5595-hepta_2018                     -24.5247                1.7712              0.1771
2020_Townsend_5596-hepta_2019                     -30.6072                2.2789              0.2279
2020_Townsend_5597-hepta_2020                     -29.3090                2.8641              0.2864
2020_Townsend_5598-hepta_2021                     -27.8537                1.8139              0.1814
2020_Townsend_5599-hepta_2022                     -34.0274                1.6219              0.1622
2020_Townsend_2515-hexa_1                     -34.6798                2.2371              0.2237
2020_Townsend_2516-hexa_2                     -21.8828                1.9484              0.1948
2020_Townsend_2517-hexa_3                     -27.3304                2.5040              0.2504
2020_Townsend_2518-hexa_4                     -21.5149                2.4673              0.2467
2020_Townsend_2519-hexa_5                     -32.5364                2.4122              0.2412
2020_Townsend_2520-hexa_6                     -23.3920                2.5136              0.2514
2020_Townsend_2521-hexa_7                     -22.9630                4.1349              0.4135
2020_Townsend_2522-hexa_8                     -28.2494                3.0333              0.3033
2020_Townsend_2523-hexa_9                     -29.6769                2.1817              0.2182
2020_Townsend_2525-hexa_11                     -27.2583                2.3038              0.2304
2020_Townsend_2528-hexa_14                     -20.6748                1.7807              0.1781
2020_Townsend_2529-hexa_15                     -19.3078                4.9136              0.4914
2020_Townsend_2530-hexa_16                     -26.4589                2.4353              0.2435
2020_Townsend_2531-hexa_17                     -21.3898                1.9860              0.1986
2020_Townsend_2532-hexa_18                     -30.6716                1.9690              0.1969
2020_Townsend_2533-hexa_19                     -30.3414                3.4613              0.3461
2020_Townsend_2534-hexa_20                     -26.7661                3.0603              0.3060
2020_Townsend_2535-hexa_21                     -20.9117                2.6143              0.2614
2020_Townsend_2536-hexa_22                     -25.2462                2.8993              0.2899
2020_Townsend_2537-hexa_23                     -30.8782                2.8078              0.2808
2020_Townsend_2538-hexa_24                     -18.0976                1.5524              0.1552
2020_Townsend_2541-hexa_27                     -20.2252                2.5904              0.2590
2020_Townsend_2542-hexa_28                     -21.3346                1.6566              0.1657
2020_Townsend_2543-hexa_29                     -31.9846                1.5430              0.1543
2020_Townsend_2544-hexa_30                     -21.6248                4.3483              0.4348
2020_Townsend_2545-hexa_31                     -24.3914                1.9089              0.1909
2020_Townsend_2546-hexa_32                     -22.6528                1.8372              0.1837
2020_Townsend_2547-hexa_33                     -26.0453                4.6406              0.4641
2020_Townsend_2548-hexa_34                     -24.1820                2.1238              0.2124
2020_Townsend_2549-hexa_35                     -19.3508                2.5816              0.2582
2020_Townsend_2550-hexa_36                     -23.3841                1.6872              0.1687
2020_Townsend_2551-hexa_37                     -17.5567                2.1367              0.2137
2020_Townsend_2552-hexa_38                     -31.1743                4.2632              0.4263
2020_Townsend_2553-hexa_39                     -26.9577                2.4510              0.2451
2020_Townsend_2554-hexa_40                     -25.3640                1.9590              0.1959
2020_Townsend_2555-hexa_41                     -22.9319                1.9163              0.1916
2020_Townsend_2556-hexa_42                     -19.3967                2.2613              0.2261
2020_Townsend_2557-hexa_43                     -32.4904                2.3873              0.2387
2020_Townsend_2558-hexa_44                     -24.7769                1.9795              0.1980
2020_Townsend_2559-hexa_45                     -26.8521                1.7699              0.1770
2020_Townsend_2560-hexa_46                     -20.6715                2.0765              0.2076
2020_Townsend_2561-hexa_47                     -22.6429                1.8102              0.1810
2020_Townsend_2562-hexa_48                     -33.3687                3.0908              0.3091
2020_Townsend_2563-hexa_49                     -28.7868                2.6091              0.2609
2020_Townsend_2564-hexa_50                     -21.2133                1.9328              0.1933
2020_Townsend_2565-hexa_51                     -18.5143                1.8863              0.1886
2020_Townsend_2566-hexa_52                     -24.5046                1.4524              0.1452
2020_Townsend_2567-hexa_53                     -25.1375                2.0008              0.2001
2020_Townsend_2568-hexa_54                     -27.0345                2.6380              0.2638
2020_Townsend_2569-hexa_55                     -26.0464                1.8946              0.1895
2020_Townsend_2570-hexa_56                     -24.8289                2.4700              0.2470
2020_Townsend_2571-hexa_57                     -29.7121                1.8852              0.1885
2020_Townsend_2572-hexa_58                     -22.6466                4.0936              0.4094
2020_Townsend_2573-hexa_59                     -34.3681                3.3646              0.3365
2020_Townsend_2574-hexa_60                     -30.7579                2.0515              0.2051
2020_Townsend_2575-hexa_61                     -26.7031                2.6931              0.2693
2020_Townsend_2576-hexa_62                     -26.1070                2.9870              0.2987
2020_Townsend_2577-hexa_63                     -29.3818                2.2186              0.2219
2020_Townsend_2578-hexa_64                     -35.1628                3.1937              0.3194
2020_Townsend_2579-hexa_65                     -34.0226                2.5216              0.2522
2020_Townsend_2580-hexa_66                     -27.5571                3.7807              0.3781
2020_Townsend_2581-hexa_67                     -25.3069                1.8471              0.1847
2020_Townsend_2582-hexa_68                     -31.8621                2.3090              0.2309
2020_Townsend_2583-hexa_69                     -31.0490                3.7395              0.3739
2020_Townsend_2584-hexa_70                     -22.2418                2.2024              0.2202
2020_Townsend_2585-hexa_71                     -25.7672                1.8196              0.1820
2020_Townsend_2586-hexa_72                     -20.4589                2.2044              0.2204
2020_Townsend_2587-hexa_73                     -40.2420                2.2430              0.2243
2020_Townsend_2588-hexa_74                     -37.3818                2.9144              0.2914
2020_Townsend_2589-hexa_75                     -28.4239                3.3516              0.3352
2020_Townsend_2590-hexa_76                     -32.7116                3.3261              0.3326
2020_Townsend_2591-hexa_77                     -33.8411                3.2919              0.3292
2020_Townsend_2592-hexa_78                     -38.7196                5.1484              0.5148
2020_Townsend_2593-hexa_79                     -25.6187                2.6152              0.2615
2020_Townsend_2594-hexa_80                     -20.6685                1.9644              0.1964
2020_Townsend_2595-hexa_81                     -28.5470                3.4201              0.3420
2020_Townsend_2596-hexa_82                     -27.1414                2.2249              0.2225
2020_Townsend_2597-hexa_83                     -25.8571                3.2811              0.3281
2020_Townsend_2598-hexa_84                     -29.2776                2.5747              0.2575
2020_Townsend_2599-hexa_85                     -19.9595                2.7760              0.2776
2020_Townsend_2600-hexa_86                     -23.8818                2.5785              0.2579
2020_Townsend_2601-hexa_87                     -23.2457                2.5192              0.2519
2020_Townsend_2602-hexa_88                     -25.4785                2.6019              0.2602
2020_Townsend_2603-hexa_89                     -30.5409                3.1879              0.3188
2020_Townsend_2604-hexa_90                     -24.4904                1.9769              0.1977
2020_Townsend_2605-hexa_91                     -13.8185                1.7096              0.1710
2020_Townsend_2606-hexa_92                     -22.0848                2.1260              0.2126
2020_Townsend_2607-hexa_93                     -25.0586                2.7740              0.2774
2020_Townsend_2608-hexa_94                     -16.9342                7.2928              0.7293
2020_Townsend_2609-hexa_95                     -25.2153                2.2592              0.2259
2020_Townsend_2610-hexa_96                     -25.8471                2.4297              0.2430
2020_Townsend_2611-hexa_97                     -21.2899                2.3117              0.2312
2020_Townsend_2612-hexa_98                     -18.6650                2.6079              0.2608
2020_Townsend_2613-hexa_99                     -21.1647                2.0200              0.2020
2020_Townsend_2624-hexa_110                     -31.4200                2.5537              0.2554
2020_Townsend_2626-hexa_112                     -19.8380                2.7001              0.2700
2020_Townsend_2627-hexa_113                     -18.7476                2.6943              0.2694
2020_Townsend_2628-hexa_114                     -20.0345                1.9765              0.1976
2020_Townsend_2629-hexa_115                     -27.6116                3.8999              0.3900
2020_Townsend_2630-hexa_116                     -30.4479                2.1210              0.2121
2020_Townsend_2631-hexa_117                     -29.4071                2.1157              0.2116
2020_Townsend_2632-hexa_118                     -18.6384                1.7229              0.1723
2020_Townsend_2633-hexa_119                     -16.2292                2.5555              0.2555
2020_Townsend_2634-hexa_120                     -18.0157                2.1500              0.2150
2020_Townsend_2635-hexa_121                     -18.6641                2.3960              0.2396
2020_Townsend_2636-hexa_122                     -34.0541                2.2096              0.2210
2020_Townsend_2637-hexa_123                     -24.4239                1.5860              0.1586
2020_Townsend_2638-hexa_124                     -18.9783                2.1572              0.2157
2020_Townsend_2640-hexa_126                     -14.9964                2.1125              0.2113
2020_Townsend_2641-hexa_127                     -26.6432                2.4175              0.2417
2020_Townsend_2642-hexa_128                     -29.2253                3.0318              0.3032
2020_Townsend_2643-hexa_129                     -31.7596                2.6385              0.2639
2020_Townsend_2644-hexa_130                     -16.5443                1.5012              0.1501
2020_Townsend_2646-hexa_132                     -19.0558                2.0506              0.2051
2020_Townsend_2647-hexa_133                     -24.4360                2.7874              0.2787
2020_Townsend_2648-hexa_134                     -27.6293                3.0993              0.3099
2020_Townsend_2649-hexa_135                     -23.9783                1.9835              0.1984
2020_Townsend_2650-hexa_136                     -23.1615                2.0482              0.2048
2020_Townsend_2651-hexa_137                     -26.5781                1.7601              0.1760
2020_Townsend_2652-hexa_138                     -38.4863                2.1545              0.2154
2020_Townsend_2653-hexa_139                     -30.9607                2.4815              0.2482
2020_Townsend_2654-hexa_140                     -24.1560                2.1665              0.2167
2020_Townsend_2656-hexa_142                     -32.1701                2.1992              0.2199
2020_Townsend_2657-hexa_143                     -22.8086                2.9125              0.2912
2020_Townsend_2658-hexa_144                     -25.1118                1.7731              0.1773
2020_Townsend_2659-hexa_145                     -22.1034                1.7833              0.1783
2020_Townsend_2661-hexa_147                     -32.6366                4.2199              0.4220
2020_Townsend_2662-hexa_148                     -26.7625                2.8725              0.2873
2020_Townsend_2663-hexa_149                     -21.9702                3.1296              0.3130
2020_Townsend_2664-hexa_150                     -23.5900                1.7090              0.1709
2020_Townsend_2665-hexa_151                     -18.8794                1.8629              0.1863
2020_Townsend_2666-hexa_152                     -25.2740                1.9130              0.1913
2020_Townsend_2667-hexa_153                     -19.5587                2.7886              0.2789
2020_Townsend_2668-hexa_154                     -24.5462                2.3425              0.2343
2020_Townsend_2669-hexa_155                     -20.5873                2.0143              0.2014
2020_Townsend_2670-hexa_156                     -38.6272                2.0760              0.2076
2020_Townsend_2671-hexa_157                     -20.9077                3.3142              0.3314
2020_Townsend_2672-hexa_158                     -22.2431                2.0253              0.2025
2020_Townsend_2673-hexa_159                     -27.9585                1.6902              0.1690
2020_Townsend_2674-hexa_160                     -27.3067                3.0964              0.3096
2020_Townsend_2675-hexa_161                     -25.9825                2.4667              0.2467
2020_Townsend_2676-hexa_162                     -19.7062                1.5328              0.1533
2020_Townsend_2677-hexa_163                     -19.7949                1.9943              0.1994
2020_Townsend_2678-hexa_164                     -29.0439                3.6462              0.3646
2020_Townsend_2679-hexa_165                     -23.9714                1.9733              0.1973
2020_Townsend_2680-hexa_166                     -31.5130                2.4486              0.2449
2020_Townsend_2681-hexa_167                     -27.7072                3.2603              0.3260
2020_Townsend_2682-hexa_168                     -36.1250                3.7500              0.3750
2020_Townsend_2683-hexa_169                     -25.6342                2.5762              0.2576
2020_Townsend_2684-hexa_170                     -37.7872                4.6236              0.4624
2020_Townsend_2685-hexa_171                     -23.5650                1.8407              0.1841
2020_Townsend_2686-hexa_172                     -23.0433                2.2477              0.2248
2020_Townsend_2687-hexa_173                     -24.9345                1.5985              0.1598
2020_Townsend_2688-hexa_174                     -25.7485                2.3959              0.2396
2020_Townsend_2689-hexa_175                     -32.4153                3.8661              0.3866
2020_Townsend_2690-hexa_176                     -26.3723                2.0151              0.2015
2020_Townsend_2691-hexa_177                     -29.4568                2.8991              0.2899
2020_Townsend_2692-hexa_178                     -26.2830                2.5251              0.2525
2020_Townsend_2693-hexa_179                     -31.2542                3.9374              0.3937
2020_Townsend_2694-hexa_180                     -26.2509                4.6532              0.4653
2020_Townsend_2695-hexa_181                     -23.7104                4.7494              0.4749
2020_Townsend_2696-hexa_182                     -27.0042                4.0807              0.4081
2020_Townsend_2697-hexa_183                     -33.8055                2.8206              0.2821
2020_Townsend_2698-hexa_184                     -27.7865                4.5655              0.4566
2020_Townsend_2699-hexa_185                     -20.7768                1.9186              0.1919
2020_Townsend_2700-hexa_186                     -18.3754                2.5666              0.2567
2020_Townsend_2701-hexa_187                     -15.4476                1.6223              0.1622
2020_Townsend_2702-hexa_188                     -22.8432                2.0969              0.2097
2020_Townsend_2703-hexa_189                     -21.9618                2.0241              0.2024
2020_Townsend_2704-hexa_190                     -24.6421                2.3501              0.2350
2020_Townsend_2705-hexa_191                     -22.1808                1.6488              0.1649
2020_Townsend_2706-hexa_192                     -29.2168                4.3683              0.4368
2020_Townsend_2707-hexa_193                     -25.2152                2.4297              0.2430
2020_Townsend_2708-hexa_194                     -26.2313                2.3487              0.2349
2020_Townsend_2709-hexa_195                     -26.7599                3.5299              0.3530
2020_Townsend_2710-hexa_196                     -21.4955                3.0598              0.3060
2020_Townsend_2711-hexa_197                     -21.7687                3.6688              0.3669
2020_Townsend_2712-hexa_198                     -34.1075                4.3470              0.4347
2020_Townsend_2713-hexa_199                     -22.7067                3.6346              0.3635
2020_Townsend_2714-hexa_200                     -25.2792                1.7904              0.1790
2020_Townsend_2715-hexa_201                     -17.0668                2.8157              0.2816
2020_Townsend_2716-hexa_202                     -27.1891                2.8908              0.2891
2020_Townsend_2717-hexa_203                     -22.0378                1.6278              0.1628
2020_Townsend_2718-hexa_204                     -18.3762                1.5078              0.1508
2020_Townsend_2719-hexa_205                     -26.5966                3.1956              0.3196
2020_Townsend_2720-hexa_206                     -35.2234                3.9601              0.3960
2020_Townsend_2721-hexa_207                     -35.1566                7.2601              0.7260
2020_Townsend_2722-hexa_208                     -25.8106                5.0614              0.5061
2020_Townsend_2723-hexa_209                     -31.7941                2.8848              0.2885
2020_Townsend_2724-hexa_210                     -22.5244                3.2749              0.3275
2020_Townsend_2725-hexa_211                     -24.7948                3.3488              0.3349
2020_Townsend_2726-hexa_212                     -21.5458                1.9095              0.1909
2020_Townsend_2727-hexa_213                     -31.5326                2.6663              0.2666
2020_Townsend_2728-hexa_214                     -17.9123                3.0183              0.3018
2020_Townsend_2729-hexa_215                     -38.3360                3.0270              0.3027
2020_Townsend_2730-hexa_216                     -34.6442                5.0211              0.5021
2020_Townsend_2731-hexa_217                     -27.4547                3.6778              0.3678
2020_Townsend_2732-hexa_218                     -21.6617                3.2890              0.3289
2020_Townsend_2733-hexa_219                     -27.7946                2.0893              0.2089
2020_Townsend_2734-hexa_220                     -30.0304                2.5142              0.2514
2020_Townsend_2735-hexa_221                     -28.4310                3.2876              0.3288
2020_Townsend_2736-hexa_222                     -29.1972                5.2179              0.5218
2020_Townsend_2737-hexa_223                     -24.8496                3.1457              0.3146
2020_Townsend_2738-hexa_224                     -20.0192                2.1980              0.2198
2020_Townsend_2739-hexa_225                     -18.4989                1.5532              0.1553
2020_Townsend_2740-hexa_226                     -33.1053                2.7938              0.2794
2020_Townsend_2741-hexa_227                     -25.4586                2.9250              0.2925
2020_Townsend_2742-hexa_228                     -21.5521                1.8450              0.1845
2020_Townsend_2743-hexa_229                     -16.7083                2.0969              0.2097
2020_Townsend_2744-hexa_230                     -31.2570                3.5502              0.3550
2020_Townsend_2745-hexa_231                     -17.9584                1.7724              0.1772
2020_Townsend_2746-hexa_232                     -26.5306                2.5332              0.2533
2020_Townsend_2747-hexa_233                     -18.6356                1.8286              0.1829
2020_Townsend_2748-hexa_234                     -34.4686                3.2190              0.3219
2020_Townsend_2749-hexa_235                     -25.3574                2.8724              0.2872
2020_Townsend_2750-hexa_236                     -19.8222                2.2997              0.2300
2020_Townsend_2751-hexa_237                     -24.3935                5.0064              0.5006
2020_Townsend_2752-hexa_238                     -33.0508                2.4236              0.2424
2020_Townsend_2753-hexa_239                     -27.8830                2.3695              0.2369
2020_Townsend_2754-hexa_240                     -19.9045                2.1736              0.2174
2020_Townsend_2755-hexa_241                     -23.1769                5.6529              0.5653
2020_Townsend_2756-hexa_242                     -16.7132                1.5747              0.1575
2020_Townsend_2757-hexa_243                     -25.3046                2.9857              0.2986
2020_Townsend_2758-hexa_244                     -30.9121                3.0228              0.3023
2020_Townsend_2759-hexa_245                     -22.3081                2.4838              0.2484
2020_Townsend_2760-hexa_246                     -18.7272                1.7983              0.1798
2020_Townsend_2761-hexa_247                     -27.3384                2.8678              0.2868
2020_Townsend_2762-hexa_248                     -22.3357                2.0902              0.2090
2020_Townsend_2763-hexa_249                     -20.1926                1.6575              0.1658
2020_Townsend_2764-hexa_250                     -22.8794                3.1297              0.3130
2020_Townsend_2765-hexa_251                     -30.3721                3.0516              0.3052
2020_Townsend_2766-hexa_252                     -19.1351                1.9502              0.1950
2020_Townsend_2767-hexa_253                     -35.5950                2.8726              0.2873
2020_Townsend_2768-hexa_254                     -38.1171                4.6055              0.4605
2020_Townsend_2769-hexa_255                     -22.6598                3.8525              0.3852
2020_Townsend_2770-hexa_256                     -22.6135                3.0177              0.3018
2020_Townsend_2771-hexa_257                     -31.1388                6.4866              0.6487
2020_Townsend_2772-hexa_258                     -23.2227                2.0757              0.2076
2020_Townsend_2773-hexa_259                     -24.8222                1.2907              0.1291
2020_Townsend_2774-hexa_260                     -24.1224                2.0934              0.2093
2020_Townsend_2775-hexa_261                     -25.0470                3.5185              0.3518
2020_Townsend_2776-hexa_262                     -28.6040                4.2345              0.4234
2020_Townsend_2777-hexa_263                     -15.8920                6.9916              0.6992
2020_Townsend_2778-hexa_264                     -26.3314                5.4700              0.5470
2020_Townsend_2779-hexa_265                     -27.7121                2.5914              0.2591
2020_Townsend_2780-hexa_266                     -27.6868                2.9747              0.2975
2020_Townsend_2781-hexa_267                     -19.3684                1.9471              0.1947
2020_Townsend_2782-hexa_268                     -19.9252                4.8921              0.4892
2020_Townsend_2783-hexa_269                     -22.8328                4.6939              0.4694
2020_Townsend_2784-hexa_270                     -20.2476                1.8670              0.1867
2020_Townsend_2785-hexa_271                     -17.3793                2.4215              0.2422
2020_Townsend_2786-hexa_272                     -20.6672                2.2233              0.2223
2020_Townsend_2787-hexa_273                     -22.7132                2.6130              0.2613
2020_Townsend_2788-hexa_274                     -22.7997                2.7788              0.2779
2020_Townsend_2789-hexa_275                     -17.5018                1.9428              0.1943
2020_Townsend_2790-hexa_276                     -20.3296                1.7460              0.1746
2020_Townsend_2791-hexa_277                     -16.8778                1.7563              0.1756
2020_Townsend_2792-hexa_278                     -24.1482                1.9915              0.1991
2020_Townsend_2793-hexa_279                     -18.2337                1.9204              0.1920
2020_Townsend_2794-hexa_280                     -20.6541                3.7821              0.3782
2020_Townsend_2795-hexa_281                     -23.7323                3.8569              0.3857
2020_Townsend_2796-hexa_282                     -35.5576                5.3569              0.5357
2020_Townsend_2797-hexa_283                     -17.3946                1.6861              0.1686
2020_Townsend_2798-hexa_284                     -18.7232                2.0614              0.2061
2020_Townsend_2799-hexa_285                     -15.5282                3.8646              0.3865
2020_Townsend_2800-hexa_286                     -17.8147                2.2042              0.2204
2020_Townsend_2801-hexa_287                     -27.6317                3.9084              0.3908
2020_Townsend_2802-hexa_288                     -33.2394                5.0755              0.5076
2020_Townsend_2803-hexa_289                     -23.8074                3.3087              0.3309
2020_Townsend_2804-hexa_290                     -28.4834                6.0032              0.6003
2020_Townsend_2805-hexa_291                     -15.2913                1.4632              0.1463
2020_Townsend_2806-hexa_292                     -25.9921                2.2677              0.2268
2020_Townsend_2807-hexa_293                     -23.4657                2.1056              0.2106
2020_Townsend_2808-hexa_294                     -16.6853                1.7277              0.1728
2020_Townsend_2809-hexa_295                     -23.4346                3.1723              0.3172
2020_Townsend_2810-hexa_296                     -28.3397                4.1187              0.4119
2020_Townsend_2811-hexa_297                     -25.5082                4.1212              0.4121
2020_Townsend_2812-hexa_298                     -26.6075                2.5690              0.2569
2020_Townsend_2813-hexa_299                     -14.9744                1.7781              0.1778
2020_Townsend_2814-hexa_300                     -24.2821                2.0566              0.2057
2020_Townsend_2815-hexa_301                     -32.6915                2.6565              0.2657
2020_Townsend_2816-hexa_302                     -23.1643                2.9145              0.2915
2020_Townsend_2817-hexa_303                     -23.2411                2.0262              0.2026
2020_Townsend_2818-hexa_304                     -29.4066                4.6278              0.4628
2020_Townsend_2819-hexa_305                     -29.0032                4.6361              0.4636
2020_Townsend_2820-hexa_306                     -30.3502                3.7677              0.3768
2020_Townsend_2821-hexa_307                     -38.8123                2.8329              0.2833
2020_Townsend_2822-hexa_308                     -27.1499                3.7899              0.3790
2020_Townsend_2823-hexa_309                     -28.2273                5.2298              0.5230
2020_Townsend_2824-hexa_310                     -20.8712                1.9277              0.1928
2020_Townsend_2825-hexa_311                     -20.5794                1.9152              0.1915
2020_Townsend_2826-hexa_312                     -20.5600                2.8156              0.2816
2020_Townsend_2827-hexa_313                     -30.5329                3.3275              0.3328
2020_Townsend_2828-hexa_314                     -19.1929                2.8607              0.2861
2020_Townsend_2829-hexa_315                     -18.7564                2.0502              0.2050
2020_Townsend_2830-hexa_316                     -34.2648                2.5628              0.2563
2020_Townsend_2831-hexa_317                     -33.5052                6.0435              0.6043
2020_Townsend_2832-hexa_318                     -27.8685                3.1450              0.3145
2020_Townsend_2833-hexa_319                     -25.5800                5.0253              0.5025
2020_Townsend_2834-hexa_320                     -27.7460                4.4662              0.4466
2020_Townsend_2835-hexa_321                     -31.4951                2.1225              0.2123
2020_Townsend_2836-hexa_322                     -24.3759                2.8921              0.2892
2020_Townsend_2837-hexa_323                     -41.6375                6.5523              0.6552
2020_Townsend_2838-hexa_324                     -30.7618                4.1574              0.4157
2020_Townsend_2839-hexa_325                     -39.2887                4.6141              0.4614
2020_Townsend_2840-hexa_326                     -33.5549                2.9586              0.2959
2020_Townsend_2841-hexa_327                     -36.1437                3.4253              0.3425
2020_Townsend_2842-hexa_328                     -31.1513                2.9136              0.2914
2020_Townsend_2843-hexa_329                     -24.9053                1.6587              0.1659
2020_Townsend_2844-hexa_330                     -25.2236                1.2261              0.1226
2020_Townsend_2845-hexa_331                     -28.4655                2.2037              0.2204
2020_Townsend_2846-hexa_332                     -26.6526                7.3312              0.7331
2020_Townsend_2847-hexa_333                     -24.4319                1.8865              0.1886
2020_Townsend_2848-hexa_334                     -30.3285                2.7621              0.2762
2020_Townsend_2849-hexa_335                     -23.7745                1.7284              0.1728
2020_Townsend_2850-hexa_336                     -31.9394                4.4295              0.4429
2020_Townsend_2851-hexa_337                     -37.5508                3.2536              0.3254
2020_Townsend_2852-hexa_338                     -24.9936                3.0127              0.3013
2020_Townsend_2853-hexa_339                     -36.3258                3.9052              0.3905
2020_Townsend_2854-hexa_340                     -31.7528                2.7387              0.2739
2020_Townsend_2855-hexa_341                     -32.2030                4.6767              0.4677
2020_Townsend_2856-hexa_342                     -23.7600                2.4285              0.2428
2020_Townsend_2857-hexa_343                     -20.9253                1.4611              0.1461
2020_Townsend_2858-hexa_344                     -22.1172                1.7571              0.1757
2020_Townsend_2859-hexa_345                     -22.5303                1.7457              0.1746
2020_Townsend_2860-hexa_346                     -25.5171                1.4071              0.1407
2020_Townsend_2861-hexa_347                     -22.6683                1.9915              0.1991
2020_Townsend_2862-hexa_348                     -22.0580                2.8241              0.2824
2020_Townsend_2863-hexa_349                     -23.1422                1.8564              0.1856
2020_Townsend_2864-hexa_350                     -31.6794                3.5311              0.3531
2020_Townsend_2865-hexa_351                     -23.1098                1.5732              0.1573
2020_Townsend_2866-hexa_352                     -25.2273                2.5604              0.2560
2020_Townsend_2867-hexa_353                     -20.8142                1.7668              0.1767
2020_Townsend_2868-hexa_354                     -20.1456                2.7524              0.2752
2020_Townsend_2869-hexa_355                     -24.9234                2.9720              0.2972
2020_Townsend_2870-hexa_356                     -20.0685                3.2943              0.3294
2020_Townsend_2871-hexa_357                     -33.9811                2.9391              0.2939
2020_Townsend_2872-hexa_358                     -35.8725                5.0903              0.5090
2020_Townsend_2873-hexa_359                     -33.8032                4.1547              0.4155
2020_Townsend_2874-hexa_360                     -21.8192                2.1617              0.2162
2020_Townsend_2875-hexa_361                     -22.4074                2.6307              0.2631
2020_Townsend_2876-hexa_362                     -27.8727                3.1753              0.3175
2020_Townsend_2877-hexa_363                     -16.7878                1.9476              0.1948
2020_Townsend_2878-hexa_364                     -35.2950                2.2578              0.2258
2020_Townsend_2879-hexa_365                     -32.2161                3.3028              0.3303
2020_Townsend_2880-hexa_366                     -42.1865                3.2700              0.3270
2020_Townsend_2881-hexa_367                     -26.7256                2.2380              0.2238
2020_Townsend_2882-hexa_368                     -16.7452                1.7609              0.1761
2020_Townsend_2883-hexa_369                     -27.4794                2.5595              0.2559
2020_Townsend_2884-hexa_370                     -26.7389                2.3427              0.2343
2020_Townsend_2885-hexa_371                     -25.2807                1.7639              0.1764
2020_Townsend_2886-hexa_372                     -18.9370                3.6219              0.3622
2020_Townsend_2887-hexa_373                     -17.4184                1.6140              0.1614
2020_Townsend_2888-hexa_374                     -26.0774                3.9183              0.3918
2020_Townsend_2889-hexa_375                     -31.6593                2.8808              0.2881
2020_Townsend_2890-hexa_376                     -31.3648                2.8508              0.2851
2020_Townsend_2891-hexa_377                     -26.5251                3.7748              0.3775
2020_Townsend_2892-hexa_378                     -25.2548                2.0192              0.2019
2020_Townsend_2893-hexa_379                     -28.6668                3.3979              0.3398
2020_Townsend_2894-hexa_380                     -22.0749                5.0259              0.5026
2020_Townsend_2895-hexa_381                     -17.3490                1.9453              0.1945
2020_Townsend_2896-hexa_382                     -32.8316                3.5681              0.3568
2020_Townsend_2897-hexa_383                     -38.7325                7.9448              0.7945
2020_Townsend_2898-hexa_384                     -42.5623                2.5983              0.2598
2020_Townsend_2899-hexa_385                     -28.3237                3.9148              0.3915
2020_Townsend_2900-hexa_386                     -29.9295                4.5604              0.4560
2020_Townsend_2901-hexa_387                     -27.1993                2.8496              0.2850
2020_Townsend_2902-hexa_388                     -26.4996                3.4004              0.3400
2020_Townsend_2903-hexa_389                     -23.0755                2.2124              0.2212
2020_Townsend_2904-hexa_390                     -23.9818                1.9208              0.1921
2020_Townsend_2905-hexa_391                     -22.2959                2.6927              0.2693
2020_Townsend_2906-hexa_392                     -31.0420                3.2650              0.3265
2020_Townsend_2907-hexa_393                     -31.7922                3.0666              0.3067
2020_Townsend_2908-hexa_394                     -21.8061                2.2191              0.2219
2020_Townsend_2909-hexa_395                     -25.0392                2.8406              0.2841
2020_Townsend_2910-hexa_396                     -31.0961                2.5839              0.2584
2020_Townsend_2911-hexa_397                     -25.0247                2.5250              0.2525
2020_Townsend_2912-hexa_398                     -25.2426                2.7484              0.2748
2020_Townsend_2913-hexa_399                     -28.6777                6.3175              0.6317
2020_Townsend_2914-hexa_400                     -28.5759                3.7714              0.3771
2020_Townsend_2915-hexa_401                     -24.1504                2.4459              0.2446
2020_Townsend_2916-hexa_402                     -36.3516                3.3920              0.3392
2020_Townsend_2917-hexa_403                     -22.6158                2.5038              0.2504
2020_Townsend_2918-hexa_404                     -21.7175                1.5963              0.1596
2020_Townsend_2919-hexa_405                     -36.3408                4.8437              0.4844
2020_Townsend_2920-hexa_406                     -34.4559                2.7650              0.2765
2020_Townsend_2921-hexa_407                     -28.4927                4.3401              0.4340
2020_Townsend_2922-hexa_408                     -21.5778                1.9323              0.1932
2020_Townsend_2923-hexa_409                     -42.7720                4.5778              0.4578
2020_Townsend_2924-hexa_410                     -20.1950                2.2650              0.2265
2020_Townsend_2925-hexa_411                     -18.5038                4.7099              0.4710
2020_Townsend_2926-hexa_412                     -18.4641                2.4068              0.2407
2020_Townsend_2927-hexa_413                     -34.4673                4.3620              0.4362
2020_Townsend_2928-hexa_414                     -25.1456                2.5368              0.2537
2020_Townsend_2929-hexa_415                     -42.8688                4.0364              0.4036
2020_Townsend_2930-hexa_416                     -31.3791                2.2201              0.2220
2020_Townsend_2931-hexa_417                     -40.4003                2.9825              0.2982
2020_Townsend_2932-hexa_418                     -37.7953                5.0601              0.5060
2020_Townsend_2933-hexa_419                     -25.7247                1.9858              0.1986
2020_Townsend_2934-hexa_420                     -27.2560                2.4749              0.2475
2020_Townsend_2935-hexa_421                     -27.3592                2.3277              0.2328
2020_Townsend_2936-hexa_422                     -28.2824                3.2322              0.3232
2020_Townsend_2937-hexa_423                     -29.8108                3.5918              0.3592
2020_Townsend_2938-hexa_424                     -29.1363                3.2478              0.3248
2020_Townsend_2939-hexa_425                     -27.9845                3.5283              0.3528
2020_Townsend_2940-hexa_426                     -26.4696                2.4376              0.2438
2020_Townsend_2941-hexa_427                     -28.3815                2.2844              0.2284
2020_Townsend_2942-hexa_428                     -23.3951                2.0705              0.2071
2020_Townsend_2943-hexa_429                     -30.9022                7.5637              0.7564
2020_Townsend_2944-hexa_430                     -26.4893                2.4316              0.2432
2020_Townsend_2945-hexa_431                     -24.9235                3.0613              0.3061
2020_Townsend_2946-hexa_432                     -25.6015                3.4034              0.3403
2020_Townsend_2947-hexa_433                     -22.2002                1.9475              0.1947
2020_Townsend_2948-hexa_434                     -34.1718                2.8548              0.2855
2020_Townsend_2949-hexa_435                     -25.0699                1.9827              0.1983
2020_Townsend_2950-hexa_436                     -23.6974                2.0738              0.2074
2020_Townsend_2951-hexa_437                     -24.5437                2.8046              0.2805
2020_Townsend_2952-hexa_438                     -23.5659                1.9593              0.1959
2020_Townsend_2953-hexa_439                     -22.9281                1.9277              0.1928
2020_Townsend_2954-hexa_440                     -24.4166                1.7729              0.1773
2020_Townsend_2955-hexa_441                     -23.1009                1.9942              0.1994
2020_Townsend_2956-hexa_442                     -27.0870                1.9604              0.1960
2020_Townsend_2957-hexa_443                     -23.9705                2.2016              0.2202
2020_Townsend_2958-hexa_444                     -23.5438                2.2198              0.2220
2020_Townsend_2959-hexa_445                     -29.1245                3.0099              0.3010
2020_Townsend_2960-hexa_446                     -21.7959                2.5540              0.2554
2020_Townsend_2961-hexa_447                     -33.1698                2.9549              0.2955
2020_Townsend_2962-hexa_448                     -23.7854                2.1853              0.2185
2020_Townsend_2963-hexa_449                     -34.3113                2.5919              0.2592
2020_Townsend_2964-hexa_450                     -27.5336                4.6705              0.4670
2020_Townsend_2965-hexa_451                     -35.4114                4.7379              0.4738
2020_Townsend_2966-hexa_452                     -24.3493                7.5247              0.7525
2020_Townsend_2967-hexa_453                     -20.6203                3.2827              0.3283
2020_Townsend_2968-hexa_454                     -27.7765                3.0465              0.3046
2020_Townsend_2969-hexa_455                     -22.1240                3.5576              0.3558
2020_Townsend_2970-hexa_456                     -18.8316                2.1032              0.2103
2020_Townsend_2971-hexa_457                     -20.1319                2.0656              0.2066
2020_Townsend_2972-hexa_458                     -27.9139                5.0736              0.5074
2020_Townsend_2973-hexa_459                     -41.3379                4.0086              0.4009
2020_Townsend_2974-hexa_460                     -26.6279                2.2233              0.2223
2020_Townsend_2975-hexa_461                     -31.4833                2.6522              0.2652
2020_Townsend_2976-hexa_462                     -19.4508                2.8110              0.2811
2020_Townsend_2977-hexa_463                     -17.8048                2.9385              0.2939
2020_Townsend_2978-hexa_464                     -28.0718                2.4606              0.2461
2020_Townsend_2979-hexa_465                     -25.8902                2.5920              0.2592
2020_Townsend_2980-hexa_466                     -24.6275                2.0815              0.2082
2020_Townsend_2981-hexa_467                     -21.1891                1.7277              0.1728
2020_Townsend_2982-hexa_468                     -26.7958                2.9588              0.2959
2020_Townsend_2983-hexa_469                     -19.5444                2.3003              0.2300
2020_Townsend_2984-hexa_470                     -30.2944                2.5412              0.2541
2020_Townsend_2985-hexa_471                     -27.1606                2.1986              0.2199
2020_Townsend_2986-hexa_472                     -19.2753                2.9739              0.2974
2020_Townsend_2987-hexa_473                     -20.8876                2.3636              0.2364
2020_Townsend_2988-hexa_474                     -21.3523                4.6704              0.4670
2020_Townsend_2989-hexa_475                     -45.7793                2.9709              0.2971
2020_Townsend_2990-hexa_476                     -27.5543                2.0553              0.2055
2020_Townsend_2991-hexa_477                     -32.9101                5.9624              0.5962
2020_Townsend_2992-hexa_478                     -28.8701                2.5750              0.2575
2020_Townsend_2993-hexa_479                     -22.8224                3.1455              0.3146
2020_Townsend_2995-hexa_481                     -36.3639                3.3679              0.3368
2020_Townsend_2996-hexa_482                     -31.8797                4.4612              0.4461
2020_Townsend_2997-hexa_483                     -29.6534                2.5195              0.2520
2020_Townsend_2998-hexa_484                     -24.9126                1.8674              0.1867
2020_Townsend_2999-hexa_485                     -27.7340                4.3549              0.4355
2020_Townsend_3000-hexa_486                     -34.0649                2.2687              0.2269
2020_Townsend_3001-hexa_487                     -28.7524                1.9370              0.1937
2020_Townsend_3002-hexa_488                     -22.4420                1.5394              0.1539
2020_Townsend_3003-hexa_489                     -27.3905                1.9333              0.1933
2020_Townsend_3004-hexa_490                     -26.9639                3.2835              0.3283
2020_Townsend_3005-hexa_491                     -33.8839                2.2211              0.2221
2020_Townsend_3006-hexa_492                     -23.5298                2.4639              0.2464
2020_Townsend_3007-hexa_493                     -29.8224                3.7629              0.3763
2020_Townsend_3008-hexa_494                     -35.2023                4.0676              0.4068
2020_Townsend_3009-hexa_495                     -27.9434                3.1365              0.3136
2020_Townsend_3010-hexa_496                     -21.1587                2.6803              0.2680
2020_Townsend_3011-hexa_497                     -28.9899                2.7750              0.2775
2020_Townsend_3012-hexa_498                     -32.2529                1.7764              0.1776
2020_Townsend_3013-hexa_499                     -34.1990                3.8713              0.3871
2020_Townsend_3014-hexa_500                     -22.1060                2.4577              0.2458
2020_Townsend_3015-hexa_501                     -26.8752                2.3109              0.2311
2020_Townsend_3016-hexa_502                     -36.6912                4.1084              0.4108
2020_Townsend_3017-hexa_503                     -26.4453                3.2842              0.3284
2020_Townsend_3018-hexa_504                     -19.8911                4.1198              0.4120
2020_Townsend_3019-hexa_505                     -26.9041                2.6305              0.2630
2020_Townsend_3020-hexa_506                     -34.1471                4.7932              0.4793
2020_Townsend_3021-hexa_507                     -33.0913                2.7542              0.2754
2020_Townsend_3022-hexa_508                     -34.0277                2.9865              0.2986
2020_Townsend_3023-hexa_509                     -28.1777                2.4183              0.2418
2020_Townsend_3024-hexa_510                     -41.3570                3.7921              0.3792
2020_Townsend_3025-hexa_511                     -28.5071                2.7711              0.2771
2020_Townsend_3026-hexa_512                     -29.1426                4.1191              0.4119
2020_Townsend_3027-hexa_513                     -24.7156                1.7900              0.1790
2020_Townsend_3028-hexa_514                     -28.6842                4.7051              0.4705
2020_Townsend_3029-hexa_515                     -24.2915                5.8642              0.5864
2020_Townsend_3030-hexa_516                     -19.5091                4.4383              0.4438
2020_Townsend_3031-hexa_517                     -29.0960                3.9041              0.3904
2020_Townsend_3032-hexa_518                     -20.2926                5.5624              0.5562
2020_Townsend_3033-hexa_519                     -27.1071                3.6840              0.3684
2020_Townsend_3034-hexa_520                     -24.4099                3.1470              0.3147
2020_Townsend_3035-hexa_521                     -27.0056                3.3632              0.3363
2020_Townsend_3036-hexa_522                     -26.0034                2.3559              0.2356
2020_Townsend_3037-hexa_523                     -24.5205                2.5036              0.2504
2020_Townsend_3038-hexa_524                     -25.7713                3.6362              0.3636
2020_Townsend_3039-hexa_525                     -29.4183                2.7884              0.2788
2020_Townsend_3040-hexa_526                     -25.8890                5.6192              0.5619
2020_Townsend_3041-hexa_527                     -28.0638                2.9033              0.2903
2020_Townsend_3042-hexa_528                     -30.0326                2.5000              0.2500
2020_Townsend_3043-hexa_529                     -27.8118                2.2276              0.2228
2020_Townsend_3044-hexa_530                     -29.2529                4.6852              0.4685
2020_Townsend_3045-hexa_531                     -21.0025                2.5618              0.2562
2020_Townsend_3046-hexa_532                     -29.5429                2.4760              0.2476
2020_Townsend_3047-hexa_533                     -16.6359                1.9688              0.1969
2020_Townsend_3048-hexa_534                     -28.6332                2.7738              0.2774
2020_Townsend_3049-hexa_535                     -23.1648                4.0208              0.4021
2020_Townsend_3050-hexa_536                     -15.3779                4.2693              0.4269
2020_Townsend_3051-hexa_537                     -32.8050                2.0020              0.2002
2020_Townsend_3052-hexa_538                     -17.8645                4.4878              0.4488
2020_Townsend_3053-hexa_539                     -37.6968                3.2929              0.3293
2020_Townsend_3054-hexa_540                     -24.3481                3.9437              0.3944
2020_Townsend_3055-hexa_541                     -21.9851                1.9076              0.1908
2020_Townsend_3056-hexa_542                     -24.0479                2.1140              0.2114
2020_Townsend_3057-hexa_543                     -24.2363                2.8122              0.2812
2020_Townsend_3058-hexa_544                     -23.6951                2.6909              0.2691
2020_Townsend_3059-hexa_545                     -23.9495                2.5620              0.2562
2020_Townsend_3060-hexa_546                     -26.1215                3.1164              0.3116
2020_Townsend_3061-hexa_547                     -19.7196                1.4775              0.1477
2020_Townsend_3062-hexa_548                     -28.4952                3.5495              0.3550
2020_Townsend_3063-hexa_549                     -36.3639                2.9599              0.2960
2020_Townsend_3064-hexa_550                     -36.6291                3.5944              0.3594
2020_Townsend_3065-hexa_551                     -29.7664                3.3463              0.3346
2020_Townsend_3066-hexa_552                     -22.6533                3.0456              0.3046
2020_Townsend_3067-hexa_553                     -21.8234                2.7133              0.2713
2020_Townsend_3068-hexa_554                     -25.6123                2.1809              0.2181
2020_Townsend_3069-hexa_555                     -21.2495                1.6551              0.1655
2020_Townsend_3070-hexa_556                     -17.5713                2.6039              0.2604
2020_Townsend_3071-hexa_557                     -33.5694                3.1754              0.3175
2020_Townsend_3072-hexa_558                     -32.2648                2.7393              0.2739
2020_Townsend_3073-hexa_559                     -32.0019                4.1030              0.4103
2020_Townsend_3074-hexa_560                     -29.0373                3.4191              0.3419
2020_Townsend_3075-hexa_561                     -30.6659                3.1231              0.3123
2020_Townsend_3076-hexa_562                     -17.6209                2.6932              0.2693
2020_Townsend_3077-hexa_563                     -30.9140                3.1061              0.3106
2020_Townsend_3078-hexa_564                     -29.9498                3.5148              0.3515
2020_Townsend_3079-hexa_565                     -26.0423                2.8446              0.2845
2020_Townsend_3080-hexa_566                     -21.5645                2.8042              0.2804
2020_Townsend_3081-hexa_567                     -24.0844                1.5022              0.1502
2020_Townsend_3082-hexa_568                     -32.5288                3.4511              0.3451
2020_Townsend_3083-hexa_569                     -28.8855                3.0450              0.3045
2020_Townsend_3084-hexa_570                     -19.5067                3.9478              0.3948
2020_Townsend_3085-hexa_571                     -25.9485                1.6157              0.1616
2020_Townsend_3086-hexa_572                     -20.1424                1.8378              0.1838
2020_Townsend_3087-hexa_573                     -35.6534                2.9897              0.2990
2020_Townsend_3088-hexa_574                     -24.3213                2.2671              0.2267
2020_Townsend_3089-hexa_575                     -30.2971                3.2558              0.3256
2020_Townsend_3090-hexa_576                     -25.5964                3.2820              0.3282
2020_Townsend_3091-hexa_577                     -27.0841                2.5888              0.2589
2020_Townsend_3092-hexa_578                     -23.4319                1.6453              0.1645
2020_Townsend_3093-hexa_579                     -26.2545                4.1205              0.4121
2020_Townsend_3094-hexa_580                     -27.8287                3.7454              0.3745
2020_Townsend_3095-hexa_581                     -28.6574                3.5967              0.3597
2020_Townsend_3096-hexa_582                     -27.7219                2.8768              0.2877
2020_Townsend_3097-hexa_583                     -24.4755                2.7113              0.2711
2020_Townsend_3098-hexa_584                     -29.0268                2.4074              0.2407
2020_Townsend_3099-hexa_585                     -21.7918                3.0863              0.3086
2020_Townsend_3100-hexa_586                     -25.8651                2.4769              0.2477
2020_Townsend_3101-hexa_587                     -22.7949                3.0357              0.3036
2020_Townsend_3102-hexa_588                     -18.6245                2.1301              0.2130
2020_Townsend_3103-hexa_589                     -23.5236                2.4049              0.2405
2020_Townsend_3104-hexa_590                     -30.0369                2.2687              0.2269
2020_Townsend_3105-hexa_591                     -27.4920                2.0038              0.2004
2020_Townsend_3106-hexa_592                     -17.6082                2.2744              0.2274
2020_Townsend_3107-hexa_593                     -23.1163                2.9975              0.2997
2020_Townsend_3108-hexa_594                     -32.5319                3.8168              0.3817
2020_Townsend_3109-hexa_595                     -18.1026                1.8297              0.1830
2020_Townsend_3110-hexa_596                     -29.0498                2.3342              0.2334
2020_Townsend_3111-hexa_597                     -26.4833                4.8704              0.4870
2020_Townsend_3112-hexa_598                     -18.7332                1.6492              0.1649
2020_Townsend_3113-hexa_599                     -42.2300                4.0461              0.4046
2020_Townsend_3114-hexa_600                     -22.2001                2.1742              0.2174
2020_Townsend_3115-hexa_601                     -22.8134                2.2415              0.2242
2020_Townsend_3116-hexa_602                     -31.3401                4.4574              0.4457
2020_Townsend_3117-hexa_603                     -20.3485                2.1009              0.2101
2020_Townsend_3118-hexa_604                     -36.0119                3.0400              0.3040
2020_Townsend_3119-hexa_605                     -24.8107                1.8367              0.1837
2020_Townsend_3120-hexa_606                     -30.9949                1.9283              0.1928
2020_Townsend_3121-hexa_607                     -40.7776                2.7625              0.2763
2020_Townsend_3122-hexa_608                     -26.2125                5.0389              0.5039
2020_Townsend_3123-hexa_609                     -26.9756                3.2429              0.3243
2020_Townsend_3124-hexa_610                     -27.1296                5.2298              0.5230
2020_Townsend_3125-hexa_611                     -30.7985                3.0041              0.3004
2020_Townsend_3126-hexa_612                     -32.6313                2.7758              0.2776
2020_Townsend_3127-hexa_613                     -19.7288                2.6388              0.2639
2020_Townsend_3128-hexa_614                     -40.8928                2.8078              0.2808
2020_Townsend_3129-hexa_615                     -29.3398                2.5129              0.2513
2020_Townsend_3130-hexa_616                     -32.7773                1.8937              0.1894
2020_Townsend_3131-hexa_617                     -42.7808                2.8393              0.2839
2020_Townsend_3132-hexa_618                     -16.2594                1.6625              0.1663
2020_Townsend_3133-hexa_619                     -27.5204                2.7207              0.2721
2020_Townsend_3134-hexa_620                     -28.3818                3.2024              0.3202
2020_Townsend_3135-hexa_621                     -27.6444                2.9179              0.2918
2020_Townsend_3136-hexa_622                     -30.8589                3.2130              0.3213
2020_Townsend_3137-hexa_623                     -26.9659                2.5302              0.2530
2020_Townsend_3138-hexa_624                     -22.0208                3.7314              0.3731
2020_Townsend_3139-hexa_625                     -28.6673                2.5684              0.2568
2020_Townsend_3140-hexa_626                     -26.3647                4.5490              0.4549
2020_Townsend_3141-hexa_627                     -24.0295                4.3037              0.4304
2020_Townsend_3142-hexa_628                     -25.2663                2.8537              0.2854
2020_Townsend_3143-hexa_629                     -26.9813                5.3912              0.5391
2020_Townsend_3144-hexa_630                     -21.8745                3.9341              0.3934
2020_Townsend_3145-hexa_631                     -26.0650                2.5168              0.2517
2020_Townsend_3146-hexa_632                     -25.3584                1.4748              0.1475
2020_Townsend_3147-hexa_633                     -34.6527                2.5258              0.2526
2020_Townsend_3148-hexa_634                     -23.3489                2.2918              0.2292
2020_Townsend_3149-hexa_635                     -15.2953                3.2888              0.3289
2020_Townsend_3150-hexa_636                     -24.4182                1.4491              0.1449
2020_Townsend_3151-hexa_637                     -28.5503                2.5190              0.2519
2020_Townsend_3152-hexa_638                     -35.0015                2.6767              0.2677
2020_Townsend_3153-hexa_639                     -42.1536                2.4476              0.2448
2020_Townsend_3154-hexa_640                     -28.7174                6.4394              0.6439
2020_Townsend_3155-hexa_641                     -22.7901                2.3131              0.2313
2020_Townsend_3156-hexa_642                     -26.1770                2.3628              0.2363
2020_Townsend_3157-hexa_643                     -36.2293                3.9512              0.3951
2020_Townsend_3158-hexa_644                     -24.4636                2.0721              0.2072
2020_Townsend_3159-hexa_645                     -25.5842                2.2285              0.2228
2020_Townsend_3160-hexa_646                     -23.5163                2.2127              0.2213
2020_Townsend_3161-hexa_647                     -25.4749                3.0421              0.3042
2020_Townsend_3162-hexa_648                     -24.6687                2.4418              0.2442
2020_Townsend_3163-hexa_649                     -27.1485                5.0353              0.5035
2020_Townsend_3164-hexa_650                     -29.7026                2.6004              0.2600
2020_Townsend_3165-hexa_651                     -42.5295                2.9623              0.2962
2020_Townsend_3166-hexa_652                     -27.9254                4.0058              0.4006
2020_Townsend_3167-hexa_653                     -29.4214                3.9038              0.3904
2020_Townsend_3168-hexa_654                     -20.0323                2.5363              0.2536
2020_Townsend_3169-hexa_655                     -21.0442                3.5232              0.3523
2020_Townsend_3170-hexa_656                     -34.5865                3.4896              0.3490
2020_Townsend_3171-hexa_657                     -28.2479                4.8578              0.4858
2020_Townsend_3172-hexa_658                     -30.2169                3.4989              0.3499
2020_Townsend_3173-hexa_659                     -37.2696                3.0862              0.3086
2020_Townsend_3174-hexa_660                     -22.8359                1.5621              0.1562
2020_Townsend_3175-hexa_661                     -24.9767                3.2338              0.3234
2020_Townsend_3176-hexa_662                     -30.8872                2.1526              0.2153
2020_Townsend_3177-hexa_663                     -38.8913                5.0120              0.5012
2020_Townsend_3178-hexa_664                     -25.7242                3.0461              0.3046
2020_Townsend_3179-hexa_665                     -24.6304                2.4396              0.2440
2020_Townsend_3180-hexa_666                     -23.6398                1.6487              0.1649
2020_Townsend_3181-hexa_667                     -19.0442                1.8273              0.1827
2020_Townsend_3182-hexa_668                     -25.2964                1.4880              0.1488
2020_Townsend_3183-hexa_669                     -22.9274                3.3168              0.3317
2020_Townsend_3184-hexa_670                     -34.6020                5.5557              0.5556
2020_Townsend_3185-hexa_671                     -26.1569                3.6943              0.3694
2020_Townsend_3186-hexa_672                     -34.5485                3.0879              0.3088
2020_Townsend_3187-hexa_673                     -27.9907                2.5863              0.2586
2020_Townsend_3188-hexa_674                     -33.9250                2.6949              0.2695
2020_Townsend_3189-hexa_675                     -23.0380                4.0933              0.4093
2020_Townsend_3190-hexa_676                     -21.2562                2.2786              0.2279
2020_Townsend_3191-hexa_677                     -24.5741                2.8254              0.2825
2020_Townsend_3192-hexa_678                     -35.4956                4.6125              0.4612
2020_Townsend_3193-hexa_679                     -31.1350                3.7260              0.3726
2020_Townsend_3194-hexa_680                     -27.1577                4.5638              0.4564
2020_Townsend_3195-hexa_681                     -29.4515                3.7786              0.3779
2020_Townsend_3196-hexa_682                     -26.6500                2.3872              0.2387
2020_Townsend_3197-hexa_683                     -36.1966                2.5004              0.2500
2020_Townsend_3198-hexa_684                     -26.0122                2.1444              0.2144
2020_Townsend_3199-hexa_685                     -21.2700                2.2546              0.2255
2020_Townsend_3200-hexa_686                     -29.3419                1.9285              0.1928
2020_Townsend_3201-hexa_687                     -28.7269                3.3100              0.3310
2020_Townsend_3202-hexa_688                     -22.0472                2.1473              0.2147
2020_Townsend_3203-hexa_689                     -22.5618                1.5408              0.1541
2020_Townsend_3204-hexa_690                     -32.2869                4.2084              0.4208
2020_Townsend_3205-hexa_691                     -24.0381                2.4935              0.2493
2020_Townsend_3206-hexa_692                     -25.1559                2.5187              0.2519
2020_Townsend_3207-hexa_693                     -25.2709                2.1858              0.2186
2020_Townsend_3208-hexa_694                     -27.3017                4.4652              0.4465
2020_Townsend_3209-hexa_695                     -33.4840                2.4219              0.2422
2020_Townsend_3210-hexa_696                     -26.4128                3.1682              0.3168
2020_Townsend_3211-hexa_697                     -20.0029                4.3177              0.4318
2020_Townsend_3212-hexa_698                     -25.2318                3.0460              0.3046
2020_Townsend_3213-hexa_699                     -24.9784                3.5368              0.3537
2020_Townsend_3214-hexa_700                     -27.6819                2.6050              0.2605
2020_Townsend_3215-hexa_701                     -42.0009                4.4564              0.4456
2020_Townsend_3216-hexa_702                     -28.9401                4.6210              0.4621
2020_Townsend_3217-hexa_703                     -24.9873                1.9559              0.1956
2020_Townsend_3218-hexa_704                     -20.9578                2.1238              0.2124
2020_Townsend_3219-hexa_705                     -34.7139                4.0193              0.4019
2020_Townsend_3220-hexa_706                     -22.9643                2.5402              0.2540
2020_Townsend_3221-hexa_707                     -21.9155                1.9842              0.1984
2020_Townsend_3222-hexa_708                     -39.2371                2.2454              0.2245
2020_Townsend_3223-hexa_709                     -29.0641                2.3668              0.2367
2020_Townsend_3224-hexa_710                     -24.3729                2.9165              0.2917
2020_Townsend_3225-hexa_711                     -22.5734                4.0019              0.4002
2020_Townsend_3226-hexa_712                     -22.1836                2.9461              0.2946
2020_Townsend_3227-hexa_713                     -26.2959                4.6451              0.4645
2020_Townsend_3228-hexa_714                     -25.6293                5.5872              0.5587
2020_Townsend_3229-hexa_715                     -32.5710                2.8678              0.2868
2020_Townsend_3230-hexa_716                     -19.2519                2.7248              0.2725
2020_Townsend_3231-hexa_717                     -21.1495                1.9583              0.1958
2020_Townsend_3232-hexa_718                     -24.0821                3.5023              0.3502
2020_Townsend_3233-hexa_719                     -18.9398                2.0913              0.2091
2020_Townsend_3234-hexa_720                     -33.5564                2.5708              0.2571
2020_Townsend_3235-hexa_721                     -26.4176                3.6368              0.3637
2020_Townsend_3236-hexa_722                     -19.1525                2.0392              0.2039
2020_Townsend_3237-hexa_723                     -24.0470                1.3010              0.1301
2020_Townsend_3238-hexa_724                     -15.9453                2.5750              0.2575
2020_Townsend_3239-hexa_725                     -34.1586                2.9528              0.2953
2020_Townsend_3240-hexa_726                     -20.2998                1.9785              0.1979
2020_Townsend_3241-hexa_727                     -26.9216                5.9994              0.5999
2020_Townsend_3242-hexa_728                     -19.4139                1.9455              0.1946
2020_Townsend_3243-hexa_729                     -19.1456                1.9518              0.1952
2020_Townsend_3244-hexa_730                     -21.5737                3.0527              0.3053
2020_Townsend_3245-hexa_731                     -23.7808                3.1698              0.3170
2020_Townsend_3246-hexa_732                     -27.5792                3.7976              0.3798
2020_Townsend_3247-hexa_733                     -21.7041                2.7001              0.2700
2020_Townsend_3248-hexa_734                     -19.5156                2.9956              0.2996
2020_Townsend_3249-hexa_735                     -18.6989                2.7478              0.2748
2020_Townsend_3250-hexa_736                     -28.6001                3.4853              0.3485
2020_Townsend_3251-hexa_737                     -22.4486                3.5161              0.3516
2020_Townsend_3252-hexa_738                     -16.6872                2.6515              0.2652
2020_Townsend_3253-hexa_739                     -17.4143                1.8413              0.1841
2020_Townsend_3254-hexa_740                     -28.8241                2.7128              0.2713
2020_Townsend_3255-hexa_741                     -32.3392                3.7676              0.3768
2020_Townsend_3256-hexa_742                     -35.5919                2.7408              0.2741
2020_Townsend_3257-hexa_743                     -32.2481                3.0773              0.3077
2020_Townsend_3258-hexa_744                     -18.3044                1.5359              0.1536
2020_Townsend_3259-hexa_745                     -26.8531                2.2835              0.2284
2020_Townsend_3260-hexa_746                     -29.2910                2.5052              0.2505
2020_Townsend_3261-hexa_747                     -17.4198                2.2914              0.2291
2020_Townsend_3262-hexa_748                     -25.6333                2.0910              0.2091
2020_Townsend_3263-hexa_749                     -37.0266                4.7002              0.4700
2020_Townsend_3264-hexa_750                     -38.9871                4.1952              0.4195
2020_Townsend_3265-hexa_751                     -34.1061                2.7970              0.2797
2020_Townsend_3266-hexa_752                     -15.0526                2.2467              0.2247
2020_Townsend_3267-hexa_753                     -35.4978                3.3508              0.3351
2020_Townsend_3268-hexa_754                     -28.1165                4.4341              0.4434
2020_Townsend_3269-hexa_755                     -24.7816                4.8994              0.4899
2020_Townsend_3270-hexa_756                     -14.5797                1.4442              0.1444
2020_Townsend_3271-hexa_757                     -18.7879                2.0849              0.2085
2020_Townsend_3272-hexa_758                     -16.4109                1.3663              0.1366
2020_Townsend_3273-hexa_759                     -19.4647                2.7847              0.2785
2020_Townsend_3274-hexa_760                     -26.5676                3.2165              0.3216
2020_Townsend_3275-hexa_761                     -28.4777                2.5040              0.2504
2020_Townsend_3276-hexa_762                     -26.7360                2.8344              0.2834
2020_Townsend_3277-hexa_763                     -27.4710                2.5119              0.2512
2020_Townsend_3278-hexa_764                     -15.8845                2.0871              0.2087
2020_Townsend_3279-hexa_765                     -13.9742                3.1724              0.3172
2020_Townsend_3280-hexa_766                     -32.5680                2.4896              0.2490
2020_Townsend_3281-hexa_767                     -26.1575                3.8324              0.3832
2020_Townsend_3282-hexa_768                     -22.6211                2.9104              0.2910
2020_Townsend_3283-hexa_769                     -27.9571                7.7524              0.7752
2020_Townsend_3284-hexa_770                     -32.9042                4.0267              0.4027
2020_Townsend_3285-hexa_771                     -27.2380                3.0616              0.3062
2020_Townsend_3286-hexa_772                     -30.9218                3.2331              0.3233
2020_Townsend_3287-hexa_773                     -39.8602                4.3512              0.4351
2020_Townsend_3288-hexa_774                     -31.7937                2.4026              0.2403
2020_Townsend_3289-hexa_775                     -21.4061                4.6379              0.4638
2020_Townsend_3290-hexa_776                     -27.4956                4.2348              0.4235
2020_Townsend_3291-hexa_777                     -31.3582                3.3568              0.3357
2020_Townsend_3292-hexa_778                     -25.4392                1.9465              0.1946
2020_Townsend_3293-hexa_779                     -23.6750                3.3146              0.3315
2020_Townsend_3294-hexa_780                     -23.1996                1.8593              0.1859
2020_Townsend_3295-hexa_781                     -29.1985                1.8421              0.1842
2020_Townsend_3296-hexa_782                     -26.8015                2.4081              0.2408
2020_Townsend_3297-hexa_783                     -26.6270                2.3464              0.2346
2020_Townsend_3298-hexa_784                     -18.8983                4.2132              0.4213
2020_Townsend_3299-hexa_785                     -20.7061                3.5626              0.3563
2020_Townsend_3300-hexa_786                     -20.6680                1.8846              0.1885
2020_Townsend_3301-hexa_787                     -23.3766                1.9868              0.1987
2020_Townsend_3302-hexa_788                     -34.7467                2.8687              0.2869
2020_Townsend_3303-hexa_789                     -24.2243                2.4082              0.2408
2020_Townsend_3304-hexa_790                     -20.5181                2.7263              0.2726
2020_Townsend_3305-hexa_791                     -26.1940                4.6277              0.4628
2020_Townsend_3306-hexa_792                     -21.2246                3.0008              0.3001
2020_Townsend_3307-hexa_793                     -17.5396                1.6714              0.1671
2020_Townsend_3308-hexa_794                     -20.7171                2.7493              0.2749
2020_Townsend_3309-hexa_795                     -33.8123                4.7745              0.4775
2020_Townsend_3310-hexa_796                     -26.1820                3.8481              0.3848
2020_Townsend_3311-hexa_797                     -28.3309                1.9826              0.1983
2020_Townsend_3312-hexa_798                     -18.1648                1.8906              0.1891
2020_Townsend_3313-hexa_799                     -28.6879                2.1900              0.2190
2020_Townsend_3314-hexa_800                     -22.9719                2.2282              0.2228
2020_Townsend_3315-hexa_801                     -25.2740                1.7803              0.1780
2020_Townsend_3316-hexa_802                     -23.2030                2.8740              0.2874
2020_Townsend_3317-hexa_803                     -24.4085                3.1383              0.3138
2020_Townsend_3318-hexa_804                     -32.8542                2.5465              0.2546
2020_Townsend_3319-hexa_805                     -23.8115                4.2422              0.4242
2020_Townsend_3320-hexa_806                     -22.2933                3.9908              0.3991
2020_Townsend_3321-hexa_807                     -34.4926                3.3061              0.3306
2020_Townsend_3322-hexa_808                     -21.8377                1.6030              0.1603
2020_Townsend_3323-hexa_809                     -22.5181                1.6713              0.1671
2020_Townsend_3324-hexa_810                     -28.8313                1.4649              0.1465
2020_Townsend_3325-hexa_811                     -23.9396                4.3787              0.4379
2020_Townsend_3326-hexa_812                     -24.4975                1.1112              0.1111
2020_Townsend_3327-hexa_813                     -24.4916                2.7209              0.2721
2020_Townsend_3328-hexa_814                     -24.3813                2.3319              0.2332
2020_Townsend_3329-hexa_815                     -23.4132                2.0256              0.2026
2020_Townsend_3330-hexa_816                     -28.3926                3.4244              0.3424
2020_Townsend_3331-hexa_817                     -32.6070                2.3529              0.2353
2020_Townsend_3332-hexa_818                     -24.3753                1.7732              0.1773
2020_Townsend_3333-hexa_819                     -19.8254                2.1324              0.2132
2020_Townsend_3334-hexa_820                     -22.9708                2.3504              0.2350
2020_Townsend_3335-hexa_821                     -22.9172                4.0874              0.4087
2020_Townsend_3336-hexa_822                     -34.6474                3.3675              0.3367
2020_Townsend_3337-hexa_823                     -18.1042                1.6288              0.1629
2020_Townsend_3338-hexa_824                     -18.2865                1.8673              0.1867
2020_Townsend_3339-hexa_825                     -19.2894                3.7394              0.3739
2020_Townsend_3340-hexa_826                     -21.5085                2.2003              0.2200
2020_Townsend_3341-hexa_827                     -21.9094                2.0673              0.2067
2020_Townsend_3342-hexa_828                     -20.6156                2.1157              0.2116
2020_Townsend_3343-hexa_829                     -22.5604                4.1591              0.4159
2020_Townsend_3344-hexa_830                     -20.1775                1.5871              0.1587
2020_Townsend_3345-hexa_831                     -28.8313                3.7407              0.3741
2020_Townsend_3346-hexa_832                     -24.5213                1.3225              0.1322
2020_Townsend_3347-hexa_833                     -24.7279                1.5888              0.1589
2020_Townsend_3348-hexa_834                     -22.9247                2.7420              0.2742
2020_Townsend_3349-hexa_835                     -22.9670                2.4367              0.2437
2020_Townsend_3350-hexa_836                     -17.8369                4.6330              0.4633
2020_Townsend_3351-hexa_837                     -15.6359                1.6160              0.1616
2020_Townsend_3352-hexa_838                     -13.4662                1.4724              0.1472
2020_Townsend_3353-hexa_839                     -43.5191                4.2429              0.4243
2020_Townsend_3354-hexa_840                     -31.3317                5.1603              0.5160
2020_Townsend_3355-hexa_841                     -16.4345                1.6416              0.1642
2020_Townsend_3356-hexa_842                     -23.1978                2.0172              0.2017
2020_Townsend_3357-hexa_843                     -17.9808                1.9992              0.1999
2020_Townsend_3358-hexa_844                     -18.5061                2.1771              0.2177
2020_Townsend_3359-hexa_845                     -23.2580                2.5564              0.2556
2020_Townsend_3360-hexa_846                     -14.1880                2.4409              0.2441
2020_Townsend_3361-hexa_847                     -27.0435                3.9804              0.3980
2020_Townsend_3362-hexa_848                     -28.7319                6.1797              0.6180
2020_Townsend_3363-hexa_849                     -33.0550                6.1256              0.6126
2020_Townsend_3364-hexa_850                     -26.7105                2.9040              0.2904
2020_Townsend_3365-hexa_851                     -16.6119                1.7687              0.1769
2020_Townsend_3366-hexa_852                     -30.8320                2.9925              0.2993
2020_Townsend_3367-hexa_853                     -29.4785                3.6378              0.3638
2020_Townsend_3368-hexa_854                     -29.6662                3.2106              0.3211
2020_Townsend_3369-hexa_855                     -17.4007                1.8276              0.1828
2020_Townsend_3370-hexa_856                     -16.4972                1.7505              0.1751
2020_Townsend_3371-hexa_857                     -28.9055                1.8320              0.1832
2020_Townsend_3372-hexa_858                     -27.1601                3.4475              0.3447
2020_Townsend_3373-hexa_859                     -25.2002                2.3002              0.2300
2020_Townsend_3374-hexa_860                     -28.0982                3.3220              0.3322
2020_Townsend_3375-hexa_861                     -29.4857                2.7184              0.2718
2020_Townsend_3376-hexa_862                     -18.6225                2.4547              0.2455
2020_Townsend_3377-hexa_863                     -13.7695                1.9920              0.1992
2020_Townsend_3378-hexa_864                     -34.0089                3.8622              0.3862
2020_Townsend_3379-hexa_865                     -23.2427                3.6852              0.3685
2020_Townsend_3380-hexa_866                     -27.5716                2.5823              0.2582
2020_Townsend_3381-hexa_867                     -25.2275                2.5758              0.2576
2020_Townsend_3382-hexa_868                     -23.5765                1.9830              0.1983
2020_Townsend_3383-hexa_869                     -13.6872                1.7395              0.1740
2020_Townsend_3384-hexa_870                     -44.8319                3.6111              0.3611
2020_Townsend_3385-hexa_871                     -27.3588                3.0430              0.3043
2020_Townsend_3386-hexa_872                     -24.8488                3.3803              0.3380
2020_Townsend_3387-hexa_873                     -27.9957                3.4663              0.3466
2020_Townsend_3388-hexa_874                     -29.7892                2.7381              0.2738
2020_Townsend_3389-hexa_875                     -30.7332                2.0579              0.2058
2020_Townsend_3390-hexa_876                     -17.6152                2.1331              0.2133
2020_Townsend_3391-hexa_877                     -23.3967                2.7669              0.2767
2020_Townsend_3392-hexa_878                     -24.3271                2.7920              0.2792
2020_Townsend_3393-hexa_879                     -23.3159                3.2569              0.3257
2020_Townsend_3394-hexa_880                     -30.6201                2.5798              0.2580
2020_Townsend_3395-hexa_881                     -44.1466                2.5332              0.2533
2020_Townsend_3396-hexa_882                     -31.2937                4.2450              0.4245
2020_Townsend_3397-hexa_883                     -23.4117                2.0645              0.2065
2020_Townsend_3398-hexa_884                     -26.0196                1.9782              0.1978
2020_Townsend_3399-hexa_885                     -16.9079                1.6534              0.1653
2020_Townsend_3400-hexa_886                     -28.7141                3.9879              0.3988
2020_Townsend_3401-hexa_887                     -32.7895                3.5459              0.3546
2020_Townsend_3402-hexa_888                     -42.9899                4.0063              0.4006
2020_Townsend_3403-hexa_889                     -32.1965                2.6104              0.2610
2020_Townsend_3404-hexa_890                     -19.7960                2.4795              0.2479
2020_Townsend_3405-hexa_891                     -35.3104                5.4259              0.5426
2020_Townsend_3406-hexa_892                     -44.7413                3.6221              0.3622
2020_Townsend_3407-hexa_893                     -40.3198                3.4149              0.3415
2020_Townsend_3408-hexa_894                     -29.7935                3.3775              0.3378
2020_Townsend_3409-hexa_895                     -39.8677                3.4845              0.3485
2020_Townsend_3410-hexa_896                     -38.7182                2.9285              0.2928
2020_Townsend_3411-hexa_897                     -30.2541                3.4750              0.3475
2020_Townsend_3412-hexa_898                     -25.4348                1.6954              0.1695
2020_Townsend_3413-hexa_899                     -35.7972                2.1637              0.2164
2020_Townsend_3414-hexa_900                     -22.9104                4.1255              0.4126
2020_Townsend_3415-hexa_901                     -22.7731                3.0773              0.3077
2020_Townsend_3416-hexa_902                     -22.5533                3.3381              0.3338
2020_Townsend_3417-hexa_903                     -38.5368                3.1101              0.3110
2020_Townsend_3418-hexa_904                     -25.0905                2.6281              0.2628
2020_Townsend_3419-hexa_905                     -31.4566                2.3590              0.2359
2020_Townsend_3420-hexa_906                     -23.8413                3.8079              0.3808
2020_Townsend_3421-hexa_907                     -27.2743                1.7190              0.1719
2020_Townsend_3422-hexa_908                     -32.2737                2.9242              0.2924
2020_Townsend_3423-hexa_909                     -25.0814                2.2023              0.2202
2020_Townsend_3424-hexa_910                     -23.2923                1.6211              0.1621
2020_Townsend_3425-hexa_911                     -24.1365                3.0777              0.3078
2020_Townsend_3426-hexa_912                     -20.5999                2.2608              0.2261
2020_Townsend_3427-hexa_913                     -34.5027                3.4923              0.3492
2020_Townsend_3428-hexa_914                     -30.5125                2.7772              0.2777
2020_Townsend_3429-hexa_915                     -20.9586                1.8684              0.1868
2020_Townsend_3430-hexa_916                     -20.8260                1.4973              0.1497
2020_Townsend_3431-hexa_917                     -20.9495                2.3172              0.2317
2020_Townsend_3432-hexa_918                     -19.5157                2.6684              0.2668
2020_Townsend_3433-hexa_919                     -23.9677                2.1479              0.2148
2020_Townsend_3434-hexa_920                     -17.0514                1.9867              0.1987
2020_Townsend_3435-hexa_921                     -38.5814                6.2818              0.6282
2020_Townsend_3436-hexa_922                     -42.4891                3.0175              0.3018
2020_Townsend_3437-hexa_923                     -22.6771                2.4193              0.2419
2020_Townsend_3438-hexa_924                     -20.3968                2.0081              0.2008
2020_Townsend_3439-hexa_925                     -27.1087                2.9357              0.2936
2020_Townsend_3440-hexa_926                     -30.9546                3.5608              0.3561
2020_Townsend_3441-hexa_927                     -34.4673                5.8493              0.5849
2020_Townsend_3442-hexa_928                     -20.5471                2.4674              0.2467
2020_Townsend_3443-hexa_929                     -18.1146                1.7141              0.1714
2020_Townsend_3444-hexa_930                     -19.3497                2.0322              0.2032
2020_Townsend_3445-hexa_931                     -21.0976                1.9643              0.1964
2020_Townsend_3446-hexa_932                     -17.9480                2.1216              0.2122
2020_Townsend_3447-hexa_933                     -37.3897                4.9617              0.4962
2020_Townsend_3448-hexa_934                     -32.8034                4.3220              0.4322
2020_Townsend_3449-hexa_935                     -15.6256                2.8346              0.2835
2020_Townsend_3450-hexa_936                     -35.0028                2.9900              0.2990
2020_Townsend_3451-hexa_937                     -26.9157                3.6608              0.3661
2020_Townsend_3452-hexa_938                     -25.5954                2.0223              0.2022
2020_Townsend_3453-hexa_939                     -19.2603                3.6248              0.3625
2020_Townsend_3454-hexa_940                     -18.9688                1.5990              0.1599
2020_Townsend_3455-hexa_941                     -24.1206                2.9550              0.2955
2020_Townsend_3456-hexa_942                     -25.9318                2.5466              0.2547
2020_Townsend_3457-hexa_943                     -14.2711                1.7407              0.1741
2020_Townsend_3458-hexa_944                     -26.3628                1.8956              0.1896
2020_Townsend_3459-hexa_945                     -32.1734                2.2796              0.2280
2020_Townsend_3460-hexa_946                     -24.6084                2.6028              0.2603
2020_Townsend_3461-hexa_947                     -30.9240                2.2790              0.2279
2020_Townsend_3462-hexa_948                     -21.9084                2.7366              0.2737
2020_Townsend_3463-hexa_949                     -22.9345                2.3652              0.2365
2020_Townsend_3464-hexa_950                     -34.4908                3.7552              0.3755
2020_Townsend_3465-hexa_951                     -27.1050                1.8883              0.1888
2020_Townsend_3466-hexa_952                     -28.0324                2.0832              0.2083
2020_Townsend_3467-hexa_953                     -31.6797                2.5359              0.2536
2020_Townsend_3468-hexa_954                     -22.1564                1.7863              0.1786
2020_Townsend_3469-hexa_955                     -24.6519                2.8480              0.2848
2020_Townsend_3470-hexa_956                     -17.4551                1.7661              0.1766
2020_Townsend_3471-hexa_957                     -26.5500                2.5292              0.2529
2020_Townsend_3472-hexa_958                     -25.9501                3.2903              0.3290
2020_Townsend_3473-hexa_959                     -22.5216                1.3276              0.1328
2020_Townsend_3474-hexa_960                     -21.9724                1.7009              0.1701
2020_Townsend_3475-hexa_961                     -22.9527                3.4618              0.3462
2020_Townsend_3476-hexa_962                     -17.2948                2.5551              0.2555
2020_Townsend_3477-hexa_963                     -30.9603                2.9661              0.2966
2020_Townsend_3478-hexa_964                     -36.9416                3.7449              0.3745
2020_Townsend_3479-hexa_965                     -21.3939                1.9050              0.1905
2020_Townsend_3480-hexa_966                     -39.4570                4.4503              0.4450
2020_Townsend_3481-hexa_967                     -24.4068                4.7713              0.4771
2020_Townsend_3482-hexa_968                     -28.4363                3.2287              0.3229
2020_Townsend_3483-hexa_969                     -29.1817                2.1625              0.2162
2020_Townsend_3484-hexa_970                     -23.5743                2.4504              0.2450
2020_Townsend_3485-hexa_971                     -18.8067                1.9911              0.1991
2020_Townsend_3486-hexa_972                     -32.3155                3.1833              0.3183
2020_Townsend_3487-hexa_973                     -38.6421                2.9632              0.2963
2020_Townsend_3488-hexa_974                     -28.9520                3.9344              0.3934
2020_Townsend_3489-hexa_975                     -22.7540                1.6443              0.1644
2020_Townsend_3490-hexa_976                     -29.1966                6.3533              0.6353
2020_Townsend_3491-hexa_977                     -27.3054                2.1198              0.2120
2020_Townsend_3492-hexa_978                     -23.6920                1.9113              0.1911
2020_Townsend_3493-hexa_979                     -37.8545                3.6927              0.3693
2020_Townsend_3494-hexa_980                     -26.3463                2.9265              0.2927
2020_Townsend_3495-hexa_981                     -32.4739                2.7370              0.2737
2020_Townsend_3496-hexa_982                     -21.0620                2.1324              0.2132
2020_Townsend_3497-hexa_983                     -22.4693                2.9388              0.2939
2020_Townsend_3498-hexa_984                     -26.0450                3.1474              0.3147
2020_Townsend_3499-hexa_985                     -24.4292                2.9247              0.2925
2020_Townsend_3500-hexa_986                     -22.4854                1.8282              0.1828
2020_Townsend_3501-hexa_987                     -22.4764                3.8192              0.3819
2020_Townsend_3502-hexa_988                     -25.7054                2.4920              0.2492
2020_Townsend_3503-hexa_989                     -26.2169                2.3200              0.2320
2020_Townsend_3504-hexa_990                     -23.0532                3.8207              0.3821
2020_Townsend_3505-hexa_991                     -33.7234                4.7366              0.4737
2020_Townsend_3506-hexa_992                     -24.5527                2.3656              0.2366
2020_Townsend_3507-hexa_993                     -22.5242                1.9872              0.1987
2020_Townsend_3508-hexa_994                     -23.1061                2.0286              0.2029
2020_Townsend_3509-hexa_995                     -21.0355                2.5154              0.2515
2020_Townsend_3510-hexa_996                     -24.7126                2.0995              0.2099
2020_Townsend_3511-hexa_997                     -19.5419                2.4046              0.2405
2020_Townsend_3512-hexa_998                     -16.2049                1.7488              0.1749
2020_Townsend_3513-hexa_999                     -27.6329                2.1113              0.2111
2020_Townsend_3514-hexa_1000                     -21.2749                3.0295              0.3030
2020_Townsend_3515-hexa_1001                     -23.7920                3.0005              0.3001
2020_Townsend_3516-hexa_1002                     -23.8273                2.9530              0.2953
2020_Townsend_3517-hexa_1003                     -29.5384                1.9214              0.1921
2020_Townsend_3518-hexa_1004                     -19.9342                1.6372              0.1637
2020_Townsend_3519-hexa_1005                     -16.8486                1.8832              0.1883
2020_Townsend_3520-hexa_1006                     -19.6122                1.9405              0.1940
2020_Townsend_3521-hexa_1007                     -21.4074                1.3578              0.1358
2020_Townsend_3522-hexa_1008                     -21.0086                1.7550              0.1755
2020_Townsend_3523-hexa_1009                     -27.9457                2.1766              0.2177
2020_Townsend_3524-hexa_1010                     -32.6237                4.1948              0.4195
2020_Townsend_3525-hexa_1011                     -23.7420                2.6256              0.2626
2020_Townsend_3526-hexa_1012                     -22.2402                2.0169              0.2017
2020_Townsend_3527-hexa_1013                     -19.5684                1.8080              0.1808
2020_Townsend_3528-hexa_1014                     -25.7481                2.6142              0.2614
2020_Townsend_3529-hexa_1015                     -17.1836                1.4795              0.1480
2020_Townsend_3530-hexa_1016                     -27.4152                2.2750              0.2275
2020_Townsend_3531-hexa_1017                     -22.1341                5.8616              0.5862
2020_Townsend_3532-hexa_1018                     -22.8869                2.3190              0.2319
2020_Townsend_3533-hexa_1019                     -37.0839                2.8700              0.2870
2020_Townsend_3534-hexa_1020                     -28.3495                2.5375              0.2538
2020_Townsend_3535-hexa_1021                     -25.2743                2.4986              0.2499
2020_Townsend_3536-hexa_1022                     -18.4168                1.6243              0.1624
2020_Townsend_3537-hexa_1023                     -21.1719                2.4935              0.2494
2020_Townsend_3538-hexa_1024                     -20.9557                2.5687              0.2569
2020_Townsend_3539-hexa_1025                     -33.4518                3.5344              0.3534
2020_Townsend_3540-hexa_1026                     -29.8485                2.7900              0.2790
2020_Townsend_3541-hexa_1027                     -26.7084                2.1726              0.2173
2020_Townsend_3542-hexa_1028                     -21.1397                2.6626              0.2663
2020_Townsend_3543-hexa_1029                     -24.2392                2.4862              0.2486
2020_Townsend_3544-hexa_1030                     -26.7558                1.6613              0.1661
2020_Townsend_3545-hexa_1031                     -19.9879                1.7539              0.1754
2020_Townsend_3546-hexa_1032                     -15.3022                1.7322              0.1732
2020_Townsend_3547-hexa_1033                     -24.7449                2.8610              0.2861
2020_Townsend_3548-hexa_1034                     -26.1806                2.0432              0.2043
2020_Townsend_3549-hexa_1035                     -27.4282                1.7102              0.1710
2020_Townsend_3550-hexa_1036                     -31.8766                2.1924              0.2192
2020_Townsend_3551-hexa_1037                     -28.4493                1.9255              0.1926
2020_Townsend_3552-hexa_1038                     -22.3862                2.5242              0.2524
2020_Townsend_3553-hexa_1039                     -29.2418                3.2234              0.3223
2020_Townsend_3554-hexa_1040                     -33.2993                2.7835              0.2783
2020_Townsend_3555-hexa_1041                     -22.1730                1.8947              0.1895
2020_Townsend_3556-hexa_1042                     -19.4269                1.6264              0.1626
2020_Townsend_3557-hexa_1043                     -30.9201                4.1183              0.4118
2020_Townsend_3558-hexa_1044                     -23.1893                2.8276              0.2828
2020_Townsend_3559-hexa_1045                     -27.9078                2.1938              0.2194
2020_Townsend_3560-hexa_1046                     -24.1156                4.3242              0.4324
2020_Townsend_3561-hexa_1047                     -26.2733                2.0613              0.2061
2020_Townsend_3562-hexa_1048                     -23.7583                1.7513              0.1751
2020_Townsend_3563-hexa_1049                     -22.0726                1.8442              0.1844
2020_Townsend_3564-hexa_1050                     -20.2518                1.9537              0.1954
2020_Townsend_3565-hexa_1051                     -28.8339                3.2454              0.3245
2020_Townsend_3566-hexa_1052                     -24.9217                2.6350              0.2635
2020_Townsend_3567-hexa_1053                     -21.9112                2.2899              0.2290
2020_Townsend_3568-hexa_1054                     -33.0675                3.3613              0.3361
2020_Townsend_3569-hexa_1055                     -25.8215                2.4793              0.2479
2020_Townsend_3570-hexa_1056                     -38.7495                3.2554              0.3255
2020_Townsend_3571-hexa_1057                     -24.8388                2.0139              0.2014
2020_Townsend_3572-hexa_1058                     -29.9874                2.8723              0.2872
2020_Townsend_3573-hexa_1059                     -31.7770                3.1456              0.3146
2020_Townsend_3574-hexa_1060                     -27.9937                2.2343              0.2234
2020_Townsend_3575-hexa_1061                     -25.5206                2.3158              0.2316
2020_Townsend_3576-hexa_1062                     -32.8218                3.1725              0.3172
Kelly_5670_1                     -33.1154                3.0094              0.3009
Kelly_5671_1                     -35.4151                3.4902              0.3490
Kelly_5672_1                     -29.1365                4.0972              0.4097
Kelly_5673_1                     -30.7693                2.7560              0.2756
Kelly_5674_1                     -44.8760                3.4108              0.3411
Kelly_5675_1                     -36.9499                3.5218              0.3522
Kelly_5676_1                     -28.1020                3.8386              0.3839
Kelly_5677_1                     -28.1860                4.8960              0.4896
Kelly_5678_1                     -34.8500                6.1745              0.6174
Kelly_5679_1                     -29.9599                3.4151              0.3415
Kelly_5680_1                     -43.7203                4.9477              0.4948
Kelly_5681_1                     -29.3145                3.4239              0.3424
Kelly_5682_1                     -34.4954                2.8803              0.2880
Kelly_5683_1                     -38.1937                3.3425              0.3342
Kelly_5684_1                     -33.0493                3.3036              0.3304
Kelly_5685_1                     -31.0791                7.2505              0.7251
Kelly_5686_1                     -33.2091                3.4028              0.3403
Kelly_5687_1                     -31.1386                2.9961              0.2996
Kelly_5688_1                     -33.0122                3.1672              0.3167
Kelly_5689_1                     -26.7278                2.7452              0.2745
Kelly_5690_1                     -30.1142                2.9533              0.2953
Kelly_5691_1                     -28.3167                3.0803              0.3080
Kelly_5692_1                     -14.9711                2.8588              0.2859
Kelly_5693_1                     -34.6131                5.7102              0.5710
Kelly_5694_1                     -33.2850                5.6128              0.5613
Kelly_5695_1                     -25.6883                3.2932              0.3293
Kelly_5696_1                     -32.8537                8.1026              0.8103
Kelly_5697_1                     -29.9761                4.7708              0.4771
Kelly_5698_1                     -35.0828                4.3705              0.4371
Kelly_5699_1                     -37.3094                3.5486              0.3549
Kelly_5700_1                     -36.6089                3.4875              0.3487
Kelly_5701_1                     -35.5741                4.4294              0.4429
Kelly_5702_1                     -28.2154                3.6376              0.3638
Kelly_5703_1                     -29.7419                5.1965              0.5197
Kelly_5704_1                     -40.6865                4.7059              0.4706
Kelly_5705_1                     -27.3529                4.0295              0.4030
Kelly_5706_1                     -36.4958                3.2763              0.3276
Kelly_5707_1                     -29.1145                3.1536              0.3154
Kelly_5708_1                     -26.6788                5.2310              0.5231
Kelly_5709_1                     -26.5147                4.4047              0.4405
Kelly_5710_1                     -30.4220                6.7253              0.6725
Kelly_5711_1                     -31.1208                3.4256              0.3426
Kelly_5712_1                     -26.1960                3.6078              0.3608
Kelly_5713_1                     -31.7297                3.6983              0.3698
Kelly_5714_1                     -28.1537                7.8754              0.7875
Kelly_5715_1                     -29.1997                2.6060              0.2606
Kelly_5716_1                     -32.2844                2.6783              0.2678
Kelly_5717_1                     -26.6430                2.3796              0.2380
Kelly_5718_1                     -39.0646                2.3573              0.2357
Kelly_5719_1                     -26.2196                5.7861              0.5786
Kelly_5720_1                     -25.8649                3.0220              0.3022
Kelly_5721_1                     -24.6113                3.4606              0.3461
Kelly_5722_1                     -31.9332                3.1667              0.3167
Kelly_5723_1                     -32.7092                4.0564              0.4056
Kelly_5724_1                     -33.3203                5.3762              0.5376
Kelly_5725_1                     -35.0020                3.2865              0.3286
Kelly_5726_1                     -29.1403                3.4361              0.3436
Kelly_5727_1                     -27.9772                2.2993              0.2299
Kelly_5728_1                     -29.3253                3.0598              0.3060
Kelly_5729_1                     -30.4506                5.2944              0.5294
Kelly_5730_1                     -29.3887                2.8587              0.2859
Kelly_5731_1                     -32.8240                2.8487              0.2849
Kelly_5732_1                     -38.3471                3.7976              0.3798
Kelly_5733_1                     -23.9265                2.5287              0.2529
Kelly_5734_1                     -38.9267                4.3423              0.4342
Kelly_5735_1                     -33.4638                3.5442              0.3544
Kelly_5736_1                     -26.0595                2.8169              0.2817
Kelly_5737_1                     -23.6181                3.3165              0.3317
Kelly_5738_1                     -24.7854                2.9948              0.2995
Kelly_5739_1                     -25.7555                3.8794              0.3879
Kelly_5740_1                     -31.7797                3.1344              0.3134
Kelly_5741_1                     -31.1516                2.5424              0.2542
Kelly_5742_1                     -25.0548                3.3228              0.3323
Kelly_5743_1                     -22.4720                2.6628              0.2663
Kelly_5744_1                     -23.6398                2.5461              0.2546
Kelly_5745_1                     -29.0665                2.5970              0.2597
Kelly_5746_1                     -30.0969                2.2616              0.2262
Kelly_5747_1                     -24.9370                2.8276              0.2828
Kelly_5748_1                     -30.4309                4.0467              0.4047
Kelly_5749_1                     -26.0456                3.1979              0.3198
Kelly_5750_1                     -33.8701                6.4501              0.6450
Kelly_5751_1                     -20.2417                3.3653              0.3365
Kelly_5752_1                     -31.2843                2.9428              0.2943
Kelly_5753_1                     -18.8749                4.9825              0.4982
Kelly_5754_1                     -32.4506                2.9548              0.2955
Kelly_5755_1                     -26.9952                2.7825              0.2782
Kelly_5756_1                     -20.4285                2.8841              0.2884
Kelly_5757_1                     -26.7761                2.8035              0.2803
Kelly_5758_1                     -28.7512                3.7530              0.3753
Kelly_5759_1                     -31.1501                3.1014              0.3101
Kelly_5760_1                     -25.2609                5.2926              0.5293
Kelly_5761_1                     -37.3934                4.5809              0.4581
Kelly_5762_1                     -24.4029                3.2418              0.3242
Kelly_5763_1                     -12.0388                1.6482              0.1648
Kelly_5764_1                     -31.8356                4.9528              0.4953
Kelly_5765_1                     -47.5567                3.7200              0.3720
Kelly_5766_1                     -40.2440                3.0904              0.3090
Kelly_5767_1                     -37.0246                5.2716              0.5272
Kelly_5768_1                     -37.3608                2.7137              0.2714
Kelly_5769_1                     -30.9154                2.6394              0.2639
Kelly_5770_1                     -27.9675                6.9324              0.6932
Kelly_5771_1                     -14.7968                2.8477              0.2848
Kelly_5772_1                     -30.9590                4.8255              0.4826
Kelly_5773_1                     -38.6634                3.1644              0.3164
Kelly_5774_1                     -28.7653                4.6487              0.4649
Kelly_5775_1                     -34.3139                3.1552              0.3155
Kelly_5776_1                     -32.5304                3.5893              0.3589
Kelly_5777_1                     -24.2583                2.8847              0.2885
Kelly_5778_1                     -40.6603                3.3760              0.3376
Kelly_5779_1                     -27.5330                3.1212              0.3121
Kelly_5780_1                     -34.9044                3.3864              0.3386
Kelly_5781_1                     -34.6818                3.8790              0.3879
Kelly_5782_1                     -36.6197                5.3483              0.5348
Kelly_5783_1                     -19.4906                2.4603              0.2460
Kelly_5784_1                     -26.0563                3.4134              0.3413
Kelly_5785_1                     -33.8210                3.9616              0.3962
Kelly_5786_1                     -32.5714                3.8394              0.3839
Kelly_5787_1                     -39.0907                3.9234              0.3923
Kelly_5788_1                     -36.9828                6.9816              0.6982
Kelly_5789_1                     -22.4668                2.7088              0.2709
Kelly_5790_1                     -38.9069                3.9592              0.3959
Kelly_5791_1                     -25.1842                3.8311              0.3831
Kelly_5792_1                     -31.0546                3.7288              0.3729
Kelly_5793_1                     -25.4428                4.0406              0.4041
Kelly_5794_1                     -32.5047                2.7205              0.2720
Kelly_5795_1                     -40.3223                4.2784              0.4278
Kelly_5796_1                     -32.6785                2.8232              0.2823
Kelly_5797_1                     -28.5661                2.6624              0.2662
Kelly_5798_1                     -26.9406                2.2521              0.2252
Kelly_5799_1                     -19.6334                3.3048              0.3305
Kelly_5800_1                     -24.7542                5.9269              0.5927
Kelly_5801_1                     -37.4934                5.0179              0.5018
Kelly_5802_1                     -24.3296                4.1058              0.4106
Kelly_5803_1                     -25.4740                4.4193              0.4419
Kelly_5804_1                     -33.5005                3.0692              0.3069
Kelly_5805_1                     -27.1463                3.4932              0.3493
Kelly_5806_1                     -31.7326                4.6475              0.4648
Kelly_5807_1                     -28.5384                2.6988              0.2699
Kelly_5808_1                     -25.4044                4.4446              0.4445
Kelly_5809_1                     -35.6073                2.8936              0.2894
Kelly_5810_1                     -23.0832                5.5147              0.5515
Kelly_5811_1                     -19.5504                2.8918              0.2892
Kelly_5812_1                     -25.3786                4.0764              0.4076
Kelly_5813_1                     -29.2985                4.2714              0.4271
Kelly_5814_1                     -20.0903                3.0537              0.3054
Kelly_5815_1                     -27.3626                4.1015              0.4102
Kelly_5816_1                     -21.5960                4.4206              0.4421
Kelly_5817_1                     -38.4094                3.7985              0.3798
Kelly_5818_1                     -21.0058                2.7859              0.2786
Kelly_5819_1                     -26.2930                2.5916              0.2592
Kelly_5820_1                     -19.5355                5.0804              0.5080
Kelly_5821_1                     -17.9136                3.6331              0.3633
Kelly_5822_1                     -22.6098                2.1646              0.2165
Kelly_5823_1                     -25.4978                3.8028              0.3803
Kelly_5824_1                     -25.3501                5.3436              0.5344
Kelly_5825_1                     -30.1337                2.7025              0.2703
Kelly_5826_1                     -30.0050                5.5267              0.5527
Kelly_5827_1                     -24.6500                2.9369              0.2937
Kelly_5828_1                     -31.8958                6.4062              0.6406
Kelly_5829_1                     -22.6885                3.2565              0.3256
Kelly_5830_1                     -28.7828                2.9420              0.2942
Kelly_5831_1                     -31.4510                3.0419              0.3042
Kelly_5832_1                     -21.3235                3.3587              0.3359
Kelly_5833_1                     -29.9767                4.0034              0.4003
Kelly_5834_1                     -16.6370                3.3835              0.3384
Kelly_5835_1                     -31.2683                3.7578              0.3758
Kelly_5836_1                     -20.7797                3.0339              0.3034
Kelly_5837_1                     -30.2541                3.8075              0.3808
Kelly_5838_1                     -29.9568                4.3389              0.4339
Kelly_5839_1                     -24.8588                3.7379              0.3738
Kelly_5840_1                     -28.9953                2.7427              0.2743
Kelly_5841_1                     -22.6995                2.9807              0.2981
Kelly_5842_1                     -27.4545                2.4410              0.2441
Kelly_5843_1                     -21.9834                3.1151              0.3115
Kelly_5844_1                     -31.8614                4.1991              0.4199
Kelly_5845_1                     -40.6687                4.6055              0.4605
Kelly_5846_1                     -36.6307                5.3786              0.5379
Kelly_5847_1                     -21.2708                3.6323              0.3632
Kelly_5848_1                     -42.5598                5.3984              0.5398
Kelly_5849_1                     -27.3435                4.2625              0.4263
Kelly_5850_1                     -35.6018                5.4132              0.5413
Kelly_5851_1                     -36.8752                3.8708              0.3871
Kelly_5852_1                     -35.2095                4.6951              0.4695
Kelly_5853_1                     -27.5805                6.1391              0.6139
Kelly_5854_1                     -30.3351                5.5194              0.5519
Kelly_5855_1                     -28.3747                3.4151              0.3415
Kelly_5856_1                     -19.8852                2.5564              0.2556
Kelly_5857_1                     -26.9243                4.6779              0.4678
Kelly_5858_1                     -31.3048                3.3519              0.3352
Kelly_5859_1                     -28.9589                3.8261              0.3826
Kelly_5860_1                     -29.8333                3.1052              0.3105
Kelly_5861_1                     -28.5554                3.1294              0.3129
Kelly_5862_1                     -22.9718                5.8770              0.5877
Kelly_5863_1                     -28.1536                3.0279              0.3028
Kelly_5864_1                     -34.6442                4.9720              0.4972
Kelly_5865_1                     -47.4478                3.9266              0.3927
Kelly_5866_1                     -31.5336                3.8385              0.3838
Kelly_5867_1                     -33.4986                3.5868              0.3587
Kelly_5868_1                     -35.8009                5.4794              0.5479
Kelly_5869_1                     -25.8483                4.4921              0.4492
Kelly_5870_1                     -31.6968                3.3151              0.3315
Kelly_5871_1                     -43.0993                4.7846              0.4785
Kelly_5872_1                     -27.6426                3.8214              0.3821
Kelly_5873_1                     -34.7263                5.0296              0.5030
Kelly_5874_1                     -36.3647                3.7769              0.3777
Kelly_5875_1                     -26.6004                4.1456              0.4146
Kelly_5876_1                     -20.6557                3.6562              0.3656
Kelly_5877_1                     -27.6486                5.9374              0.5937
Kelly_5878_1                     -19.8802                2.8610              0.2861
Kelly_5879_1                     -34.6834                3.7930              0.3793
Kelly_5880_1                     -24.8543                2.9471              0.2947
Kelly_5881_1                     -23.5686                4.6682              0.4668
Kelly_5882_1                     -29.1283                4.0232              0.4023
Kelly_5883_1                     -26.2481                4.7514              0.4751
Kelly_5884_1                     -21.6718                4.6537              0.4654
Kelly_5885_1                     -31.1076                2.8986              0.2899
Kelly_5886_1                     -20.5281                4.5784              0.4578
Kelly_5887_1                     -17.4944                3.5565              0.3557
Kelly_5888_1                     -23.9662                3.4207              0.3421
Kelly_5889_1                     -29.7118                2.6796              0.2680
Kelly_5890_1                     -31.7486                4.8091              0.4809
Kelly_5891_1                     -23.9847                4.9827              0.4983
Kelly_5892_1                     -25.5704                3.0268              0.3027
Kelly_5893_1                     -25.5282                2.8943              0.2894
Kelly_5894_1                     -23.9223                2.5313              0.2531
Kelly_5895_1                     -29.0342                3.0516              0.3052
Kelly_5896_1                     -44.3652                4.3359              0.4336
Kelly_5897_1                     -33.2280                4.1723              0.4172
Kelly_5898_1                     -27.2532                4.0273              0.4027
Kelly_5899_1                     -36.0905                3.5832              0.3583
Kelly_5900_1                     -23.7551                2.6913              0.2691
Kelly_5901_1                     -30.2976                3.0532              0.3053
Kelly_5902_1                     -31.7789                5.1667              0.5167
Kelly_5903_1                     -32.4034                2.8518              0.2852
Kelly_5904_1                     -28.0999                3.7891              0.3789
Kelly_5905_1                     -27.9053                4.3196              0.4320
Kelly_5906_1                     -21.2646                2.7987              0.2799
Kelly_5907_1                     -23.9480                2.8228              0.2823
Kelly_5908_1                     -23.7474                3.8334              0.3833
Kelly_5909_1                     -25.4937                3.3166              0.3317
Kelly_5910_1                     -27.5630                3.9262              0.3926
Kelly_5911_1                     -30.3892                2.9852              0.2985
Kelly_5912_1                     -21.0648                2.2081              0.2208
Kelly_5913_1                     -17.7450                3.5089              0.3509
Kelly_5914_1                     -32.7523                2.9971              0.2997
Kelly_5915_1                     -25.9840                3.5067              0.3507
Kelly_5916_1                     -31.6715                3.9723              0.3972
Kelly_5917_1                     -24.8003                3.3881              0.3388
Kelly_5918_1                     -31.9815                4.0320              0.4032
Kelly_5919_1                     -21.0606                4.3707              0.4371
Kelly_5920_1                     -23.0518                3.4989              0.3499
Kelly_5921_1                     -24.3273                5.3060              0.5306
Kelly_5922_1                     -26.7403                4.0453              0.4045
Kelly_5923_1                     -26.0528                2.7796              0.2780
Kelly_5924_1                     -26.1122                6.2620              0.6262
Kelly_5925_1                     -25.8972                3.7949              0.3795
Kelly_5926_1                     -30.9691                3.4639              0.3464
Kelly_5927_1                     -20.4199                4.3880              0.4388
Kelly_5928_1                     -20.0259                3.3408              0.3341
Kelly_5929_1                     -28.4223                5.2384              0.5238
Kelly_5930_1                     -31.4725                5.2531              0.5253
Kelly_5931_1                     -35.0260                5.9248              0.5925
Kelly_5932_1                     -30.8686                6.4538              0.6454
Kelly_5933_1                     -33.5502                6.0287              0.6029
Kelly_5934_1                     -32.1469                7.3926              0.7393
Kelly_5935_1                     -34.3044                4.3019              0.4302
Kelly_5936_1                     -31.8241                3.2680              0.3268
Kelly_5937_1                     -33.0869                3.7155              0.3715
Kelly_5938_1                     -36.5048                3.0502              0.3050
Kelly_5939_1                     -41.2734                2.9840              0.2984
Kelly_5940_1                     -32.2822                3.9765              0.3977
Kelly_5941_1                     -34.4600                4.0204              0.4020
Kelly_5942_1                     -35.9092                5.0842              0.5084
Kelly_5943_1                     -32.9606                3.5577              0.3558
Kelly_5944_1                     -33.8228                4.3783              0.4378
Kelly_5945_1                     -37.0404                4.6119              0.4612
Kelly_5946_1                     -22.6030                3.2885              0.3289
Kelly_5947_1                     -29.9473                3.2335              0.3233
Kelly_5948_1                     -23.0665                4.1246              0.4125
Kelly_5949_1                     -32.9057                5.0819              0.5082
Kelly_5950_1                     -30.1697                2.9105              0.2911
Kelly_5951_1                     -39.1909                7.7987              0.7799
Kelly_5952_1                     -25.4841                4.4085              0.4408
Kelly_5953_1                     -28.2573                3.0768              0.3077
Kelly_5954_1                     -30.4311                3.2152              0.3215
Kelly_5955_1                     -23.0659                3.9906              0.3991
Kelly_5956_1                     -29.6997                7.1867              0.7187
Kelly_5957_1                     -16.5814                3.8231              0.3823
Kelly_5958_1                     -22.7045                3.7257              0.3726
Kelly_5959_1                     -20.4042                4.4944              0.4494
Kelly_5960_1                     -25.0072                4.0838              0.4084
Kelly_5961_1                     -24.7284                3.0418              0.3042
Kelly_5962_1                     -29.9131                5.1824              0.5182
Kelly_5963_1                     -30.0553                3.2783              0.3278
Kelly_5964_1                     -33.9016                6.7232              0.6723
Kelly_5965_1                     -35.0012                3.4906              0.3491
Kelly_5966_1                     -12.9336                2.8140              0.2814
Kelly_5967_1                     -39.9732                3.6455              0.3645
Kelly_5968_1                     -25.5541                3.1724              0.3172
Kelly_5969_1                     -32.0331                5.2692              0.5269
Kelly_5970_1                     -24.5250                3.6295              0.3629
Kelly_5971_1                     -28.0623                3.2952              0.3295
Kelly_5972_1                     -28.6151                5.6882              0.5688
Kelly_5973_1                     -32.8117                3.9224              0.3922
Kelly_5974_1                     -23.1052                4.4583              0.4458
Kelly_5975_1                     -33.8461                4.7356              0.4736
Kelly_5976_1                     -38.2334                4.3314              0.4331
Kelly_5977_1                     -27.5598                2.8461              0.2846
Kelly_5978_1                     -35.1674                4.2097              0.4210
Kelly_5979_1                     -35.7530                5.6533              0.5653
Kelly_5980_1                     -37.2039                5.5430              0.5543
Kelly_5981_1                     -29.9655                3.8775              0.3878
Kelly_5982_1                     -24.1715                2.4255              0.2425
Kelly_5983_1                     -32.7539                3.8530              0.3853
Kelly_5984_1                     -38.2587                4.6565              0.4656
Kelly_5985_1                     -31.7284                3.8088              0.3809
Kelly_5986_1                     -27.5524                4.5413              0.4541
Kelly_5987_1                     -27.9421                4.3187              0.4319
Kelly_5988_1                     -31.5464                4.1068              0.4107
Kelly_5989_1                     -30.5848                7.1970              0.7197
Kelly_5990_1                     -36.0763                4.7576              0.4758
Kelly_5991_1                     -32.1383                3.9852              0.3985
Kelly_5992_1                     -35.9859                4.1522              0.4152
Kelly_5993_1                     -37.6182                4.6534              0.4653
Kelly_5994_1                     -26.0269                4.4932              0.4493
Kelly_5995_1                     -32.1202                2.7613              0.2761
Kelly_5996_1                     -45.6974               11.2277              1.1228
Kelly_5997_1                     -36.9715                9.2848              0.9285
Kelly_5998_1                     -40.7531                5.9858              0.5986
Kelly_5999_1                     -36.9007                4.4050              0.4405
Kelly_6000_1                     -43.0288                7.9528              0.7953
Kelly_6001_1                     -23.0387                4.9721              0.4972
Kelly_6002_1                     -37.4465                6.7023              0.6702
Kelly_6003_1                     -26.3003                3.2013              0.3201
Kelly_6004_1                     -23.8656                3.3254              0.3325
Kelly_6005_1                     -37.5914                6.4437              0.6444
Kelly_6006_1                     -24.4563                3.5872              0.3587
Kelly_6007_1                     -29.2157                4.4549              0.4455
Kelly_6008_1                     -24.5048                3.2843              0.3284
Kelly_6009_1                     -27.5728                3.3304              0.3330
Kelly_6010_1                     -32.7370                3.6431              0.3643
Kelly_6011_1                     -25.3385                4.0734              0.4073
Kelly_6012_1                     -32.3318                3.2055              0.3205
Kelly_6013_1                     -34.4647                4.9024              0.4902
Kelly_6014_1                     -23.4565                4.3465              0.4347
Kelly_6015_1                     -27.1188                3.0236              0.3024
Kelly_6016_1                     -25.1524                2.7460              0.2746
Kelly_6017_1                     -31.9194                4.1716              0.4172
Kelly_6018_1                     -28.4912                3.7401              0.3740
Kelly_6019_1                     -30.0611                4.4471              0.4447
Kelly_6020_1                     -21.7513                3.4396              0.3440
Kelly_6021_1                     -31.4079                3.1581              0.3158
Kelly_6022_1                     -27.4135                2.6679              0.2668
Kelly_6023_1                     -20.3592                3.0195              0.3020
Kelly_6024_1                     -18.0100                3.4050              0.3405
Kelly_6025_1                     -15.7674                3.2243              0.3224
Kelly_6026_1                     -34.7732                4.6053              0.4605
Kelly_6027_1                     -23.9818                3.9728              0.3973
Kelly_6028_1                     -38.9204                3.2291              0.3229
Kelly_6029_1                     -22.6759                3.6599              0.3660
Kelly_6030_1                     -33.9628                3.8132              0.3813
Kelly_6031_1                     -31.0664                6.3357              0.6336
Kelly_6032_1                     -28.8294                4.1391              0.4139
Kelly_6033_1                     -15.3550                2.3111              0.2311
Kelly_6034_1                     -22.9161                2.5522              0.2552
Kelly_6035_1                     -20.2364                2.6883              0.2688
Kelly_6036_1                     -27.9148                2.6680              0.2668
Kelly_6037_1                     -30.7112                4.7951              0.4795
Kelly_6038_1                     -28.0376                3.9504              0.3950
Kelly_6039_1                     -46.1895                4.5161              0.4516
Kelly_6040_1                     -23.1513                4.7991              0.4799
Kelly_6041_1                     -28.1421                4.6923              0.4692
Kelly_6042_1                     -39.8144                4.6749              0.4675
Kelly_6043_1                     -47.1649                5.0541              0.5054
Kelly_6044_1                     -32.0033                7.6080              0.7608
Kelly_6045_1                     -22.4735                2.3909              0.2391
Kelly_6046_1                     -31.0702                5.0380              0.5038
Kelly_6047_1                     -26.7173                2.8505              0.2850
Kelly_6048_1                     -36.0405                4.2962              0.4296
Kelly_6049_1                     -35.6722                4.5397              0.4540
Kelly_6050_1                     -30.9063                3.8850              0.3885
Kelly_6051_1                     -32.0604                3.1650              0.3165
Kelly_6052_1                     -27.3701                3.5237              0.3524
Kelly_6053_1                     -32.3418                2.5645              0.2564
Kelly_6054_1                     -39.5516                5.4267              0.5427
Kelly_6055_1                     -26.6272                6.5560              0.6556
Kelly_6056_1                     -36.9482                6.5798              0.6580
Kelly_6057_1                     -20.8637                4.0812              0.4081
Kelly_6058_1                     -35.1480                6.6564              0.6656
Kelly_6059_1                     -34.5220                7.0907              0.7091
Kelly_6060_1                     -25.2473                2.8730              0.2873
Kelly_6061_1                     -23.3401                5.0670              0.5067
Kelly_6062_1                     -28.9651                8.1978              0.8198
Kelly_6063_1                     -29.8737                3.1958              0.3196
Kelly_6064_1                     -31.3032                7.8188              0.7819
Kelly_6065_1                     -18.8612                2.5446              0.2545
Kelly_6066_1                     -37.9778                3.7784              0.3778
Kelly_6067_1                     -26.0886                2.3073              0.2307
Kelly_6068_1                     -27.3217                4.3808              0.4381
Kelly_6069_1                     -39.4812                4.8847              0.4885
Kelly_6070_1                     -30.6747                3.1453              0.3145
Kelly_6071_1                     -33.6354                5.5798              0.5580
Kelly_6072_1                     -22.9183                4.0627              0.4063
Kelly_6073_1                     -32.4249                3.2201              0.3220
Kelly_6074_1                     -29.2239                2.5988              0.2599
Kelly_6075_1                     -34.6930                3.8115              0.3811
Kelly_6076_1                     -26.4864                3.4139              0.3414
Kelly_6077_1                     -31.4183                3.4892              0.3489
Kelly_6078_1                     -33.8155                4.6412              0.4641
Kelly_6079_1                     -27.5639                3.9210              0.3921
Kelly_6080_1                     -32.4393                4.8164              0.4816
Kelly_6081_1                     -30.1861                3.8928              0.3893
Kelly_6082_1                     -30.2390                5.0336              0.5034
Kelly_6083_1                     -24.0755                4.3700              0.4370
Kelly_6084_1                     -30.8842                3.2599              0.3260
Kelly_6085_1                     -29.8168                3.5220              0.3522
Kelly_6086_1                     -18.9370                4.4823              0.4482
Kelly_6087_1                     -24.4421                3.7544              0.3754
Kelly_6088_1                     -24.9243                3.5276              0.3528
Kelly_6089_1                     -47.8542                7.1057              0.7106
Kelly_6090_1                     -27.7055                3.5699              0.3570
Kelly_6091_1                     -24.6615                2.6547              0.2655
Kelly_6092_1                     -23.3805                3.0764              0.3076
Kelly_6093_1                     -27.8801                5.9490              0.5949
Kelly_6094_1                     -32.9919                5.3014              0.5301
Kelly_6095_1                     -19.6220                3.0413              0.3041
Kelly_6096_1                     -27.7248                3.8330              0.3833
Kelly_6097_1                     -27.8071                2.0849              0.2085
Kelly_6098_1                     -29.0039                3.7280              0.3728
Kelly_6099_1                     -25.2829                6.0392              0.6039
Kelly_6100_1                     -42.4657                3.5452              0.3545
Kelly_6101_1                     -32.1227                4.7464              0.4746
Kelly_6102_1                     -32.9459                5.3630              0.5363
Kelly_6103_1                     -36.1065                3.0819              0.3082
Kelly_6104_1                     -26.8523                3.0125              0.3012
Kelly_6105_1                     -18.2988                4.7354              0.4735
Kelly_6106_1                     -23.9547                4.9610              0.4961
Kelly_6107_1                     -38.1431                4.5843              0.4584
Kelly_6108_1                     -31.3881                6.8773              0.6877
Kelly_6109_1                     -37.2724                3.8581              0.3858
Kelly_6110_1                     -37.0811                4.0441              0.4044
Kelly_6111_1                     -31.8336                4.5797              0.4580
Kelly_6112_1                     -23.6232                3.0701              0.3070
Kelly_6113_1                     -23.7612                4.1775              0.4178
Kelly_6114_1                     -31.4914                2.4189              0.2419
Kelly_6115_1                     -32.5492                3.3512              0.3351
Kelly_6116_1                     -26.7959                2.9169              0.2917
Kelly_6117_1                     -34.4502                4.5470              0.4547
Kelly_6118_1                     -28.5530                4.7045              0.4704
Kelly_6119_1                     -21.1760                3.2150              0.3215
Kelly_6120_1                     -15.2939                2.6594              0.2659
Kelly_6121_1                     -39.9214                3.3153              0.3315
Kelly_6122_1                     -22.7899                3.1139              0.3114
Kelly_6123_1                     -32.0383                5.6754              0.5675
Kelly_6124_1                     -28.8019                3.9225              0.3922
Kelly_6125_1                     -44.3307                7.2791              0.7279
Kelly_6126_1                     -27.2176                5.8664              0.5866
Kelly_6127_1                     -31.6881                5.1823              0.5182
Kelly_6128_1                     -24.9535                4.2290              0.4229
Kelly_6129_1                     -28.2702                4.8190              0.4819
Kelly_6130_1                     -28.7196                3.4677              0.3468
Kelly_6131_1                     -30.4886                3.2808              0.3281
Kelly_6132_1                     -37.5816                4.9759              0.4976
Kelly_6133_1                     -32.5218                6.9459              0.6946
Kelly_6134_1                     -30.5047                2.4861              0.2486
Kelly_6135_1                     -42.7324                8.5812              0.8581
Kelly_6136_1                     -23.6321                4.2348              0.4235
Kelly_6137_1                     -35.0948                5.2935              0.5293
Kelly_6138_1                     -22.2697                3.8454              0.3845
Kelly_6139_1                     -26.0241                5.1195              0.5119
Kelly_6140_1                     -27.6466                2.7510              0.2751
Kelly_6141_1                     -30.4892                4.2664              0.4266
Kelly_6142_1                     -25.0053                4.2877              0.4288
Kelly_6143_1                     -19.5140                3.3744              0.3374
Kelly_6144_1                     -24.8588                3.4061              0.3406
Kelly_6145_1                     -36.1469                4.0494              0.4049
Kelly_6146_1                     -16.3345                3.6320              0.3632
Kelly_6147_1                     -44.6984                4.4821              0.4482
Kelly_6148_1                     -25.4786                4.1131              0.4113
Kelly_6149_1                     -23.9159                2.5899              0.2590
Kelly_6150_1                     -18.7601                2.1501              0.2150
Kelly_6151_1                     -23.2282                2.2142              0.2214
Kelly_6152_1                     -20.4618                2.0444              0.2044
Kelly_6153_1                     -13.0613                3.7027              0.3703
Kelly_6154_1                     -30.7041                5.5343              0.5534
Kelly_6155_1                     -29.0700                4.3060              0.4306
Kelly_6156_1                     -37.3421                3.1182              0.3118
Kelly_6157_1                     -32.0393                4.6931              0.4693
Kelly_6158_1                     -22.3928                4.4164              0.4416
Kelly_6159_1                     -21.8801                4.3320              0.4332
Kelly_6160_1                     -28.8694                5.3335              0.5334
Kelly_6161_1                     -25.6670                2.5395              0.2540
Kelly_6162_1                     -29.5315                4.9933              0.4993
Kelly_6163_1                     -31.2618                4.8167              0.4817
Kelly_6164_1                     -39.2545                7.3269              0.7327
Kelly_6165_1                     -26.9233                7.4358              0.7436
Kelly_6166_1                     -32.3447                4.5808              0.4581
Kelly_6167_1                     -32.6816                5.7591              0.5759
Kelly_6168_1                     -34.4310                3.9579              0.3958
Kelly_6169_1                     -28.1786                3.6921              0.3692
Kelly_6170_1                     -35.2006                3.6855              0.3685
Kelly_6171_1                     -36.5778                3.9691              0.3969
Kelly_6172_1                     -19.1643                3.6540              0.3654
Kelly_6173_1                     -33.8787                3.8166              0.3817
Kelly_6174_1                     -41.5961                3.3522              0.3352
Kelly_6175_1                     -15.5225                2.3031              0.2303
Kelly_6176_1                     -26.2927                4.4000              0.4400
Kelly_6177_1                     -27.0374                4.2613              0.4261
Kelly_6178_1                     -29.2066                5.0202              0.5020
Kelly_6179_1                     -19.3295                3.1664              0.3166
Kelly_6180_1                     -24.7324                7.7228              0.7723
Kelly_6181_1                     -27.7447                3.7457              0.3746
Kelly_6182_1                     -24.3132                4.0576              0.4058
Kelly_6183_1                     -35.9409                5.2732              0.5273
Kelly_6184_1                     -38.3154                6.1478              0.6148
Kelly_6185_1                     -31.2491                3.7097              0.3710
Kelly_6186_1                     -34.4528                5.5361              0.5536
Kelly_6187_1                     -24.9215                3.1344              0.3134
Kelly_6188_1                     -17.8888                2.2159              0.2216
Kelly_6189_1                     -21.6575                3.9650              0.3965
Kelly_6190_1                     -25.5949                2.7220              0.2722
Kelly_6191_1                     -25.5664                3.4270              0.3427
Kelly_6192_1                     -29.5817                5.6280              0.5628
Kelly_6193_1                     -40.2456                5.5628              0.5563
Kelly_6194_1                     -25.1971                4.0512              0.4051
Kelly_6195_1                     -36.1242                3.1491              0.3149
Kelly_6196_1                     -26.9024                4.8337              0.4834
Kelly_6197_1                     -34.2053                3.6053              0.3605
Kelly_6198_1                     -34.8585                5.3181              0.5318
Kelly_6199_1                     -22.1232                2.9200              0.2920
Kelly_6200_1                     -23.9699                2.0649              0.2065
Kelly_6201_1                     -28.4770                3.9229              0.3923
Kelly_6202_1                     -31.2331                3.8517              0.3852
Kelly_6203_1                     -29.3648                3.8143              0.3814
Kelly_6204_1                     -30.9216                3.9001              0.3900
Kelly_6205_1                     -29.6565                4.0379              0.4038
Kelly_6206_1                     -16.4031                3.1051              0.3105
Kelly_6207_1                     -26.1904                4.0602              0.4060
Kelly_6208_1                     -27.3381                5.1968              0.5197
Kelly_6209_1                     -32.9444                5.0875              0.5087
Kelly_6210_1                     -36.5188                3.1879              0.3188
Kelly_6211_1                     -29.9246                7.8723              0.7872
Kelly_6212_1                     -30.4466                4.7033              0.4703
Kelly_6213_1                     -29.7792                6.7300              0.6730
Kelly_6214_1                     -41.5124                3.9806              0.3981
Kelly_6215_1                     -39.2935                4.4344              0.4434
Kelly_6216_1                     -22.0287                3.2826              0.3283
Kelly_6217_1                     -14.4347                2.2727              0.2273
Kelly_6218_1                     -26.8610                4.3230              0.4323
Kelly_6219_1                     -20.9980                5.1336              0.5134
Kelly_6220_1                     -30.0393                4.8037              0.4804
Kelly_6221_1                     -23.6897                4.7654              0.4765
Kelly_6222_1                     -26.7533                5.2758              0.5276
Kelly_6223_1                     -30.1856                5.0946              0.5095
Kelly_6224_1                     -29.7998                3.5994              0.3599
Kelly_6225_1                     -33.3513                4.4706              0.4471
Kelly_6226_1                     -23.6957                2.8467              0.2847
Kelly_6227_1                     -20.8465                4.5105              0.4511
Kelly_6228_1                     -31.5496                6.3551              0.6355
Kelly_6229_1                     -30.0650                4.1829              0.4183
Kelly_6230_1                     -20.2973                3.4907              0.3491
Kelly_6231_1                     -24.2669                3.6863              0.3686
Kelly_6232_1                     -30.2652                2.1137              0.2114
Kelly_6233_1                     -41.8821                5.3065              0.5307
Kelly_6234_1                     -31.5400                3.1747              0.3175
Kelly_6235_1                     -27.4770                3.2427              0.3243
Kelly_6236_1                     -36.9934                5.0463              0.5046
Kelly_6237_1                     -30.5600                4.5750              0.4575
Kelly_6238_1                     -28.1266                4.9881              0.4988
Kelly_6239_1                     -27.8564                4.7195              0.4719
Kelly_6240_1                     -27.3633                4.1474              0.4147
Kelly_6241_1                     -28.1091                6.8332              0.6833
Kelly_6242_1                     -24.3073                3.2012              0.3201
Kelly_6243_1                     -25.5613                5.9195              0.5919
Kelly_6244_1                     -19.6339                2.9171              0.2917
Kelly_6245_1                     -30.4626                4.5074              0.4507
Kelly_6246_1                     -31.9358                2.7391              0.2739
Kelly_6247_1                     -31.0354                3.9497              0.3950
Kelly_6248_1                     -18.6251                2.8550              0.2855
Kelly_6249_1                     -19.0184                2.5758              0.2576
Kelly_6250_1                     -26.3392                3.3755              0.3376
Kelly_6251_1                     -22.7958                3.3134              0.3313
Kelly_6252_1                     -35.8516                6.1704              0.6170
Kelly_6253_1                     -24.1998                2.2822              0.2282
Kelly_6254_1                     -23.4023                4.7458              0.4746
Kelly_6255_1                     -30.2260                4.8917              0.4892
Kelly_6256_1                     -29.9345                2.8226              0.2823
Kelly_6257_1                     -20.5615                3.7494              0.3749
Kelly_6258_1                     -31.5278                3.3743              0.3374
Kelly_6259_1                     -28.7781                3.1426              0.3143
Kelly_6260_1                     -33.0566                5.3707              0.5371
Kelly_6261_1                     -25.8277                3.1158              0.3116
Kelly_6262_1                     -40.2781                4.8041              0.4804
Kelly_6263_1                     -40.7821                4.1965              0.4196
Kelly_6264_1                     -34.5849                3.7903              0.3790
Kelly_6265_1                     -27.5333                2.8227              0.2823
Kelly_6266_1                     -32.3936                2.8583              0.2858
Kelly_6267_1                     -26.4246               10.7201              1.0720
Kelly_6268_1                     -28.7286                5.2083              0.5208
Kelly_6269_1                     -33.5402                3.2777              0.3278
Kelly_6270_1                     -34.1781                4.6145              0.4614
Kelly_6271_1                     -24.5944                2.6977              0.2698
Kelly_6272_1                     -32.9153                3.3220              0.3322
Kelly_6273_1                     -35.1269                4.8993              0.4899
Kelly_6274_1                     -14.0789                1.8130              0.1813
Kelly_6275_1                     -30.1883                3.1582              0.3158
Kelly_6276_1                     -35.8412                5.6030              0.5603
Kelly_6277_1                     -30.4857                4.7772              0.4777
Kelly_6278_1                     -31.4388                3.1892              0.3189
Kelly_6279_1                     -41.9162                3.7628              0.3763
Kelly_6280_1                     -33.8892                4.2543              0.4254
Kelly_6281_1                     -32.3849                5.3795              0.5380
Kelly_6282_1                     -40.7003                3.7339              0.3734
Kelly_6283_1                     -35.3671                5.1253              0.5125
Kelly_6284_1                     -31.4610                4.7632              0.4763
Kelly_6285_1                     -35.9464                3.3518              0.3352
Kelly_6286_1                     -25.7043                3.9135              0.3914
Kelly_6287_1                     -31.9027                3.2733              0.3273
Kelly_6288_1                     -23.3881                4.9716              0.4972
Kelly_6289_1                     -29.3429                3.0326              0.3033
Kelly_6290_1                     -22.5197                2.7960              0.2796
Kelly_6291_1                     -29.9759                3.9263              0.3926
Kelly_6292_1                     -15.8380                2.6337              0.2634
Kelly_6293_1                     -27.0305                2.6922              0.2692
Kelly_6294_1                     -27.9219                2.7248              0.2725
Kelly_6295_1                     -30.2866                3.0751              0.3075
Kelly_6296_1                     -32.9249                2.1054              0.2105
Kelly_6297_1                     -14.8664                1.8013              0.1801
Kelly_6298_1                     -23.0331                3.3498              0.3350
Kelly_6299_1                     -20.2802                3.2966              0.3297
Kelly_6300_1                     -29.2247                2.4544              0.2454
Kelly_6301_1                     -24.3080                4.4554              0.4455
Kelly_6302_1                     -24.3087                3.1335              0.3133
Kelly_6303_1                     -29.4640                4.9089              0.4909
Kelly_6304_1                     -31.7280                3.9190              0.3919
Kelly_6305_1                     -35.1001                3.1516              0.3152
Kelly_6306_1                     -18.3510                4.4106              0.4411
Kelly_6307_1                     -29.2422                2.5090              0.2509
Kelly_6308_1                     -33.2092                2.9574              0.2957
Kelly_6309_1                     -27.3975                4.2285              0.4228
Kelly_6310_1                     -28.4002                3.4394              0.3439
Kelly_6311_1                     -35.4808                4.5733              0.4573
Kelly_6312_1                     -28.8689                4.5007              0.4501
Kelly_6313_1                     -33.4887                2.4790              0.2479
Kelly_6314_1                     -24.0668                3.9578              0.3958
Kelly_6315_1                     -20.8175                4.2218              0.4222
Kelly_6316_1                     -36.1626                3.7901              0.3790
Kelly_6317_1                     -27.2415                3.5344              0.3534
Kelly_6318_1                     -33.8852                4.4955              0.4495
Kelly_6319_1                     -29.4722                4.3056              0.4306
Kelly_6320_1                     -27.4269                4.4973              0.4497
Kelly_6321_1                     -34.5748                4.5417              0.4542
Kelly_6322_1                     -41.4952                8.0678              0.8068
Kelly_6323_1                     -33.5861                4.7077              0.4708
Kelly_6324_1                     -42.3633                3.5426              0.3543
Kelly_6325_1                     -23.7392                3.0058              0.3006
Kelly_6326_1                     -24.0375                3.2855              0.3285
Kelly_6327_1                     -29.3329                5.6105              0.5611
Kelly_6328_1                     -32.8261                3.4776              0.3478
Kelly_6329_1                     -21.7543                4.3603              0.4360
Kelly_6330_1                     -30.3793                3.5285              0.3529
Kelly_6331_1                     -29.9003                6.6755              0.6675
Kelly_6332_1                     -25.2582                2.7329              0.2733
Kelly_6333_1                     -30.8743                4.7688              0.4769
Kelly_6334_1                     -27.0195                4.7740              0.4774
Kelly_6335_1                     -30.3787                4.2213              0.4221
Kelly_6336_1                     -31.1475                4.1931              0.4193
Kelly_6337_1                     -23.0137                3.5996              0.3600
Kelly_6338_1                     -27.9364                4.3128              0.4313
Kelly_6339_1                     -31.0538                4.5133              0.4513
Kelly_6340_1                     -33.8148                3.7530              0.3753
Kelly_6341_1                     -34.5744                4.0314              0.4031
Kelly_6342_1                     -28.6190                3.3364              0.3336
Kelly_6343_1                     -28.0674                4.7846              0.4785
Kelly_6344_1                     -30.0629                2.8399              0.2840
Kelly_6345_1                     -29.0340                4.9399              0.4940
Kelly_6346_1                     -26.9882                3.8231              0.3823
Kelly_6347_1                     -25.0699                3.5036              0.3504
Kelly_6348_1                     -20.0734                5.2446              0.5245
Kelly_6349_1                     -34.7257                2.8906              0.2891
Kelly_6350_1                     -26.2927                3.2307              0.3231
Kelly_6351_1                     -31.1867                4.2864              0.4286
Kelly_6352_1                     -27.8601                3.6996              0.3700
Kelly_6353_1                     -33.0252                3.6626              0.3663
Kelly_6354_1                     -23.8247                3.5689              0.3569
Kelly_6355_1                     -26.1098                2.7495              0.2750
Kelly_6356_1                     -29.7713                5.6355              0.5636
Kelly_6357_1                     -36.8812                3.2558              0.3256
Kelly_6358_1                     -26.8511                2.9727              0.2973
Kelly_6359_1                     -34.7054                3.9301              0.3930
Kelly_6360_1                     -21.4570                2.0949              0.2095
Kelly_6361_1                     -25.1108                3.1515              0.3152
Kelly_6362_1                     -29.4776                3.2583              0.3258
Kelly_6363_1                     -22.1327                2.9113              0.2911
Kelly_6364_1                     -20.9461                2.2308              0.2231
Kelly_6365_1                     -25.5086                3.5730              0.3573
Kelly_6366_1                     -28.1478                2.9890              0.2989
Kelly_6367_1                     -33.3070                5.3207              0.5321
Kelly_6368_1                     -26.1765                4.6221              0.4622
Kelly_6369_1                     -24.5208                3.4007              0.3401
Kelly_6370_1                     -33.2438                4.0541              0.4054
Kelly_6371_1                     -25.6060                4.0510              0.4051
Kelly_6372_1                     -28.7407                3.2565              0.3256
Kelly_6373_1                     -24.4093                2.9302              0.2930
Kelly_6374_1                     -28.8973                4.6863              0.4686
Kelly_6375_1                     -27.5993                3.9925              0.3993
Kelly_6376_1                     -37.5152                5.2222              0.5222
Kelly_6377_1                     -26.2287                4.3501              0.4350
Kelly_6378_1                     -26.0291                4.0846              0.4085
Kelly_6379_1                     -21.8576                3.1463              0.3146
Kelly_6380_1                     -24.4409                4.0753              0.4075
Kelly_6381_1                     -28.1514                4.1730              0.4173
Kelly_6382_1                     -28.1991                2.7423              0.2742
Kelly_6383_1                     -24.8329                3.7449              0.3745
Kelly_6384_1                     -25.3657                3.2351              0.3235
Kelly_6385_1                     -19.4676                3.8331              0.3833
Kelly_6386_1                     -25.5779                3.5541              0.3554
Kelly_6387_1                     -23.7737                4.1111              0.4111
Kelly_6388_1                     -21.4378                2.3619              0.2362
Kelly_6389_1                     -18.3673                5.8291              0.5829
Kelly_6390_1                     -20.6324                2.7821              0.2782
Kelly_6391_1                     -23.1969                3.2882              0.3288
Kelly_6392_1                     -42.1495                4.8794              0.4879
Kelly_6393_1                     -42.4425                4.7552              0.4755
Kelly_6394_1                     -28.9753                3.5452              0.3545
Kelly_6395_1                     -23.7538                4.8428              0.4843
Kelly_6396_1                     -37.8919                3.5174              0.3517
Kelly_6397_1                     -36.5803                5.2541              0.5254
Kelly_6398_1                     -49.3337                4.1270              0.4127
Kelly_6399_1                     -38.1091                5.2166              0.5217
Kelly_6400_1                     -28.8107                3.2001              0.3200
Kelly_6401_1                     -42.2144                4.5355              0.4536
Kelly_6402_1                     -28.3281                2.4064              0.2406
Kelly_6403_1                     -20.8028                2.3931              0.2393
Kelly_6404_1                     -35.4377                4.0164              0.4016
Kelly_6405_1                     -25.5845                4.1075              0.4108
Kelly_6406_1                     -31.0159                3.9819              0.3982
Kelly_6407_1                     -32.4234                3.4237              0.3424
Kelly_6408_1                     -23.9721                3.6973              0.3697
Kelly_6409_1                     -37.7839                3.3423              0.3342
Kelly_6410_1                     -33.8538                4.0667              0.4067
Kelly_6411_1                     -32.4633                5.1041              0.5104
Kelly_6412_1                     -27.1049                3.9912              0.3991
Kelly_6413_1                     -27.9500                3.2067              0.3207
Kelly_6414_1                     -32.3463                4.1491              0.4149
Kelly_6415_1                     -35.1150                7.4627              0.7463
Kelly_6416_1                     -25.8104                3.9887              0.3989
Kelly_6417_1                     -30.5619                4.1929              0.4193
Kelly_6418_1                     -35.5012                4.6725              0.4672
Kelly_6419_1                     -22.2908                3.5499              0.3550
Kelly_6420_1                     -35.1562                4.7887              0.4789
Kelly_6421_1                     -32.7179                3.5023              0.3502
Kelly_6422_1                     -42.1810                5.2243              0.5224
Kelly_6423_1                     -39.4682                4.1872              0.4187
Kelly_6424_1                     -30.4487                3.1879              0.3188
Kelly_6425_1                     -31.9015                5.4579              0.5458
Kelly_6426_1                     -32.0467                5.1056              0.5106
Kelly_6427_1                     -24.9390                3.7624              0.3762
Kelly_6428_1                     -32.1153                5.0555              0.5056
Kelly_6429_1                     -24.8499                4.6733              0.4673
Kelly_6430_1                     -27.2462                4.9483              0.4948
Kelly_6431_1                     -21.8330                4.1018              0.4102
Kelly_6432_1                     -26.8919                2.6250              0.2625
Kelly_6433_1                     -37.4694                4.3562              0.4356
Kelly_6434_1                     -31.1740                5.2054              0.5205
Kelly_6435_1                     -34.9473                3.9353              0.3935
Kelly_6436_1                     -21.5060                3.4011              0.3401
Kelly_6437_1                     -32.2304                4.1800              0.4180
Kelly_6438_1                     -18.6825                4.3834              0.4383
Kelly_6439_1                     -17.0191                2.2712              0.2271
Kelly_6440_1                     -30.0513                3.2436              0.3244
Kelly_6441_1                     -23.1984                2.4653              0.2465
Kelly_6442_1                     -34.9679                5.1078              0.5108
Kelly_6443_1                     -36.5551                3.9554              0.3955
Kelly_6444_1                     -43.7181                3.9677              0.3968
Kelly_6445_1                     -31.5205                3.3058              0.3306
Kelly_6446_1                     -37.4701                4.0354              0.4035
Kelly_6447_1                     -29.2941                4.6231              0.4623
Kelly_6448_1                     -35.4921                3.2876              0.3288
Kelly_6449_1                     -28.2258                3.0482              0.3048
Kelly_6450_1                     -25.5276                3.2442              0.3244
Kelly_6451_1                     -29.5255                3.2317              0.3232
Kelly_6452_1                     -32.9276                3.1441              0.3144
Kelly_6453_1                     -23.0214                4.6537              0.4654
Kelly_6454_1                     -18.9243                6.0874              0.6087
Kelly_6455_1                     -32.2843                3.0438              0.3044
Kelly_6456_1                     -23.5715                4.0455              0.4045
Kelly_6457_1                     -29.0948                3.8601              0.3860
Kelly_6458_1                     -28.7885                3.3273              0.3327
Kelly_6459_1                     -29.1428                3.3070              0.3307
Kelly_6460_1                     -43.2856                5.3288              0.5329
Kelly_6461_1                     -27.6502                2.7988              0.2799
Kelly_6462_1                     -35.8768                5.1557              0.5156
Kelly_6463_1                     -31.3051                6.0395              0.6040
Kelly_6464_1                     -23.3533                4.9677              0.4968
Kelly_6465_1                     -25.1345                2.8127              0.2813
Kelly_6466_1                     -35.9399                2.9719              0.2972
Kelly_6467_1                     -22.4838                3.7661              0.3766
Kelly_6468_1                     -24.6709                2.2560              0.2256
Kelly_6469_1                     -21.9019                4.5527              0.4553
Kelly_6470_1                     -26.2040                3.4378              0.3438
Kelly_6471_1                     -27.2344                4.7418              0.4742
Kelly_6472_1                     -21.4434                4.7415              0.4741
Kelly_6473_1                     -24.1732                4.8700              0.4870
Kelly_6474_1                     -33.9702                8.7091              0.8709
Kelly_6475_1                     -34.5577                3.3957              0.3396
Kelly_6476_1                     -42.2197                4.6033              0.4603
Kelly_6477_1                     -24.4512                6.5833              0.6583
Kelly_6478_1                     -27.3413                4.0591              0.4059
Kelly_6479_1                     -33.2445                7.5284              0.7528
Kelly_6480_1                     -34.5694                5.1720              0.5172
Kelly_6481_1                     -23.5612                5.4139              0.5414
Kelly_6482_1                     -38.4671                2.8816              0.2882
Kelly_6483_1                     -32.6636                4.1959              0.4196
Kelly_6484_1                     -36.0550                6.2228              0.6223
Kelly_6485_1                     -41.5898                4.5839              0.4584
Kelly_6486_1                     -32.6332                5.0319              0.5032
Kelly_6487_1                     -23.3775                3.4978              0.3498
Kelly_6488_1                     -35.7520                3.1912              0.3191
Kelly_6489_1                     -42.6747                4.9678              0.4968
Kelly_6490_1                     -28.0035                4.4988              0.4499
Kelly_6491_1                     -38.3804                4.7527              0.4753
Kelly_6492_1                     -39.6798                6.3041              0.6304
Kelly_6493_1                     -26.0021                4.2174              0.4217
Kelly_6494_1                     -38.4312                4.3773              0.4377
Kelly_6495_1                     -39.9130                5.5573              0.5557
Kelly_6496_1                     -35.1175                5.0605              0.5061
Kelly_6497_1                     -29.4488                2.8902              0.2890
Kelly_6498_1                     -28.8962                4.6508              0.4651
Kelly_6499_1                     -27.0998                3.4831              0.3483
Kelly_6500_1                     -22.6502                2.3623              0.2362
Kelly_6501_1                     -32.3205                4.3881              0.4388
Kelly_6502_1                     -18.0460                3.0901              0.3090
Kelly_6503_1                     -30.7232                4.0260              0.4026
Kelly_6504_1                     -29.3823                4.9521              0.4952
Kelly_6505_1                     -24.1809                4.8372              0.4837
Kelly_6506_1                     -34.9810                3.1984              0.3198
Kelly_6507_1                     -25.5958                2.8948              0.2895
Kelly_6508_1                     -27.2449                2.4907              0.2491
Kelly_6509_1                     -34.1837                5.7417              0.5742
Kelly_6510_1                     -24.5872                3.7753              0.3775
Kelly_6511_1                     -30.6153                5.4854              0.5485
Kelly_6512_1                     -26.5994                5.3808              0.5381
Kelly_6513_1                     -16.2199                1.8911              0.1891
Kelly_6514_1                     -30.1320                4.5352              0.4535
Kelly_6515_1                     -30.9084                3.6466              0.3647
Kelly_6516_1                     -28.6193                4.3435              0.4344
Kelly_6517_1                     -34.8137                3.5281              0.3528
Kelly_6518_1                     -32.3554                3.1467              0.3147
Kelly_6519_1                     -32.9291                4.1226              0.4123
Kelly_6520_1                     -22.8638                3.1583              0.3158
Kelly_6521_1                     -29.4957                3.0337              0.3034
Kelly_6522_1                     -28.2663                2.8749              0.2875
Kelly_6523_1                     -16.9819                2.3844              0.2384
Kelly_6524_1                     -31.8638                2.3234              0.2323
Kelly_6525_1                     -26.2667                2.8185              0.2818
Kelly_6526_1                     -39.3532                4.3787              0.4379
Kelly_6527_1                     -23.1452                2.6578              0.2658
Kelly_6528_1                     -21.8120                2.4080              0.2408
Kelly_6529_1                     -27.0361                3.8262              0.3826
Kelly_6530_1                     -21.9373                3.2477              0.3248
Kelly_6531_1                     -25.3365                2.6807              0.2681
Kelly_6532_1                     -31.6122                6.6141              0.6614
Kelly_6533_1                     -26.2539                5.5253              0.5525
Kelly_6534_1                     -29.7603                5.3890              0.5389
Kelly_6535_1                     -27.0301                4.3627              0.4363
Kelly_6536_1                     -33.3948                4.7508              0.4751
Kelly_6537_1                     -25.0030                3.5444              0.3544
Kelly_6538_1                     -22.4868                3.9919              0.3992
Kelly_6539_1                     -28.0741                3.0515              0.3051
Kelly_6540_1                     -21.6755                4.2471              0.4247
Kelly_6541_1                     -21.6196                3.3551              0.3355
Kelly_6542_1                     -21.8481                2.8898              0.2890
Kelly_6543_1                     -35.3725                5.4580              0.5458
Kelly_6544_1                     -35.8083                3.6685              0.3669
Kelly_6545_1                     -34.6448                3.3902              0.3390
Kelly_6546_1                     -27.2152                2.4469              0.2447
Kelly_6547_1                     -39.2548                4.8542              0.4854
Kelly_6548_1                     -29.9896                2.8517              0.2852
Kelly_6549_1                     -35.7359                4.5301              0.4530
Kelly_6550_1                     -30.8704                3.8635              0.3863
Kelly_6551_1                     -28.6647                3.1795              0.3180
Kelly_6552_1                     -38.8400                6.1706              0.6171
Kelly_6553_1                     -15.6637                2.2706              0.2271
Kelly_6554_1                     -28.7273                3.9572              0.3957
Kelly_6555_1                     -32.2636               10.9058              1.0906
Kelly_6556_1                     -38.3940                4.8893              0.4889
Kelly_6557_1                     -35.2072                4.0509              0.4051
Kelly_6558_1                     -32.9694                5.7196              0.5720
Kelly_6559_1                     -30.9995                2.8380              0.2838
Kelly_6560_1                     -27.5264                3.5817              0.3582
Kelly_6561_1                     -35.4892                3.6849              0.3685
Kelly_6562_1                     -30.1859                4.3388              0.4339
Kelly_6563_1                     -37.8123                3.2101              0.3210
Kelly_6564_1                     -31.0059                4.2904              0.4290
Kelly_6565_1                     -23.7032                2.9655              0.2965
Kelly_6566_1                     -37.5422                4.7486              0.4749
Kelly_6567_1                     -37.4617                4.0326              0.4033
Kelly_6568_1                     -31.4509                3.3821              0.3382
Kelly_6569_1                     -30.0295                3.4278              0.3428
Kelly_6570_1                     -26.9606                4.3430              0.4343
Kelly_6571_1                     -32.1922                2.6525              0.2652
Kelly_6572_1                     -38.1281                2.5855              0.2586
Kelly_6573_1                     -30.4693                2.9437              0.2944
Kelly_6574_1                     -29.3687                4.3104              0.4310
Kelly_6575_1                     -42.6725                5.7612              0.5761
Kelly_6576_1                     -34.7282                5.4183              0.5418
Kelly_6577_1                     -33.2919                6.1205              0.6121
Kelly_6578_1                     -38.2179                3.5860              0.3586
Kelly_6579_1                     -33.7148                3.7126              0.3713
Kelly_6580_1                     -20.3151                6.9164              0.6916
Kelly_6581_1                     -28.8932                3.2304              0.3230
Kelly_6582_1                     -33.6941                4.0471              0.4047
Kelly_6583_1                     -22.6563                3.0502              0.3050
Kelly_6584_1                     -26.4002                3.5618              0.3562
Kelly_6585_1                     -25.3009                5.6877              0.5688
Kelly_6586_1                     -23.8678                3.8600              0.3860
Kelly_6587_1                     -33.8225                3.6956              0.3696
Kelly_6588_1                     -35.2065                3.4777              0.3478
Kelly_6589_1                     -25.0068                3.5930              0.3593
Kelly_6590_1                     -23.3753                3.5208              0.3521
Kelly_6591_1                     -18.7213                4.8946              0.4895
Kelly_6592_1                     -34.3225                5.2026              0.5203
Kelly_6593_1                     -28.3135                3.8521              0.3852
Kelly_6594_1                     -23.8255                4.1593              0.4159
Kelly_6595_1                     -23.7200                5.1102              0.5110
Kelly_6596_1                     -36.2220                4.2159              0.4216
Kelly_6597_1                     -37.1459                3.7019              0.3702
Kelly_6598_1                     -26.4614                3.7367              0.3737
Kelly_6599_1                     -34.1202                4.4777              0.4478
Kelly_6600_1                     -34.2652                7.0014              0.7001
Kelly_6601_1                     -30.7131                3.2920              0.3292
Kelly_6602_1                     -25.3295                2.7827              0.2783
Kelly_6603_1                     -33.4087                3.1904              0.3190
Kelly_6604_1                     -30.2401                3.0883              0.3088
Kelly_6605_1                     -26.1972                4.6532              0.4653
Kelly_6606_1                     -18.8398                3.3978              0.3398
Kelly_6607_1                     -26.8005                6.3796              0.6380
Kelly_6608_1                     -30.8720                4.6887              0.4689
Kelly_6609_1                     -24.3360                5.0875              0.5087
Kelly_6610_1                     -38.1348                6.5798              0.6580
Kelly_6611_1                     -29.1261                3.4805              0.3480
Kelly_6612_1                     -29.0190                4.2932              0.4293
Kelly_6613_1                     -38.2779                4.7395              0.4739
Kelly_6614_1                     -31.1455                4.1509              0.4151
Kelly_6615_1                     -34.9995                4.1867              0.4187
Kelly_6616_1                     -30.3519                5.0141              0.5014
Kelly_6617_1                     -23.5392                3.2432              0.3243
Kelly_6618_1                     -29.8306                3.5789              0.3579
Kelly_6619_1                     -23.8571                2.3730              0.2373
Kelly_6620_1                     -24.7998                4.6262              0.4626
Kelly_6621_1                     -34.5718                4.2252              0.4225
Kelly_6622_1                     -25.8597                4.8464              0.4846
Kelly_6623_1                     -31.6977                4.0730              0.4073
Kelly_6624_1                     -25.4882                5.3551              0.5355
Kelly_6625_1                     -31.5760                4.3485              0.4349
Kelly_6626_1                     -29.2212                4.9594              0.4959
Kelly_6627_1                     -25.5704                4.4933              0.4493
Kelly_6628_1                     -27.8052                4.9283              0.4928
Kelly_6629_1                     -22.3954                2.7803              0.2780
Kelly_6630_1                     -25.3283                3.5203              0.3520
Kelly_6631_1                     -22.6514                4.1858              0.4186
Kelly_6632_1                     -27.8614                2.8701              0.2870
Kelly_6633_1                     -21.6106                3.6829              0.3683
Kelly_6634_1                     -19.9029                2.8239              0.2824
Kelly_6635_1                     -19.2619                2.9792              0.2979
Kelly_6636_1                     -32.2051                4.3177              0.4318
Kelly_6637_1                     -37.0407                2.8984              0.2898
Kelly_6638_1                     -27.5275                4.6687              0.4669
Kelly_6639_1                     -17.7908                3.0566              0.3057
Kelly_6640_1                     -22.4954                3.7761              0.3776
Kelly_6641_1                     -42.2569                4.6788              0.4679
Kelly_6642_1                     -27.4364                7.0191              0.7019
Kelly_6643_1                     -22.6613                4.9433              0.4943
Kelly_6644_1                     -36.2750                3.6216              0.3622
Kelly_6645_1                     -26.5843                3.2093              0.3209
Kelly_6646_1                     -30.7832                5.2020              0.5202
Kelly_6647_1                     -21.5147                2.8017              0.2802
Kelly_6648_1                     -19.7039                3.3419              0.3342
Kelly_6649_1                     -21.2369                2.0420              0.2042
Kelly_6650_1                     -22.1709                2.5232              0.2523
Kelly_6651_1                     -19.0035                1.7561              0.1756
Kelly_6652_1                     -24.0942                4.3024              0.4302
Kelly_6653_1                     -26.4368                2.8143              0.2814
Kelly_6654_1                     -19.8622                2.4693              0.2469
Kelly_6655_1                     -28.6817                4.1497              0.4150
Kelly_6656_1                     -31.7847                2.8000              0.2800
Kelly_6657_1                     -27.9553                3.5044              0.3504
Kelly_6658_1                     -45.5001                4.6508              0.4651
Kelly_6659_1                     -24.7215                3.9495              0.3949
Kelly_6660_1                     -39.5905                4.9377              0.4938
Kelly_6661_1                     -28.7197                3.9459              0.3946
Kelly_6662_1                     -29.9781                3.1111              0.3111
Kelly_6663_1                     -26.9600                6.0427              0.6043
Kelly_6664_1                     -25.3422                2.8018              0.2802
Kelly_6665_1                     -33.4144                2.5205              0.2521
Kelly_6666_1                     -31.8707                7.5495              0.7550
Kelly_6667_1                     -40.7269                4.4117              0.4412
Kelly_6668_1                     -16.8548                1.6947              0.1695
Kelly_6669_1                     -28.9221                4.5508              0.4551
Kelly_6670_1                     -21.7420                4.4921              0.4492
Kelly_6671_1                     -24.8991                3.6576              0.3658
Kelly_6672_1                     -27.0109                4.7193              0.4719
Kelly_6673_1                     -26.4245                9.9459              0.9946
Kelly_6674_1                     -32.4870                2.6229              0.2623
Kelly_6675_1                     -23.5954                4.3924              0.4392
Kelly_6676_1                     -27.1040                3.7462              0.3746
Kelly_6677_1                     -28.6977                2.7414              0.2741
Kelly_6678_1                     -34.7695                4.0024              0.4002
Kelly_6679_1                     -25.7724                4.1064              0.4106
Kelly_6680_1                     -28.8441                2.6824              0.2682
Kelly_6681_1                     -32.1716                2.9173              0.2917
Kelly_6682_1                     -25.6147                7.7799              0.7780
Kelly_6683_1                     -41.4650                2.7631              0.2763
Kelly_6684_1                     -31.3678                3.5560              0.3556
Kelly_6685_1                     -32.4027                5.7010              0.5701
Kelly_6686_1                     -16.0838                2.3692              0.2369
Kelly_6687_1                     -27.8969                3.9777              0.3978
Kelly_6688_1                     -31.4485                3.6451              0.3645
Kelly_6689_1                     -20.9975                2.5637              0.2564
Kelly_6690_1                     -20.9828                2.1782              0.2178
Kelly_6691_1                     -21.7982                3.2809              0.3281
Kelly_6692_1                     -36.7225                3.5497              0.3550
Kelly_6693_1                     -35.0986                7.7291              0.7729
Kelly_6694_1                     -36.6016                6.8861              0.6886
Kelly_6695_1                     -34.7875                5.4834              0.5483
Kelly_6696_1                     -38.0121                4.5364              0.4536
Kelly_6697_1                     -29.2539                2.8931              0.2893
Kelly_6698_1                     -26.7669                3.2968              0.3297
Kelly_6699_1                     -39.9285                5.4573              0.5457
Kelly_6700_1                     -32.4039                7.4545              0.7455
Kelly_6701_1                     -31.0595                6.7595              0.6760
Kelly_6702_1                     -33.4509                2.5823              0.2582
Kelly_6703_1                     -30.8898                3.2422              0.3242
Kelly_6704_1                     -30.3282                2.7045              0.2705
Kelly_6705_1                     -27.7089                4.1229              0.4123
Kelly_6706_1                     -32.0904                3.7753              0.3775
Kelly_6707_1                     -23.8659                4.8266              0.4827
Kelly_6708_1                     -36.1660                4.5578              0.4558
Kelly_6709_1                     -33.4206                3.6892              0.3689
Kelly_6710_1                     -36.5602                3.4187              0.3419
Kelly_6711_1                     -30.6750                3.2342              0.3234
Kelly_6712_1                     -21.6819                5.1136              0.5114
Kelly_6713_1                     -42.4084                4.6399              0.4640
Kelly_6714_1                     -35.7384                4.8549              0.4855
Kelly_6715_1                     -25.5284                2.7163              0.2716
Kelly_6716_1                     -26.2869                2.8027              0.2803
Kelly_6717_1                     -27.8934                6.9264              0.6926
Kelly_6718_1                     -38.0460                4.3581              0.4358
Kelly_6719_1                     -22.4992                3.9203              0.3920
Kelly_6720_1                     -25.6380                4.6375              0.4638
Kelly_6721_1                     -26.7871                3.2628              0.3263
Kelly_6722_1                     -30.7225                4.7048              0.4705
Kelly_6723_1                     -31.4301                3.9191              0.3919
Kelly_6724_1                     -31.3596                2.2681              0.2268
Kelly_6725_1                     -39.3285                4.0661              0.4066
Kelly_6726_1                     -24.9401                4.3948              0.4395
Kelly_6727_1                     -21.9865                3.5540              0.3554
Kelly_6728_1                     -22.1419                4.3457              0.4346
Kelly_6729_1                     -29.7161                3.3907              0.3391
Kelly_6730_1                     -24.6100                3.1058              0.3106
Kelly_6731_1                     -25.5663                3.0511              0.3051
Kelly_6732_1                     -21.7979                3.4633              0.3463
Kelly_6733_1                     -38.8529                4.6927              0.4693
Kelly_6734_1                     -23.7249                3.5786              0.3579
Kelly_6735_1                     -29.2086                3.2117              0.3212
Kelly_6736_1                     -26.3562                2.5181              0.2518
Kelly_6737_1                     -29.1690                3.2145              0.3214
Kelly_6738_1                     -22.2615                3.4211              0.3421
Kelly_6739_1                     -26.2647                4.3567              0.4357
Kelly_6740_1                     -27.0490                3.5136              0.3514
Kelly_6741_1                     -32.2713                3.2750              0.3275
Kelly_6742_1                     -27.5260                2.7104              0.2710
Kelly_6743_1                     -30.1379                4.7679              0.4768
Kelly_6744_1                     -42.6399                2.9478              0.2948
Kelly_6745_1                     -19.8933                2.7970              0.2797
Kelly_6746_1                     -21.3852                2.2143              0.2214
Kelly_6747_1                     -35.0643                4.3593              0.4359
Kelly_6748_1                     -25.3663                6.3982              0.6398
Kelly_6749_1                     -24.4726                3.3167              0.3317
Kelly_6750_1                     -26.8484                6.0730              0.6073
Kelly_6751_1                     -21.5974                3.0091              0.3009
Kelly_6752_1                     -31.0618                3.8391              0.3839
Kelly_6753_1                     -36.4775                4.1662              0.4166
Kelly_6754_1                     -35.6548                3.5496              0.3550
Kelly_6755_1                     -28.3595                6.3711              0.6371
Kelly_6756_1                     -47.5386                4.7224              0.4722
Kelly_6757_1                     -28.4986                3.6836              0.3684
Kelly_6758_1                     -31.1467                2.6828              0.2683
Kelly_6759_1                     -19.8394                3.5133              0.3513
Kelly_6760_1                     -21.8214                2.5579              0.2558
Kelly_6761_1                     -27.8222                2.4907              0.2491
Kelly_6762_1                     -24.0808                3.0857              0.3086
Kelly_6763_1                     -22.2362                3.0007              0.3001
Kelly_6764_1                     -22.0248                5.3530              0.5353
Kelly_6765_1                     -26.6603                4.0966              0.4097
Kelly_6766_1                     -21.7152                2.4239              0.2424
Kelly_6767_1                     -13.8034                3.9461              0.3946
Kelly_6769_1                     -19.3539                2.5192              0.2519
Kelly_6770_1                     -20.7307                1.8738              0.1874
Kelly_6771_1                     -19.8362                4.6217              0.4622
Kelly_6772_1                     -40.6049                4.2599              0.4260
Kelly_6773_1                     -35.7473                6.0431              0.6043
Kelly_6774_1                     -34.3715                4.7964              0.4796
Kelly_6775_1                     -38.8449                4.4946              0.4495
Kelly_6776_1                     -34.4518                3.8915              0.3892
Kelly_6777_1                     -26.6302                3.5710              0.3571
Kelly_6778_1                     -10.9059                1.4278              0.1428
Kelly_6779_1                     -29.8705                2.7850              0.2785
Kelly_6780_1                     -31.4359                2.6487              0.2649
Kelly_6781_1                     -31.5630                3.9629              0.3963
Kelly_6782_1                     -36.2797                5.2453              0.5245
Kelly_6783_1                     -31.6445                4.8051              0.4805
Kelly_6784_1                     -38.8066                3.6193              0.3619
Kelly_6785_1                     -36.4277                4.7495              0.4749
Kelly_6786_1                     -27.2308                4.9852              0.4985
Kelly_6787_1                     -40.0560                3.9702              0.3970
Kelly_6788_1                     -33.8381                4.3925              0.4393
Kelly_6789_1                     -38.9955                6.2494              0.6249
Kelly_6790_1                     -28.3536                4.7504              0.4750
Kelly_6791_1                     -38.4294                5.9262              0.5926
Kelly_6792_1                     -25.7578                5.0623              0.5062
Kelly_6793_1                     -30.5287                3.8986              0.3899
Kelly_6794_1                     -32.2924                4.3470              0.4347
Kelly_6795_1                     -25.7449                3.6802              0.3680
Kelly_6796_1                     -43.8872                6.3720              0.6372
Kelly_6797_1                     -35.5644                4.1730              0.4173
Kelly_6798_1                     -44.2999                3.6766              0.3677
Kelly_6799_1                     -34.6785                4.5866              0.4587
Kelly_6800_1                     -34.3776                4.3696              0.4370
Kelly_6801_1                     -26.2570                3.9627              0.3963
Kelly_6802_1                     -30.9310                2.7511              0.2751
Kelly_6803_1                     -21.3373                5.3614              0.5361
Kelly_6804_1                     -37.0718                3.3331              0.3333
Kelly_6805_1                     -18.6555                4.9484              0.4948
Kelly_6806_1                     -29.5490                4.2538              0.4254
Kelly_6807_1                     -31.5477                4.9628              0.4963
Kelly_6808_1                     -23.0715                7.1168              0.7117
Kelly_6809_1                     -43.8668                4.9325              0.4932
Kelly_6810_1                     -26.2644                2.7889              0.2789
Kelly_6811_1                     -24.8885                4.5036              0.4504
Kelly_6812_1                     -22.9767                3.8602              0.3860
Kelly_6813_1                     -38.6530                4.0673              0.4067
Kelly_6814_1                     -34.5236                3.7166              0.3717
Kelly_6815_1                     -27.4680                3.5102              0.3510
Kelly_6816_1                     -21.7444                2.7492              0.2749
Kelly_6817_1                     -24.5217                3.8892              0.3889
Kelly_6818_1                     -36.9003                3.7942              0.3794
Kelly_6819_1                     -25.1456                4.0985              0.4099
Kelly_6820_1                     -27.1227                4.4777              0.4478
Kelly_6821_1                     -29.4342                4.4293              0.4429
Kelly_6822_1                     -20.2997                3.6872              0.3687
Kelly_6823_1                     -36.8049                3.8667              0.3867
Kelly_6824_1                     -18.1037                2.8070              0.2807
Kelly_6825_1                     -20.7124                2.2544              0.2254
Kelly_6826_1                     -26.9092                3.6877              0.3688
Kelly_6827_1                     -28.2913                2.3860              0.2386
Kelly_6828_1                     -21.2201                2.9036              0.2904
Kelly_6829_1                     -22.6007                2.4385              0.2439
Kelly_6830_1                     -23.9927                4.3949              0.4395
Kelly_6831_1                     -24.2413                2.8075              0.2808
Kelly_6832_1                     -20.2155                3.3540              0.3354
Kelly_6833_1                     -17.0978                2.0177              0.2018
Kelly_6834_1                     -24.2642                4.2579              0.4258
Kelly_6835_1                     -31.4895                5.2236              0.5224
Kelly_6836_1                     -27.5788                4.7108              0.4711
Kelly_6837_1                     -26.3398                4.6631              0.4663
Kelly_6838_1                     -17.7280                1.9336              0.1934
Kelly_6839_1                     -18.2653                3.2931              0.3293
Kelly_6840_1                     -21.4108                3.2985              0.3298
Kelly_6841_1                     -24.3315                3.1175              0.3118
Kelly_6842_1                     -27.8449                4.0369              0.4037
Kelly_6843_1                     -24.8128                3.5511              0.3551
Kelly_6844_1                     -32.4017                3.4857              0.3486
Kelly_6845_1                     -21.6046                4.0579              0.4058
Kelly_6846_1                     -19.0393                2.5708              0.2571
Kelly_6847_1                     -12.6830                2.3702              0.2370
Kelly_6848_1                     -19.9989                5.9235              0.5923
Kelly_6849_1                     -21.8915                4.7540              0.4754
Kelly_6850_1                     -24.5231                3.8917              0.3892
Kelly_6851_1                     -27.6563                2.9044              0.2904
Kelly_6852_1                     -30.1898                4.9435              0.4944
Kelly_6853_1                     -27.9404                2.6268              0.2627
Kelly_6854_1                     -42.2102                3.7320              0.3732
Kelly_6855_1                     -31.9985                3.9867              0.3987
Kelly_6856_1                     -31.5043                4.5188              0.4519
Kelly_6857_1                     -27.6008                5.4248              0.5425
Kelly_6858_1                     -41.5677                7.5392              0.7539
Kelly_6859_1                     -36.4453                5.4742              0.5474
Kelly_6860_1                     -35.6379                4.0902              0.4090
Kelly_6861_1                     -33.8202                3.7891              0.3789
Kelly_6862_1                     -35.6190                7.7377              0.7738
Kelly_6863_1                     -26.4886                3.0464              0.3046
Kelly_6864_1                     -29.9664                3.8073              0.3807
Kelly_6865_1                     -26.1981                3.1008              0.3101
Kelly_6866_1                     -19.2813                5.3620              0.5362
Kelly_6867_1                     -22.7375                2.9959              0.2996
Kelly_6868_1                     -34.5328                3.4984              0.3498
Kelly_6869_1                     -42.7684               13.8588              1.3859
Kelly_6870_1                     -26.6388                3.5998              0.3600
Kelly_6871_1                     -41.5184                7.3919              0.7392
Kelly_6872_1                     -45.1260                4.3716              0.4372
Kelly_6873_1                     -21.8890                4.6311              0.4631
Kelly_6874_1                     -25.6918                2.3491              0.2349
Kelly_6875_1                     -38.2990                6.5630              0.6563
Kelly_6876_1                     -36.6043                5.0006              0.5001
Kelly_6877_1                     -27.1701                3.3763              0.3376
Kelly_6878_1                     -24.2970                2.4395              0.2440
Kelly_6879_1                     -37.2298                3.6382              0.3638
Kelly_6880_1                     -33.5641                5.1209              0.5121
Kelly_6881_1                     -33.9792                4.2409              0.4241
Kelly_6882_1                     -28.3674                3.2218              0.3222
Kelly_6883_1                     -41.8473                6.0669              0.6067
Kelly_6884_1                     -25.2905                3.6348              0.3635
Kelly_6885_1                     -37.8516                5.1501              0.5150
Kelly_6886_1                     -32.5525                3.9878              0.3988
Kelly_6887_1                     -32.0978                8.1803              0.8180
Kelly_6888_1                     -22.3796                3.2728              0.3273
Kelly_6889_1                     -32.5120                4.9680              0.4968
Kelly_6890_1                     -32.6276                3.1120              0.3112
Kelly_6891_1                     -31.4766                3.4919              0.3492
Kelly_6892_1                     -31.3842                7.4472              0.7447
Kelly_6893_1                     -32.7563                5.6708              0.5671
Kelly_6894_1                     -33.0509                5.4381              0.5438
Kelly_6895_1                     -32.7800                8.4327              0.8433
Kelly_6896_1                     -22.9965                3.1669              0.3167
Kelly_6897_1                     -33.4142               13.5257              1.3526
Kelly_6898_1                     -37.7758                4.5750              0.4575
Kelly_6899_1                     -28.7792                3.4641              0.3464
Kelly_6900_1                     -27.3128                3.0115              0.3011
Kelly_6901_1                     -32.5726                7.6311              0.7631
Kelly_6902_1                     -25.2478                2.4621              0.2462
Kelly_6903_1                     -32.8824                8.8889              0.8889
Kelly_6904_1                     -26.6760                4.1925              0.4193
Kelly_6905_1                     -29.1436                4.3523              0.4352
Kelly_6906_1                     -40.1286                5.5513              0.5551
Kelly_6907_1                     -32.8768                5.5587              0.5559
Kelly_6908_1                     -36.0572                5.7741              0.5774
Kelly_6909_1                     -34.2868                6.2375              0.6238
Kelly_6910_1                     -29.6227                2.7998              0.2800
Kelly_6911_1                     -34.2910                7.8962              0.7896
Kelly_6912_1                     -48.7757                5.4922              0.5492
Kelly_6913_1                     -20.4372                3.7475              0.3748
Kelly_6914_1                     -31.0278                6.0551              0.6055
Kelly_6915_1                     -38.9113                3.4778              0.3478
Kelly_6916_1                     -27.3491                6.6345              0.6635
Kelly_6917_1                     -25.3747                3.0943              0.3094
Kelly_6918_1                     -16.7832                2.7232              0.2723
Kelly_6919_1                     -36.7827                7.0457              0.7046
Kelly_6920_1                     -36.4206                2.7698              0.2770
Kelly_6921_1                     -36.6502                6.0301              0.6030
Kelly_6922_1                     -17.7418                3.3265              0.3326
Kelly_6923_1                     -23.6611                4.7246              0.4725
Kelly_6924_1                     -27.1236                2.6027              0.2603
Kelly_6925_1                     -30.6852                3.1030              0.3103
Kelly_6926_1                     -26.7228                4.0152              0.4015
Kelly_6927_1                     -27.2304                1.9239              0.1924
Kelly_6928_1                     -22.4899                3.3812              0.3381
Kelly_6929_1                     -19.3013                3.3521              0.3352
Kelly_6930_1                     -32.8877                5.5306              0.5531
Kelly_6931_1                     -23.4020                2.9669              0.2967
Kelly_6932_1                     -33.0256                4.2481              0.4248
Kelly_6933_1                     -18.6246                3.4653              0.3465
Kelly_6934_1                     -16.4428                2.3323              0.2332
Kelly_6935_1                     -31.8790                3.1444              0.3144
Kelly_6936_1                     -31.6797                4.2062              0.4206
Kelly_6937_1                     -32.0473                3.4743              0.3474
Kelly_6938_1                     -33.1182                4.6436              0.4644
Kelly_6939_1                     -36.5909                6.4863              0.6486
Kelly_6940_1                     -28.7913                4.1777              0.4178
Kelly_6941_1                     -28.3321                2.6232              0.2623
Kelly_6942_1                     -15.6768                4.1534              0.4153
Kelly_6943_1                     -34.6898                3.3370              0.3337
Kelly_6944_1                     -22.8828                4.4935              0.4494
Kelly_6945_1                     -35.7963                4.5982              0.4598
Kelly_6946_1                     -27.5564                2.0950              0.2095
Kelly_6947_1                     -31.7785                3.5622              0.3562
Kelly_6948_1                     -22.9480                4.3610              0.4361
Kelly_6949_1                     -28.3174                5.2470              0.5247
Kelly_6950_1                     -41.5588                4.4184              0.4418
Kelly_6951_1                     -37.3331                5.2353              0.5235
Kelly_6952_1                     -30.0779                3.2869              0.3287
Kelly_6953_1                     -30.7364                3.2445              0.3244
Kelly_6954_1                     -26.4032                3.0792              0.3079
Kelly_6955_1                     -19.0416                3.0303              0.3030
Kelly_6956_1                     -22.0967                2.9305              0.2931
Kelly_6957_1                     -25.8280                2.7167              0.2717
Kelly_6958_1                     -39.2817                4.8968              0.4897
Kelly_6959_1                     -38.1112                6.6395              0.6639
Kelly_6960_1                     -30.2423                2.7419              0.2742
Kelly_6961_1                     -33.2430                3.8394              0.3839
Kelly_6962_1                     -26.6090                4.8878              0.4888
Kelly_6963_1                     -23.7188                4.0997              0.4100
Kelly_6964_1                     -30.9791                8.3339              0.8334
Kelly_6965_1                     -29.4919                4.2162              0.4216
Kelly_6966_1                     -28.5715                4.8237              0.4824
Kelly_6967_1                     -37.0613                2.9814              0.2981
Kelly_6968_1                     -20.3716                6.8994              0.6899
Kelly_6969_1                     -24.7292                4.0149              0.4015
Kelly_6970_1                     -27.8316                4.7588              0.4759
Kelly_6971_1                     -35.1056                4.9958              0.4996
Kelly_6972_1                     -28.4288                2.3324              0.2332
Kelly_6973_1                     -15.0602                3.7692              0.3769
Kelly_6974_1                     -29.4223                3.2022              0.3202
Kelly_6975_1                     -35.4022                5.3312              0.5331
Kelly_6976_1                     -37.2546                6.0208              0.6021
Kelly_6977_1                     -28.6773                4.3142              0.4314
Kelly_6978_1                     -32.2718                3.0415              0.3041
Kelly_6979_1                     -20.9214                4.8389              0.4839
Kelly_6980_1                     -13.9342                3.7461              0.3746
Kelly_6981_1                     -21.7563                4.9567              0.4957
Kelly_6983_1                     -34.7358                3.6424              0.3642
Kelly_6984_1                     -26.1460                3.0407              0.3041
Kelly_6985_1                     -32.7110                3.0948              0.3095
Kelly_6986_1                     -41.2624                6.2813              0.6281
Kelly_6987_1                     -37.9235                4.1632              0.4163
Kelly_6988_1                     -21.7260                3.8207              0.3821
Kelly_6989_1                     -33.3715                3.9423              0.3942
Kelly_6990_1                     -26.8813                2.3011              0.2301
Kelly_6991_1                     -31.7914                4.3273              0.4327
Kelly_6992_1                     -40.1921                6.4929              0.6493
Kelly_6993_1                     -27.5175                5.7771              0.5777
Kelly_6994_1                     -37.8963                4.4140              0.4414
Kelly_6995_1                     -43.4964                4.7309              0.4731
Kelly_6996_1                     -40.4696                4.8399              0.4840
Kelly_6997_1                     -24.0214                5.0551              0.5055
Kelly_6998_1                     -36.8881                6.3312              0.6331
Kelly_6999_1                     -38.5461                5.9304              0.5930
Kelly_7000_1                     -31.2061                4.6004              0.4600
Kelly_7001_1                     -32.9323                3.4586              0.3459
Kelly_7002_1                     -25.4802                4.5057              0.4506
Kelly_7003_1                     -33.2155                3.6389              0.3639
Kelly_7004_1                     -36.7263                5.5162              0.5516
Kelly_7005_1                     -28.0329                2.8622              0.2862
Kelly_7006_1                     -39.5335                4.5495              0.4549
Kelly_7007_1                     -33.8900                4.0437              0.4044
Kelly_7008_1                     -35.5388                5.4691              0.5469
Kelly_7009_1                     -32.6728                2.9990              0.2999
Kelly_7010_1                     -33.3402                4.2255              0.4225
Kelly_7011_1                     -33.8854                3.3683              0.3368
Kelly_7012_1                     -25.5674                4.1142              0.4114
Kelly_7013_1                     -25.2636                2.9941              0.2994
Kelly_7014_1                     -18.9780                3.1838              0.3184
Kelly_7015_1                     -41.1252                6.0733              0.6073
Kelly_7016_1                     -35.7796                4.4724              0.4472
Kelly_7017_1                     -34.3098                6.4163              0.6416
Kelly_7018_1                     -33.8581                4.7214              0.4721
Kelly_7019_1                     -34.3996                3.3135              0.3314
Kelly_7020_1                     -37.6117                3.3513              0.3351
Kelly_7021_1                     -29.0647                3.0562              0.3056
Kelly_7022_1                     -24.7884                3.9060              0.3906
Kelly_7023_1                     -28.2147                3.5060              0.3506
Kelly_7024_1                     -35.8083                3.6975              0.3698
Kelly_7025_1                     -34.9226                2.6816              0.2682
Kelly_7026_1                     -36.7151                5.0793              0.5079
Kelly_7027_1                     -31.5607                3.3657              0.3366
Kelly_7028_1                     -31.5299                4.3933              0.4393
Kelly_7029_1                     -38.8823                5.1545              0.5154
Kelly_7030_1                     -33.0235                3.0528              0.3053
Kelly_7031_1                     -29.1549                3.4193              0.3419
Kelly_7032_1                     -32.3460                3.4811              0.3481
Kelly_7033_1                     -31.1775                3.2866              0.3287
Kelly_7034_1                     -28.4466                3.0220              0.3022
Kelly_7035_1                     -27.4380                4.0629              0.4063
Kelly_7036_1                     -15.5585                6.1060              0.6106
Kelly_7037_1                     -34.3385                4.1731              0.4173
Kelly_7038_1                     -32.8051                4.7036              0.4704
Kelly_7039_1                     -23.8882                4.0191              0.4019
Kelly_7040_1                     -36.3484                3.3225              0.3322
Kelly_7041_1                     -31.0039                5.9876              0.5988
Kelly_7042_1                     -23.7851                2.5335              0.2533
Kelly_7043_1                     -40.6105                4.0980              0.4098
Kelly_7044_1                     -21.6041                2.3402              0.2340
Kelly_7045_1                     -19.4569                3.2156              0.3216
Kelly_7046_1                     -16.0326                3.0750              0.3075
Kelly_7047_1                     -27.5630                2.2966              0.2297
Kelly_7048_1                     -26.8633                2.0617              0.2062
Kelly_7049_1                     -24.9046                3.5583              0.3558
Kelly_7050_1                     -13.5100                2.0717              0.2072
Kelly_7051_1                     -31.3287                3.5806              0.3581
Kelly_7052_1                     -30.5486                2.8711              0.2871
Kelly_7053_1                     -32.5627                5.9723              0.5972
Kelly_7054_1                     -31.4982                4.6603              0.4660
Kelly_7055_1                     -19.1858                6.4659              0.6466
Kelly_7056_1                     -37.2794                3.7867              0.3787
Kelly_7057_1                     -33.0640                3.9802              0.3980
Kelly_7058_1                     -34.0195                4.3640              0.4364
Kelly_7059_1                     -29.5050                3.2970              0.3297
Kelly_7060_1                     -21.3516                2.3792              0.2379
Kelly_7061_1                     -23.7149                2.2564              0.2256
Kelly_7062_1                     -23.3097                3.5597              0.3560
Kelly_7063_1                     -27.2447                2.9304              0.2930
Kelly_7064_1                     -23.6635                2.8943              0.2894
Kelly_7065_1                     -20.6479                2.8580              0.2858
Kelly_7066_1                     -29.2808                4.2296              0.4230
Kelly_7067_1                     -20.9324                3.5393              0.3539
1.10-01_1                     -29.1268                2.5953              0.2595
1.10-02_1                     -22.9210                4.7557              0.4756
1.10-03_1                     -28.6530                4.4455              0.4445
1.10-04_1                     -23.7955                2.0633              0.2063
1.10-05_1                     -28.3695                2.5664              0.2566
1.10-06_1                     -28.2484                3.0647              0.3065
1.10-07_1                     -29.6681                5.7817              0.5782
1.10-08_1                     -23.0283                3.4510              0.3451
1.10-09_1                     -27.7161                2.5830              0.2583
1.10-10_1                     -29.6141                3.9838              0.3984
1.10-11_1                     -29.9724                3.9476              0.3948
1.1-01_1                     -22.7649                2.8694              0.2869
1.10-12_1                     -33.8091                5.5058              0.5506
1.10-13_1                     -28.2389                3.1955              0.3196
1.10-14_1                     -29.2334                4.1299              0.4130
1.10-15_1                     -22.5784                3.3543              0.3354
1.10-16_1                     -26.4505                2.3954              0.2395
1.10-17_1                     -22.1592                3.8832              0.3883
1.10-18_1                     -28.8204                4.2694              0.4269
1.10-19_1                     -26.8052                3.7131              0.3713
1.10-20_1                     -26.5830                4.7108              0.4711
1.10-21_1                     -31.4380                4.1976              0.4198
1.1-02_1                     -18.6669                2.7123              0.2712
1.10-22_1                     -28.3418                3.2894              0.3289
1.10-23_1                     -33.9323                4.0678              0.4068
1.10-24_1                     -23.1551                4.1098              0.4110
1.10-25_1                     -27.0799                2.5657              0.2566
1.10-26_1                     -29.7638                2.6832              0.2683
1.10-27_1                     -29.5860                3.4624              0.3462
1.10-28_1                     -26.8712                3.9140              0.3914
1.10-29_1                     -29.1070                3.5892              0.3589
1.10-30_1                     -24.6104                3.2456              0.3246
1.10-31_1                     -31.1077                4.1204              0.4120
1.1-03_1                     -23.0668                3.3087              0.3309
1.10-32_1                     -31.9690                4.3787              0.4379
1.10-33_1                     -25.7517                3.9831              0.3983
1.10-34_1                     -23.9575                3.1066              0.3107
1.10-35_1                     -26.3971                3.6166              0.3617
1.10-36_1                     -28.6317                2.4637              0.2464
1.10-37_1                     -26.5659                2.7667              0.2767
1.10-38_1                     -29.5349                3.0020              0.3002
1.10-39_1                     -29.4836                3.6186              0.3619
1.10-40_1                     -29.2381                4.7742              0.4774
1.1-04_1                     -18.3066                1.5591              0.1559
1.1-05_1                     -22.7068                2.3491              0.2349
1.1-06_1                     -21.4605                2.6928              0.2693
1.1-07_1                     -23.8626                3.2270              0.3227
1.1-08_1                     -16.9482                2.4855              0.2485
1.1-09_1                     -21.5477                3.0539              0.3054
1.1-10_1                     -24.6089                2.1421              0.2142
1.1-11_1                     -27.6952                3.3747              0.3375
1.1-12_1                     -28.8840                2.7819              0.2782
1.1-13_1                     -20.9083                2.9739              0.2974
1.1-14_1                     -21.3838                2.9823              0.2982
1.1-15_1                     -17.1538                2.0999              0.2100
1.1-16_1                     -20.5608                2.0707              0.2071
1.1-17_1                     -18.1046                2.5800              0.2580
1.1-18_1                     -24.0570                2.4954              0.2495
1.1-19_1                     -20.3950                2.4154              0.2415
1.1-20_1                     -22.2235                3.5743              0.3574
1.1-21_1                     -26.1231                2.8569              0.2857
1.1-22_1                     -21.4669                2.5694              0.2569
1.1-23_1                     -28.2964                3.0110              0.3011
1.1-24_1                     -17.1862                1.7711              0.1771
1.1-25_1                     -21.5022                1.9389              0.1939
1.1-26_1                     -22.7676                3.0652              0.3065
1.1-27_1                     -22.1082                2.6424              0.2642
1.1-28_1                     -20.7377                2.5186              0.2519
1.1-29_1                     -21.5811                2.4873              0.2487
1.1-30_1                     -18.1828                2.1043              0.2104
1.1-31_1                     -25.4676                2.6869              0.2687
1.1-32_1                     -26.1044                3.0145              0.3014
1.1-33_1                     -21.5756                2.7608              0.2761
1.1-34_1                     -17.6965                1.6738              0.1674
1.1-35_1                     -22.1383                2.0956              0.2096
1.1-36_1                     -23.4497                2.3143              0.2314
1.1-37_1                     -20.6158                2.3393              0.2339
1.1-38_1                     -22.4931                2.3082              0.2308
1.1-39_1                     -23.8812                2.6632              0.2663
1.1-40_1                     -26.0622                3.5258              0.3526
1.2-01_1                     -23.6071                3.4866              0.3487
1.2-02_1                     -17.7549                3.0192              0.3019
1.2-03_1                     -22.3981                3.2014              0.3201
1.2-04_1                     -17.4842                2.3128              0.2313
1.2-05_1                     -21.4433                3.4087              0.3409
1.2-06_1                     -21.0549                2.7597              0.2760
1.2-07_1                     -23.9935                3.6714              0.3671
1.2-08_1                     -17.1103                2.7176              0.2718
1.2-09_1                     -23.3257                3.0545              0.3054
1.2-10_1                     -23.7536                2.9080              0.2908
1.2-11_1                     -26.0605                3.2036              0.3204
1.2-12_1                     -28.8903                2.5241              0.2524
1.2-13_1                     -20.4179                3.4490              0.3449
1.2-14_1                     -21.4865                3.1591              0.3159
1.2-15_1                     -17.1077                2.9500              0.2950
1.2-16_1                     -20.1644                2.1962              0.2196
1.2-17_1                     -16.6972                2.5724              0.2572
1.2-18_1                     -22.7059                2.4792              0.2479
1.2-19_1                     -19.3267                2.6148              0.2615
1.2-20_1                     -21.9504                3.9184              0.3918
1.2-21_1                     -26.1438                2.3152              0.2315
1.2-22_1                     -21.0044                3.1020              0.3102
1.2-23_1                     -25.2644                3.2383              0.3238
1.2-24_1                     -17.0874                2.2691              0.2269
1.2-25_1                     -20.0621                2.0755              0.2075
1.2-26_1                     -22.3090                3.2292              0.3229
1.2-27_1                     -20.3442                2.2885              0.2289
1.2-28_1                     -20.4312                2.3779              0.2378
1.2-29_1                     -21.2586                3.1706              0.3171
1.2-30_1                     -18.0089                2.0063              0.2006
1.2-31_1                     -25.5990                3.1862              0.3186
1.2-32_1                     -26.2352                3.3284              0.3328
1.2-33_1                     -20.5188                2.2771              0.2277
1.2-34_1                     -17.2649                2.2865              0.2287
1.2-35_1                     -19.7969                1.9703              0.1970
1.2-36_1                     -20.3591                2.4490              0.2449
1.2-37_1                     -19.6921                2.5332              0.2533
1.2-38_1                     -19.7627                2.4276              0.2428
1.2-39_1                     -22.6384                2.7429              0.2743
1.2-40_1                     -26.3387                2.8973              0.2897
1.3-01_1                     -24.2308                3.3811              0.3381
1.3-02_1                     -18.6730                2.6767              0.2677
1.3-03_1                     -24.1446                3.6105              0.3610
1.3-04_1                     -19.3996                3.4443              0.3444
1.3-05_1                     -21.6990                2.3869              0.2387
1.3-06_1                     -21.9737                2.9317              0.2932
1.3-07_1                     -24.5044                4.1694              0.4169
1.3-08_1                     -17.5368                2.6745              0.2675
1.3-09_1                     -21.9058                2.9274              0.2927
1.3-10_1                     -24.6803                4.1013              0.4101
1.3-11_1                     -26.5711                3.6102              0.3610
1.3-12_1                     -26.7458                3.5809              0.3581
1.3-13_1                     -21.2203                3.9642              0.3964
1.3-14_1                     -20.7493                3.1843              0.3184
1.3-15_1                     -15.9709                2.1990              0.2199
1.3-16_1                     -19.5808                3.0280              0.3028
1.3-17_1                     -17.2515                2.9491              0.2949
1.3-18_1                     -23.2666                2.7117              0.2712
1.3-19_1                     -20.6802                2.7212              0.2721
1.3-20_1                     -22.4848                3.7554              0.3755
1.3-21_1                     -25.1283                3.1249              0.3125
1.3-22_1                     -20.3244                2.5271              0.2527
1.3-23_1                     -28.6136                3.2797              0.3280
1.3-24_1                     -16.7004                1.9727              0.1973
1.3-25_1                     -20.1391                1.9599              0.1960
1.3-26_1                     -22.1646                3.5022              0.3502
1.3-27_1                     -21.8390                2.1501              0.2150
1.3-28_1                     -19.5549                2.4221              0.2422
1.3-29_1                     -20.9061                3.6680              0.3668
1.3-30_1                     -16.4997                2.4666              0.2467
1.3-31_1                     -25.1885                2.9915              0.2991
1.3-32_1                     -27.6200                4.4684              0.4468
1.3-33_1                     -20.1006                1.9004              0.1900
1.3-34_1                     -17.3726                1.4808              0.1481
1.3-35_1                     -21.1328                1.8139              0.1814
1.3-36_1                     -21.7717                2.4344              0.2434
1.3-37_1                     -20.4006                2.3163              0.2316
1.3-38_1                     -18.5144                2.3838              0.2384
1.3-39_1                     -23.1018                3.5456              0.3546
1.3-40_1                     -26.8280                2.9173              0.2917
1.4-01_1                     -26.1037                3.4870              0.3487
1.4-02_1                     -20.7352                3.1343              0.3134
1.4-03_1                     -23.2980                3.4788              0.3479
1.4-04_1                     -21.4731                3.4803              0.3480
1.4-05_1                     -22.5678                2.8110              0.2811
1.4-06_1                     -23.4669                2.8155              0.2816
1.4-07_1                     -26.6056                3.3467              0.3347
1.4-08_1                     -17.8386                2.9824              0.2982
1.4-09_1                     -23.5975                4.0450              0.4045
1.4-10_1                     -23.2173                3.9544              0.3954
1.4-11_1                     -28.6852                2.9709              0.2971
1.4-12_1                     -29.4913                3.3448              0.3345
1.4-13_1                     -21.7880                3.4135              0.3413
1.4-14_1                     -22.7908                3.2140              0.3214
1.4-15_1                     -18.8546                2.1507              0.2151
1.4-16_1                     -22.6271                3.7743              0.3774
1.4-17_1                     -16.3772                3.7729              0.3773
1.4-18_1                     -25.9744                2.8710              0.2871
1.4-19_1                     -20.5591                3.6692              0.3669
1.4-20_1                     -23.2256                3.4286              0.3429
1.4-21_1                     -27.2228                2.3261              0.2326
1.4-22_1                     -22.5991                3.6117              0.3612
1.4-23_1                     -28.5261                2.9852              0.2985
1.4-24_1                     -14.4102                2.7546              0.2755
1.4-25_1                     -22.6379                2.0458              0.2046
1.4-26_1                     -23.0377                3.2781              0.3278
1.4-27_1                     -22.2238                3.0540              0.3054
1.4-28_1                     -21.6708                2.9998              0.3000
1.4-29_1                     -22.3578                2.8416              0.2842
1.4-30_1                     -18.1191                3.6224              0.3622
1.4-31_1                     -26.9333                2.9237              0.2924
1.4-32_1                     -27.4950                3.5250              0.3525
1.4-33_1                     -23.5156                2.4232              0.2423
1.4-34_1                     -16.5293                3.3272              0.3327
1.4-35_1                     -21.7001                3.1250              0.3125
1.4-36_1                     -22.8448                3.5687              0.3569
1.4-37_1                     -20.7621                3.6768              0.3677
1.4-38_1                     -21.7246                3.3964              0.3396
1.4-39_1                     -21.3311                4.1031              0.4103
1.4-40_1                     -28.0589                4.1153              0.4115
1.5-01_1                     -29.0031                3.6332              0.3633
1.5-02_1                     -25.5886                2.8076              0.2808
1.5-03_1                     -26.6473                2.7638              0.2764
1.5-04_1                     -24.4633                3.6568              0.3657
1.5-05_1                     -28.0883                2.5001              0.2500
1.5-06_1                     -26.3257                2.8555              0.2855
1.5-07_1                     -30.8353                4.2578              0.4258
1.5-08_1                     -21.7323                2.8637              0.2864
1.5-09_1                     -27.4460                3.7469              0.3747
1.5-10_1                     -31.4068                4.0116              0.4012
1.5-11_1                     -33.6081                3.7925              0.3792
1.5-12_1                     -32.3228                3.3950              0.3395
1.5-13_1                     -30.5373                3.3993              0.3399
1.5-14_1                     -29.4025                2.7439              0.2744
1.5-15_1                     -25.6698                2.7671              0.2767
1.5-16_1                     -25.7623                2.4916              0.2492
1.5-17_1                     -24.3753                3.2941              0.3294
1.5-18_1                     -28.4124                2.9614              0.2961
1.5-19_1                     -24.4831                3.4658              0.3466
1.5-20_1                     -25.6564                3.1579              0.3158
1.5-21_1                     -31.4491                3.9449              0.3945
1.5-22_1                     -26.2775                3.2528              0.3253
1.5-23_1                     -31.7182                3.0688              0.3069
1.5-24_1                     -22.3721                2.5404              0.2540
1.5-25_1                     -27.2559                2.0453              0.2045
1.5-26_1                     -29.6673                3.2990              0.3299
1.5-27_1                     -29.1149                3.6669              0.3667
1.5-28_1                     -24.2631                2.7544              0.2754
1.5-29_1                     -28.3309                4.0186              0.4019
1.5-30_1                     -22.1975                2.9559              0.2956
1.5-31_1                     -31.9578                3.0969              0.3097
1.5-32_1                     -31.3399                4.4628              0.4463
1.5-33_1                     -25.4994                2.7974              0.2797
1.5-34_1                     -25.4565                2.2184              0.2218
1.5-35_1                     -26.8146                3.4700              0.3470
1.5-36_1                     -26.2007                2.5546              0.2555
1.5-37_1                     -23.0095                3.4149              0.3415
1.5-38_1                     -28.8804                3.8747              0.3875
1.5-39_1                     -25.2433                2.5002              0.2500
1.5-40_1                     -32.8908                3.8218              0.3822
1.6-01_1                     -22.3651                2.5488              0.2549
1.6-02_1                     -19.2191                2.8025              0.2802
1.6-03_1                     -23.5390                3.5468              0.3547
1.6-04_1                     -17.6985                2.2676              0.2268
1.6-05_1                     -21.7540                2.2272              0.2227
1.6-06_1                     -22.8757                3.7763              0.3776
1.6-07_1                     -24.2552                2.7675              0.2768
1.6-08_1                     -18.0496                2.9576              0.2958
1.6-09_1                     -22.9397                2.9820              0.2982
1.6-10_1                     -23.9609                3.3022              0.3302
1.6-11_1                     -25.1383                2.7888              0.2789
1.6-12_1                     -29.3089                2.6505              0.2651
1.6-13_1                     -22.8929                3.9712              0.3971
1.6-14_1                     -23.2960                3.3177              0.3318
1.6-15_1                     -15.8600                2.7720              0.2772
1.6-16_1                     -21.4886                3.3664              0.3366
1.6-17_1                     -18.2432                3.0434              0.3043
1.6-18_1                     -22.6407                3.8370              0.3837
1.6-19_1                     -21.3420                3.3890              0.3389
1.6-20_1                     -23.7006                3.9631              0.3963
1.6-21_1                     -25.9456                4.2367              0.4237
1.6-22_1                     -21.7219                3.1289              0.3129
1.6-23_1                     -29.5117                3.9148              0.3915
1.6-24_1                     -16.6841                2.1088              0.2109
1.6-25_1                     -20.8595                2.7681              0.2768
1.6-26_1                     -22.2529                3.8660              0.3866
1.6-27_1                     -23.7284                3.6387              0.3639
1.6-28_1                     -21.3978                3.2419              0.3242
1.6-29_1                     -22.7685                3.3357              0.3336
1.6-30_1                     -18.0751                2.7358              0.2736
1.6-31_1                     -23.9980                3.7021              0.3702
1.6-32_1                     -28.6151                3.8399              0.3840
1.6-33_1                     -19.6438                2.3074              0.2307
1.6-34_1                     -16.6939                2.2227              0.2223
1.6-35_1                     -21.4975                2.6603              0.2660
1.6-36_1                     -25.6824                3.6158              0.3616
1.6-37_1                     -20.7341                2.9202              0.2920
1.6-38_1                     -22.0303                2.7883              0.2788
1.6-39_1                     -24.0075                3.6561              0.3656
1.6-40_1                     -27.8095                3.1924              0.3192
1.7-01_1                     -20.4968                4.3740              0.4374
1.7-02_1                     -20.6146                3.9291              0.3929
1.7-03_1                     -25.7837                3.7359              0.3736
1.7-04_1                     -17.4240                2.7090              0.2709
1.7-05_1                     -24.0496                3.4730              0.3473
1.7-06_1                     -19.1697                3.6251              0.3625
1.7-07_1                     -24.1444                4.1638              0.4164
1.7-08_1                     -17.1181                3.3217              0.3322
1.7-09_1                     -22.7100                3.1892              0.3189
1.7-10_1                     -24.5349                4.1243              0.4124
1.7-11_1                     -23.7929                3.9883              0.3988
1.7-12_1                     -26.9591                4.0347              0.4035
1.7-13_1                     -21.8037                4.3819              0.4382
1.7-14_1                     -23.3436                2.5619              0.2562
1.7-15_1                     -15.2435                2.6267              0.2627
1.7-16_1                     -21.6748                3.4078              0.3408
1.7-17_1                     -17.0739                3.4005              0.3401
1.7-18_1                     -24.2627                3.9574              0.3957
1.7-19_1                     -19.2603                3.4179              0.3418
1.7-20_1                     -19.7285                3.2329              0.3233
1.7-21_1                     -25.2186                3.9697              0.3970
1.7-22_1                     -22.7155                3.7209              0.3721
1.7-23_1                     -24.8144                3.4076              0.3408
1.7-24_1                     -16.2521                2.9719              0.2972
1.7-25_1                     -20.9863                3.6778              0.3678
1.7-26_1                     -23.8304                3.4409              0.3441
1.7-27_1                     -24.3358                3.5620              0.3562
1.7-28_1                     -18.5267                2.7254              0.2725
1.7-29_1                     -20.9098                3.7786              0.3779
1.7-30_1                     -18.6567                3.5617              0.3562
1.7-31_1                     -26.9076                3.7564              0.3756
1.7-32_1                     -24.8106                3.8007              0.3801
1.7-33_1                     -23.4301                2.9689              0.2969
1.7-34_1                     -19.3461                3.3052              0.3305
1.7-35_1                     -20.2851                3.3816              0.3382
1.7-36_1                     -25.6400                2.9741              0.2974
1.7-37_1                     -23.3949                3.2332              0.3233
1.7-38_1                     -25.0097                3.4292              0.3429
1.7-39_1                     -20.7816                3.3923              0.3392
1.7-40_1                     -27.9628                3.7861              0.3786
1.8-01_1                     -27.0134                3.4108              0.3411
1.8-02_1                     -22.1868                2.2823              0.2282
1.8-03_1                     -27.0129                3.2702              0.3270
1.8-04_1                     -22.1752                2.3723              0.2372
1.8-05_1                     -26.4042                2.2083              0.2208
1.8-06_1                     -28.1588                3.9960              0.3996
1.8-07_1                     -28.6317                2.8545              0.2854
1.8-08_1                     -23.6819                3.6803              0.3680
1.8-09_1                     -27.1217                2.9701              0.2970
1.8-10_1                     -26.7120                3.5008              0.3501
1.8-11_1                     -28.3257                3.6605              0.3661
1.8-12_1                     -35.0425                3.8322              0.3832
1.8-13_1                     -26.5839                3.7273              0.3727
1.8-14_1                     -29.4542                3.8904              0.3890
1.8-15_1                     -20.9246                3.4440              0.3444
1.8-16_1                     -25.5828                3.4387              0.3439
1.8-17_1                     -24.2209                3.4003              0.3400
1.8-18_1                     -26.5445                3.7079              0.3708
1.8-19_1                     -25.2726                2.8890              0.4883
1.8-20_1                     -26.0121                3.7531              0.3753
1.8-21_1                     -23.8169                2.3782              0.2378
1.8-22_1                     -25.7408                3.7191              0.3719
1.8-23_1                     -31.3854                4.0748              0.4075
1.8-24_1                     -20.3400                2.0751              0.2075
1.8-25_1                     -29.3096                3.1861              0.3186
1.8-26_1                     -27.5858                3.3860              0.3386
1.8-27_1                     -26.8531                3.4849              0.3485
1.8-28_1                     -25.5250                3.3626              0.3363
1.8-29_1                     -26.6176                4.0661              0.4066
1.8-30_1                     -23.3804                2.6796              0.2680
1.8-31_1                     -26.3930                2.6132              0.2613
1.8-32_1                     -31.3550                3.4800              0.3480
1.8-33_1                     -24.5987                2.8374              0.2837
1.8-34_1                     -22.1815                2.1365              0.2136
1.8-35_1                     -25.3754                2.1081              0.2108
1.8-36_1                     -26.0220                2.0885              0.2088
1.8-37_1                     -24.7858                2.6280              0.2628
1.8-38_1                     -25.6954                2.3614              0.2361
1.8-39_1                     -25.7731                3.5284              0.3528
1.8-40_1                     -31.9456                3.6371              0.3637
1.9-01_1                     -31.4414                2.4647              0.2465
1.9-02_1                     -18.7136                3.3369              0.3337
1.9-03_1                     -23.3838                4.1132              0.4113
1.9-04_1                     -20.3432                3.3573              0.3357
1.9-05_1                     -23.1370                3.2446              0.3245
1.9-06_1                     -21.7298                4.6798              0.4680
1.9-07_1                     -25.2789                4.7213              0.4721
1.9-08_1                     -17.4667                5.1049              0.5105
1.9-09_1                     -23.3553                4.6319              0.4632
1.9-10_1                     -22.7825                3.2666              0.3267
1.9-11_1                     -26.0769                4.1380              0.4138
1.9-12_1                     -29.4878                4.7745              0.4775
1.9-13_1                     -23.8345                4.7390              0.4739
1.9-14_1                     -23.3854                5.0043              0.5004
1.9-15_1                     -16.9571                4.6927              0.4693
1.9-16_1                     -23.6366                3.6399              0.3640
1.9-17_1                     -19.6530                4.4432              0.4443
1.9-18_1                     -22.0704                3.9715              0.3971
1.9-19_1                     -21.5257                5.7478              0.5748
1.9-20_1                     -23.0020                5.4982              0.5498
1.9-21_1                     -23.8292                4.6867              0.4687
1.9-22_1                     -24.1467                4.2028              0.4203
1.9-23_1                     -28.9835                5.5320              0.5532
1.9-24_1                     -19.4687                3.6378              0.3638
1.9-25_1                     -25.6956                3.5024              0.3502
1.9-26_1                     -25.4447                3.7262              0.3726
1.9-27_1                     -25.9161                4.4565              0.4456
1.9-28_1                     -21.6932                4.4926              0.4493
1.9-29_1                     -22.9501                4.6113              0.4611
1.9-30_1                     -17.9609                3.5353              0.3535
1.9-31_1                     -26.6879                4.8091              0.4809
1.9-32_1                     -28.2114                4.7542              0.4754
1.9-33_1                     -21.5570                3.3039              0.3304
1.9-34_1                     -19.6662                4.0351              0.4035
1.9-35_1                     -22.4340                3.7467              0.3747
1.9-36_1                     -22.8880                3.2578              0.3258
1.9-37_1                     -19.7781                5.2427              0.5243
1.9-38_1                     -22.7207                3.7994              0.3799
1.9-39_1                     -27.1732                5.0372              0.5037
1.9-40_1                     -28.7281                5.4247              0.5425
2.1-01H_1                     -23.9995                1.7909              0.1791
2.1-01Me_1                     -18.9114                1.9036              0.1904
2.1-02H_1                     -21.6193                2.3397              0.2340
2.1-02Me_1                     -19.4499                2.7577              0.2758
2.1-03H_1                     -25.6208                2.5069              0.2507
2.1-03Me_1                     -23.5540                2.3060              0.2306
2.1-04H_1                     -25.6556                1.8798              0.1880
2.1-04Me_1                     -19.0792                2.0835              0.2083
2.1-05H_1                     -23.2975                1.7863              0.1786
2.1-05Me_1                     -17.1310                2.5646              0.2565
2.1-06H_1                     -20.9716                2.8595              0.2860
2.1-06Me_1                     -19.1825                3.1186              0.3119
2.1-07H_1                     -25.8408                2.8991              0.2899
2.1-07Me_1                     -23.1693                3.2333              0.3233
2.1-08H_1                     -20.5762                1.9516              0.1952
2.1-08Me_1                     -18.4779                2.5115              0.2512
2.1-09H_1                     -37.3952                3.3159              0.3316
2.1-09Me_1                     -22.6222                2.5912              0.2591
2.1-10H_1                     -28.8429                2.2067              0.2207
2.1-10Me_1                     -24.7275                2.6717              0.2672
2.1-11H_1                     -26.3063                2.3290              0.2329
2.1-11Me_1                     -24.6823                2.6577              0.2658
2.1-12H_1                     -30.4592                2.7506              0.2751
2.1-12Me_1                     -28.7970                2.7252              0.2725
2.1-13H_1                     -22.6842                2.4571              0.2457
2.1-13Me_1                     -17.6340                2.5273              0.2527
2.1-14H_1                     -21.1601                3.3148              0.3315
2.1-14Me_1                     -17.9232                3.5178              0.3518
2.1-15H_1                     -24.2771                3.3652              0.3365
2.1-15Me_1                     -22.9386                2.8466              0.2847
2.1-16H_1                     -28.3332                2.8821              0.2882
2.1-16Me_1                     -24.1541                3.1002              0.3100
2.1-17H_1                     -26.0496                2.8604              0.2860
2.1-17Me_1                     -23.8235                2.4962              0.2496
2.1-18H_1                     -29.3462                2.7886              0.2789
2.1-18Me_1                     -27.3244                2.7070              0.2707
2.2-01Me_1                     -16.3872                1.8511              0.1851
2.2-02H_1                     -20.4141                2.3126              0.2313
2.2-02Me_1                     -16.1138                1.7860              0.1786
2.2-03H_1                     -20.6839                2.2788              0.2279
2.2-03Me_1                     -20.2540                1.6323              0.1632
2.2-04H_1                     -24.4128                2.1338              0.2134
2.2-04Me_1                     -15.2325                2.0480              0.2048
2.2-05H_1                     -17.9446                1.8332              0.1833
2.2-05Me_1                     -15.1699                1.5180              0.1518
2.2-06H_1                     -20.3644                2.6734              0.2673
2.2-06Me_1                     -18.9315                2.0649              0.2065
2.2-07H_1                     -18.7939                2.0796              0.2080
2.2-07Me_1                     -23.0841                2.2319              0.2232
2.2-08H_1                     -22.1848                1.8310              0.1831
2.2-08Me_1                     -15.5381                1.6893              0.1689
2.2-09H_1                     -19.9394                2.2112              0.2211
2.2-09Me_1                     -22.1281                2.4435              0.2444
2.2-10H_1                     -23.2328                2.0492              0.2049
2.2-10Me_1                     -23.7492                3.5985              0.3599
2.2-11H_1                     -24.3684                1.7962              0.1796
2.2-11Me_1                     -23.7063                2.5849              0.2585
2.2-12H_1                     -31.0774                4.6445              0.4644
2.2-12Me_1                     -24.8589                1.6838              0.1684
2.2-13H_1                      -45.8334               28.6092              2.8609
2.2-13Me_1                     -13.9890                1.8861              0.1886
2.2-14H_1                     -17.5049                2.0845              0.2084
2.2-14Me_1                     -18.7564                2.1830              0.2183
2.2-15H_1                     -17.7914                2.1964              0.2196
2.2-15Me_1                     -17.7770                1.8775              0.1877
2.2-16H_1                     -21.2083                1.8412              0.1841
2.2-16Me_1                    -38.0410               28.9785              2.8978
2.2-17H_1                     -50.7346               43.1196              4.3120
2.2-17Me_1                     -22.1128                1.8763              0.1876
2.2-18H_1                     -24.0887                1.9501              0.1950
2.2-18Me_1                    -37.5290               29.6158              2.9616
2.2-19H_1                     -27.7282                2.2484              0.2248
2.3-01H_1                     -28.3300                2.1111              0.2111
2.3-01Me_1                     -19.6237                2.8813              0.2881
2.3-02H_1                     -23.7013                1.8262              0.1826
2.3-02Me_1                     -18.4707                1.3537              0.1354
2.3-03H_1                     -32.3216                2.4954              0.2495
2.3-03Me_1                     -27.1711                1.9028              0.1903
2.3-04H_1                     -28.4863                2.3548              0.2355
2.3-04Me_1                     -18.8980                1.7252              0.1725
2.3-05H_1                     -26.8828                3.5642              0.3564
2.3-05Me_1                     -19.7115                3.4042              0.3404
2.3-06H_1                     -25.0426                2.3086              0.2309
2.3-06Me_1                     -18.4940                1.8660              0.1866
2.3-07H_1                     -31.1996                3.3429              0.3343
2.3-07Me_1                     -23.0033                1.8256              0.1826
2.3-08H_1                     -25.3315                3.2532              0.3253
2.3-08Me_1                     -22.4938                2.3027              0.2303
2.3-09H_1                     -31.6622                2.2867              0.2287
2.3-09Me_1                     -22.1864                1.7109              0.1711
2.3-10H_1                     -33.0779                4.5936              0.4594
2.3-10Me_1                     -24.9947                1.7592              0.1759
2.3-11H_1                     -35.7381                2.8851              0.2885
2.3-11Me_1                     -23.1320                1.6207              0.1621
2.3-12H_1                     -34.7210                1.7990              0.1799
2.3-12Me_1                     -29.2844                1.3603              0.1360
2.3-13H_1                     -27.1678                3.5427              0.3543
2.3-13Me_1                     -20.4899                3.3240              0.3324
2.3-14H_1                     -28.7317                2.6145              0.2614
2.3-14Me_1                     -18.7454                3.3325              0.3332
2.3-15H_1                     -32.3819                2.8734              0.2873
2.3-15Me_1                     -23.4373                3.4924              0.3492
2.3-16H_1                     -35.9512                3.1313              0.3131
2.3-16Me_1                     -35.7703                2.2372              0.2237
2.3-17H_1                     -25.5733                2.4340              0.2434
2.3-17Me_1                     -24.5147                1.6743              0.1674
2.3-18H_1                     -34.9165                6.1146              0.6115
2.3-18Me_1                     -30.9408                1.7806              0.1781
2.4-01H_1                     -26.4441                3.1211              0.3121
2.4-01Me_1                     -29.6520                2.8927              0.2893
2.4-02H_1                     -24.3272                2.9926              0.2993
2.4-02Me_1                     -20.8989                3.5487              0.3549
2.4-03H_1                     -26.3911                2.4334              0.2433
2.4-03Me_1                     -28.3155                3.1139              0.3114
2.4-04H_1                     -24.4859                3.0116              0.3012
2.4-04Me_1                     -22.3638                1.3571              0.1357
2.4-05H_1                     -31.2589                2.3309              0.2331
2.4-05Me_1                     -23.2496                2.4694              0.2469
2.4-06H_1                     -21.6657                2.6403              0.2640
2.4-06Me_1                     -23.9633                1.4431              0.1443
2.4-07H_1                     -26.1863                3.7688              0.3769
2.4-07Me_1                     -27.3496                2.4301              0.2430
2.4-08H_1                     -27.3372                3.2517              0.3252
2.4-08Me_1                     -24.1880                3.3415              0.3342
2.4-09H_1                     -31.1809                3.1119              0.3112
2.4-09Me_1                     -28.1864                1.7440              0.1744
2.4-10H_1                     -31.9366                3.7114              0.3711
2.4-10Me_1                     -26.7083                1.6441              0.1644
2.4-11H_1                     -31.3541                3.2884              0.3288
2.4-11Me_1                     -29.0957                4.0284              0.4028
2.4-12H_1                     -34.1208                3.0862              0.3086
2.4-12Me_1                     -28.2558                2.8332              0.2833
2.4-13H_1                     -27.3052                2.1887              0.2189
2.4-13Me_1                     -24.3928                1.7965              0.1796
2.4-14H_1                     -23.8680                2.8547              0.2855
2.4-14Me_1                     -23.5472                2.6476              0.2648
2.4-15H_1                     -29.5420                3.7817              0.3782
2.4-15Me_1                     -26.0579                1.6096              0.1610
2.4-16H_1                     -33.2789                1.9923              0.1992
2.4-16Me_1                     -27.4761                1.8554              0.1855
2.4-17H_1                     -29.5949                2.5318              0.2532
2.4-17Me_1                     -27.7264                1.7058              0.1706
2.4-18H_1                     -33.9252                2.9368              0.2937
2.4-18Me_1                     -31.8618                2.8220              0.2822
2.5-01H_1                     -22.5197                1.7124              0.1712
2.5-01Me_1                     -19.1700                2.7182              0.2718
2.5-02H_1                     -22.2922                2.0035              0.2003
2.5-02Me_1                     -17.9639                2.9275              0.2927
2.5-03H_1                     -26.4859                1.8871              0.1887
2.5-03Me_1                     -23.6390                3.2211              0.3221
2.5-04H_1                     -22.6628                3.2427              0.3243
2.5-04Me_1                     -18.1413                4.0268              0.4027
2.5-05H_1                     -20.3260                1.7715              0.1772
2.5-05Me_1                     -17.3470                3.6309              0.3631
2.5-06H_1                     -22.4203                3.4020              0.3402
2.5-06Me_1                     -17.8583                3.9898              0.3990
2.5-07H_1                     -26.7246                2.6869              0.2687
2.5-07Me_1                     -21.7171                3.6861              0.3686
2.5-08H_1                     -21.5741                1.9816              0.1982
2.5-08Me_1                     -18.2950                3.6373              0.3637
2.5-09H_1                     -25.3293                1.6477              0.1648
2.5-09Me_1                     -21.0284                3.2113              0.3211
2.5-10H_1                     -27.3104                2.5202              0.2520
2.5-10Me_1                     -26.0444                2.9264              0.2926
2.5-11H_1                     -26.9004                2.8439              0.2844
2.5-11Me_1                     -24.0153                2.4118              0.2412
2.5-12H_1                     -30.5413                2.4265              0.2427
2.5-12Me_1                     -29.4142                3.1750              0.3175
2.5-13H_1                     -21.4461                2.8618              0.2862
2.5-13Me_1                     -18.1148                3.9876              0.3988
2.5-14H_1                     -20.6591                3.2785              0.3279
2.5-14Me_1                     -18.6614                3.7323              0.3732
2.5-15H_1                     -26.7504                2.0996              0.2100
2.5-15Me_1                     -22.6511                3.6287              0.3629
2.5-16H_1                     -25.5577                2.4776              0.2478
2.5-16Me_1                     -24.2837                3.5535              0.3554
2.5-17H_1                     -25.9688                2.5893              0.2589
2.5-17Me_1                     -22.4594                2.2845              0.2285
2.5-18H_1                     -29.4093                2.8242              0.2824
2.5-18Me_1                     -27.6964                3.3948              0.3395
2.6-01H_1                     -20.8834                2.4325              0.2432
2.6-01Me_1                     -22.6387                2.8614              0.2861
2.6-02H_1                     -20.4815                1.9359              0.1936
2.6-02Me_1                     -19.8190                2.3619              0.2362
2.6-03H_1                     -25.2084                2.1443              0.2144
2.6-03Me_1                     -24.0273                2.8704              0.2870
2.6-04H_1                     -20.2139                1.9628              0.1963
2.6-04Me_1                     -17.4612                2.3856              0.2386
2.6-05H_1                     -21.2483                2.8829              0.2883
2.6-05Me_1                     -22.1856                1.8961              0.1896
2.6-06H_1                     -29.3696                3.2973              0.3297
2.6-06Me_1                     -17.6241                2.8059              0.2806
2.6-07H_1                     -36.2818                2.5168              0.2517
2.6-07Me_1                     -21.4170                2.4890              0.2489
2.6-08H_1                     -20.3548                2.6869              0.2687
2.6-08Me_1                     -18.9173                2.7285              0.2728
2.6-09H_1                     -24.2026                2.1811              0.2181
2.6-09Me_1                     -23.0133                2.6283              0.2628
2.6-10H_1                     -25.1539                2.0542              0.2054
2.6-10Me_1                     -24.5638                5.6091              0.5609
2.6-11H_1                     -25.5399                2.1412              0.2141
2.6-11Me_1                     -27.7744                2.2283              0.2228
2.6-12H_1                     -28.7707                2.5701              0.2570
2.6-12Me_1                     -27.7171                5.2068              0.5207
2.6-13H_1                     -20.5280                2.7069              0.2707
2.6-13Me_1                     -18.7802                3.3122              0.3312
2.6-14H_1                     -23.4600                4.5578              0.4558
2.6-14Me_1                     -16.7284                2.7638              0.2764
2.6-15H_1                     -31.6359                2.7664              0.2766
2.6-15Me_1                     -19.5360                3.0438              0.3044
2.6-16H_1                     -25.7842                3.1421              0.3142
2.6-16Me_1                     -26.2084                3.5344              0.3534
2.6-17H_1                     -24.5839                2.5881              0.2588
2.6-17Me_1                     -22.6589                4.3286              0.4329
2.6-18H_1                     -28.1813                2.8450              0.2845
2.6-18Me_1                     -31.5920                2.3363              0.2336
2.7-01H_1                     -22.3305                2.1092              0.2109
2.7-01Me_1                     -24.4480                2.1714              0.2171
2.7-02H_1                     -22.4412                1.9614              0.1961
2.7-02Me_1                     -20.4643                1.7105              0.1711
2.7-03H_1                     -26.2398                1.9432              0.1943
2.7-03Me_1                     -23.5373                1.8449              0.1845
2.7-04H_1                     -23.3772                2.0423              0.2042
2.7-04Me_1                     -20.5297                1.8804              0.1880
2.7-05H_1                     -22.3038                2.0510              0.2051
2.7-05Me_1                     -22.1943                2.0564              0.2056
2.7-06H_1                     -22.1890                2.4527              0.2453
2.7-06Me_1                     -20.1430                2.3938              0.2394
2.7-07H_1                     -26.7279                2.2159              0.2216
2.7-07Me_1                     -29.4123                2.2234              0.2223
2.7-08H_1                     -21.8123                1.9936              0.1994
2.7-08Me_1                     -20.2847                1.8870              0.1887
2.7-09H_1                     -25.6244                1.9657              0.1966
2.7-09Me_1                     -24.3617                1.9998              0.2000
2.7-10H_1                     -28.8047                2.4000              0.2400
2.7-10Me_1                     -31.3053                3.1431              0.3143
2.7-11H_1                     -28.8715                2.0901              0.2090
2.7-11Me_1                     -29.1481                2.3394              0.2339
2.7-12H_1                     -32.8717                2.0822              0.2082
2.7-12Me_1                     -31.9776                2.7394              0.2739
2.7-13H_1                     -23.3301                2.1410              0.2141
2.7-13Me_1                     -23.0297                2.3724              0.2372
2.7-14H_1                     -23.6084                2.1140              0.2114
2.7-14Me_1                     -21.9386                1.8600              0.1860
2.7-15H_1                     -26.2828                2.4708              0.2471
2.7-15Me_1                     -25.2401                2.1451              0.2145
2.7-16H_1                     -34.4445                3.2001              0.3200
2.7-16Me_1                     -30.3714                2.8957              0.2896
2.7-17H_1                     -28.2997                2.1220              0.2122
2.7-17Me_1                     -27.1682                2.4208              0.2421
2.7-18H_1                     -31.2443                2.4212              0.2421
2.7-18Me_1                     -32.0229                3.0024              0.3002
2.8-01H_1                     -23.9696                1.5266              0.1527
2.8-01Me_1                     -26.4022                1.9198              0.1920
2.8-02H_1                     -24.5112                2.0834              0.2083
2.8-02Me_1                     -23.5416                2.4746              0.2475
2.8-03H_1                     -27.1001                1.7378              0.1738
2.8-03Me_1                     -33.8829                2.5359              0.2536
2.8-04H_1                     -18.2525                2.5230              0.2523
2.8-04Me_1                     -23.5928                2.9884              0.2988
2.8-05H_1                     -23.6256                1.5851              0.1585
2.8-05Me_1                     -26.8450                1.8923              0.1892
2.8-06H_1                     -21.3110                1.9159              0.1916
2.8-06Me_1                     -21.7198                2.8227              0.2823
2.8-07H_1                     -33.1755                3.1231              0.3123
2.8-07Me_1                     -25.7400                3.8235              0.3823
2.8-08H_1                     -23.6590                2.1443              0.2144
2.8-08Me_1                     -22.2321                1.8423              0.1842
2.8-09H_1                     -26.1166                2.2497              0.2250
2.8-09Me_1                     -30.9429                2.7575              0.2757
2.8-10H_1                     -26.9594                2.0083              0.2008
2.8-10Me_1                     -26.1310                1.6879              0.1688
2.8-11H_1                     -27.9954                1.5806              0.1581
2.8-11Me_1                     -25.9812                1.5505              0.1550
2.8-12H_1                     -31.8962                1.6873              0.1687
2.8-12Me_1                     -34.1895                5.9584              0.5958
2.8-13H_1                     -23.5764                2.0210              0.2021
2.8-13Me_1                     -22.7591                3.0523              0.3052
2.8-14H_1                     -21.8944                3.2515              0.3252
2.8-14Me_1                     -24.2031                2.8443              0.2844
2.8-15H_1                     -30.2213                2.5508              0.2551
2.8-15Me_1                     -26.8054                2.6439              0.2644
2.8-16H_1                     -27.2083                1.6297              0.1630
2.8-16Me_1                     -28.1868                3.5845              0.3584
2.8-17H_1                     -27.7568                1.6898              0.1690
2.8-17Me_1                     -32.5262                4.6355              0.4636
2.8-18H_1                     -30.9912                1.8542              0.1854
2.8-18Me_1                     -32.0433                4.9011              0.4901
Naylor_2303_1                     -26.0845                1.9505              0.1951
Naylor_2304_1                     -26.3169                3.3187              0.3319
Naylor_2305_1                     -19.7411                2.4589              0.2459
Naylor_2306_1                     -27.3269                2.3509              0.2351
Naylor_2307_1                     -27.1225                2.1530              0.2153
Naylor_2308_1                     -19.2485                2.5184              0.2518
Naylor_2309_1                     -15.1031                3.0909              0.3091
Naylor_2310_1                     -31.4207                2.8734              0.2873
Naylor_2311_1                     -27.5701                2.7534              0.2753
Naylor_2312_1                     -22.4564                2.6468              0.2647
Naylor_2313_1                     -24.6125                2.7466              0.2747
Naylor_2314_1                     -18.8057                1.8384              0.1838
Naylor_2315_1                     -19.7353                3.1598              0.3160
Naylor_2316_1                     -13.3070                3.8287              0.3829
Naylor_2317_1                     -22.1598                2.4323              0.2432
Naylor_2318_1                     -19.2894                2.8448              0.2845
Naylor_2319_1                     -27.4673                2.6987              0.2699
Naylor_2321_1                     -19.7631                2.5505              0.2550
Naylor_2322_1                     -32.4658                2.6883              0.2688
Naylor_2323_1                     -39.2006                2.5522              0.2552
Naylor_2324_1                     -30.7479                3.9807              0.3981
Naylor_2325_1                     -32.5813                2.3152              0.2315
Naylor_2326_1                     -30.9580                2.8299              0.2830
Naylor_2327_1                     -33.5234                3.4289              0.3429
Naylor_2328_1                     -26.4993                3.5976              0.3598
Naylor_2329_1                     -37.9680                2.8661              0.2866
Naylor_2330_1                     -30.4788                2.9185              0.2919
Naylor_2331_1                     -37.0251                3.2809              0.3281
Naylor_2332_1                     -30.4255                3.6850              0.3685
Naylor_2333_1                     -26.2172                3.8381              0.3838
Naylor_2334_1                     -37.2180                2.2080              0.2208
Naylor_2335_1                     -31.5880                2.8375              0.2838
Naylor_2336_1                     -26.7472                2.9955              0.2996
Naylor_2337_1                     -25.4640                6.6160              0.6616
Naylor_2338_1                     -25.0677                2.1284              0.2128
Naylor_2339_1                     -29.8145                2.7510              0.2751
Naylor_2340_1                     -24.9318                8.2501              0.8250
Naylor_2341_1                     -24.8715                3.1097              0.3110
Naylor_2342_1                     -27.0561                3.0115              0.3012
Naylor_2343_1                     -33.8528                1.8153              0.1815
Naylor_2344_1                     -50.9813                3.2548              0.3255
Naylor_2345_1                     -29.9097                2.0429              0.2043
Naylor_2346_1                     -28.9207                1.5752              0.1575
Naylor_2347_1                     -37.7508                2.6761              0.2676
Naylor_2348_1                     -38.0815                4.2831              0.4283
Naylor_2349_1                     -34.5880                2.5786              0.2579
Naylor_2350_1                     -28.0486                2.4890              0.2489
Naylor_2351_1                     -31.1682                3.6626              0.3663
Naylor_2361_1                     -20.0289                3.4850              0.3485
Naylor_2362_1                     -19.7563                2.3853              0.2385
Naylor_2363_1                     -22.8571                2.0902              0.2090
Naylor_2364_1                     -23.4486                2.9668              0.2967
Naylor_2365_1                     -23.8392                2.2649              0.2265
Naylor_2366_1                     -19.7875                2.4668              0.2467
Compound.10_1                     -31.5370                2.8578              0.2858
Compound.11_1                     -30.1253                3.5028              0.3503
Compound.1_1                     -33.1752                3.1344              0.3134
Compound.12_1                     -26.3673                3.7422              0.3742
Compound.13_1                     -29.9377                2.1122              0.2112
Compound.14_1                     -30.4528                3.1976              0.3198
Compound.15_1                     -26.7274                1.9001              0.1900
Compound.16_1                     -26.1968                2.3002              0.2300
Compound.17_1                     -29.2069                3.0723              0.3072
Compound.18_1                     -33.2044                3.7540              0.3754
Compound.19_1                     -27.9754                2.2432              0.2243
Compound.20_1                     -40.3203                3.0707              0.3071
Compound.21_1                     -25.1876                2.1259              0.2126
Compound.2_1                     -33.0530                4.1340              0.4134
Compound.22_1                     -38.0034                3.8112              0.3811
Compound.23_1                     -30.3246                4.5811              0.4581
Compound.24_1                     -21.6769                2.9021              0.2902
Compound.25_1                     -42.5830                2.7387              0.2739
Compound.26_1                     -30.2223                3.7367              0.3737
Compound.27_1                     -31.9109                6.9979              0.6998
Compound.28_1                     -28.8466               10.5617              1.0562
Compound.29_1                     -33.8314                2.7402              0.2740
Compound.30_1                     -30.1441                2.2306              0.2231
Compound.31_1                     -39.2632                5.8365              0.5837
Compound.3_1                     -29.6008                2.4409              0.2441
Compound.32_1                    -110.3888                5.2650              0.5265
Compound.33_1                    -100.0606                8.9694              0.8969
Compound.34_1                     -46.7651                5.7135              0.5713
Compound.35_1                     -42.5550                3.7752              0.3775
Compound.36_1                     -44.2272                3.0655              0.3065
Compound.37_1                     -39.4393                2.0044              0.2004
Compound.38_1                     -44.2082                2.7594              0.2759
Compound.39_1                     -45.5930                2.4936              0.2494
Compound.40_1                     -41.6571                3.4102              0.3410
Compound.41_1                     -42.2131                2.2854              0.2285
Compound.4_1                     -31.9352                5.0623              0.5062
Compound.42_1                     -39.2346                3.9218              0.3922
Compound.43_1                     -29.4581                1.9847              0.1985
Compound.44_1                     -43.5462                4.1377              0.4138
Compound.45_1                     -51.2654                5.2462              0.5246
Compound.46_1                     -33.5101                3.5179              0.3518
Compound.47_1                     -37.5901                2.3760              0.2376
Compound.48_1                     -29.7608                2.1252              0.2125
Compound.49_1                    -455.5223               12.8989              1.2899
Compound.50_1                     -30.1314                3.4504              0.3450
Compound.51_1                     -32.7881                3.6628              0.3663
Compound.5_1                     -39.0750                6.2038              0.6204
Compound.52_1                     -43.2447                3.2162              0.3216
Compound.53_1                     -33.6441                1.3532              0.1353
Compound.54_1                     -42.8527                1.9674              0.1967
Compound.55_1                     -47.1747                6.1550              0.6155
Compound.56_1                     -47.6435                3.4335              0.3433
Compound.57_1                     -56.3562                3.4284              0.3428
Compound.58_1                     -50.5092                4.4712              0.4471
Compound.59_1                     -35.0731                2.8319              0.2832
Compound.60_1                     -34.8739                2.7095              0.2710
Compound.61_1                     -47.8753                2.8429              0.2843
Compound.6_1                     -31.3922                2.1462              0.2146
Compound.62_1                     -46.8516                4.2129              0.4213
Compound.7_1                     -40.5813                2.5110              0.2511
Compound.8_1                     -35.7400                3.3824              0.3382
Compound.9_1                     -33.6929                3.4440              0.3444
