CycPeptMPDB_ID,Source,SMILES,Original_Name_in_Source_Literature,Structurally_Unique_ID,PAMPA,Monomer_Length,Monomer_Length_in_Main_Chain,Molecule_Shape,Water_avgRMSD_All,Water_avgRMSD_BackBone,Desolvation_Free_Energy,Water_3D_SASA,Water_3D_NPSA,Water_3D_PSA,Hexane_avgRMSD_All,Hexane_avgRMSD_BackBone,Hexane_3D_SASA,Hexane_3D_NPSA,Hexane_3D_PSA,Water_RepFrame,Hexane_RepFrame,split_0,split_1,split_2,split_3,split_4,split_5,split_6,split_7,split_8,split_9
5596,2020_Townsend,CC(C)C[C@H]1C(=O)N2CCC[C@@H]2C(=O)N(Cc2ccccc2)CC(=O)N[C@@H](Cc2ccccc2)C(=O)N2CCC[C@H]2C(=O)N(C)[C@@H](C)C(=O)N(Cc2ccccc2)CC(=O)N1C,hepta_2019,5596,-10.0,7,7,Circle,0.143132,0.0457148,-30.6072,9.194,8.112,1.082,0.146559,0.0449517,9.191,8.059,1.132,95,81,train,train,test,train,train,train,train,train,train,train
5592,2020_Townsend,CC(C)C[C@H]1C(=O)N(Cc2ccccc2)CC(=O)N2CCC[C@@H]2C(=O)N(C)[C@@H](CC(C)C)C(=O)N[C@@H](Cc2ccccc2)C(=O)N2CCC[C@H]2C(=O)N(C)[C@@H](C)C(=O)N1C,hepta_2015,5592,-5.03,7,7,Circle,0.14394,0.0426254,-28.3474,9.206,8.107,1.099,0.131611,0.0400454,9.318,8.31,1.008,16,100,train,train,train,train,train,test,train,val,val,train
5591,2020_Townsend,CC(C)C[C@H]1C(=O)N2CCC[C@@H]2C(=O)N(C)[C@H](CC(C)C)C(=O)N[C@@H](Cc2ccccc2)C(=O)N2CCC[C@H]2C(=O)N(C)[C@@H](C)C(=O)N(Cc2ccccc2)CC(=O)N1C,hepta_2014,5591,-10.0,7,7,Circle,0.150226,0.0420687,-33.6632,9.176,8.028,1.148,0.138476,0.0413209,9.238,8.179,1.059,26,25,train,train,train,val,test,train,train,test,train,train
5590,2020_Townsend,CC(C)C[C@H]1C(=O)N(Cc2ccccc2)CC(=O)N2CCC[C@@H]2C(=O)N(C)[C@H](CC(C)C)C(=O)N[C@@H](Cc2ccccc2)C(=O)N2CCC[C@H]2C(=O)N(C)[C@@H](C)C(=O)N1C,hepta_2013,5590,-5.41,7,7,Circle,0.143434,0.0520368,-26.9324,9.351,8.257,1.094,0.160116,0.0662355,9.256,8.173,1.083,18,67,train,train,train,train,train,val,train,train,train,val
5589,2020_Townsend,CC(C)C[C@H]1C(=O)N2CCC[C@@H]2C(=O)N(Cc2ccccc2)CC(=O)N[C@@H](Cc2ccccc2)C(=O)N2CCC[C@H]2C(=O)N(C)[C@@H](C)C(=O)N(C)[C@H](CC(C)C)C(=O)N1C,hepta_2012,5589,-5.59,7,7,Circle,0.156367,0.049306,-24.7686,9.307,8.271,1.036,0.142938,0.0388726,9.299,8.273,1.026,11,74,train,val,val,train,train,train,test,train,train,val
5586,2020_Townsend,CC(C)C[C@@H]1C(=O)N(C)[C@H](CC(C)C)C(=O)N2CCC[C@@H]2C(=O)N(Cc2ccccc2)CC(=O)N[C@@H](Cc2ccccc2)C(=O)N2CCC[C@H]2C(=O)N(C)[C@@H](C)C(=O)N1C,hepta_2009,5586,-5.59,7,7,Circle,0.111468,0.0371831,-30.63,9.055,7.865,1.19,0.143408,0.0411402,8.986,7.809,1.177,62,6,train,train,train,train,train,train,train,train,train,train
5585,2020_Townsend,CC(C)C[C@@H]1C(=O)N(Cc2ccccc2)CC(=O)N2CCC[C@@H]2C(=O)N(C)[C@H](CC(C)C)C(=O)N[C@@H](Cc2ccccc2)C(=O)N2CCC[C@H]2C(=O)N(C)[C@@H](C)C(=O)N1C,hepta_2008,5585,-5.47,7,7,Circle,0.148396,0.053326,-28.3314,8.996,7.78,1.216,0.136906,0.0372796,9.01,8.003,1.007,57,41,val,train,train,train,train,train,train,train,train,train
5584,2020_Townsend,CC(C)C[C@@H]1NC(=O)[C@H](CC(C)C)N(C)C(=O)[C@H](C)N(C)C(=O)[C@@H]2CCCN2C(=O)[C@H](Cc2ccccc2)NC(=O)CN(Cc2ccccc2)C(=O)[C@H]2CCCN2C1=O,hepta_2007,5584,-10.0,7,7,Circle,0.140168,0.0479619,-31.0784,9.071,7.738,1.333,0.172599,0.0542736,8.894,7.801,1.093,61,41,train,train,train,train,train,train,val,train,val,train
5583,2020_Townsend,CC(C)C[C@@H]1NC(=O)CN(Cc2ccccc2)C(=O)[C@H](C)N(C)C(=O)[C@@H]2CCCN2C(=O)[C@H](Cc2ccccc2)NC(=O)[C@H](CC(C)C)N(C)C(=O)[C@H]2CCCN2C1=O,hepta_2006,5583,-5.43,7,7,Circle,0.11929,0.032916,-37.7083,8.738,7.582,1.156,0.167416,0.0658778,8.769,7.658,1.111,94,46,train,test,val,train,train,train,val,train,test,train
5582,2020_Townsend,CC(C)C[C@@H]1NC(=O)[C@H](C)N(C)C(=O)[C@@H]2CCCN2C(=O)[C@H](Cc2ccccc2)NC(=O)[C@H](CC(C)C)N(C)C(=O)[C@H]2CCCN2C(=O)CN(Cc2ccccc2)C1=O,hepta_2005,5582,-5.32,7,7,Circle,0.169707,0.0534138,-25.3458,9.033,7.944,1.089,0.158718,0.0495871,8.912,7.908,1.004,13,96,train,train,train,train,train,train,train,val,train,train
5581,2020_Townsend,CC(C)C[C@@H]1NC(=O)[C@H](C)N(C)C(=O)[C@@H]2CCCN2C(=O)[C@H](Cc2ccccc2)NC(=O)CN(Cc2ccccc2)C(=O)[C@H]2CCCN2C(=O)[C@H](CC(C)C)N(C)C1=O,hepta_2004,5581,-5.58,7,7,Circle,0.140128,0.0474574,-39.5656,9.18,7.97,1.21,0.149358,0.0417232,9.44,8.303,1.137,61,71,train,test,train,train,train,train,train,train,train,train
5580,2020_Townsend,CC(C)C[C@@H]1NC(=O)CN(Cc2ccccc2)C(=O)[C@H](C)N(C)C(=O)[C@@H]2CCCN2C(=O)[C@H](Cc2ccccc2)NC(=O)[C@@H](CC(C)C)N(C)C(=O)[C@H]2CCCN2C1=O,hepta_2003,5580,-10.0,7,7,Circle,0.153288,0.0485831,-42.9233,9.534,8.23,1.304,0.172372,0.063616,9.22,7.98,1.24,25,55,train,train,train,train,train,val,train,train,train,train
5579,2020_Townsend,CC(C)C[C@H]1C(=O)N[C@@H](Cc2ccccc2)C(=O)N2CCC[C@H]2C(=O)N(C)[C@@H](C)C(=O)N(Cc2ccccc2)CC(=O)N[C@H](CC(C)C)C(=O)N2CCC[C@@H]2C(=O)N1C,hepta_2002,5579,-5.32,7,7,Circle,0.12801,0.0464981,-27.6921,9.054,7.841,1.213,0.118561,0.0485869,8.878,7.756,1.122,70,14,train,train,train,train,train,train,test,train,train,train
5578,2020_Townsend,CC(C)C[C@@H]1NC(=O)[C@@H](CC(C)C)N(C)C(=O)[C@H](C)N(C)C(=O)[C@@H]2CCCN2C(=O)[C@H](Cc2ccccc2)NC(=O)CN(Cc2ccccc2)C(=O)[C@H]2CCCN2C1=O,hepta_2001,5578,-5.7,7,7,Circle,0.130318,0.0461431,-27.2022,9.098,8.005,1.093,0.123787,0.0502976,9.017,8.041,0.976,3,40,train,train,test,test,train,train,train,train,train,train
5577,2020_Townsend,CC(C)C[C@@H]1NC(=O)[C@H](C)N(C)C(=O)[C@@H]2CCCN2C(=O)[C@H](Cc2ccccc2)NC(=O)CN(Cc2ccccc2)C(=O)[C@H]2CCCN2C(=O)[C@@H](CC(C)C)N(C)C1=O,hepta_2000,5577,-5.71,7,7,Circle,0.143786,0.0581445,-23.7521,8.969,7.783,1.186,0.126232,0.0429714,9.01,7.829,1.181,10,78,train,train,train,train,train,train,train,train,train,train
5576,2020_Townsend,CC(C)C[C@H]1C(=O)N2CCC[C@@H]2C(=O)N[C@H](CC(C)C)C(=O)N[C@@H](Cc2ccccc2)C(=O)N2CCC[C@H]2C(=O)N(C)[C@@H](C)C(=O)N(Cc2ccccc2)CC(=O)N1C,hepta_1999,5576,-10.0,7,7,Circle,0.164124,0.0388506,-35.0756,9.253,8.071,1.182,0.143722,0.0449244,9.152,8.012,1.14,57,51,train,test,val,val,val,test,test,test,train,test
5573,2020_Townsend,CC(C)C[C@H]1C(=O)N(C)[C@@H](CC(C)C)C(=O)N2CCC[C@@H]2C(=O)N(C)[C@H](CC(C)C)C(=O)N[C@@H](Cc2ccccc2)C(=O)N2CCC[C@H]2C(=O)N(C)[C@@H](C)C(=O)N1C,hepta_1996,5573,-5.31,7,7,Circle,0.139459,0.0456251,-34.8494,9.137,7.92,1.217,0.132757,0.037156,9.019,8.112,0.907,33,56,train,train,test,train,train,train,train,train,train,train
5572,2020_Townsend,CC(C)C[C@H]1C(=O)N2CCC[C@@H]2C(=O)N(C)[C@@H](CC(C)C)C(=O)N[C@@H](Cc2ccccc2)C(=O)N2CCC[C@H]2C(=O)N(C)[C@@H](C)C(=O)N(C)[C@H](CC(C)C)C(=O)N1C,hepta_1995,5572,-5.45,7,7,Circle,0.104808,0.035117,-17.7224,8.934,7.889,1.045,0.138021,0.0408309,9.197,8.162,1.035,43,100,val,train,train,train,train,train,train,val,train,train
5571,2020_Townsend,CC(C)C[C@H]1NC(=O)[C@H]2CCCN2C(=O)CN(Cc2ccccc2)C(=O)[C@@H](CC(C)C)N(C)C(=O)[C@H](C)N(C)C(=O)[C@@H]2CCCN2C(=O)[C@H](Cc2ccccc2)NC1=O,hepta_1994,5571,-5.41,7,7,Circle,0.143771,0.0527869,-32.4729,8.645,7.627,1.018,0.141144,0.0504158,8.988,7.747,1.241,3,65,train,train,train,train,train,train,train,train,train,train
5569,2020_Townsend,CC(C)C[C@H]1NC(=O)[C@H](C)N(C)C(=O)[C@@H]2CCCN2C(=O)[C@H](Cc2ccccc2)NC(=O)[C@@H](CC(C)C)N(C)C(=O)[C@H]2CCCN2C(=O)CN(Cc2ccccc2)C1=O,hepta_1992,5569,-10.0,7,7,Circle,0.161318,0.0573855,-36.1116,9.116,7.918,1.198,0.139575,0.0578577,9.129,7.944,1.185,62,40,train,train,val,train,test,val,train,train,train,train
5568,2020_Townsend,CC(C)C[C@H]1NC(=O)[C@H]2CCCN2C(=O)[C@@H](CC(C)C)N(C)C(=O)CN(Cc2ccccc2)C(=O)[C@H](C)N(C)C(=O)[C@@H]2CCCN2C(=O)[C@H](Cc2ccccc2)NC1=O,hepta_1991,5568,-10.0,7,7,Circle,0.150131,0.050468,-34.5464,9.451,8.285,1.166,0.114944,0.0370603,8.938,7.691,1.247,4,93,train,train,train,train,train,test,train,train,train,train
5567,2020_Townsend,CC(C)C[C@H]1C(=O)N2CCC[C@@H]2C(=O)N(C)[C@H](CC(C)C)C(=O)N[C@@H](Cc2ccccc2)C(=O)N2CCC[C@H]2C(=O)N(C)[C@@H](C)C(=O)N(C)[C@H](CC(C)C)C(=O)N1C,hepta_1990,5567,-5.2,7,7,Circle,0.132715,0.0360515,-29.5856,9.144,8.103,1.041,0.132546,0.0420636,9.106,8.094,1.012,53,47,train,train,train,train,train,train,train,train,train,train
5566,2020_Townsend,CC(C)C[C@@H]1NC(=O)[C@H]2CCCN2C(=O)CN(Cc2ccccc2)C(=O)[C@H](CC(C)C)NC(=O)[C@H](C)N(C)C(=O)[C@@H]2CCCN2C(=O)[C@H](Cc2ccccc2)NC1=O,hepta_1989,5566,-10.0,7,7,Circle,0.165181,0.067183,-38.744,9.36,8.02,1.34,0.163538,0.0493415,8.691,7.55,1.141,66,85,train,train,test,train,val,train,val,train,test,train
5565,2020_Townsend,CC(C)C[C@@H]1NC(=O)[C@H](C)N(C)C(=O)[C@@H]2CCCN2C(=O)[C@H](Cc2ccccc2)NC(=O)[C@H](CC(C)C)N(C)C(=O)[C@H]2CCCN2C(=O)[C@H](CC(C)C)N(C)C1=O,hepta_1988,5565,-5.21,7,7,Circle,0.187259,0.0929399,-29.4727,9.032,7.975,1.057,0.147398,0.0521237,9.07,8.0,1.07,41,79,train,train,train,train,val,train,val,train,train,train
5564,2020_Townsend,CC(C)C[C@@H]1NC(=O)[C@@H](CC(C)C)NC(=O)[C@H](C)N(C)C(=O)[C@@H]2CCCN2C(=O)[C@H](Cc2ccccc2)NC(=O)CN(Cc2ccccc2)C(=O)[C@H]2CCCN2C1=O,hepta_1987,5564,-10.0,7,7,Circle,0.265589,0.127621,-35.5978,9.181,7.965,1.216,0.21844,0.0951669,8.894,7.784,1.11,39,4,train,train,train,train,train,train,train,test,test,train
5563,2020_Townsend,CC(C)C[C@@H]1NC(=O)[C@H](C)N(C)C(=O)[C@@H]2CCCN2C(=O)[C@H](Cc2ccccc2)NC(=O)CN(Cc2ccccc2)C(=O)[C@H]2CCCN2C(=O)[C@@H](CC(C)C)NC1=O,hepta_1986,5563,-5.82,7,7,Circle,0.167127,0.0600707,-29.639,9.194,7.854,1.34,0.147316,0.0485324,9.024,7.851,1.173,16,46,train,test,train,train,train,train,train,train,train,train
5562,2020_Townsend,CC(C)C[C@@H]1NC(=O)[C@H](C)N(C)C(=O)[C@@H]2CCCN2C(=O)[C@H](Cc2ccccc2)NC(=O)[C@@H](CC(C)C)NC(=O)[C@H]2CCCN2C(=O)CN(Cc2ccccc2)C1=O,hepta_1985,5562,-5.77,7,7,Circle,0.131042,0.0483887,-33.9599,9.265,8.086,1.179,0.147337,0.0393605,8.715,7.527,1.188,98,17,val,train,val,train,test,train,val,train,train,train
5561,2020_Townsend,CC(C)C[C@@H]1NC(=O)[C@H](CC(C)C)N(C)C(=O)[C@H](C)N(C)C(=O)[C@@H]2CCCN2C(=O)[C@H](Cc2ccccc2)NC(=O)[C@@H](CC(C)C)N(C)C(=O)[C@H]2CCCN2C1=O,hepta_1984,5561,-5.51,7,7,Circle,0.109592,0.0455136,-28.6648,9.15,7.901,1.249,0.119725,0.0444664,8.943,7.904,1.039,94,65,train,train,test,train,train,val,test,train,train,train
5560,2020_Townsend,CC(C)C[C@H]1C(=O)N2CCC[C@@H]2C(=O)N(C)[C@@H](CC(C)C)C(=O)N[C@@H](Cc2ccccc2)C(=O)N2CCC[C@H]2C(=O)N(C)[C@@H](C)C(=O)N[C@H](CC(C)C)C(=O)N1C,hepta_1983,5560,-5.43,7,7,Circle,0.139248,0.0456525,-26.7409,9.065,7.884,1.181,0.235744,0.12722,9.046,7.917,1.129,35,48,train,test,train,train,train,train,train,train,test,test
5559,2020_Townsend,CC(C)C[C@@H]1NC(=O)[C@H](C)N(C)C(=O)[C@@H]2CCCN2C(=O)[C@H](Cc2ccccc2)NC(=O)[C@H](CC(C)C)N(C)C(=O)[C@H]2CCCN2C(=O)[C@@H](CC(C)C)N(C)C1=O,hepta_1982,5559,-6.1,7,7,Circle,0.16377,0.070883,-21.9794,9.058,7.94,1.118,0.149858,0.0446439,8.995,8.017,0.978,82,22,train,train,train,train,train,train,train,train,train,train
5558,2020_Townsend,CC(C)C[C@H]1C(=O)N(C)[C@@H](CC(C)C)C(=O)N2CCC[C@@H]2C(=O)N[C@H](CC(C)C)C(=O)N[C@@H](Cc2ccccc2)C(=O)N2CCC[C@H]2C(=O)N(C)[C@@H](C)C(=O)N1C,hepta_1981,5558,-5.68,7,7,Circle,0.146109,0.0450741,-30.4494,9.331,8.075,1.256,0.128027,0.0494054,9.267,8.101,1.166,70,46,train,train,train,train,train,train,train,train,train,train
5557,2020_Townsend,CC(C)C[C@@H]1NC(=O)[C@H]2CCCN2C(=O)[C@H](CC(C)C)N(C)C(=O)[C@@H](CC(C)C)N(C)C(=O)[C@H](C)N(C)C(=O)[C@@H]2CCCN2C(=O)[C@H](Cc2ccccc2)NC1=O,hepta_1980,5557,-10.0,7,7,Circle,0.109653,0.0452458,-29.3592,9.081,7.958,1.123,0.126292,0.0385913,8.954,7.686,1.268,34,21,train,val,train,val,train,train,test,train,val,train
5556,2020_Townsend,CC(C)C[C@@H]1NC(=O)[C@@H](CC(C)C)N(C)C(=O)[C@H](C)N(C)C(=O)[C@@H]2CCCN2C(=O)[C@H](Cc2ccccc2)NC(=O)[C@@H](CC(C)C)N(C)C(=O)[C@H]2CCCN2C1=O,hepta_1979,5556,-10.0,7,7,Circle,0.162357,0.055185,-29.6576,9.26,7.995,1.265,0.130722,0.0594726,8.929,7.931,0.998,61,32,train,train,train,train,train,train,train,train,train,train
5555,2020_Townsend,CC(C)C[C@H]1C(=O)N2CCC[C@@H]2C(=O)N(C)[C@H](CC(C)C)C(=O)N[C@@H](Cc2ccccc2)C(=O)N2CCC[C@H]2C(=O)N(C)[C@@H](C)C(=O)N[C@H](CC(C)C)C(=O)N1C,hepta_1978,5555,-5.47,7,7,Circle,0.144211,0.0475248,-26.1767,9.12,7.853,1.267,0.147814,0.0460815,9.065,8.047,1.018,82,19,train,train,train,train,train,train,train,train,train,train
5554,2020_Townsend,CC(C)C[C@H]1C(=O)N[C@H](CC(C)C)C(=O)N2CCC[C@@H]2C(=O)N(C)[C@H](CC(C)C)C(=O)N[C@@H](Cc2ccccc2)C(=O)N2CCC[C@H]2C(=O)N(C)[C@@H](C)C(=O)N1C,hepta_1977,5554,-5.81,7,7,Circle,0.111937,0.0459602,-23.2237,8.927,7.714,1.213,0.123377,0.0504966,9.065,8.008,1.057,44,49,train,train,train,train,train,train,test,train,train,test
5553,2020_Townsend,CC(C)C[C@H]1NC(=O)[C@@H](CC(C)C)N(C)C(=O)[C@H](C)N(C)C(=O)[C@@H]2CCCN2C(=O)[C@H](Cc2ccccc2)NC(=O)[C@@H](CC(C)C)N(C)C(=O)[C@H]2CCCN2C1=O,hepta_1976,5553,-5.1,7,7,Circle,0.124272,0.0427883,-23.914,9.084,7.975,1.109,0.118876,0.0439941,9.219,8.003,1.216,99,28,train,val,train,val,test,test,train,train,train,val
5552,2020_Townsend,CC(C)C[C@@H]1NC(=O)[C@H](C)N(C)C(=O)[C@@H]2CCCN2C(=O)[C@H](Cc2ccccc2)NC(=O)[C@H](CC(C)C)N(C)C(=O)[C@H]2CCCN2C(=O)[C@H](CC(C)C)NC1=O,hepta_1975,5552,-5.57,7,7,Circle,0.121434,0.0477067,-19.617,9.015,7.912,1.103,0.114584,0.0421336,9.077,7.955,1.122,27,65,train,test,train,train,train,train,train,train,train,train
5551,2020_Townsend,CC(C)C[C@@H]1NC(=O)[C@H](C)N(C)C(=O)[C@@H]2CCCN2C(=O)[C@H](Cc2ccccc2)NC(=O)[C@H](CC(C)C)N(C)C(=O)[C@H]2CCCN2C(=O)[C@@H](CC(C)C)NC1=O,hepta_1974,5551,-5.47,7,7,Circle,0.140185,0.0495947,-23.7782,8.926,7.561,1.365,0.12775,0.0455628,8.798,7.567,1.231,52,21,train,train,train,train,train,train,val,test,test,train
5550,2020_Townsend,CC(C)C[C@@H]1NC(=O)[C@H]2CCCN2C(=O)[C@H](CC(C)C)NC(=O)[C@@H](CC(C)C)N(C)C(=O)[C@H](C)N(C)C(=O)[C@@H]2CCCN2C(=O)[C@H](Cc2ccccc2)NC1=O,hepta_1973,5550,-5.83,7,7,Circle,0.141446,0.0482338,-31.4718,9.519,8.277,1.242,0.144168,0.0328833,9.099,7.817,1.282,100,35,train,test,val,train,train,train,train,train,train,train
5549,2020_Townsend,CC(C)C[C@@H]1NC(=O)[C@H]2CCCN2C(=O)[C@H](CC(C)C)N(C)C(=O)[C@@H](CC(C)C)NC(=O)[C@H](C)N(C)C(=O)[C@@H]2CCCN2C(=O)[C@H](Cc2ccccc2)NC1=O,hepta_1972,5549,-6.1,7,7,Circle,0.119101,0.0382579,-28.9339,8.699,7.406,1.293,0.103641,0.0360605,8.567,7.487,1.08,92,39,train,train,train,test,train,test,train,train,val,test
5548,2020_Townsend,CC(C)C[C@@H]1NC(=O)[C@@H](CC(C)C)NC(=O)[C@H](C)N(C)C(=O)[C@@H]2CCCN2C(=O)[C@H](Cc2ccccc2)NC(=O)[C@@H](CC(C)C)N(C)C(=O)[C@H]2CCCN2C1=O,hepta_1971,5548,-5.24,7,7,Circle,0.132078,0.0379404,-26.364,8.926,7.749,1.177,0.140208,0.0368822,8.543,7.652,0.891,97,90,train,train,train,train,test,train,train,train,train,train
5547,2020_Townsend,CC(C)C[C@@H]1NC(=O)[C@@H](CC(C)C)N(C)C(=O)[C@H](C)N(C)C(=O)[C@@H]2CCCN2C(=O)[C@H](Cc2ccccc2)NC(=O)[C@@H](CC(C)C)NC(=O)[C@H]2CCCN2C1=O,hepta_1970,5547,-5.95,7,7,Circle,0.116456,0.0434529,-26.1116,8.957,7.735,1.222,0.145499,0.0456802,8.922,7.74,1.182,73,96,val,train,train,test,train,train,train,train,train,train
5546,2020_Townsend,CC(C)C[C@@H]1NC(=O)[C@H](C)N(C)C(=O)[C@@H]2CCCN2C(=O)[C@H](Cc2ccccc2)NC(=O)[C@@H](CC(C)C)NC(=O)[C@H]2CCCN2C(=O)[C@@H](CC(C)C)N(C)C1=O,hepta_1969,5546,-5.82,7,7,Circle,0.144059,0.0489005,-28.5066,9.098,7.824,1.274,0.154462,0.0490731,8.758,7.656,1.102,17,37,test,train,train,train,test,train,train,train,train,train
5545,2020_Townsend,CC(C)C[C@H]1NC(=O)[C@H](C)N(C)C(=O)[C@@H]2CCCN2C(=O)[C@H](Cc2ccccc2)NC(=O)[C@@H](CC(C)C)N(C)C(=O)[C@H]2CCCN2C(=O)[C@@H](CC(C)C)NC1=O,hepta_1968,5545,-5.94,7,7,Circle,0.112588,0.0396053,-28.2881,9.182,8.047,1.135,0.118381,0.0422659,9.135,7.999,1.136,61,12,train,test,train,train,train,train,train,train,train,train
5544,2020_Townsend,CC(C)C[C@H]1NC(=O)[C@H]2CCCN2C(=O)[C@@H](CC(C)C)N(C)C(=O)[C@@H](CC(C)C)NC(=O)[C@H](C)N(C)C(=O)[C@@H]2CCCN2C(=O)[C@H](Cc2ccccc2)NC1=O,hepta_1967,5544,-5.7,7,7,Circle,0.112205,0.0462169,-25.1409,8.974,7.748,1.226,0.114095,0.0404576,8.937,7.686,1.251,80,5,train,train,train,train,train,train,train,train,val,train
5543,2020_Townsend,CC(C)C[C@H]1NC(=O)[C@H]2CCCN2C(=O)[C@@H](CC(C)C)NC(=O)[C@@H](CC(C)C)N(C)C(=O)[C@H](C)N(C)C(=O)[C@@H]2CCCN2C(=O)[C@H](Cc2ccccc2)NC1=O,hepta_1966,5543,-5.77,7,7,Circle,0.119357,0.0448787,-27.7224,9.115,7.932,1.183,0.128125,0.0367069,8.84,7.624,1.216,9,15,train,train,train,train,train,train,train,train,test,train
5542,2020_Townsend,CC(C)C[C@@H]1NC(=O)[C@H]2CCCN2C(=O)[C@H](CC(C)C)NC(=O)[C@@H](CC(C)C)NC(=O)[C@H](C)N(C)C(=O)[C@@H]2CCCN2C(=O)[C@H](Cc2ccccc2)NC1=O,hepta_1965,5542,-10.0,7,7,Circle,0.140145,0.0494412,-30.4106,9.225,7.966,1.259,0.124296,0.0339609,8.557,7.687,0.87,67,85,train,train,test,train,val,train,train,train,train,train
5540,2020_Townsend,CC(C)C[C@H]1C(=O)N2CCC[C@@H]2C(=O)N(Cc2ccccc2)CC(=O)N[C@@H](Cc2ccccc2)C(=O)N2CCC[C@H]2C(=O)N[C@H](C)C(=O)N(C)[C@@H](CC(C)C)C(=O)N1C,hepta_1963,5540,-5.57,7,7,Circle,0.160663,0.0531112,-33.4742,9.015,7.902,1.113,0.125993,0.0405256,9.008,7.855,1.153,85,47,train,train,train,train,train,train,train,train,train,train
5539,2020_Townsend,CC(C)C[C@H]1C(=O)N(Cc2ccccc2)CC(=O)N2CCC[C@@H]2C(=O)N(C)[C@@H](CC(C)C)C(=O)N[C@@H](Cc2ccccc2)C(=O)N2CCC[C@H]2C(=O)N[C@H](C)C(=O)N1C,hepta_1962,5539,-10.0,7,7,Circle,0.132713,0.0439841,-31.389,9.276,8.237,1.039,0.128639,0.0463504,9.179,8.011,1.168,8,50,train,train,train,train,train,val,train,train,train,train
5536,2020_Townsend,CC(C)C[C@@H]1NC(=O)[C@@H](C)NC(=O)[C@@H]2CCCN2C(=O)[C@H](Cc2ccccc2)NC(=O)[C@H](CC(C)C)N(C)C(=O)[C@H]2CCCN2C(=O)CN(Cc2ccccc2)C1=O,hepta_1959,5536,-5.8,7,7,Circle,0.179716,0.069064,-35.1817,9.008,7.813,1.195,0.166322,0.0644496,9.052,8.015,1.037,99,47,train,val,train,val,train,train,train,train,train,train
5535,2020_Townsend,CC(C)C[C@@H]1NC(=O)[C@@H](C)NC(=O)[C@@H]2CCCN2C(=O)[C@H](Cc2ccccc2)NC(=O)CN(Cc2ccccc2)C(=O)[C@H]2CCCN2C(=O)[C@H](CC(C)C)N(C)C1=O,hepta_1958,5535,-6.3,7,7,Circle,0.182745,0.0641151,-31.1041,9.173,7.952,1.221,0.184118,0.0564817,8.986,7.773,1.213,78,21,train,train,train,test,train,train,test,train,train,train
5534,2020_Townsend,CC(C)C[C@H]1C(=O)N2CCC[C@@H]2C(=O)N(C)[C@@H](CC(C)C)C(=O)N[C@@H](Cc2ccccc2)C(=O)N2CCC[C@H]2C(=O)N[C@H](C)C(=O)N(C)[C@@H](CC(C)C)C(=O)N1C,hepta_1957,5534,-5.37,7,7,Circle,0.14233,0.0461766,-24.8548,9.204,8.06,1.144,0.151966,0.0458794,9.031,7.863,1.168,47,51,train,train,train,train,train,train,train,train,train,train
5533,2020_Townsend,CC(C)C[C@H]1C(=O)N2CCC[C@@H]2C(=O)N(Cc2ccccc2)CC(=O)N[C@@H](Cc2ccccc2)C(=O)N2CCC[C@H]2C(=O)N[C@H](C)C(=O)N[C@H](CC(C)C)C(=O)N1C,hepta_1956,5533,-5.8,7,7,Circle,0.132526,0.0446432,-45.8448,9.022,7.644,1.378,0.176853,0.0633566,9.117,7.887,1.23,47,2,train,train,test,test,val,train,train,train,train,train
5532,2020_Townsend,CC(C)C[C@H]1C(=O)N[C@@H](Cc2ccccc2)C(=O)N2CCC[C@H]2C(=O)N[C@H](C)C(=O)N[C@H](CC(C)C)C(=O)N(Cc2ccccc2)CC(=O)N2CCC[C@@H]2C(=O)N1C,hepta_1955,5532,-5.71,7,7,Circle,0.151527,0.0569438,-31.6599,9.086,7.78,1.306,0.116094,0.0573287,9.035,7.793,1.242,44,25,train,train,train,test,train,train,train,train,train,train
5531,2020_Townsend,CC(C)C[C@H]1C(=O)N[C@H](CC(C)C)C(=O)N2CCC[C@@H]2C(=O)N(Cc2ccccc2)CC(=O)N[C@@H](Cc2ccccc2)C(=O)N2CCC[C@H]2C(=O)N[C@H](C)C(=O)N1C,hepta_1954,5531,-5.77,7,7,Circle,0.137876,0.0548737,-43.3462,9.43,8.05,1.38,0.146618,0.0470193,8.941,7.712,1.229,24,4,train,train,val,train,train,test,train,val,train,train
5529,2020_Townsend,CC(C)C[C@H]1C(=O)N2CCC[C@@H]2C(=O)N(C)[C@H](CC(C)C)C(=O)N[C@@H](Cc2ccccc2)C(=O)N2CCC[C@H]2C(=O)N[C@H](C)C(=O)N(C)[C@@H](CC(C)C)C(=O)N1C,hepta_1952,5529,-5.55,7,7,Circle,0.117519,0.0490598,-22.2554,9.343,8.172,1.171,0.128319,0.0461298,9.081,7.928,1.153,23,38,train,train,train,train,train,train,train,train,train,train
5528,2020_Townsend,CC(C)C[C@H]1C(=O)N2CCC[C@@H]2C(=O)N(C)[C@@H](CC(C)C)C(=O)N[C@@H](Cc2ccccc2)C(=O)N2CCC[C@H]2C(=O)N[C@H](C)C(=O)N(C)[C@H](CC(C)C)C(=O)N1C,hepta_1951,5528,-5.56,7,7,Circle,0.14091,0.0359804,-30.4862,8.897,7.757,1.14,0.148641,0.0476776,9.08,7.968,1.112,34,87,train,train,val,test,val,train,train,train,train,train
5527,2020_Townsend,CC(C)C[C@@H]1NC(=O)[C@H]2CCCN2C(=O)[C@H](CC(C)C)N(C)C(=O)[C@H](CC(C)C)N(C)C(=O)[C@@H](C)NC(=O)[C@@H]2CCCN2C(=O)[C@H](Cc2ccccc2)NC1=O,hepta_1950,5527,-6.18,7,7,Circle,0.209098,0.0928302,-29.0428,9.181,7.908,1.273,0.131854,0.0434246,9.19,7.986,1.204,85,57,train,val,train,val,train,train,train,train,train,val
5526,2020_Townsend,CC(C)C[C@@H]1NC(=O)[C@@H](CC(C)C)NC(=O)[C@@H](C)NC(=O)[C@@H]2CCCN2C(=O)[C@H](Cc2ccccc2)NC(=O)CN(Cc2ccccc2)C(=O)[C@H]2CCCN2C1=O,hepta_1949,5526,-10.0,7,7,Circle,0.150887,0.0578396,-26.8014,8.932,7.712,1.22,0.120949,0.0392932,8.806,7.716,1.09,69,23,train,train,train,train,test,train,train,train,train,train
5525,2020_Townsend,CC(C)C[C@H]1C(=O)N[C@H](CC(C)C)C(=O)N2CCC[C@@H]2C(=O)N(C)[C@@H](CC(C)C)C(=O)N[C@@H](Cc2ccccc2)C(=O)N2CCC[C@H]2C(=O)N[C@H](C)C(=O)N1C,hepta_1948,5525,-5.65,7,7,Circle,0.161803,0.0733767,-27.2605,9.322,8.011,1.311,0.117362,0.0463765,9.111,7.86,1.251,64,59,train,test,test,train,train,train,train,train,test,test
5524,2020_Townsend,CC(C)C[C@@H]1NC(=O)[C@@H](C)NC(=O)[C@@H]2CCCN2C(=O)[C@H](Cc2ccccc2)NC(=O)[C@H](CC(C)C)N(C)C(=O)[C@H]2CCCN2C(=O)[C@@H](CC(C)C)N(C)C1=O,hepta_1947,5524,-6.16,7,7,Circle,0.168796,0.0613717,-23.4258,9.024,7.933,1.091,0.134757,0.0393728,8.586,7.519,1.067,66,31,train,test,train,train,train,train,val,train,train,train
5523,2020_Townsend,CC(C)C[C@@H]1NC(=O)[C@@H](C)NC(=O)[C@@H]2CCCN2C(=O)[C@H](Cc2ccccc2)NC(=O)[C@@H](CC(C)C)N(C)C(=O)[C@H]2CCCN2C(=O)[C@H](CC(C)C)N(C)C1=O,hepta_1946,5523,-10.0,7,7,Circle,0.161101,0.0525043,-22.1387,8.91,7.695,1.215,0.133342,0.0379003,8.917,7.8,1.117,16,25,train,train,train,train,test,train,test,val,train,train
5522,2020_Townsend,CC(C)C[C@H]1NC(=O)[C@H]2CCCN2C(=O)CN(Cc2ccccc2)C(=O)[C@@H](CC(C)C)NC(=O)[C@@H](C)NC(=O)[C@@H]2CCCN2C(=O)[C@H](Cc2ccccc2)NC1=O,hepta_1945,5522,-6.98,7,7,Circle,0.20029,0.0798628,-27.9142,8.653,7.389,1.264,0.161634,0.0721974,8.706,7.287,1.419,49,2,train,train,train,train,train,train,train,train,train,train
5521,2020_Townsend,CC(C)C[C@H]1NC(=O)[C@@H](C)NC(=O)[C@@H]2CCCN2C(=O)[C@H](Cc2ccccc2)NC(=O)[C@@H](CC(C)C)N(C)C(=O)[C@H]2CCCN2C(=O)[C@@H](CC(C)C)N(C)C1=O,hepta_1944,5521,-10.0,7,7,Circle,0.132108,0.041701,-27.8626,9.022,7.564,1.458,0.141877,0.0480557,9.019,7.616,1.403,86,27,train,train,train,train,train,train,train,train,train,train
5520,2020_Townsend,CC(C)C[C@@H]1NC(=O)[C@H]2CCCN2C(=O)[C@H](CC(C)C)N(C)C(=O)[C@H](CC(C)C)NC(=O)[C@@H](C)NC(=O)[C@@H]2CCCN2C(=O)[C@H](Cc2ccccc2)NC1=O,hepta_1943,5520,-6.11,7,7,Circle,0.195969,0.0815097,-23.5056,8.578,7.356,1.222,0.122175,0.0507976,8.708,7.519,1.189,7,77,val,test,train,test,train,train,val,train,train,train
5519,2020_Townsend,CC(C)C[C@H]1C(=O)N2CCC[C@@H]2C(=O)N[C@H](CC(C)C)C(=O)N[C@@H](Cc2ccccc2)C(=O)N2CCC[C@H]2C(=O)N[C@H](C)C(=O)N[C@H](CC(C)C)C(=O)N1C,hepta_1942,5519,-5.64,7,7,Circle,0.148919,0.047057,-39.1864,9.066,7.613,1.453,0.134449,0.031872,8.563,7.44,1.123,80,89,train,train,train,train,test,test,train,train,train,test
5518,2020_Townsend,CC(C)C[C@@H]1NC(=O)[C@@H](CC(C)C)NC(=O)[C@@H](C)NC(=O)[C@@H]2CCCN2C(=O)[C@H](Cc2ccccc2)NC(=O)[C@@H](CC(C)C)NC(=O)[C@H]2CCCN2C1=O,hepta_1941,5518,-6.07,7,7,Circle,0.140584,0.0524313,-25.6202,8.692,7.49,1.202,0.110962,0.0419717,8.475,7.363,1.112,61,54,train,train,train,test,train,train,train,train,train,train
5514,2020_Townsend,CC(C)C[C@H]1C(=O)N[C@@H](Cc2ccccc2)C(=O)N2CCC[C@H]2C(=O)N[C@@H](C)C(=O)N(Cc2ccccc2)CC(=O)N(Cc2ccccc2)CC(=O)N2CCC[C@H]2C(=O)N1C,hepta_1937,5514,-6.02,7,7,Circle,0.167474,0.0439682,-37.3745,9.04,7.983,1.057,0.203897,0.0877171,8.892,7.77,1.122,61,30,train,train,train,val,train,val,train,val,train,train
5513,2020_Townsend,CC(C)C[C@H]1C(=O)N(Cc2ccccc2)CC(=O)N2CCC[C@H]2C(=O)N(Cc2ccccc2)CC(=O)N[C@@H](Cc2ccccc2)C(=O)N2CCC[C@H]2C(=O)N[C@@H](C)C(=O)N1C,hepta_1936,5513,-6.5,7,7,Circle,0.211814,0.0814291,-31.1892,9.181,8.046,1.135,0.197653,0.0617499,9.18,8.0,1.18,41,66,train,train,test,val,train,train,train,train,train,train
5511,2020_Townsend,CC(C)C[C@@H]1C(=O)N2CCC[C@H]2C(=O)N(Cc2ccccc2)CC(=O)N[C@@H](Cc2ccccc2)C(=O)N2CCC[C@H]2C(=O)N[C@@H](C)C(=O)N(Cc2ccccc2)CC(=O)N1C,hepta_1934,5511,-6.24,7,7,Circle,0.193963,0.0751791,-32.7773,9.051,7.735,1.316,0.190647,0.0674755,8.912,7.574,1.338,95,37,train,test,train,train,test,train,train,train,train,val
5507,2020_Townsend,CC(C)C[C@@H]1NC(=O)[C@H](C)NC(=O)[C@@H]2CCCN2C(=O)[C@H](Cc2ccccc2)NC(=O)CN(Cc2ccccc2)C(=O)[C@@H]2CCCN2C(=O)CN(Cc2ccccc2)C1=O,hepta_1930,5507,-6.18,7,7,Circle,0.18306,0.0562341,-44.928,9.221,7.831,1.39,0.166488,0.0386422,9.04,7.858,1.182,94,87,train,train,train,train,train,train,train,train,val,train
5506,2020_Townsend,CC(C)C[C@H]1C(=O)N(Cc2ccccc2)CC(=O)N2CCC[C@H]2C(=O)N(C)[C@@H](CC(C)C)C(=O)N[C@@H](Cc2ccccc2)C(=O)N2CCC[C@H]2C(=O)N[C@@H](C)C(=O)N1C,hepta_1929,5506,-5.68,7,7,Circle,0.134087,0.0474716,-32.8628,9.071,7.883,1.188,0.150807,0.0525038,9.121,7.981,1.14,2,67,val,train,val,train,train,train,train,train,train,train
5505,2020_Townsend,CC(C)C[C@H]1C(=O)N(C)[C@@H](CC(C)C)C(=O)N2CCC[C@H]2C(=O)N(Cc2ccccc2)CC(=O)N[C@@H](Cc2ccccc2)C(=O)N2CCC[C@H]2C(=O)N[C@@H](C)C(=O)N1C,hepta_1928,5505,-5.16,7,7,Circle,0.141161,0.0554692,-32.5328,8.899,7.605,1.294,0.128865,0.0526707,9.006,7.744,1.262,91,60,train,train,train,train,train,train,train,train,test,train
5503,2020_Townsend,CC(C)C[C@H]1NC(=O)[C@@H]2CCCN2C(=O)CN(Cc2ccccc2)C(=O)CN(Cc2ccccc2)C(=O)[C@H](C)NC(=O)[C@@H]2CCCN2C(=O)[C@H](Cc2ccccc2)NC1=O,hepta_1926,5503,-10.0,7,7,Circle,0.164871,0.0665742,-35.9883,8.982,7.705,1.277,0.168429,0.0642654,8.828,7.428,1.4,49,54,train,train,train,test,train,train,train,train,train,val
5502,2020_Townsend,CC(C)C[C@H]1C(=O)N2CCC[C@H]2C(=O)N(Cc2ccccc2)CC(=O)N[C@@H](Cc2ccccc2)C(=O)N2CCC[C@H]2C(=O)N[C@@H](C)C(=O)N(C)[C@H](CC(C)C)C(=O)N1C,hepta_1925,5502,-5.75,7,7,Circle,0.120384,0.0386458,-33.9212,9.091,7.967,1.124,0.14488,0.0477437,8.986,7.86,1.126,31,60,train,val,train,test,train,train,train,train,train,train
5501,2020_Townsend,CC(C)C[C@H]1C(=O)N[C@@H](Cc2ccccc2)C(=O)N2CCC[C@H]2C(=O)N[C@@H](C)C(=O)N(C)[C@H](CC(C)C)C(=O)N(Cc2ccccc2)CC(=O)N2CCC[C@H]2C(=O)N1C,hepta_1924,5501,-5.8,7,7,Circle,0.15865,0.065934,-41.6839,9.317,8.177,1.14,0.138008,0.0435976,8.799,7.65,1.149,87,40,train,train,test,test,train,train,test,train,val,val
5500,2020_Townsend,CC(C)C[C@H]1C(=O)N(C)[C@H](CC(C)C)C(=O)N2CCC[C@H]2C(=O)N(Cc2ccccc2)CC(=O)N[C@@H](Cc2ccccc2)C(=O)N2CCC[C@H]2C(=O)N[C@@H](C)C(=O)N1C,hepta_1923,5500,-5.61,7,7,Circle,0.117694,0.0534256,-33.6254,8.846,7.548,1.298,0.116216,0.0420399,8.938,7.547,1.391,72,28,train,train,test,train,train,train,train,val,train,train
5499,2020_Townsend,CC(C)C[C@H]1C(=O)N(Cc2ccccc2)CC(=O)N2CCC[C@H]2C(=O)N(C)[C@H](CC(C)C)C(=O)N[C@@H](Cc2ccccc2)C(=O)N2CCC[C@H]2C(=O)N[C@@H](C)C(=O)N1C,hepta_1922,5499,-5.77,7,7,Circle,0.147499,0.0611287,-31.7163,9.124,7.906,1.218,0.162131,0.0580476,9.145,7.934,1.211,37,2,train,train,train,train,val,train,train,train,val,train
5495,2020_Townsend,CC(C)C[C@@H]1C(=O)N(Cc2ccccc2)CC(=O)N2CCC[C@H]2C(=O)N(C)[C@H](CC(C)C)C(=O)N[C@@H](Cc2ccccc2)C(=O)N2CCC[C@H]2C(=O)N[C@@H](C)C(=O)N1C,hepta_1918,5495,-5.8,7,7,Circle,0.183301,0.0637926,-27.9686,9.211,8.122,1.089,0.124702,0.0427467,8.747,7.653,1.094,62,26,test,val,train,train,train,train,train,train,train,train
5494,2020_Townsend,CC(C)C[C@@H]1NC(=O)[C@H](C)NC(=O)[C@@H]2CCCN2C(=O)[C@H](Cc2ccccc2)NC(=O)[C@H](CC(C)C)N(C)C(=O)[C@@H]2CCCN2C(=O)CN(Cc2ccccc2)C1=O,hepta_1917,5494,-6.13,7,7,Circle,0.162452,0.047947,-46.7393,9.263,7.882,1.381,0.198061,0.0681716,8.85,7.613,1.237,97,49,train,train,train,train,train,train,train,train,test,train
5492,2020_Townsend,CC(C)C[C@H]1C(=O)N[C@H](CC(C)C)C(=O)N2CCC[C@H]2C(=O)N(Cc2ccccc2)CC(=O)N[C@@H](Cc2ccccc2)C(=O)N2CCC[C@H]2C(=O)N[C@@H](C)C(=O)N1C,hepta_1915,5492,-5.26,7,7,Circle,0.169217,0.0685085,-29.7488,9.032,7.695,1.337,0.140181,0.0511914,8.883,7.542,1.341,42,39,train,val,test,train,train,train,train,train,test,val
5491,2020_Townsend,CC(C)C[C@H]1C(=O)N2CCC[C@H]2C(=O)N(Cc2ccccc2)CC(=O)N[C@@H](Cc2ccccc2)C(=O)N2CCC[C@H]2C(=O)N[C@@H](C)C(=O)N[C@H](CC(C)C)C(=O)N1C,hepta_1914,5491,-5.75,7,7,Circle,0.138429,0.0399196,-51.0098,9.633,8.353,1.28,0.170942,0.057176,8.884,7.81,1.074,20,91,train,train,train,test,train,val,train,train,train,train
5490,2020_Townsend,CC(C)C[C@@H]1NC(=O)[C@@H](CC(C)C)N(C)C(=O)[C@H](C)NC(=O)[C@@H]2CCCN2C(=O)[C@H](Cc2ccccc2)NC(=O)CN(Cc2ccccc2)C(=O)[C@@H]2CCCN2C1=O,hepta_1913,5490,-5.69,7,7,Circle,0.199455,0.0697602,-44.3135,9.369,8.031,1.338,0.176953,0.0559466,9.145,7.896,1.249,37,9,train,train,train,train,test,test,train,train,val,train
5489,2020_Townsend,CC(C)C[C@@H]1NC(=O)[C@H](C)NC(=O)[C@@H]2CCCN2C(=O)[C@H](Cc2ccccc2)NC(=O)CN(Cc2ccccc2)C(=O)[C@@H]2CCCN2C(=O)[C@@H](CC(C)C)N(C)C1=O,hepta_1912,5489,-5.95,7,7,Circle,0.157065,0.0581866,-34.3308,9.197,7.803,1.394,0.147357,0.04011,9.132,7.677,1.455,68,85,train,val,train,train,train,val,train,train,train,train
5488,2020_Townsend,CC(C)C[C@H]1C(=O)N[C@@H](Cc2ccccc2)C(=O)N2CCC[C@H]2C(=O)N[C@@H](C)C(=O)N[C@H](CC(C)C)C(=O)N(Cc2ccccc2)CC(=O)N2CCC[C@H]2C(=O)N1C,hepta_1911,5488,-5.53,7,7,Circle,0.110998,0.0397109,-31.9101,8.586,7.466,1.12,0.171681,0.0706354,8.917,7.703,1.214,7,61,val,test,train,train,test,train,train,train,train,train
5487,2020_Townsend,CC(C)C[C@@H]1NC(=O)[C@@H]2CCCN2C(=O)CN(Cc2ccccc2)C(=O)[C@@H](CC(C)C)N(C)C(=O)[C@H](C)NC(=O)[C@@H]2CCCN2C(=O)[C@H](Cc2ccccc2)NC1=O,hepta_1910,5487,-6.05,7,7,Circle,0.140159,0.0468106,-34.6727,9.241,8.023,1.218,0.139643,0.0411753,8.748,7.548,1.2,7,61,train,train,test,train,train,train,train,train,train,test
5486,2020_Townsend,CC(C)C[C@@H]1NC(=O)[C@H](C)NC(=O)[C@@H]2CCCN2C(=O)[C@H](Cc2ccccc2)NC(=O)[C@@H](CC(C)C)N(C)C(=O)[C@@H]2CCCN2C(=O)CN(Cc2ccccc2)C1=O,hepta_1909,5486,-5.94,7,7,Circle,0.164211,0.0526978,-27.7976,9.013,7.928,1.085,0.11957,0.0357134,9.107,7.969,1.138,7,61,test,train,train,train,train,train,train,test,train,val
5484,2020_Townsend,CC(C)C[C@H]1C(=O)N[C@@H](Cc2ccccc2)C(=O)N2CCC[C@H]2C(=O)N[C@@H](C)C(=O)N(Cc2ccccc2)CC(=O)N[C@H](CC(C)C)C(=O)N2CCC[C@H]2C(=O)N1C,hepta_1907,5484,-6.27,7,7,Circle,0.165891,0.0745097,-34.7163,8.907,7.552,1.355,0.142547,0.0594496,8.903,7.547,1.356,48,90,train,train,train,val,val,train,train,train,train,train
5483,2020_Townsend,CC(C)C[C@H]1C(=O)N(Cc2ccccc2)CC(=O)N2CCC[C@H]2C(=O)N[C@H](CC(C)C)C(=O)N[C@@H](Cc2ccccc2)C(=O)N2CCC[C@H]2C(=O)N[C@@H](C)C(=O)N1C,hepta_1906,5483,-5.98,7,7,Circle,0.204139,0.0888461,-43.9958,9.152,7.814,1.338,0.163609,0.0735852,8.61,7.302,1.308,100,50,train,train,test,train,train,train,train,train,train,train
5482,2020_Townsend,CC(C)C[C@H]1C(=O)N[C@@H](Cc2ccccc2)C(=O)N2CCC[C@H]2C(=O)N[C@@H](C)C(=O)N(C)[C@H](CC(C)C)C(=O)N(C)[C@@H](CC(C)C)C(=O)N2CCC[C@H]2C(=O)N1C,hepta_1905,5482,-5.51,7,7,Circle,0.189559,0.0825312,-35.3528,9.369,8.157,1.212,0.110972,0.045269,8.773,7.841,0.932,50,83,train,train,train,val,train,train,train,train,train,train
5481,2020_Townsend,CC(C)C[C@H]1C(=O)N(C)[C@H](CC(C)C)C(=O)N2CCC[C@H]2C(=O)N(C)[C@@H](CC(C)C)C(=O)N[C@@H](Cc2ccccc2)C(=O)N2CCC[C@H]2C(=O)N[C@@H](C)C(=O)N1C,hepta_1904,5481,-5.02,7,7,Circle,0.135768,0.0595324,-24.6796,9.18,7.981,1.199,0.1536,0.051329,9.233,8.029,1.204,76,68,test,train,train,train,train,train,train,test,train,train
5480,2020_Townsend,CC(C)C[C@H]1NC(=O)[C@@H]2CCCN2C(=O)CN(Cc2ccccc2)C(=O)[C@@H](CC(C)C)N(C)C(=O)[C@H](C)NC(=O)[C@@H]2CCCN2C(=O)[C@H](Cc2ccccc2)NC1=O,hepta_1903,5480,-5.9,7,7,Circle,0.136325,0.0478687,-33.2976,9.255,8.03,1.225,0.161052,0.0552945,8.644,7.379,1.265,63,93,train,val,train,train,train,train,val,test,test,train
5479,2020_Townsend,CC(C)C[C@H]1NC(=O)[C@@H](CC(C)C)N(C)C(=O)[C@H](C)NC(=O)[C@@H]2CCCN2C(=O)[C@H](Cc2ccccc2)NC(=O)CN(Cc2ccccc2)C(=O)[C@@H]2CCCN2C1=O,hepta_1902,5479,-6.03,7,7,Circle,0.18244,0.0702085,-32.8264,9.279,8.021,1.258,0.15673,0.0486378,9.167,7.746,1.421,94,52,test,train,val,train,train,train,test,test,train,train
5478,2020_Townsend,CC(C)C[C@H]1NC(=O)[C@H](C)NC(=O)[C@@H]2CCCN2C(=O)[C@H](Cc2ccccc2)NC(=O)[C@@H](CC(C)C)N(C)C(=O)[C@@H]2CCCN2C(=O)CN(Cc2ccccc2)C1=O,hepta_1901,5478,-5.9,7,7,Circle,0.165383,0.0617766,-33.5832,9.102,7.878,1.224,0.171792,0.0692713,8.795,7.793,1.002,61,17,train,train,train,train,train,train,train,train,train,train
5477,2020_Townsend,CC(C)C[C@H]1C(=O)N2CCC[C@H]2C(=O)N(C)[C@H](CC(C)C)C(=O)N[C@@H](Cc2ccccc2)C(=O)N2CCC[C@H]2C(=O)N[C@@H](C)C(=O)N(C)[C@H](CC(C)C)C(=O)N1C,hepta_1900,5477,-5.62,7,7,Circle,0.143299,0.0394861,-32.2794,9.395,8.153,1.242,0.154209,0.046699,9.116,7.882,1.234,58,33,train,train,train,train,train,train,train,train,val,train
5476,2020_Townsend,CC(C)C[C@H]1C(=O)N[C@@H](Cc2ccccc2)C(=O)N2CCC[C@H]2C(=O)N[C@@H](C)C(=O)N(C)[C@H](CC(C)C)C(=O)N(C)[C@H](CC(C)C)C(=O)N2CCC[C@H]2C(=O)N1C,hepta_1899,5476,-5.64,7,7,Circle,0.107564,0.0515333,-31.9097,9.101,7.877,1.224,0.150375,0.0574749,9.07,7.884,1.186,74,44,train,train,train,train,train,train,train,train,train,train
5475,2020_Townsend,CC(C)C[C@H]1C(=O)N(C)[C@H](CC(C)C)C(=O)N2CCC[C@H]2C(=O)N(C)[C@H](CC(C)C)C(=O)N[C@@H](Cc2ccccc2)C(=O)N2CCC[C@H]2C(=O)N[C@@H](C)C(=O)N1C,hepta_1898,5475,-5.36,7,7,Circle,0.149741,0.0413338,-35.2755,9.18,7.953,1.227,0.150848,0.0502015,9.152,8.053,1.099,33,23,train,train,train,train,train,train,test,train,train,train
5474,2020_Townsend,CC(C)C[C@@H]1C(=O)N(C)[C@H](CC(C)C)C(=O)N2CCC[C@H]2C(=O)N(C)[C@H](CC(C)C)C(=O)N[C@@H](Cc2ccccc2)C(=O)N2CCC[C@H]2C(=O)N[C@@H](C)C(=O)N1C,hepta_1897,5474,-5.2,7,7,Circle,0.137476,0.042774,-28.3225,9.22,8.022,1.198,0.0947308,0.0505995,8.815,7.723,1.092,88,2,train,train,test,test,train,train,train,train,train,train
5473,2020_Townsend,CC(C)C[C@@H]1NC(=O)[C@H](C)NC(=O)[C@@H]2CCCN2C(=O)[C@H](Cc2ccccc2)NC(=O)CN(Cc2ccccc2)C(=O)[C@@H]2CCCN2C(=O)[C@H](CC(C)C)NC1=O,hepta_1896,5473,-5.6,7,7,Circle,0.127134,0.0540628,-39.8925,8.875,7.366,1.509,0.120168,0.0330862,8.527,7.226,1.301,65,19,val,train,train,train,train,train,test,test,train,train
5472,2020_Townsend,CC(C)C[C@@H]1NC(=O)[C@@H]2CCCN2C(=O)[C@H](CC(C)C)NC(=O)CN(Cc2ccccc2)C(=O)[C@H](C)NC(=O)[C@@H]2CCCN2C(=O)[C@H](Cc2ccccc2)NC1=O,hepta_1895,5472,-6.27,7,7,Circle,0.143972,0.048464,-37.5882,8.924,7.681,1.243,0.135046,0.0403129,8.677,7.462,1.215,50,62,val,train,test,train,train,train,train,train,train,train
5471,2020_Townsend,CC(C)C[C@@H]1NC(=O)[C@H](CC(C)C)N(C)C(=O)[C@H](C)NC(=O)[C@@H]2CCCN2C(=O)[C@H](Cc2ccccc2)NC(=O)[C@H](CC(C)C)N(C)C(=O)[C@@H]2CCCN2C1=O,hepta_1894,5471,-5.61,7,7,Circle,0.0983983,0.0450478,-30.5142,9.071,7.816,1.255,0.137341,0.0594199,9.309,8.078,1.231,27,21,val,train,train,train,train,train,train,train,train,val
5470,2020_Townsend,CC(C)C[C@@H]1NC(=O)[C@@H](CC(C)C)NC(=O)[C@H](C)NC(=O)[C@@H]2CCCN2C(=O)[C@H](Cc2ccccc2)NC(=O)CN(Cc2ccccc2)C(=O)[C@@H]2CCCN2C1=O,hepta_1893,5470,-5.58,7,7,Circle,0.120751,0.0383344,-34.3433,8.987,7.622,1.365,0.0869696,0.0324772,8.312,7.18,1.132,24,5,test,train,train,val,train,train,train,train,val,train
5469,2020_Townsend,CC(C)C[C@@H]1NC(=O)[C@@H]2CCCN2C(=O)CN(Cc2ccccc2)C(=O)[C@@H](CC(C)C)NC(=O)[C@H](C)NC(=O)[C@@H]2CCCN2C(=O)[C@H](Cc2ccccc2)NC1=O,hepta_1892,5469,-6.28,7,7,Circle,0.211251,0.0992233,-30.66,8.517,7.266,1.251,0.103669,0.0459424,8.484,7.295,1.189,69,43,train,train,val,train,train,train,val,train,train,train
5468,2020_Townsend,CC(C)C[C@@H]1NC(=O)[C@H](C)NC(=O)[C@@H]2CCCN2C(=O)[C@H](Cc2ccccc2)NC(=O)CN(Cc2ccccc2)C(=O)[C@@H]2CCCN2C(=O)[C@@H](CC(C)C)NC1=O,hepta_1891,5468,-6.11,7,7,Circle,0.175106,0.0565997,-24.9283,8.728,7.545,1.183,0.142851,0.044129,8.638,7.46,1.178,15,41,test,train,train,train,train,test,val,train,train,train
5467,2020_Townsend,CC(C)C[C@@H]1NC(=O)[C@H](C)NC(=O)[C@@H]2CCCN2C(=O)[C@H](Cc2ccccc2)NC(=O)[C@@H](CC(C)C)NC(=O)[C@@H]2CCCN2C(=O)CN(Cc2ccccc2)C1=O,hepta_1890,5467,-6.4,7,7,Circle,0.176359,0.0519896,-46.4809,9.416,8.012,1.404,0.152326,0.0341546,8.17,7.018,1.152,18,36,train,train,train,train,val,train,train,train,train,test
5466,2020_Townsend,CC(C)C[C@H]1C(=O)N[C@@H](Cc2ccccc2)C(=O)N2CCC[C@H]2C(=O)N[C@@H](C)C(=O)N[C@H](CC(C)C)C(=O)N(C)[C@@H](CC(C)C)C(=O)N2CCC[C@H]2C(=O)N1C,hepta_1889,5466,-5.51,7,7,Circle,0.196584,0.0850324,-31.5061,9.247,7.9,1.347,0.0972467,0.0330365,8.341,7.246,1.095,17,89,train,train,test,train,train,train,train,train,train,train
5465,2020_Townsend,CC(C)C[C@@H]1NC(=O)[C@H](CC(C)C)N(C)C(=O)[C@H](C)NC(=O)[C@@H]2CCCN2C(=O)[C@H](Cc2ccccc2)NC(=O)[C@@H](CC(C)C)N(C)C(=O)[C@@H]2CCCN2C1=O,hepta_1888,5465,-5.68,7,7,Circle,0.138555,0.0617887,-32.5403,9.269,7.883,1.386,0.122121,0.0435894,9.155,7.92,1.235,46,15,train,val,train,train,train,train,train,train,train,test
5464,2020_Townsend,CC(C)C[C@@H]1NC(=O)[C@@H]2CCCN2C(=O)[C@H](CC(C)C)N(C)C(=O)[C@@H](CC(C)C)N(C)C(=O)[C@H](C)NC(=O)[C@@H]2CCCN2C(=O)[C@H](Cc2ccccc2)NC1=O,hepta_1887,5464,-5.75,7,7,Circle,0.223256,0.109167,-35.0866,9.251,7.921,1.33,0.129605,0.0406015,8.554,7.425,1.129,59,19,train,train,train,train,train,train,val,train,train,train
5463,2020_Townsend,CC(C)C[C@@H]1NC(=O)[C@@H]2CCCN2C(=O)[C@@H](CC(C)C)N(C)C(=O)[C@H](CC(C)C)N(C)C(=O)[C@H](C)NC(=O)[C@@H]2CCCN2C(=O)[C@H](Cc2ccccc2)NC1=O,hepta_1886,5463,-6.09,7,7,Circle,0.140779,0.0607152,-29.7118,9.035,7.689,1.346,0.272682,0.147777,9.049,7.799,1.25,52,36,train,train,val,val,train,train,train,train,train,train
5462,2020_Townsend,CC(C)C[C@H]1C(=O)N[C@H](CC(C)C)C(=O)N2CCC[C@H]2C(=O)N(C)[C@@H](CC(C)C)C(=O)N[C@@H](Cc2ccccc2)C(=O)N2CCC[C@H]2C(=O)N[C@@H](C)C(=O)N1C,hepta_1885,5462,-5.58,7,7,Circle,0.1742,0.0612621,-32.6507,9.089,7.725,1.364,0.184201,0.0807147,8.863,7.805,1.058,78,99,test,train,train,train,train,train,train,val,train,val
5461,2020_Townsend,CC(C)C[C@@H]1NC(=O)[C@H](C)NC(=O)[C@@H]2CCCN2C(=O)[C@H](Cc2ccccc2)NC(=O)[C@H](CC(C)C)N(C)C(=O)[C@@H]2CCCN2C(=O)[C@@H](CC(C)C)N(C)C1=O,hepta_1884,5461,-6.74,7,7,Circle,0.151482,0.0539091,-33.6093,9.084,7.782,1.302,0.150965,0.0651363,9.038,7.697,1.341,100,35,train,train,train,val,val,train,train,test,train,val
5460,2020_Townsend,CC(C)C[C@H]1NC(=O)[C@H](C)NC(=O)[C@@H]2CCCN2C(=O)[C@H](Cc2ccccc2)NC(=O)CN(Cc2ccccc2)C(=O)[C@@H]2CCCN2C(=O)[C@@H](CC(C)C)NC1=O,hepta_1883,5460,-5.66,7,7,Circle,0.168904,0.0751262,-35.2123,8.849,7.491,1.358,0.113094,0.043506,8.544,7.406,1.138,43,17,train,train,train,train,train,train,train,train,train,train
5459,2020_Townsend,CC(C)C[C@H]1NC(=O)[C@@H]2CCCN2C(=O)CN(Cc2ccccc2)C(=O)[C@@H](CC(C)C)NC(=O)[C@H](C)NC(=O)[C@@H]2CCCN2C(=O)[C@H](Cc2ccccc2)NC1=O,hepta_1882,5459,-5.95,7,7,Circle,0.21653,0.0816775,-43.2203,9.232,7.783,1.449,0.159477,0.0624385,8.555,7.19,1.365,14,52,train,test,train,val,train,train,train,train,train,test
5458,2020_Townsend,CC(C)C[C@H]1C(=O)N2CCC[C@H]2C(=O)N(C)[C@H](CC(C)C)C(=O)N[C@@H](Cc2ccccc2)C(=O)N2CCC[C@H]2C(=O)N[C@@H](C)C(=O)N[C@H](CC(C)C)C(=O)N1C,hepta_1881,5458,-5.6,7,7,Circle,0.162044,0.0679396,-23.6394,9.038,7.694,1.344,0.143156,0.053111,8.819,7.657,1.162,31,99,train,train,train,train,train,train,train,train,train,test
5457,2020_Townsend,CC(C)C[C@@H]1NC(=O)[C@@H](CC(C)C)N(C)C(=O)[C@H](C)NC(=O)[C@@H]2CCCN2C(=O)[C@H](Cc2ccccc2)NC(=O)[C@@H](CC(C)C)N(C)C(=O)[C@@H]2CCCN2C1=O,hepta_1880,5457,-5.63,7,7,Circle,0.156536,0.0492793,-34.7962,9.238,7.948,1.29,0.150258,0.0508458,8.88,7.631,1.249,38,10,train,train,train,train,train,train,train,train,train,train
5456,2020_Townsend,CC(C)C[C@H]1C(=O)N[C@H](CC(C)C)C(=O)N2CCC[C@H]2C(=O)N(C)[C@H](CC(C)C)C(=O)N[C@@H](Cc2ccccc2)C(=O)N2CCC[C@H]2C(=O)N[C@@H](C)C(=O)N1C,hepta_1879,5456,-5.06,7,7,Circle,0.122539,0.0603774,-35.556,9.171,7.872,1.299,0.139363,0.0576833,9.23,7.824,1.406,55,47,train,train,train,train,train,train,train,test,train,train
5455,2020_Townsend,CC(C)C[C@H]1C(=O)N2CCC[C@H]2C(=O)N[C@H](CC(C)C)C(=O)N[C@@H](Cc2ccccc2)C(=O)N2CCC[C@H]2C(=O)N[C@@H](C)C(=O)N(C)[C@H](CC(C)C)C(=O)N1C,hepta_1878,5455,-5.77,7,7,Circle,0.129013,0.0497287,-32.2479,9.391,8.115,1.276,0.168332,0.0785003,8.691,7.536,1.155,13,11,train,val,train,train,val,train,train,train,train,train
5454,2020_Townsend,CC(C)C[C@@H]1NC(=O)[C@@H]2CCCN2C(=O)[C@@H](CC(C)C)N(C)C(=O)[C@@H](CC(C)C)N(C)C(=O)[C@H](C)NC(=O)[C@@H]2CCCN2C(=O)[C@H](Cc2ccccc2)NC1=O,hepta_1877,5454,-5.73,7,7,Circle,0.119099,0.0482949,-29.3241,8.91,7.59,1.32,0.13372,0.0485533,9.098,7.756,1.342,59,80,test,train,train,train,train,train,train,train,train,train
5453,2020_Townsend,CC(C)C[C@@H]1NC(=O)[C@H](C)NC(=O)[C@@H]2CCCN2C(=O)[C@H](Cc2ccccc2)NC(=O)[C@@H](CC(C)C)N(C)C(=O)[C@@H]2CCCN2C(=O)[C@@H](CC(C)C)N(C)C1=O,hepta_1876,5453,-5.74,7,7,Circle,0.134132,0.039606,-30.3688,9.057,7.617,1.44,0.126163,0.0345462,8.705,7.448,1.257,22,59,train,train,train,train,train,train,train,val,train,train
5452,2020_Townsend,CC(C)C[C@H]1C(=O)N[C@@H](Cc2ccccc2)C(=O)N2CCC[C@H]2C(=O)N[C@@H](C)C(=O)N(C)[C@H](CC(C)C)C(=O)N[C@H](CC(C)C)C(=O)N2CCC[C@H]2C(=O)N1C,hepta_1875,5452,-5.88,7,7,Circle,0.119839,0.0400943,-21.5336,8.579,7.646,0.933,0.160305,0.0722793,8.714,7.755,0.959,62,77,train,train,train,train,train,train,train,train,test,train
5451,2020_Townsend,CC(C)C[C@H]1NC(=O)[C@@H]2CCCN2C(=O)[C@@H](CC(C)C)N(C)C(=O)[C@@H](CC(C)C)N(C)C(=O)[C@H](C)NC(=O)[C@@H]2CCCN2C(=O)[C@H](Cc2ccccc2)NC1=O,hepta_1874,5451,-5.7,7,7,Circle,0.11546,0.0411369,-30.9391,9.208,7.918,1.29,0.141487,0.0466581,8.937,7.697,1.24,6,60,train,train,val,train,test,train,train,train,train,train
5450,2020_Townsend,CC(C)C[C@H]1NC(=O)[C@@H](CC(C)C)N(C)C(=O)[C@H](C)NC(=O)[C@@H]2CCCN2C(=O)[C@H](Cc2ccccc2)NC(=O)[C@@H](CC(C)C)N(C)C(=O)[C@@H]2CCCN2C1=O,hepta_1873,5450,-5.64,7,7,Circle,0.150519,0.0599491,-34.3094,9.432,8.128,1.304,0.200511,0.0862235,9.13,8.038,1.092,94,94,train,train,train,train,train,train,train,train,train,train
5449,2020_Townsend,CC(C)C[C@@H]1NC(=O)[C@H](C)NC(=O)[C@@H]2CCCN2C(=O)[C@H](Cc2ccccc2)NC(=O)[C@H](CC(C)C)N(C)C(=O)[C@@H]2CCCN2C(=O)[C@H](CC(C)C)NC1=O,hepta_1872,5449,-5.54,7,7,Circle,0.143498,0.0505713,-33.4573,8.723,7.372,1.351,0.142628,0.0428858,8.623,7.475,1.148,14,37,test,train,train,train,train,test,train,train,train,train
5448,2020_Townsend,CC(C)C[C@@H]1NC(=O)[C@H](C)NC(=O)[C@@H]2CCCN2C(=O)[C@H](Cc2ccccc2)NC(=O)[C@@H](CC(C)C)N(C)C(=O)[C@@H]2CCCN2C(=O)[C@H](CC(C)C)NC1=O,hepta_1871,5448,-5.45,7,7,Circle,0.127795,0.0429233,-30.4627,8.952,7.63,1.322,0.113163,0.036226,8.607,7.278,1.329,95,48,train,train,train,val,test,train,train,train,train,test
5447,2020_Townsend,CC(C)C[C@@H]1NC(=O)[C@H](CC(C)C)N(C)C(=O)[C@H](C)NC(=O)[C@@H]2CCCN2C(=O)[C@H](Cc2ccccc2)NC(=O)[C@@H](CC(C)C)NC(=O)[C@@H]2CCCN2C1=O,hepta_1870,5447,-6.14,7,7,Circle,0.152613,0.0517878,-33.896,9.041,7.621,1.42,0.139403,0.0395915,8.596,7.33,1.266,72,24,val,train,train,test,train,train,train,train,test,val
5446,2020_Townsend,CC(C)C[C@@H]1NC(=O)[C@@H]2CCCN2C(=O)[C@H](CC(C)C)N(C)C(=O)[C@@H](CC(C)C)NC(=O)[C@H](C)NC(=O)[C@@H]2CCCN2C(=O)[C@H](Cc2ccccc2)NC1=O,hepta_1869,5446,-5.83,7,7,Circle,0.142591,0.0487643,-29.7619,8.897,7.462,1.435,0.146589,0.036191,8.732,7.463,1.269,66,7,train,train,train,train,train,val,test,train,train,train
5445,2020_Townsend,CC(C)C[C@@H]1NC(=O)[C@H](C)NC(=O)[C@@H]2CCCN2C(=O)[C@H](Cc2ccccc2)NC(=O)[C@H](CC(C)C)N(C)C(=O)[C@@H]2CCCN2C(=O)[C@@H](CC(C)C)NC1=O,hepta_1868,5445,-6.26,7,7,Circle,0.154506,0.0565061,-37.4263,9.305,8.039,1.266,0.156513,0.0512197,8.599,7.466,1.133,77,97,test,train,train,train,train,train,test,train,test,train
5444,2020_Townsend,CC(C)C[C@@H]1NC(=O)[C@H](C)NC(=O)[C@@H]2CCCN2C(=O)[C@H](Cc2ccccc2)NC(=O)[C@@H](CC(C)C)NC(=O)[C@@H]2CCCN2C(=O)[C@H](CC(C)C)N(C)C1=O,hepta_1867,5444,-10.0,7,7,Circle,0.174628,0.0826643,-38.0568,9.005,7.674,1.331,0.128702,0.0330828,8.272,7.036,1.236,52,89,train,train,train,train,train,train,train,train,train,val
5443,2020_Townsend,CC(C)C[C@@H]1NC(=O)[C@H](C)NC(=O)[C@@H]2CCCN2C(=O)[C@H](Cc2ccccc2)NC(=O)[C@@H](CC(C)C)N(C)C(=O)[C@@H]2CCCN2C(=O)[C@@H](CC(C)C)NC1=O,hepta_1866,5443,-5.83,7,7,Circle,0.163446,0.0619961,-23.0811,8.646,7.456,1.19,0.13492,0.0555812,8.656,7.497,1.159,27,71,train,train,val,train,val,train,train,test,train,train
5442,2020_Townsend,CC(C)C[C@@H]1NC(=O)[C@@H](CC(C)C)NC(=O)[C@H](C)NC(=O)[C@@H]2CCCN2C(=O)[C@H](Cc2ccccc2)NC(=O)[C@@H](CC(C)C)N(C)C(=O)[C@@H]2CCCN2C1=O,hepta_1865,5442,-5.65,7,7,Circle,0.144633,0.0474208,-28.6778,9.06,7.669,1.391,0.102537,0.0414903,8.777,7.688,1.089,41,68,train,train,train,train,test,train,train,train,train,train
5441,2020_Townsend,CC(C)C[C@H]1C(=O)N2CCC[C@H]2C(=O)N[C@H](CC(C)C)C(=O)N[C@@H](Cc2ccccc2)C(=O)N2CCC[C@H]2C(=O)N[C@@H](C)C(=O)N[C@H](CC(C)C)C(=O)N1C,hepta_1864,5441,-5.81,7,7,Circle,0.147008,0.0618729,-27.5327,8.969,7.665,1.304,0.134643,0.0513201,8.434,7.159,1.275,41,65,train,train,test,val,val,train,train,train,train,val
5440,2020_Townsend,CC(C)C[C@@H]1NC(=O)[C@@H](CC(C)C)N(C)C(=O)[C@H](C)NC(=O)[C@@H]2CCCN2C(=O)[C@H](Cc2ccccc2)NC(=O)[C@@H](CC(C)C)NC(=O)[C@@H]2CCCN2C1=O,hepta_1863,5440,-5.92,7,7,Circle,0.178604,0.0690014,-40.8186,9.282,7.907,1.375,0.130475,0.0404703,8.64,7.388,1.252,80,73,train,val,train,train,train,train,train,train,train,train
5439,2020_Townsend,CC(C)C[C@@H]1NC(=O)[C@@H]2CCCN2C(=O)[C@@H](CC(C)C)NC(=O)[C@@H](CC(C)C)N(C)C(=O)[C@H](C)NC(=O)[C@@H]2CCCN2C(=O)[C@H](Cc2ccccc2)NC1=O,hepta_1862,5439,-5.92,7,7,Circle,0.183967,0.0925509,-27.6833,8.828,7.599,1.229,0.153196,0.0487254,8.764,7.503,1.261,11,66,train,test,train,train,train,train,test,train,train,train
5438,2020_Townsend,CC(C)C[C@@H]1NC(=O)[C@H](C)NC(=O)[C@@H]2CCCN2C(=O)[C@H](Cc2ccccc2)NC(=O)[C@@H](CC(C)C)NC(=O)[C@@H]2CCCN2C(=O)[C@@H](CC(C)C)N(C)C1=O,hepta_1861,5438,-5.92,7,7,Circle,0.137426,0.0488276,-33.8842,8.87,7.598,1.272,0.1597,0.0545722,8.397,7.207,1.19,78,50,test,train,train,train,train,train,train,train,val,train
5437,2020_Townsend,CC(C)C[C@H]1C(=O)N[C@H](CC(C)C)C(=O)N2CCC[C@H]2C(=O)N[C@H](CC(C)C)C(=O)N[C@@H](Cc2ccccc2)C(=O)N2CCC[C@H]2C(=O)N[C@@H](C)C(=O)N1C,hepta_1860,5437,-5.86,7,7,Circle,0.204104,0.0861597,-32.0962,9.227,7.783,1.444,0.182596,0.0806404,9.184,7.741,1.443,13,15,train,train,train,train,train,train,train,train,train,train
5436,2020_Townsend,CC(C)C[C@H]1C(=O)N[C@@H](Cc2ccccc2)C(=O)N2CCC[C@H]2C(=O)N[C@@H](C)C(=O)N[C@H](CC(C)C)C(=O)N[C@H](CC(C)C)C(=O)N2CCC[C@H]2C(=O)N1C,hepta_1859,5436,-6.86,7,7,Circle,0.105355,0.0480125,-41.6037,9.123,7.769,1.354,0.156871,0.0620806,8.885,7.762,1.123,30,34,train,train,train,train,train,val,train,train,train,train
5435,2020_Townsend,CC(C)C[C@H]1NC(=O)[C@H](C)NC(=O)[C@@H]2CCCN2C(=O)[C@H](Cc2ccccc2)NC(=O)[C@@H](CC(C)C)N(C)C(=O)[C@@H]2CCCN2C(=O)[C@@H](CC(C)C)NC1=O,hepta_1858,5435,-5.29,7,7,Circle,0.143272,0.0577333,-31.9671,9.324,7.919,1.405,0.122838,0.0532782,8.881,7.717,1.164,53,57,train,train,val,train,train,train,val,train,test,train
5434,2020_Townsend,CC(C)C[C@H]1NC(=O)[C@@H]2CCCN2C(=O)[C@@H](CC(C)C)NC(=O)[C@@H](CC(C)C)N(C)C(=O)[C@H](C)NC(=O)[C@@H]2CCCN2C(=O)[C@H](Cc2ccccc2)NC1=O,hepta_1857,5434,-6.18,7,7,Circle,0.209581,0.0922076,-30.2619,9.178,7.774,1.404,0.119584,0.0447822,8.54,7.404,1.136,34,94,val,test,train,train,train,train,test,train,train,test
5433,2020_Townsend,CC(C)C[C@@H]1NC(=O)[C@H](C)NC(=O)[C@@H]2CCCN2C(=O)[C@H](Cc2ccccc2)NC(=O)[C@H](CC(C)C)NC(=O)[C@@H]2CCCN2C(=O)[C@H](CC(C)C)NC1=O,hepta_1856,5433,-7.26,7,7,Circle,0.129999,0.049935,-28.2365,8.24,6.81,1.43,0.119412,0.0432409,8.727,7.239,1.488,88,44,train,train,train,train,train,train,train,train,train,train
5432,2020_Townsend,CC(C)C[C@@H]1NC(=O)[C@H](C)NC(=O)[C@@H]2CCCN2C(=O)[C@H](Cc2ccccc2)NC(=O)[C@@H](CC(C)C)NC(=O)[C@@H]2CCCN2C(=O)[C@H](CC(C)C)NC1=O,hepta_1855,5432,-6.18,7,7,Circle,0.156583,0.0500829,-34.2451,8.734,7.346,1.388,0.146587,0.0471894,8.594,7.315,1.279,5,9,val,train,train,train,train,test,train,train,train,val
5431,2020_Townsend,CC(C)C[C@@H]1NC(=O)[C@H](C)NC(=O)[C@@H]2CCCN2C(=O)[C@H](Cc2ccccc2)NC(=O)[C@H](CC(C)C)NC(=O)[C@@H]2CCCN2C(=O)[C@@H](CC(C)C)NC1=O,hepta_1854,5431,-6.08,7,7,Circle,0.147835,0.0595562,-25.0766,8.511,7.244,1.267,0.15153,0.0527979,8.432,7.15,1.282,99,44,train,train,train,train,train,train,train,train,val,train
5430,2020_Townsend,CC(C)C[C@@H]1NC(=O)[C@@H](CC(C)C)NC(=O)[C@H](C)NC(=O)[C@@H]2CCCN2C(=O)[C@H](Cc2ccccc2)NC(=O)[C@@H](CC(C)C)NC(=O)[C@@H]2CCCN2C1=O,hepta_1853,5430,-6.18,7,7,Circle,0.0956693,0.0393802,-26.9255,8.499,7.236,1.263,0.10164,0.0315697,8.328,6.996,1.332,83,91,test,train,train,test,train,val,train,train,train,train
5429,2020_Townsend,CC(C)C[C@@H]1NC(=O)[C@H](C)NC(=O)[C@@H]2CCCN2C(=O)[C@H](Cc2ccccc2)NC(=O)[C@@H](CC(C)C)NC(=O)[C@@H]2CCCN2C(=O)[C@@H](CC(C)C)NC1=O,hepta_1852,5429,-6.15,7,7,Circle,0.14779,0.0648769,-24.6028,8.589,7.306,1.283,0.137039,0.0330111,8.483,7.445,1.038,50,59,val,train,val,train,train,train,train,train,train,train
5428,2020_Townsend,CC(C)C[C@@H]1NC(=O)[C@@H]2CCCN2C(=O)[C@@H](CC(C)C)NC(=O)[C@@H](CC(C)C)NC(=O)[C@H](C)NC(=O)[C@@H]2CCCN2C(=O)[C@H](Cc2ccccc2)NC1=O,hepta_1851,5428,-10.0,7,7,Circle,0.142381,0.069049,-33.7032,8.961,7.397,1.564,0.125749,0.0578374,8.755,7.482,1.273,100,92,train,train,train,train,train,train,train,val,train,train
5427,2020_Townsend,CC(C)C[C@H]1NC(=O)[C@H](C)NC(=O)[C@@H]2CCCN2C(=O)[C@H](Cc2ccccc2)NC(=O)[C@@H](CC(C)C)NC(=O)[C@@H]2CCCN2C(=O)[C@@H](CC(C)C)NC1=O,hepta_1850,5427,-7.08,7,7,Circle,0.138871,0.0628972,-34.2318,9.228,7.718,1.51,0.13669,0.051973,8.551,7.153,1.398,99,99,val,train,train,train,val,train,train,val,train,train
5350,2020_Townsend,CCCN1CC(=O)N(Cc2ccccc2)CC(=O)N(Cc2ccccc2)CC(=O)N2CCC[C@H]2C(=O)N(Cc2ccccc2)CC(=O)N[C@@H](Cc2ccccc2)C(=O)N2CCC[C@H]2C1=O,hepta_1773,5350,-5.78,7,7,Circle,0.231658,0.0725598,-41.8836,9.877,8.616,1.261,0.157963,0.0377388,9.434,8.133,1.301,94,34,val,train,train,train,train,train,train,train,train,train
5342,2020_Townsend,CCCN1CC(=O)N(Cc2ccccc2)CC(=O)N(Cc2ccccc2)CC(=O)N2CCC[C@H]2C(=O)N(C)[C@H](CC(C)C)C(=O)N[C@@H](Cc2ccccc2)C(=O)N2CCC[C@H]2C1=O,hepta_1765,5342,-6.16,7,7,Circle,0.203589,0.0673962,-41.2187,10.083,8.939,1.144,0.170203,0.0688948,9.12,8.0,1.12,39,14,train,train,train,train,train,val,train,train,train,train
5337,2020_Townsend,CCCN1CC(=O)N(C)[C@@H](CC(C)C)C(=O)N(C)[C@@H](CC(C)C)C(=O)N2CCC[C@H]2C(=O)N(Cc2ccccc2)CC(=O)N[C@@H](Cc2ccccc2)C(=O)N2CCC[C@H]2C1=O,hepta_1760,5337,-5.39,7,7,Circle,0.131289,0.0404831,-41.4202,8.966,7.642,1.324,0.139381,0.0400226,9.143,7.952,1.191,79,60,train,train,train,test,train,train,train,train,train,train
5335,2020_Townsend,CCCN1CC(=O)N(Cc2ccccc2)CC(=O)N(C)[C@@H](CC(C)C)C(=O)N2CCC[C@H]2C(=O)N(C)[C@@H](CC(C)C)C(=O)N[C@@H](Cc2ccccc2)C(=O)N2CCC[C@H]2C1=O,hepta_1758,5335,-5.21,7,7,Circle,0.138117,0.0393377,-40.1023,9.054,8.109,0.945,0.166201,0.0707914,8.851,7.828,1.023,26,48,train,train,train,train,train,train,test,train,train,train
5334,2020_Townsend,CCCN1CC(=O)N(C)[C@@H](CC(C)C)C(=O)N(Cc2ccccc2)CC(=O)N2CCC[C@H]2C(=O)N(C)[C@@H](CC(C)C)C(=O)N[C@@H](Cc2ccccc2)C(=O)N2CCC[C@H]2C1=O,hepta_1757,5334,-5.31,7,7,Circle,0.147378,0.0584051,-35.4956,9.496,8.329,1.167,0.10285,0.036732,9.332,8.258,1.074,33,52,val,train,train,train,train,train,train,val,train,train
5332,2020_Townsend,CCCN1CC(=O)N[C@H](CC(C)C)C(=O)N(Cc2ccccc2)CC(=O)N2CCC[C@H]2C(=O)N(Cc2ccccc2)CC(=O)N[C@@H](Cc2ccccc2)C(=O)N2CCC[C@H]2C1=O,hepta_1755,5332,-5.81,7,7,Circle,0.181049,0.0667518,-32.5261,9.201,8.041,1.16,0.148901,0.0550065,9.104,8.031,1.073,13,73,test,train,train,val,train,val,train,test,train,val
5331,2020_Townsend,CCCN1CC(=O)N(Cc2ccccc2)CC(=O)N(Cc2ccccc2)CC(=O)N2CCC[C@H]2C(=O)N[C@H](CC(C)C)C(=O)N[C@@H](Cc2ccccc2)C(=O)N2CCC[C@H]2C1=O,hepta_1754,5331,-6.15,7,7,Circle,0.141046,0.0369971,-43.2491,9.815,8.527,1.288,0.24204,0.109321,9.142,7.997,1.145,44,83,train,train,train,train,val,train,val,val,val,val
5330,2020_Townsend,CCCN1CC(=O)N(C)[C@H](CC(C)C)C(=O)N(C)[C@@H](CC(C)C)C(=O)N2CCC[C@H]2C(=O)N(Cc2ccccc2)CC(=O)N[C@@H](Cc2ccccc2)C(=O)N2CCC[C@H]2C1=O,hepta_1753,5330,-5.39,7,7,Circle,0.136236,0.0410658,-33.523,9.476,8.208,1.268,0.149734,0.0483528,9.25,8.156,1.094,70,51,train,train,train,val,train,train,val,train,train,train
5329,2020_Townsend,CCCN1CC(=O)N(C)[C@H](CC(C)C)C(=O)N(Cc2ccccc2)CC(=O)N2CCC[C@H]2C(=O)N(C)[C@@H](CC(C)C)C(=O)N[C@@H](Cc2ccccc2)C(=O)N2CCC[C@H]2C1=O,hepta_1752,5329,-5.3,7,7,Circle,0.173277,0.065206,-29.3684,9.01,7.839,1.171,0.11805,0.0379978,8.834,7.72,1.114,76,78,test,test,train,train,train,train,train,train,train,train
5326,2020_Townsend,CCCN1CC(=O)N(C)[C@H](CC(C)C)C(=O)N(Cc2ccccc2)CC(=O)N2CCC[C@H]2C(=O)N(C)[C@H](CC(C)C)C(=O)N[C@@H](Cc2ccccc2)C(=O)N2CCC[C@H]2C1=O,hepta_1749,5326,-5.61,7,7,Circle,0.163413,0.0628152,-34.7893,9.843,8.655,1.188,0.106156,0.0399837,8.904,7.878,1.026,25,62,train,val,train,val,val,train,train,train,train,train
5323,2020_Townsend,CCCN1CC(=O)N(Cc2ccccc2)CC(=O)N[C@@H](CC(C)C)C(=O)N2CCC[C@H]2C(=O)N(C)[C@@H](CC(C)C)C(=O)N[C@@H](Cc2ccccc2)C(=O)N2CCC[C@H]2C1=O,hepta_1746,5323,-5.37,7,7,Circle,0.1604,0.0596112,-40.0482,9.755,8.515,1.24,0.136815,0.0381532,8.778,7.725,1.053,95,37,train,train,train,train,train,val,train,test,train,train
5322,2020_Townsend,CCCN1CC(=O)N[C@@H](CC(C)C)C(=O)N(Cc2ccccc2)CC(=O)N2CCC[C@H]2C(=O)N(C)[C@@H](CC(C)C)C(=O)N[C@@H](Cc2ccccc2)C(=O)N2CCC[C@H]2C1=O,hepta_1745,5322,-5.42,7,7,Circle,0.157645,0.0526354,-28.4971,9.538,8.478,1.06,0.172703,0.0522812,9.485,8.465,1.02,16,32,train,test,train,train,train,train,train,train,test,train
5321,2020_Townsend,CCCN1CC(=O)N(Cc2ccccc2)CC(=O)N(C)[C@@H](CC(C)C)C(=O)N2CCC[C@H]2C(=O)N[C@@H](CC(C)C)C(=O)N[C@@H](Cc2ccccc2)C(=O)N2CCC[C@H]2C1=O,hepta_1744,5321,-5.69,7,7,Circle,0.153969,0.0547283,-32.0721,9.194,7.863,1.331,0.113415,0.0384262,8.971,7.775,1.196,26,73,test,train,test,train,train,test,train,train,train,train
5320,2020_Townsend,CCCN1CC(=O)N[C@@H](CC(C)C)C(=O)N(C)[C@H](CC(C)C)C(=O)N2CCC[C@H]2C(=O)N(Cc2ccccc2)CC(=O)N[C@@H](Cc2ccccc2)C(=O)N2CCC[C@H]2C1=O,hepta_1743,5320,-5.83,7,7,Circle,0.203703,0.0902873,-38.8188,9.411,8.235,1.176,0.144172,0.0379085,9.348,8.228,1.12,53,80,train,train,val,train,test,train,train,train,train,test
5319,2020_Townsend,CCCN1CC(=O)N[C@H](CC(C)C)C(=O)N(C)[C@@H](CC(C)C)C(=O)N2CCC[C@H]2C(=O)N(Cc2ccccc2)CC(=O)N[C@@H](Cc2ccccc2)C(=O)N2CCC[C@H]2C1=O,hepta_1742,5319,-5.49,7,7,Circle,0.122468,0.0518392,-30.7725,8.837,7.634,1.203,0.164453,0.049633,9.341,8.264,1.077,48,25,train,train,train,test,val,test,train,train,train,train
5318,2020_Townsend,CCCN1CC(=O)N(C)[C@@H](CC(C)C)C(=O)N[C@H](CC(C)C)C(=O)N2CCC[C@H]2C(=O)N(Cc2ccccc2)CC(=O)N[C@@H](Cc2ccccc2)C(=O)N2CCC[C@H]2C1=O,hepta_1741,5318,-5.3,7,7,Circle,0.170365,0.0436135,-44.8271,10.196,8.982,1.214,0.161062,0.0407351,9.863,8.72,1.143,45,10,test,train,test,train,train,val,val,train,train,test
5317,2020_Townsend,CCCN1CC(=O)N[C@@H](CC(C)C)C(=O)N(Cc2ccccc2)CC(=O)N2CCC[C@H]2C(=O)N(C)[C@H](CC(C)C)C(=O)N[C@@H](Cc2ccccc2)C(=O)N2CCC[C@H]2C1=O,hepta_1740,5317,-5.41,7,7,Circle,0.212294,0.0750475,-32.8951,9.562,8.369,1.193,0.176665,0.0647908,9.428,8.245,1.183,27,51,train,train,train,train,test,train,train,train,train,val
5316,2020_Townsend,CCCN1CC(=O)N(Cc2ccccc2)CC(=O)N[C@H](CC(C)C)C(=O)N2CCC[C@H]2C(=O)N(C)[C@@H](CC(C)C)C(=O)N[C@@H](Cc2ccccc2)C(=O)N2CCC[C@H]2C1=O,hepta_1739,5316,-5.4,7,7,Circle,0.175273,0.0847956,-31.3185,9.339,8.128,1.211,0.119724,0.0380929,8.724,7.694,1.03,59,61,val,train,train,train,train,train,train,test,train,train
5315,2020_Townsend,CCCN1CC(=O)N(C)[C@H](CC(C)C)C(=O)N(Cc2ccccc2)CC(=O)N2CCC[C@H]2C(=O)N[C@@H](CC(C)C)C(=O)N[C@@H](Cc2ccccc2)C(=O)N2CCC[C@H]2C1=O,hepta_1738,5315,-5.9,7,7,Circle,0.169277,0.0646136,-27.8102,8.81,7.587,1.223,0.136981,0.039117,8.727,7.565,1.162,35,33,train,train,val,train,train,train,test,train,train,train
5314,2020_Townsend,CCCN1CC(=O)N(Cc2ccccc2)CC(=O)N(C)[C@H](CC(C)C)C(=O)N2CCC[C@H]2C(=O)N[C@@H](CC(C)C)C(=O)N[C@@H](Cc2ccccc2)C(=O)N2CCC[C@H]2C1=O,hepta_1737,5314,-5.99,7,7,Circle,0.13415,0.0454536,-25.4499,9.33,8.115,1.215,0.156552,0.0490155,9.445,8.223,1.222,58,66,train,test,train,val,train,train,train,train,val,train
5312,2020_Townsend,CCCN1CC(=O)N(C)[C@@H](CC(C)C)C(=O)N(C)[C@H](CC(C)C)C(=O)N2CCC[C@H]2C(=O)N(C)[C@@H](CC(C)C)C(=O)N[C@@H](Cc2ccccc2)C(=O)N2CCC[C@H]2C1=O,hepta_1735,5312,-5.04,7,7,Circle,0.169563,0.0712918,-39.2197,9.24,8.02,1.22,0.118204,0.0369962,9.352,8.253,1.099,57,6,train,train,test,train,train,train,train,train,train,train
5311,2020_Townsend,CCCN1CC(=O)N(C)[C@H](CC(C)C)C(=O)N(C)[C@@H](CC(C)C)C(=O)N2CCC[C@H]2C(=O)N(C)[C@@H](CC(C)C)C(=O)N[C@@H](Cc2ccccc2)C(=O)N2CCC[C@H]2C1=O,hepta_1734,5311,-5.08,7,7,Circle,0.114878,0.0382068,-21.4394,9.576,8.602,0.974,0.131383,0.0453259,9.552,8.597,0.955,97,11,test,train,train,train,train,train,train,test,val,train
5310,2020_Townsend,CCCN1CC(=O)N(C)[C@H](CC(C)C)C(=O)N[C@H](CC(C)C)C(=O)N2CCC[C@H]2C(=O)N(Cc2ccccc2)CC(=O)N[C@@H](Cc2ccccc2)C(=O)N2CCC[C@H]2C1=O,hepta_1733,5310,-5.21,7,7,Circle,0.140785,0.0559065,-40.8052,9.032,7.718,1.314,0.127869,0.0446141,8.655,7.606,1.049,25,11,train,train,train,train,train,test,val,train,train,val
5309,2020_Townsend,CCCN1CC(=O)N[C@H](CC(C)C)C(=O)N(Cc2ccccc2)CC(=O)N2CCC[C@H]2C(=O)N(C)[C@H](CC(C)C)C(=O)N[C@@H](Cc2ccccc2)C(=O)N2CCC[C@H]2C1=O,hepta_1732,5309,-5.87,7,7,Circle,0.130754,0.0472714,-27.8901,9.391,8.291,1.1,0.13512,0.0419849,9.431,8.355,1.076,48,100,train,train,train,train,train,train,train,train,train,test
5307,2020_Townsend,CCCN1CC(=O)N(C)[C@@H](CC(C)C)C(=O)N(C)[C@H](CC(C)C)C(=O)N2CCC[C@H]2C(=O)N(C)[C@H](CC(C)C)C(=O)N[C@@H](Cc2ccccc2)C(=O)N2CCC[C@H]2C1=O,hepta_1730,5307,-4.89,7,7,Circle,0.132009,0.0529263,-29.388,9.615,8.488,1.127,0.145061,0.0526386,9.155,8.108,1.047,41,82,train,test,val,train,val,train,train,train,train,train
5306,2020_Townsend,CCCN1CC(=O)N(C)[C@H](CC(C)C)C(=O)N(C)[C@@H](CC(C)C)C(=O)N2CCC[C@H]2C(=O)N(C)[C@H](CC(C)C)C(=O)N[C@@H](Cc2ccccc2)C(=O)N2CCC[C@H]2C1=O,hepta_1729,5306,-5.41,7,7,Circle,0.134434,0.0483765,-20.7498,9.712,8.729,0.983,0.143855,0.0357365,9.034,8.085,0.949,7,54,train,val,train,train,train,train,train,test,train,train
5305,2020_Townsend,CCCN1CC(=O)N(C)[C@H](CC(C)C)C(=O)N(C)[C@H](CC(C)C)C(=O)N2CCC[C@H]2C(=O)N(C)[C@H](CC(C)C)C(=O)N[C@@H](Cc2ccccc2)C(=O)N2CCC[C@H]2C1=O,hepta_1728,5305,-5.42,7,7,Circle,0.11346,0.0449232,-15.74,9.313,8.245,1.068,0.115565,0.0398104,9.257,8.189,1.068,83,19,train,train,train,test,train,train,test,train,train,train
5304,2020_Townsend,CCCN1CC(=O)N[C@@H](CC(C)C)C(=O)N[C@@H](CC(C)C)C(=O)N2CCC[C@H]2C(=O)N(Cc2ccccc2)CC(=O)N[C@@H](Cc2ccccc2)C(=O)N2CCC[C@H]2C1=O,hepta_1727,5304,-5.65,7,7,Circle,0.138589,0.039347,-50.0384,8.94,7.475,1.465,0.243932,0.123344,9.131,7.725,1.406,13,11,train,train,test,train,val,train,train,train,test,train
5303,2020_Townsend,CCCN1CC(=O)N(C)[C@@H](CC(C)C)C(=O)N[C@@H](CC(C)C)C(=O)N2CCC[C@H]2C(=O)N(C)[C@@H](CC(C)C)C(=O)N[C@@H](Cc2ccccc2)C(=O)N2CCC[C@H]2C1=O,hepta_1726,5303,-5.1,7,7,Circle,0.106402,0.0345927,-30.0784,8.833,7.908,0.925,0.128,0.0439596,8.942,7.873,1.069,35,68,train,train,train,train,train,train,train,train,train,train
5302,2020_Townsend,CCCN1CC(=O)N[C@H](CC(C)C)C(=O)N[C@@H](CC(C)C)C(=O)N2CCC[C@H]2C(=O)N(Cc2ccccc2)CC(=O)N[C@@H](Cc2ccccc2)C(=O)N2CCC[C@H]2C1=O,hepta_1725,5302,-5.85,7,7,Circle,0.23393,0.0938394,-38.617,9.417,8.042,1.375,0.138463,0.0366128,8.993,7.908,1.085,54,91,train,train,train,train,train,test,train,train,val,train
5301,2020_Townsend,CCCN1CC(=O)N[C@@H](CC(C)C)C(=O)N(Cc2ccccc2)CC(=O)N2CCC[C@H]2C(=O)N[C@H](CC(C)C)C(=O)N[C@@H](Cc2ccccc2)C(=O)N2CCC[C@H]2C1=O,hepta_1724,5301,-5.95,7,7,Circle,0.219658,0.0891924,-43.829,9.735,8.376,1.359,0.220509,0.110219,8.928,7.779,1.149,13,91,train,train,test,train,train,train,train,train,train,train
5300,2020_Townsend,CCCN1CC(=O)N[C@H](CC(C)C)C(=O)N(Cc2ccccc2)CC(=O)N2CCC[C@H]2C(=O)N[C@@H](CC(C)C)C(=O)N[C@@H](Cc2ccccc2)C(=O)N2CCC[C@H]2C1=O,hepta_1723,5300,-6.01,7,7,Circle,0.210383,0.0908036,-33.1241,9.235,7.938,1.297,0.135988,0.0513883,8.897,7.694,1.203,52,42,train,train,train,train,train,val,train,train,train,train
5299,2020_Townsend,CCCN1CC(=O)N(Cc2ccccc2)CC(=O)N[C@H](CC(C)C)C(=O)N2CCC[C@H]2C(=O)N[C@@H](CC(C)C)C(=O)N[C@@H](Cc2ccccc2)C(=O)N2CCC[C@H]2C1=O,hepta_1722,5299,-10.0,7,7,Circle,0.264466,0.104588,-30.1565,9.033,7.756,1.277,0.131226,0.0402606,8.655,7.501,1.154,51,47,train,train,train,test,train,train,val,train,train,train
5298,2020_Townsend,CCCN1CC(=O)N(C)[C@@H](CC(C)C)C(=O)N[C@@H](CC(C)C)C(=O)N2CCC[C@H]2C(=O)N(C)[C@H](CC(C)C)C(=O)N[C@@H](Cc2ccccc2)C(=O)N2CCC[C@H]2C1=O,hepta_1721,5298,-5.17,7,7,Circle,0.108148,0.0401929,-44.7663,9.365,8.144,1.221,0.13497,0.0441931,9.057,8.13,0.927,7,55,train,train,val,train,val,train,train,train,train,train
5297,2020_Townsend,CCCN1CC(=O)N(C)[C@H](CC(C)C)C(=O)N[C@@H](CC(C)C)C(=O)N2CCC[C@H]2C(=O)N(C)[C@@H](CC(C)C)C(=O)N[C@@H](Cc2ccccc2)C(=O)N2CCC[C@H]2C1=O,hepta_1720,5297,-5.14,7,7,Circle,0.127953,0.0455547,-30.5436,9.552,8.407,1.145,0.112803,0.0360269,8.997,8.211,0.786,78,33,train,val,train,test,train,train,train,train,train,train
5296,2020_Townsend,CCCN1CC(=O)N[C@H](CC(C)C)C(=O)N(C)[C@@H](CC(C)C)C(=O)N2CCC[C@H]2C(=O)N(C)[C@@H](CC(C)C)C(=O)N[C@@H](Cc2ccccc2)C(=O)N2CCC[C@H]2C1=O,hepta_1719,5296,-5.2,7,7,Circle,0.14129,0.0407557,-40.9033,9.89,8.747,1.143,0.150613,0.0504217,9.146,8.078,1.068,19,45,train,train,val,train,train,train,val,train,train,train
5295,2020_Townsend,CCCN1CC(=O)N(C)[C@@H](CC(C)C)C(=O)N(C)[C@H](CC(C)C)C(=O)N2CCC[C@H]2C(=O)N[C@@H](CC(C)C)C(=O)N[C@@H](Cc2ccccc2)C(=O)N2CCC[C@H]2C1=O,hepta_1718,5295,-5.69,7,7,Circle,0.103141,0.0393315,-24.0801,8.727,7.711,1.016,0.124998,0.0338774,8.78,7.813,0.967,77,92,train,test,train,test,train,train,train,val,test,train
5294,2020_Townsend,CCCN1CC(=O)N(C)[C@H](CC(C)C)C(=O)N(C)[C@@H](CC(C)C)C(=O)N2CCC[C@H]2C(=O)N[C@@H](CC(C)C)C(=O)N[C@@H](Cc2ccccc2)C(=O)N2CCC[C@H]2C1=O,hepta_1717,5294,-6.22,7,7,Circle,0.14182,0.0642813,-29.0722,9.47,8.332,1.138,0.13376,0.0360395,9.459,8.384,1.075,52,6,train,test,train,train,train,train,train,train,test,train
5293,2020_Townsend,CCCN1CC(=O)N[C@@H](CC(C)C)C(=O)N(C)[C@@H](CC(C)C)C(=O)N2CCC[C@H]2C(=O)N(C)[C@H](CC(C)C)C(=O)N[C@@H](Cc2ccccc2)C(=O)N2CCC[C@H]2C1=O,hepta_1716,5293,-5.74,7,7,Circle,0.136878,0.0638372,-31.7098,9.433,8.282,1.151,0.13512,0.0473156,9.245,8.222,1.023,86,79,val,train,train,train,train,test,train,train,train,train
5292,2020_Townsend,CCCN1CC(=O)N[C@H](CC(C)C)C(=O)N[C@H](CC(C)C)C(=O)N2CCC[C@H]2C(=O)N(Cc2ccccc2)CC(=O)N[C@@H](Cc2ccccc2)C(=O)N2CCC[C@H]2C1=O,hepta_1715,5292,-5.76,7,7,Circle,0.117347,0.049148,-27.1296,8.52,7.356,1.164,0.109698,0.0319521,9.007,8.012,0.995,97,72,train,train,train,val,train,test,train,val,test,train
5291,2020_Townsend,CCCN1CC(=O)N[C@H](CC(C)C)C(=O)N(Cc2ccccc2)CC(=O)N2CCC[C@H]2C(=O)N[C@H](CC(C)C)C(=O)N[C@@H](Cc2ccccc2)C(=O)N2CCC[C@H]2C1=O,hepta_1714,5291,-6.29,7,7,Circle,0.192092,0.0743039,-36.378,9.486,8.189,1.297,0.139039,0.0479912,8.938,7.734,1.204,13,2,train,train,train,train,train,val,train,train,test,train
5290,2020_Townsend,CCCN1CC(=O)N[C@@H](CC(C)C)C(=O)N(C)[C@H](CC(C)C)C(=O)N2CCC[C@H]2C(=O)N(C)[C@H](CC(C)C)C(=O)N[C@@H](Cc2ccccc2)C(=O)N2CCC[C@H]2C1=O,hepta_1713,5290,-4.91,7,7,Circle,0.113782,0.0582233,-29.068,9.406,8.122,1.284,0.123522,0.0392242,9.222,8.154,1.068,26,95,train,train,val,train,val,val,test,train,train,train
5289,2020_Townsend,CCCN1CC(=O)N(C)[C@H](CC(C)C)C(=O)N[C@@H](CC(C)C)C(=O)N2CCC[C@H]2C(=O)N(C)[C@H](CC(C)C)C(=O)N[C@@H](Cc2ccccc2)C(=O)N2CCC[C@H]2C1=O,hepta_1712,5289,-5.3,7,7,Circle,0.110517,0.038841,-31.2354,9.331,8.137,1.194,0.13987,0.0457068,9.112,8.118,0.994,20,74,train,train,train,train,val,train,train,train,train,train
5288,2020_Townsend,CCCN1CC(=O)N(C)[C@H](CC(C)C)C(=O)N[C@H](CC(C)C)C(=O)N2CCC[C@H]2C(=O)N(C)[C@@H](CC(C)C)C(=O)N[C@@H](Cc2ccccc2)C(=O)N2CCC[C@H]2C1=O,hepta_1711,5288,-4.96,7,7,Circle,0.144356,0.0491572,-19.0092,9.223,8.177,1.046,0.140923,0.0408512,9.18,8.125,1.055,41,75,train,train,train,train,test,train,test,test,train,train
5287,2020_Townsend,CCCN1CC(=O)N[C@H](CC(C)C)C(=O)N(C)[C@@H](CC(C)C)C(=O)N2CCC[C@H]2C(=O)N(C)[C@H](CC(C)C)C(=O)N[C@@H](Cc2ccccc2)C(=O)N2CCC[C@H]2C1=O,hepta_1710,5287,-5.53,7,7,Circle,0.164507,0.0732696,-22.3015,9.236,8.056,1.18,0.12335,0.0466458,9.039,7.953,1.086,91,53,train,train,train,train,train,val,train,train,train,train
5286,2020_Townsend,CCCN1CC(=O)N(C)[C@@H](CC(C)C)C(=O)N(C)[C@H](CC(C)C)C(=O)N2CCC[C@H]2C(=O)N[C@H](CC(C)C)C(=O)N[C@@H](Cc2ccccc2)C(=O)N2CCC[C@H]2C1=O,hepta_1709,5286,-4.98,7,7,Circle,0.182898,0.0852084,-30.7203,9.508,8.269,1.239,0.135374,0.0552335,9.262,8.147,1.115,16,59,train,train,train,train,train,train,train,val,train,train
5285,2020_Townsend,CCCN1CC(=O)N(C)[C@H](CC(C)C)C(=O)N(C)[C@H](CC(C)C)C(=O)N2CCC[C@H]2C(=O)N[C@@H](CC(C)C)C(=O)N[C@@H](Cc2ccccc2)C(=O)N2CCC[C@H]2C1=O,hepta_1708,5285,-10.0,7,7,Circle,0.112889,0.0385151,-22.4211,9.177,7.913,1.264,0.124657,0.035226,9.144,7.885,1.259,100,62,train,train,test,train,train,train,train,train,train,train
5284,2020_Townsend,CCCN1CC(=O)N(C)[C@H](CC(C)C)C(=O)N(C)[C@@H](CC(C)C)C(=O)N2CCC[C@H]2C(=O)N[C@H](CC(C)C)C(=O)N[C@@H](Cc2ccccc2)C(=O)N2CCC[C@H]2C1=O,hepta_1707,5284,-6.11,7,7,Circle,0.112888,0.0445707,-26.015,9.72,8.556,1.164,0.133025,0.0360884,9.375,8.362,1.013,86,3,train,train,train,train,val,test,train,train,train,train
5283,2020_Townsend,CCCN1CC(=O)N(C)[C@H](CC(C)C)C(=O)N[C@H](CC(C)C)C(=O)N2CCC[C@H]2C(=O)N(C)[C@H](CC(C)C)C(=O)N[C@@H](Cc2ccccc2)C(=O)N2CCC[C@H]2C1=O,hepta_1706,5283,-5.04,7,7,Circle,0.23477,0.111902,-30.7365,9.23,7.959,1.271,0.180259,0.0852825,8.787,7.833,0.954,33,60,train,train,train,train,train,train,train,test,train,train
5282,2020_Townsend,CCCN1CC(=O)N(C)[C@H](CC(C)C)C(=O)N(C)[C@H](CC(C)C)C(=O)N2CCC[C@H]2C(=O)N[C@H](CC(C)C)C(=O)N[C@@H](Cc2ccccc2)C(=O)N2CCC[C@H]2C1=O,hepta_1705,5282,-5.59,7,7,Circle,0.147836,0.042894,-31.1175,9.798,8.584,1.214,0.151495,0.05475,9.491,8.207,1.284,40,44,train,train,train,train,train,train,val,val,train,train
5281,2020_Townsend,CCCN1CC(=O)N[C@H](CC(C)C)C(=O)N(C)[C@H](CC(C)C)C(=O)N2CCC[C@H]2C(=O)N(C)[C@H](CC(C)C)C(=O)N[C@@H](Cc2ccccc2)C(=O)N2CCC[C@H]2C1=O,hepta_1704,5281,-5.23,7,7,Circle,0.140041,0.0492687,-19.3587,9.129,8.012,1.117,0.125786,0.0369356,9.209,8.092,1.117,7,100,val,train,train,test,train,train,test,train,train,train
5280,2020_Townsend,CCCN1CC(=O)N[C@@H](CC(C)C)C(=O)N[C@@H](CC(C)C)C(=O)N2CCC[C@H]2C(=O)N(C)[C@@H](CC(C)C)C(=O)N[C@@H](Cc2ccccc2)C(=O)N2CCC[C@H]2C1=O,hepta_1703,5280,-5.78,7,7,Circle,0.12387,0.0505824,-34.2323,8.868,7.504,1.364,0.11583,0.0373704,9.074,7.889,1.185,38,46,train,train,test,train,train,train,train,train,train,train
5279,2020_Townsend,CCCN1CC(=O)N(C)[C@@H](CC(C)C)C(=O)N[C@@H](CC(C)C)C(=O)N2CCC[C@H]2C(=O)N[C@@H](CC(C)C)C(=O)N[C@@H](Cc2ccccc2)C(=O)N2CCC[C@H]2C1=O,hepta_1702,5279,-5.72,7,7,Circle,0.110593,0.0404484,-29.7126,8.933,7.594,1.339,0.132583,0.0445365,8.831,7.623,1.208,31,62,train,train,train,train,train,train,train,train,train,train
5278,2020_Townsend,CCCN1CC(=O)N[C@@H](CC(C)C)C(=O)N(C)[C@@H](CC(C)C)C(=O)N2CCC[C@H]2C(=O)N[C@@H](CC(C)C)C(=O)N[C@@H](Cc2ccccc2)C(=O)N2CCC[C@H]2C1=O,hepta_1701,5278,-5.77,7,7,Circle,0.0990417,0.037971,-36.0128,8.857,7.497,1.36,0.116668,0.0434622,8.964,7.901,1.063,100,19,train,train,train,train,test,train,train,train,train,train
5277,2020_Townsend,CCCN1CC(=O)N[C@@H](CC(C)C)C(=O)N[C@H](CC(C)C)C(=O)N2CCC[C@H]2C(=O)N(C)[C@@H](CC(C)C)C(=O)N[C@@H](Cc2ccccc2)C(=O)N2CCC[C@H]2C1=O,hepta_1700,5277,-5.24,7,7,Circle,0.215061,0.0862776,-32.3423,9.58,8.251,1.329,0.114201,0.0413934,9.135,8.018,1.117,6,94,train,train,train,train,train,train,test,train,train,train
5276,2020_Townsend,CCCN1CC(=O)N[C@@H](CC(C)C)C(=O)N(C)[C@H](CC(C)C)C(=O)N2CCC[C@H]2C(=O)N[C@@H](CC(C)C)C(=O)N[C@@H](Cc2ccccc2)C(=O)N2CCC[C@H]2C1=O,hepta_1699,5276,-5.88,7,7,Circle,0.172725,0.0698885,-33.3066,9.099,7.691,1.408,0.135889,0.0435678,8.923,7.746,1.177,48,72,train,train,train,train,train,train,train,train,test,val
5275,2020_Townsend,CCCN1CC(=O)N(C)[C@@H](CC(C)C)C(=O)N[C@@H](CC(C)C)C(=O)N2CCC[C@H]2C(=O)N[C@H](CC(C)C)C(=O)N[C@@H](Cc2ccccc2)C(=O)N2CCC[C@H]2C1=O,hepta_1698,5275,-5.62,7,7,Circle,0.113939,0.0415131,-17.1986,8.942,7.812,1.13,0.111162,0.0298784,9.075,8.042,1.033,78,11,train,train,train,test,train,train,train,train,val,test
5274,2020_Townsend,CCCN1CC(=O)N[C@H](CC(C)C)C(=O)N[C@@H](CC(C)C)C(=O)N2CCC[C@H]2C(=O)N(C)[C@@H](CC(C)C)C(=O)N[C@@H](Cc2ccccc2)C(=O)N2CCC[C@H]2C1=O,hepta_1697,5274,-5.52,7,7,Circle,0.13765,0.0584174,-31.3312,9.493,8.185,1.308,0.113134,0.0399665,8.986,7.942,1.044,73,20,train,train,train,train,train,train,train,train,train,train
5273,2020_Townsend,CCCN1CC(=O)N(C)[C@@H](CC(C)C)C(=O)N[C@H](CC(C)C)C(=O)N2CCC[C@H]2C(=O)N[C@@H](CC(C)C)C(=O)N[C@@H](Cc2ccccc2)C(=O)N2CCC[C@H]2C1=O,hepta_1696,5273,-6.05,7,7,Circle,0.113789,0.0375691,-33.643,9.332,7.963,1.369,0.152149,0.060967,9.095,7.969,1.126,59,44,train,val,train,train,val,train,train,train,train,train
5272,2020_Townsend,CCCN1CC(=O)N[C@H](CC(C)C)C(=O)N(C)[C@@H](CC(C)C)C(=O)N2CCC[C@H]2C(=O)N[C@@H](CC(C)C)C(=O)N[C@@H](Cc2ccccc2)C(=O)N2CCC[C@H]2C1=O,hepta_1695,5272,-6.07,7,7,Circle,0.125528,0.0431932,-19.7471,9.006,7.703,1.303,0.118076,0.0351305,8.921,7.699,1.222,98,65,train,test,train,train,train,train,train,train,val,test
5271,2020_Townsend,CCCN1CC(=O)N[C@@H](CC(C)C)C(=O)N(C)[C@@H](CC(C)C)C(=O)N2CCC[C@H]2C(=O)N[C@H](CC(C)C)C(=O)N[C@@H](Cc2ccccc2)C(=O)N2CCC[C@H]2C1=O,hepta_1694,5271,-6.14,7,7,Circle,0.121518,0.046856,-40.5423,9.297,7.873,1.424,0.116728,0.0472158,8.771,7.781,0.99,99,78,train,train,train,train,test,val,train,train,train,train
5270,2020_Townsend,CCCN1CC(=O)N[C@@H](CC(C)C)C(=O)N[C@H](CC(C)C)C(=O)N2CCC[C@H]2C(=O)N(C)[C@H](CC(C)C)C(=O)N[C@@H](Cc2ccccc2)C(=O)N2CCC[C@H]2C1=O,hepta_1693,5270,-5.32,7,7,Circle,0.167203,0.0685265,-30.1597,9.707,8.297,1.41,0.182234,0.0627066,9.459,8.095,1.364,35,42,train,val,val,train,train,train,train,train,train,train
5269,2020_Townsend,CCCN1CC(=O)N[C@H](CC(C)C)C(=O)N[C@@H](CC(C)C)C(=O)N2CCC[C@H]2C(=O)N(C)[C@H](CC(C)C)C(=O)N[C@@H](Cc2ccccc2)C(=O)N2CCC[C@H]2C1=O,hepta_1692,5269,-5.79,7,7,Circle,0.195096,0.0848074,-28.6378,9.336,8.047,1.289,0.132246,0.043913,9.244,7.998,1.246,90,74,train,train,train,train,test,train,train,train,train,test
5268,2020_Townsend,CCCN1CC(=O)N[C@H](CC(C)C)C(=O)N(C)[C@H](CC(C)C)C(=O)N2CCC[C@H]2C(=O)N[C@@H](CC(C)C)C(=O)N[C@@H](Cc2ccccc2)C(=O)N2CCC[C@H]2C1=O,hepta_1691,5268,-5.58,7,7,Circle,0.149254,0.0492436,-38.1085,9.383,8.049,1.334,0.142018,0.047661,9.199,8.013,1.186,90,79,train,train,train,train,train,train,train,train,train,val
5267,2020_Townsend,CCCN1CC(=O)N(C)[C@@H](CC(C)C)C(=O)N[C@H](CC(C)C)C(=O)N2CCC[C@H]2C(=O)N[C@H](CC(C)C)C(=O)N[C@@H](Cc2ccccc2)C(=O)N2CCC[C@H]2C1=O,hepta_1690,5267,-5.89,7,7,Circle,0.124149,0.0469277,-28.7581,9.487,8.309,1.178,0.132952,0.046163,9.114,8.068,1.046,49,21,train,train,train,train,val,train,train,test,train,train
5266,2020_Townsend,CCCN1CC(=O)N[C@H](CC(C)C)C(=O)N[C@H](CC(C)C)C(=O)N2CCC[C@H]2C(=O)N(C)[C@H](CC(C)C)C(=O)N[C@@H](Cc2ccccc2)C(=O)N2CCC[C@H]2C1=O,hepta_1689,5266,-5.51,7,7,Circle,0.130262,0.0487418,-20.9442,8.955,7.822,1.133,0.124815,0.0468089,9.022,7.917,1.105,61,55,train,val,val,val,test,train,val,train,train,train
5265,2020_Townsend,CCCN1CC(=O)N(C)[C@H](CC(C)C)C(=O)N[C@H](CC(C)C)C(=O)N2CCC[C@H]2C(=O)N[C@H](CC(C)C)C(=O)N[C@@H](Cc2ccccc2)C(=O)N2CCC[C@H]2C1=O,hepta_1688,5265,-5.84,7,7,Circle,0.159516,0.0514894,-23.7982,9.409,8.164,1.245,0.145228,0.0549242,9.222,8.023,1.199,56,63,train,train,train,train,train,test,train,val,train,train
5264,2020_Townsend,CCCN1CC(=O)N[C@@H](CC(C)C)C(=O)N[C@@H](CC(C)C)C(=O)N2CCC[C@H]2C(=O)N[C@@H](CC(C)C)C(=O)N[C@@H](Cc2ccccc2)C(=O)N2CCC[C@H]2C1=O,hepta_1687,5264,-5.99,7,7,Circle,0.16564,0.0771159,-33.9994,8.849,7.387,1.462,0.129871,0.0503782,8.642,7.359,1.283,22,83,train,val,train,train,train,train,train,train,train,train
5263,2020_Townsend,CCCN1CC(=O)N[C@H](CC(C)C)C(=O)N[C@@H](CC(C)C)C(=O)N2CCC[C@H]2C(=O)N[C@@H](CC(C)C)C(=O)N[C@@H](Cc2ccccc2)C(=O)N2CCC[C@H]2C1=O,hepta_1686,5263,-6.4,7,7,Circle,0.173715,0.0650163,-41.0555,9.247,7.807,1.44,0.141679,0.0364522,8.515,7.29,1.225,45,86,train,train,train,train,train,val,test,train,train,train
5262,2020_Townsend,CCCN1CC(=O)N[C@@H](CC(C)C)C(=O)N[C@H](CC(C)C)C(=O)N2CCC[C@H]2C(=O)N[C@H](CC(C)C)C(=O)N[C@@H](Cc2ccccc2)C(=O)N2CCC[C@H]2C1=O,hepta_1685,5262,-5.89,7,7,Circle,0.118947,0.0402315,-24.9217,8.962,7.794,1.168,0.157966,0.0561628,8.868,7.631,1.237,41,45,train,train,train,train,val,train,train,train,train,train
5261,2020_Townsend,CCCN1CC(=O)N[C@H](CC(C)C)C(=O)N[C@@H](CC(C)C)C(=O)N2CCC[C@H]2C(=O)N[C@H](CC(C)C)C(=O)N[C@@H](Cc2ccccc2)C(=O)N2CCC[C@H]2C1=O,hepta_1684,5261,-10.0,7,7,Circle,0.117398,0.0532739,-23.997,9.064,7.714,1.35,0.149543,0.0610985,8.723,7.655,1.068,18,4,train,train,test,test,train,train,train,train,train,train
5260,2020_Townsend,CCCN1CC(=O)N[C@H](CC(C)C)C(=O)N[C@H](CC(C)C)C(=O)N2CCC[C@H]2C(=O)N[C@H](CC(C)C)C(=O)N[C@@H](Cc2ccccc2)C(=O)N2CCC[C@H]2C1=O,hepta_1683,5260,-5.88,7,7,Circle,0.147426,0.0563058,-23.8748,9.134,7.937,1.197,0.143307,0.0589534,8.839,7.672,1.167,8,61,train,train,train,train,test,train,train,train,train,train
5170,2020_Townsend,CCCN1CC(=O)N(Cc2ccccc2)CC(=O)N(Cc2ccccc2)CC(=O)N2CCC[C@@H]2C(=O)N(C)[C@H](CC(C)C)C(=O)N[C@@H](Cc2ccccc2)C(=O)N2CCC[C@@H]2C1=O,hepta_1593,5170,-5.87,7,7,Circle,0.202772,0.062784,-45.4615,9.871,8.614,1.257,0.210152,0.0713176,9.352,8.13,1.222,14,43,test,train,test,train,val,val,train,train,train,val
5163,2020_Townsend,CCCN1CC(=O)N(Cc2ccccc2)CC(=O)N(Cc2ccccc2)CC(=O)N2CCC[C@@H]2C(=O)N[C@H](CC(C)C)C(=O)N[C@@H](Cc2ccccc2)C(=O)N2CCC[C@@H]2C1=O,hepta_1586,5163,-5.96,7,7,Circle,0.185894,0.0458482,-48.2935,10.097,8.776,1.321,0.147017,0.0441804,8.874,7.809,1.065,76,30,train,train,train,train,train,train,train,train,train,train
5162,2020_Townsend,CCCN1CC(=O)N[C@H](CC(C)C)C(=O)N(Cc2ccccc2)CC(=O)N2CCC[C@@H]2C(=O)N(Cc2ccccc2)CC(=O)N[C@@H](Cc2ccccc2)C(=O)N2CCC[C@@H]2C1=O,hepta_1585,5162,-5.85,7,7,Circle,0.153155,0.0452649,-37.3725,9.437,8.302,1.135,0.162517,0.0648138,9.021,7.84,1.181,93,61,train,train,train,train,train,train,val,train,train,train
5158,2020_Townsend,CCCN1CC(=O)N(C)[C@H](CC(C)C)C(=O)N(Cc2ccccc2)CC(=O)N2CCC[C@@H]2C(=O)N(C)[C@@H](CC(C)C)C(=O)N[C@@H](Cc2ccccc2)C(=O)N2CCC[C@@H]2C1=O,hepta_1581,5158,-5.67,7,7,Circle,0.152616,0.0462516,-23.1906,9.561,8.444,1.117,0.147484,0.0451013,9.05,8.006,1.044,21,36,train,train,train,train,train,train,val,test,train,train
5156,2020_Townsend,CCCN1CC(=O)N(Cc2ccccc2)CC(=O)N(C)[C@H](CC(C)C)C(=O)N2CCC[C@@H]2C(=O)N(C)[C@@H](CC(C)C)C(=O)N[C@@H](Cc2ccccc2)C(=O)N2CCC[C@@H]2C1=O,hepta_1579,5156,-5.73,7,7,Circle,0.169535,0.0593166,-21.9264,9.446,8.373,1.073,0.150841,0.0424792,9.428,8.377,1.051,43,67,train,train,train,train,train,train,test,train,val,train
5155,2020_Townsend,CCCN1CC(=O)N(C)[C@H](CC(C)C)C(=O)N(Cc2ccccc2)CC(=O)N2CCC[C@@H]2C(=O)N(C)[C@H](CC(C)C)C(=O)N[C@@H](Cc2ccccc2)C(=O)N2CCC[C@@H]2C1=O,hepta_1578,5155,-5.03,7,7,Circle,0.17914,0.0581072,-26.7025,9.265,8.147,1.118,0.140229,0.037586,9.2,8.267,0.933,28,69,test,train,train,train,train,train,train,train,val,train
5151,2020_Townsend,CCCN1CC(=O)N(Cc2ccccc2)CC(=O)N(C)[C@H](CC(C)C)C(=O)N2CCC[C@@H]2C(=O)N(C)[C@H](CC(C)C)C(=O)N[C@@H](Cc2ccccc2)C(=O)N2CCC[C@@H]2C1=O,hepta_1574,5151,-5.91,7,7,Circle,0.155772,0.0452238,-29.7549,10.035,8.898,1.137,0.121361,0.0379574,9.471,8.403,1.068,90,5,test,val,train,val,train,train,train,train,val,train
5149,2020_Townsend,CCCN1CC(=O)N(Cc2ccccc2)CC(=O)N[C@@H](CC(C)C)C(=O)N2CCC[C@@H]2C(=O)N(C)[C@@H](CC(C)C)C(=O)N[C@@H](Cc2ccccc2)C(=O)N2CCC[C@@H]2C1=O,hepta_1572,5149,-5.02,7,7,Circle,0.214844,0.0797855,-37.849,9.873,8.586,1.287,0.177941,0.0779321,9.109,8.021,1.088,87,68,train,train,train,test,train,train,train,train,train,train
5147,2020_Townsend,CCCN1CC(=O)N(Cc2ccccc2)CC(=O)N(C)[C@@H](CC(C)C)C(=O)N2CCC[C@@H]2C(=O)N[C@@H](CC(C)C)C(=O)N[C@@H](Cc2ccccc2)C(=O)N2CCC[C@@H]2C1=O,hepta_1570,5147,-5.27,7,7,Circle,0.125009,0.0483596,-22.9877,8.983,7.806,1.177,0.123489,0.0421196,9.05,7.889,1.161,13,72,train,train,train,train,val,train,train,train,train,train
5146,2020_Townsend,CCCN1CC(=O)N(C)[C@@H](CC(C)C)C(=O)N(Cc2ccccc2)CC(=O)N2CCC[C@@H]2C(=O)N[C@@H](CC(C)C)C(=O)N[C@@H](Cc2ccccc2)C(=O)N2CCC[C@@H]2C1=O,hepta_1569,5146,-5.81,7,7,Circle,0.21159,0.0733776,-38.2875,9.774,8.631,1.143,0.185052,0.0665396,9.192,7.863,1.329,63,63,train,train,train,train,val,train,train,train,train,train
5144,2020_Townsend,CCCN1CC(=O)N(C)[C@@H](CC(C)C)C(=O)N(C)[C@@H](CC(C)C)C(=O)N2CCC[C@@H]2C(=O)N(C)[C@@H](CC(C)C)C(=O)N[C@@H](Cc2ccccc2)C(=O)N2CCC[C@@H]2C1=O,hepta_1567,5144,-4.87,7,7,Circle,0.155309,0.0565439,-17.4754,9.492,8.43,1.062,0.116214,0.0476574,9.098,8.157,0.941,6,17,val,val,train,train,test,test,train,train,train,train
5142,2020_Townsend,CCCN1CC(=O)N(Cc2ccccc2)CC(=O)N[C@@H](CC(C)C)C(=O)N2CCC[C@@H]2C(=O)N(C)[C@H](CC(C)C)C(=O)N[C@@H](Cc2ccccc2)C(=O)N2CCC[C@@H]2C1=O,hepta_1565,5142,-5.23,7,7,Circle,0.186729,0.0657813,-28.8705,8.96,7.757,1.203,0.110298,0.0396775,8.965,7.94,1.025,10,65,train,val,train,train,train,val,train,train,train,train
5140,2020_Townsend,CCCN1CC(=O)N[C@H](CC(C)C)C(=O)N(C)[C@@H](CC(C)C)C(=O)N2CCC[C@@H]2C(=O)N(Cc2ccccc2)CC(=O)N[C@@H](Cc2ccccc2)C(=O)N2CCC[C@@H]2C1=O,hepta_1563,5140,-5.68,7,7,Circle,0.149447,0.0705604,-35.4178,9.295,8.015,1.28,0.126686,0.0402089,8.874,7.9,0.974,12,70,train,train,train,train,train,train,test,train,train,test
5137,2020_Townsend,CCCN1CC(=O)N(C)[C@@H](CC(C)C)C(=O)N(C)[C@H](CC(C)C)C(=O)N2CCC[C@@H]2C(=O)N(C)[C@@H](CC(C)C)C(=O)N[C@@H](Cc2ccccc2)C(=O)N2CCC[C@@H]2C1=O,hepta_1560,5137,-5.11,7,7,Circle,0.168491,0.0680291,-24.5921,9.846,8.68,1.166,0.162918,0.053866,9.564,8.523,1.041,74,40,test,train,train,train,train,train,train,train,train,train
5136,2020_Townsend,CCCN1CC(=O)N(C)[C@H](CC(C)C)C(=O)N(Cc2ccccc2)CC(=O)N2CCC[C@@H]2C(=O)N[C@H](CC(C)C)C(=O)N[C@@H](Cc2ccccc2)C(=O)N2CCC[C@@H]2C1=O,hepta_1559,5136,-5.43,7,7,Circle,0.17706,0.0556036,-37.3756,9.765,8.525,1.24,0.180513,0.0729863,9.147,8.152,0.995,7,27,train,train,train,train,train,train,train,train,train,train
5135,2020_Townsend,CCCN1CC(=O)N[C@H](CC(C)C)C(=O)N(Cc2ccccc2)CC(=O)N2CCC[C@@H]2C(=O)N(C)[C@H](CC(C)C)C(=O)N[C@@H](Cc2ccccc2)C(=O)N2CCC[C@@H]2C1=O,hepta_1558,5135,-5.41,7,7,Circle,0.140065,0.0466935,-39.604,9.985,8.776,1.209,0.124617,0.047574,9.657,8.394,1.263,93,23,val,train,val,val,train,val,train,train,train,test
5134,2020_Townsend,CCCN1CC(=O)N(C)[C@H](CC(C)C)C(=O)N[C@H](CC(C)C)C(=O)N2CCC[C@@H]2C(=O)N(Cc2ccccc2)CC(=O)N[C@@H](Cc2ccccc2)C(=O)N2CCC[C@@H]2C1=O,hepta_1557,5134,-5.39,7,7,Circle,0.184686,0.0554425,-38.7467,9.68,8.452,1.228,0.166534,0.054222,9.786,8.527,1.259,79,38,train,train,train,train,train,train,train,train,val,train
5133,2020_Townsend,CCCN1CC(=O)N[C@H](CC(C)C)C(=O)N(C)[C@H](CC(C)C)C(=O)N2CCC[C@@H]2C(=O)N(Cc2ccccc2)CC(=O)N[C@@H](Cc2ccccc2)C(=O)N2CCC[C@@H]2C1=O,hepta_1556,5133,-5.19,7,7,Circle,0.176634,0.071104,-28.933,9.653,8.587,1.066,0.148249,0.0443338,8.981,7.999,0.982,93,79,train,train,train,train,train,train,train,train,train,train
5132,2020_Townsend,CCCN1CC(=O)N(Cc2ccccc2)CC(=O)N[C@H](CC(C)C)C(=O)N2CCC[C@@H]2C(=O)N(C)[C@H](CC(C)C)C(=O)N[C@@H](Cc2ccccc2)C(=O)N2CCC[C@@H]2C1=O,hepta_1555,5132,-5.66,7,7,Circle,0.149327,0.0527346,-29.1993,9.34,8.048,1.292,0.144679,0.0451573,9.031,7.953,1.078,52,69,val,train,train,train,train,train,train,train,train,train
5130,2020_Townsend,CCCN1CC(=O)N(C)[C@H](CC(C)C)C(=O)N(C)[C@@H](CC(C)C)C(=O)N2CCC[C@@H]2C(=O)N(C)[C@H](CC(C)C)C(=O)N[C@@H](Cc2ccccc2)C(=O)N2CCC[C@@H]2C1=O,hepta_1553,5130,-4.91,7,7,Circle,0.134521,0.048791,-36.8049,9.637,8.434,1.203,0.143214,0.0404965,9.247,8.271,0.976,78,53,train,train,test,train,train,test,train,train,val,train
5129,2020_Townsend,CCCN1CC(=O)N(C)[C@H](CC(C)C)C(=O)N(C)[C@H](CC(C)C)C(=O)N2CCC[C@@H]2C(=O)N(C)[C@@H](CC(C)C)C(=O)N[C@@H](Cc2ccccc2)C(=O)N2CCC[C@@H]2C1=O,hepta_1552,5129,-4.84,7,7,Circle,0.182573,0.0697845,-32.8375,9.888,8.823,1.065,0.13915,0.0370497,9.463,8.615,0.848,46,100,train,val,val,train,test,train,val,val,train,val
5128,2020_Townsend,CCCN1CC(=O)N(C)[C@@H](CC(C)C)C(=O)N(C)[C@H](CC(C)C)C(=O)N2CCC[C@@H]2C(=O)N(C)[C@H](CC(C)C)C(=O)N[C@@H](Cc2ccccc2)C(=O)N2CCC[C@@H]2C1=O,hepta_1551,5128,-5.29,7,7,Circle,0.156671,0.0611184,-25.5196,9.764,8.545,1.219,0.114887,0.0382833,9.505,8.483,1.022,55,65,train,val,val,train,train,train,train,test,train,train
5127,2020_Townsend,CCCN1CC(=O)N(C)[C@H](CC(C)C)C(=O)N(C)[C@H](CC(C)C)C(=O)N2CCC[C@@H]2C(=O)N(C)[C@H](CC(C)C)C(=O)N[C@@H](Cc2ccccc2)C(=O)N2CCC[C@@H]2C1=O,hepta_1550,5127,-5.38,7,7,Circle,0.170532,0.0703384,-20.6485,9.381,8.387,0.994,0.129056,0.042722,9.5,8.33,1.17,27,28,train,train,train,train,train,train,val,train,train,train
5126,2020_Townsend,CCCN1CC(=O)N[C@@H](CC(C)C)C(=O)N[C@@H](CC(C)C)C(=O)N2CCC[C@@H]2C(=O)N(Cc2ccccc2)CC(=O)N[C@@H](Cc2ccccc2)C(=O)N2CCC[C@@H]2C1=O,hepta_1549,5126,-5.75,7,7,Circle,0.216045,0.0788831,-31.5386,9.484,8.236,1.248,0.22303,0.104421,9.14,7.964,1.176,11,43,train,train,test,train,train,train,test,train,train,test
5124,2020_Townsend,CCCN1CC(=O)N(C)[C@@H](CC(C)C)C(=O)N[C@@H](CC(C)C)C(=O)N2CCC[C@@H]2C(=O)N(C)[C@@H](CC(C)C)C(=O)N[C@@H](Cc2ccccc2)C(=O)N2CCC[C@@H]2C1=O,hepta_1547,5124,-4.93,7,7,Circle,0.152277,0.0389262,-25.2402,9.197,8.071,1.126,0.138113,0.0498839,8.888,8.032,0.856,14,59,train,train,train,train,train,train,train,train,train,train
5123,2020_Townsend,CCCN1CC(=O)N(C)[C@@H](CC(C)C)C(=O)N(C)[C@@H](CC(C)C)C(=O)N2CCC[C@@H]2C(=O)N[C@@H](CC(C)C)C(=O)N[C@@H](Cc2ccccc2)C(=O)N2CCC[C@@H]2C1=O,hepta_1546,5123,-5.58,7,7,Circle,0.16967,0.0856114,-29.7474,9.53,8.371,1.159,0.121672,0.0336378,9.186,8.075,1.111,32,19,train,train,val,train,train,train,train,train,train,train
5122,2020_Townsend,CCCN1CC(=O)N[C@H](CC(C)C)C(=O)N[C@@H](CC(C)C)C(=O)N2CCC[C@@H]2C(=O)N(Cc2ccccc2)CC(=O)N[C@@H](Cc2ccccc2)C(=O)N2CCC[C@@H]2C1=O,hepta_1545,5122,-5.74,7,7,Circle,0.154237,0.0527812,-19.5821,8.555,7.394,1.161,0.135435,0.040341,8.73,7.614,1.116,57,63,train,train,val,train,train,train,train,train,train,train
5119,2020_Townsend,CCCN1CC(=O)N(Cc2ccccc2)CC(=O)N[C@@H](CC(C)C)C(=O)N2CCC[C@@H]2C(=O)N[C@H](CC(C)C)C(=O)N[C@@H](Cc2ccccc2)C(=O)N2CCC[C@@H]2C1=O,hepta_1542,5119,-5.82,7,7,Circle,0.19999,0.071842,-27.7405,8.846,7.792,1.054,0.148462,0.0478422,8.733,7.696,1.037,30,48,train,val,val,train,train,test,train,train,train,test
5118,2020_Townsend,CCCN1CC(=O)N[C@@H](CC(C)C)C(=O)N(C)[C@H](CC(C)C)C(=O)N2CCC[C@@H]2C(=O)N(C)[C@@H](CC(C)C)C(=O)N[C@@H](Cc2ccccc2)C(=O)N2CCC[C@@H]2C1=O,hepta_1541,5118,-5.72,7,7,Circle,0.135793,0.0541057,-28.322,9.417,8.379,1.038,0.121445,0.0362336,9.078,8.129,0.949,99,98,train,train,train,val,train,train,test,train,train,train
5116,2020_Townsend,CCCN1CC(=O)N[C@H](CC(C)C)C(=O)N(C)[C@@H](CC(C)C)C(=O)N2CCC[C@@H]2C(=O)N(C)[C@@H](CC(C)C)C(=O)N[C@@H](Cc2ccccc2)C(=O)N2CCC[C@@H]2C1=O,hepta_1539,5116,-5.18,7,7,Circle,0.185453,0.0770773,-30.7156,9.534,8.423,1.111,0.142991,0.0519559,9.363,8.317,1.046,98,36,train,train,val,train,val,train,train,train,train,val
5115,2020_Townsend,CCCN1CC(=O)N(C)[C@@H](CC(C)C)C(=O)N[C@@H](CC(C)C)C(=O)N2CCC[C@@H]2C(=O)N(C)[C@H](CC(C)C)C(=O)N[C@@H](Cc2ccccc2)C(=O)N2CCC[C@@H]2C1=O,hepta_1538,5115,-5.19,7,7,Circle,0.147537,0.0432696,-23.3517,9.006,7.783,1.223,0.144416,0.0454689,9.181,8.119,1.062,28,5,train,train,train,train,train,train,train,train,train,train
5114,2020_Townsend,CCCN1CC(=O)N(C)[C@@H](CC(C)C)C(=O)N[C@H](CC(C)C)C(=O)N2CCC[C@@H]2C(=O)N(C)[C@@H](CC(C)C)C(=O)N[C@@H](Cc2ccccc2)C(=O)N2CCC[C@@H]2C1=O,hepta_1537,5114,-5.16,7,7,Circle,0.16975,0.0481571,-36.9503,9.879,8.667,1.212,0.172862,0.0706439,9.291,8.355,0.936,74,67,train,test,train,train,train,train,test,train,train,train
5113,2020_Townsend,CCCN1CC(=O)N(C)[C@@H](CC(C)C)C(=O)N(C)[C@H](CC(C)C)C(=O)N2CCC[C@@H]2C(=O)N[C@@H](CC(C)C)C(=O)N[C@@H](Cc2ccccc2)C(=O)N2CCC[C@@H]2C1=O,hepta_1536,5113,-5.9,7,7,Circle,0.172434,0.0882863,-28.1621,9.674,8.451,1.223,0.117765,0.0394043,9.65,8.378,1.272,6,27,train,train,train,train,test,train,train,train,train,train
5112,2020_Townsend,CCCN1CC(=O)N[C@H](CC(C)C)C(=O)N[C@H](CC(C)C)C(=O)N2CCC[C@@H]2C(=O)N(Cc2ccccc2)CC(=O)N[C@@H](Cc2ccccc2)C(=O)N2CCC[C@@H]2C1=O,hepta_1535,5112,-5.5,7,7,Circle,0.209372,0.0841623,-35.9771,9.488,8.128,1.36,0.148795,0.0610022,8.994,7.838,1.156,24,30,train,train,train,train,train,train,train,train,train,train
5111,2020_Townsend,CCCN1CC(=O)N[C@H](CC(C)C)C(=O)N(Cc2ccccc2)CC(=O)N2CCC[C@@H]2C(=O)N[C@H](CC(C)C)C(=O)N[C@@H](Cc2ccccc2)C(=O)N2CCC[C@@H]2C1=O,hepta_1534,5111,-5.6,7,7,Circle,0.20828,0.0991539,-34.1315,9.527,8.244,1.283,0.106803,0.0454416,8.598,7.306,1.292,98,71,val,val,val,train,train,val,train,train,test,val
5110,2020_Townsend,CCCN1CC(=O)N[C@@H](CC(C)C)C(=O)N(C)[C@H](CC(C)C)C(=O)N2CCC[C@@H]2C(=O)N(C)[C@H](CC(C)C)C(=O)N[C@@H](Cc2ccccc2)C(=O)N2CCC[C@@H]2C1=O,hepta_1533,5110,-5.5,7,7,Circle,0.188884,0.0846221,-36.0163,9.475,8.284,1.191,0.139898,0.0407166,9.083,7.852,1.231,61,28,train,train,train,train,val,train,test,train,train,val
5109,2020_Townsend,CCCN1CC(=O)N(C)[C@H](CC(C)C)C(=O)N(C)[C@H](CC(C)C)C(=O)N2CCC[C@@H]2C(=O)N[C@@H](CC(C)C)C(=O)N[C@@H](Cc2ccccc2)C(=O)N2CCC[C@@H]2C1=O,hepta_1532,5109,-5.56,7,7,Circle,0.159893,0.055212,-21.1237,9.44,8.253,1.187,0.147355,0.052228,9.509,8.422,1.087,90,81,train,val,train,test,train,train,val,val,train,train
5108,2020_Townsend,CCCN1CC(=O)N[C@H](CC(C)C)C(=O)N(C)[C@H](CC(C)C)C(=O)N2CCC[C@@H]2C(=O)N(C)[C@@H](CC(C)C)C(=O)N[C@@H](Cc2ccccc2)C(=O)N2CCC[C@@H]2C1=O,hepta_1531,5108,-5.11,7,7,Circle,0.156283,0.0661817,-38.334,9.517,8.273,1.244,0.130696,0.035546,9.358,8.215,1.143,91,33,test,train,train,train,train,train,train,train,test,train
5107,2020_Townsend,CCCN1CC(=O)N(C)[C@@H](CC(C)C)C(=O)N[C@H](CC(C)C)C(=O)N2CCC[C@@H]2C(=O)N(C)[C@H](CC(C)C)C(=O)N[C@@H](Cc2ccccc2)C(=O)N2CCC[C@@H]2C1=O,hepta_1530,5107,-5.32,7,7,Circle,0.125891,0.0412187,-29.7997,9.918,8.771,1.147,0.12075,0.0548681,9.411,8.281,1.13,60,94,train,train,val,train,test,train,train,train,test,train
5106,2020_Townsend,CCCN1CC(=O)N(C)[C@H](CC(C)C)C(=O)N(C)[C@H](CC(C)C)C(=O)N2CCC[C@@H]2C(=O)N[C@H](CC(C)C)C(=O)N[C@@H](Cc2ccccc2)C(=O)N2CCC[C@@H]2C1=O,hepta_1529,5106,-4.89,7,7,Circle,0.15618,0.0437531,-23.4965,9.289,7.997,1.292,0.178909,0.0586576,9.125,7.892,1.233,39,30,val,train,test,train,train,train,train,train,train,train
5104,2020_Townsend,CCCN1CC(=O)N[C@H](CC(C)C)C(=O)N(C)[C@H](CC(C)C)C(=O)N2CCC[C@@H]2C(=O)N(C)[C@H](CC(C)C)C(=O)N[C@@H](Cc2ccccc2)C(=O)N2CCC[C@@H]2C1=O,hepta_1527,5104,-5.26,7,7,Circle,0.120464,0.0532902,-37.8299,9.872,8.656,1.216,0.151508,0.0404094,9.544,8.401,1.143,100,85,train,train,val,train,train,train,train,train,train,train
5101,2020_Townsend,CCCN1CC(=O)N(C)[C@@H](CC(C)C)C(=O)N[C@@H](CC(C)C)C(=O)N2CCC[C@@H]2C(=O)N[C@@H](CC(C)C)C(=O)N[C@@H](Cc2ccccc2)C(=O)N2CCC[C@@H]2C1=O,hepta_1524,5101,-5.81,7,7,Circle,0.164488,0.0642247,-30.8208,9.363,8.275,1.088,0.114975,0.0446896,9.19,8.077,1.113,45,8,train,train,test,val,train,train,train,train,train,train
5100,2020_Townsend,CCCN1CC(=O)N[C@@H](CC(C)C)C(=O)N[C@@H](CC(C)C)C(=O)N2CCC[C@@H]2C(=O)N(C)[C@H](CC(C)C)C(=O)N[C@@H](Cc2ccccc2)C(=O)N2CCC[C@@H]2C1=O,hepta_1523,5100,-5.18,7,7,Circle,0.175892,0.0622795,-35.6582,9.815,8.406,1.409,0.177863,0.0716466,9.016,7.873,1.143,63,97,train,val,train,val,train,test,train,train,train,val
5099,2020_Townsend,CCCN1CC(=O)N[C@@H](CC(C)C)C(=O)N[C@H](CC(C)C)C(=O)N2CCC[C@@H]2C(=O)N(C)[C@@H](CC(C)C)C(=O)N[C@@H](Cc2ccccc2)C(=O)N2CCC[C@@H]2C1=O,hepta_1522,5099,-5.34,7,7,Circle,0.125396,0.0446956,-17.4984,9.018,7.93,1.088,0.109513,0.0390085,8.896,7.794,1.102,54,81,train,train,train,train,train,train,train,test,train,train
5098,2020_Townsend,CCCN1CC(=O)N[C@@H](CC(C)C)C(=O)N(C)[C@H](CC(C)C)C(=O)N2CCC[C@@H]2C(=O)N[C@@H](CC(C)C)C(=O)N[C@@H](Cc2ccccc2)C(=O)N2CCC[C@@H]2C1=O,hepta_1521,5098,-5.73,7,7,Circle,0.15624,0.0592229,-33.6644,9.626,8.267,1.359,0.191777,0.0652646,9.311,8.102,1.209,37,46,train,train,train,train,train,train,train,train,val,test
5096,2020_Townsend,CCCN1CC(=O)N[C@H](CC(C)C)C(=O)N(C)[C@@H](CC(C)C)C(=O)N2CCC[C@@H]2C(=O)N[C@@H](CC(C)C)C(=O)N[C@@H](Cc2ccccc2)C(=O)N2CCC[C@@H]2C1=O,hepta_1519,5096,-5.82,7,7,Circle,0.158625,0.0679409,-28.4541,9.246,8.13,1.116,0.131832,0.0441758,9.583,8.298,1.285,85,68,train,train,val,train,val,val,test,train,train,test
5094,2020_Townsend,CCCN1CC(=O)N(C)[C@@H](CC(C)C)C(=O)N[C@H](CC(C)C)C(=O)N2CCC[C@@H]2C(=O)N[C@@H](CC(C)C)C(=O)N[C@@H](Cc2ccccc2)C(=O)N2CCC[C@@H]2C1=O,hepta_1517,5094,-5.85,7,7,Circle,0.163591,0.0510416,-33.6891,9.937,8.573,1.364,0.225855,0.100914,9.101,7.921,1.18,100,2,train,train,train,train,train,train,train,val,train,test
5093,2020_Townsend,CCCN1CC(=O)N[C@H](CC(C)C)C(=O)N[C@@H](CC(C)C)C(=O)N2CCC[C@@H]2C(=O)N(C)[C@H](CC(C)C)C(=O)N[C@@H](Cc2ccccc2)C(=O)N2CCC[C@@H]2C1=O,hepta_1516,5093,-5.17,7,7,Circle,0.122916,0.0595313,-27.8001,9.247,8.024,1.223,0.10084,0.0330904,9.026,7.964,1.062,4,56,train,train,test,train,train,train,train,train,train,train
5092,2020_Townsend,CCCN1CC(=O)N[C@@H](CC(C)C)C(=O)N(C)[C@H](CC(C)C)C(=O)N2CCC[C@@H]2C(=O)N[C@H](CC(C)C)C(=O)N[C@@H](Cc2ccccc2)C(=O)N2CCC[C@@H]2C1=O,hepta_1515,5092,-5.33,7,7,Circle,0.191722,0.0837336,-36.7026,9.577,8.368,1.209,0.132357,0.0562895,9.358,8.151,1.207,44,37,train,train,train,train,train,train,train,test,train,train
5091,2020_Townsend,CCCN1CC(=O)N[C@H](CC(C)C)C(=O)N(C)[C@@H](CC(C)C)C(=O)N2CCC[C@@H]2C(=O)N[C@H](CC(C)C)C(=O)N[C@@H](Cc2ccccc2)C(=O)N2CCC[C@@H]2C1=O,hepta_1514,5091,-5.65,7,7,Circle,0.170321,0.0605789,-40.8582,9.557,8.373,1.184,0.148379,0.0448841,9.549,8.095,1.454,63,49,train,train,train,train,train,test,train,train,val,train
5089,2020_Townsend,CCCN1CC(=O)N(C)[C@H](CC(C)C)C(=O)N[C@H](CC(C)C)C(=O)N2CCC[C@@H]2C(=O)N[C@H](CC(C)C)C(=O)N[C@@H](Cc2ccccc2)C(=O)N2CCC[C@@H]2C1=O,hepta_1512,5089,-5.65,7,7,Circle,0.184741,0.0731082,-28.9242,9.378,8.118,1.26,0.0973541,0.038295,9.09,8.04,1.05,81,47,train,train,train,val,train,train,train,test,train,test
5088,2020_Townsend,CCCN1CC(=O)N[C@H](CC(C)C)C(=O)N[C@H](CC(C)C)C(=O)N2CCC[C@@H]2C(=O)N(C)[C@H](CC(C)C)C(=O)N[C@@H](Cc2ccccc2)C(=O)N2CCC[C@@H]2C1=O,hepta_1511,5088,-5.56,7,7,Circle,0.15707,0.0638308,-30.2282,9.178,7.856,1.322,0.138995,0.0634507,9.251,7.926,1.325,54,63,train,train,train,train,train,train,train,val,train,train
5087,2020_Townsend,CCCN1CC(=O)N[C@H](CC(C)C)C(=O)N(C)[C@H](CC(C)C)C(=O)N2CCC[C@@H]2C(=O)N[C@H](CC(C)C)C(=O)N[C@@H](Cc2ccccc2)C(=O)N2CCC[C@@H]2C1=O,hepta_1510,5087,-5.34,7,7,Circle,0.184715,0.0702349,-31.2659,9.417,8.152,1.265,0.121868,0.0395407,8.964,7.693,1.271,10,14,train,train,train,train,train,train,val,train,train,train
5086,2020_Townsend,CCCN1CC(=O)N[C@@H](CC(C)C)C(=O)N[C@@H](CC(C)C)C(=O)N2CCC[C@@H]2C(=O)N[C@@H](CC(C)C)C(=O)N[C@@H](Cc2ccccc2)C(=O)N2CCC[C@@H]2C1=O,hepta_1509,5086,-5.74,7,7,Circle,0.125988,0.0497729,-25.9658,9.141,7.887,1.254,0.153044,0.0491648,8.76,7.706,1.054,19,45,train,test,train,train,train,train,train,train,train,test
5085,2020_Townsend,CCCN1CC(=O)N[C@@H](CC(C)C)C(=O)N[C@H](CC(C)C)C(=O)N2CCC[C@@H]2C(=O)N[C@@H](CC(C)C)C(=O)N[C@@H](Cc2ccccc2)C(=O)N2CCC[C@@H]2C1=O,hepta_1508,5085,-5.83,7,7,Circle,0.195391,0.0823018,-25.26,9.141,7.952,1.189,0.128635,0.0395879,9.037,7.934,1.103,55,77,test,train,train,train,train,train,train,val,train,train
5084,2020_Townsend,CCCN1CC(=O)N[C@H](CC(C)C)C(=O)N[C@@H](CC(C)C)C(=O)N2CCC[C@@H]2C(=O)N[C@@H](CC(C)C)C(=O)N[C@@H](Cc2ccccc2)C(=O)N2CCC[C@@H]2C1=O,hepta_1507,5084,-6.11,7,7,Circle,0.116266,0.0364518,-28.856,9.065,7.96,1.105,0.11442,0.0346271,9.061,7.995,1.066,35,40,train,val,train,train,train,train,train,train,train,train
5082,2020_Townsend,CCCN1CC(=O)N[C@H](CC(C)C)C(=O)N[C@@H](CC(C)C)C(=O)N2CCC[C@@H]2C(=O)N[C@H](CC(C)C)C(=O)N[C@@H](Cc2ccccc2)C(=O)N2CCC[C@@H]2C1=O,hepta_1505,5082,-5.64,7,7,Circle,0.138698,0.0474203,-16.9351,8.562,7.454,1.108,0.139349,0.0407342,8.53,7.369,1.161,93,75,train,train,train,train,train,train,train,train,train,train
5081,2020_Townsend,CCCN1CC(=O)N[C@H](CC(C)C)C(=O)N[C@H](CC(C)C)C(=O)N2CCC[C@@H]2C(=O)N[C@@H](CC(C)C)C(=O)N[C@@H](Cc2ccccc2)C(=O)N2CCC[C@@H]2C1=O,hepta_1504,5081,-6.13,7,7,Circle,0.175786,0.0643968,-38.6037,9.638,8.178,1.46,0.18131,0.0660893,8.967,7.766,1.201,35,87,train,train,train,train,train,train,train,train,train,train
4895,2020_Townsend,CC(C)C[C@H]1C(=O)N2CCC[C@@H]2C(=O)N(Cc2ccccc2)CC(=O)N[C@@H](Cc2ccccc2)C(=O)N2CCC[C@H]2C(=O)N(C)[C@H](C)C(=O)N(Cc2ccccc2)CC(=O)N1C,hepta_1318,4895,-5.83,7,7,Circle,0.188132,0.0645458,-29.1185,9.281,8.173,1.108,0.156608,0.0403937,9.026,7.876,1.15,3,18,train,train,val,train,train,val,train,train,train,train
4894,2020_Townsend,CC(C)C[C@H]1C(=O)N(Cc2ccccc2)CC(=O)N2CCC[C@@H]2C(=O)N(Cc2ccccc2)CC(=O)N[C@@H](Cc2ccccc2)C(=O)N2CCC[C@H]2C(=O)N(C)[C@H](C)C(=O)N1C,hepta_1317,4894,-5.5,7,7,Circle,0.168448,0.0540578,-31.5792,9.118,8.013,1.105,0.178397,0.0495406,8.892,7.845,1.047,99,31,train,train,train,train,test,val,val,train,train,train
4890,2020_Townsend,CC(C)C[C@@H]1C(=O)N(Cc2ccccc2)CC(=O)N2CCC[C@@H]2C(=O)N(Cc2ccccc2)CC(=O)N[C@@H](Cc2ccccc2)C(=O)N2CCC[C@H]2C(=O)N(C)[C@H](C)C(=O)N1C,hepta_1313,4890,-6.26,7,7,Circle,0.164146,0.0481327,-31.1905,9.088,8.041,1.047,0.167278,0.0428969,9.003,7.988,1.015,56,18,train,train,train,train,train,train,train,train,train,train
4887,2020_Townsend,CC(C)C[C@@H]1NC(=O)[C@@H](C)N(C)C(=O)[C@@H]2CCCN2C(=O)[C@H](Cc2ccccc2)NC(=O)CN(Cc2ccccc2)C(=O)[C@H]2CCCN2C(=O)CN(Cc2ccccc2)C1=O,hepta_1310,4887,-5.91,7,7,Circle,0.18966,0.0513311,-33.2125,8.905,7.774,1.131,0.199402,0.0599004,8.937,7.896,1.041,77,79,train,train,train,train,train,val,train,train,train,test
4886,2020_Townsend,CC(C)C[C@@H]1NC(=O)[C@H]2CCCN2C(=O)CN(Cc2ccccc2)C(=O)CN(Cc2ccccc2)C(=O)[C@@H](C)N(C)C(=O)[C@@H]2CCCN2C(=O)[C@H](Cc2ccccc2)NC1=O,hepta_1309,4886,-7.46,7,7,Circle,0.16112,0.048962,-42.8773,8.973,7.768,1.205,0.164688,0.0352269,9.343,8.081,1.262,81,43,train,train,val,train,train,test,train,train,train,train
4885,2020_Townsend,CC(C)C[C@H]1C(=O)N(Cc2ccccc2)CC(=O)N2CCC[C@@H]2C(=O)N(C)[C@@H](CC(C)C)C(=O)N[C@@H](Cc2ccccc2)C(=O)N2CCC[C@H]2C(=O)N(C)[C@H](C)C(=O)N1C,hepta_1308,4885,-5.27,7,7,Circle,0.150841,0.0444312,-28.7717,9.022,7.957,1.065,0.124278,0.0462472,8.809,7.808,1.001,24,40,train,val,train,train,train,train,train,train,train,train
4883,2020_Townsend,CC(C)C[C@H]1NC(=O)CN(Cc2ccccc2)C(=O)[C@@H](C)N(C)C(=O)[C@@H]2CCCN2C(=O)[C@H](Cc2ccccc2)NC(=O)CN(Cc2ccccc2)C(=O)[C@H]2CCCN2C1=O,hepta_1306,4883,-5.57,7,7,Circle,0.186083,0.0557258,-41.5027,9.285,8.004,1.281,0.163225,0.0514491,9.177,7.975,1.202,52,52,train,train,train,train,train,train,train,train,test,test
4882,2020_Townsend,CC(C)C[C@H]1C(=O)N2CCC[C@@H]2C(=O)N(C)[C@H](CC(C)C)C(=O)N[C@@H](Cc2ccccc2)C(=O)N2CCC[C@H]2C(=O)N(C)[C@H](C)C(=O)N(Cc2ccccc2)CC(=O)N1C,hepta_1305,4882,-5.43,7,7,Circle,0.153734,0.0485457,-27.6004,9.355,8.332,1.023,0.132346,0.0409603,9.406,8.237,1.169,39,30,train,train,train,test,train,train,train,train,val,train
4881,2020_Townsend,CC(C)C[C@H]1C(=O)N[C@@H](Cc2ccccc2)C(=O)N2CCC[C@H]2C(=O)N(C)[C@H](C)C(=O)N(C)[C@H](CC(C)C)C(=O)N(Cc2ccccc2)CC(=O)N2CCC[C@@H]2C(=O)N1C,hepta_1304,4881,-5.25,7,7,Circle,0.105418,0.0364337,-28.7662,8.981,7.82,1.161,0.148556,0.0549394,9.152,8.118,1.034,53,33,train,train,test,test,test,train,test,train,train,val
4880,2020_Townsend,CC(C)C[C@H]1C(=O)N(Cc2ccccc2)CC(=O)N2CCC[C@@H]2C(=O)N(C)[C@H](CC(C)C)C(=O)N[C@@H](Cc2ccccc2)C(=O)N2CCC[C@H]2C(=O)N(C)[C@H](C)C(=O)N1C,hepta_1303,4880,-5.22,7,7,Circle,0.16122,0.0529814,-26.9543,8.983,7.84,1.143,0.149176,0.052634,8.913,7.81,1.103,47,84,val,train,val,val,val,train,train,train,train,train
4878,2020_Townsend,CC(C)C[C@@H]1C(=O)N(C)[C@H](CC(C)C)C(=O)N2CCC[C@@H]2C(=O)N(Cc2ccccc2)CC(=O)N[C@@H](Cc2ccccc2)C(=O)N2CCC[C@H]2C(=O)N(C)[C@H](C)C(=O)N1C,hepta_1301,4878,-5.61,7,7,Circle,0.136223,0.0379659,-24.5627,9.103,8.057,1.046,0.147608,0.0417754,8.926,7.94,0.986,17,99,train,train,train,val,train,train,train,train,train,test
4876,2020_Townsend,CC(C)C[C@@H]1C(=O)N2CCC[C@@H]2C(=O)N(C)[C@H](CC(C)C)C(=O)N[C@@H](Cc2ccccc2)C(=O)N2CCC[C@H]2C(=O)N(C)[C@H](C)C(=O)N(Cc2ccccc2)CC(=O)N1C,hepta_1299,4876,-5.56,7,7,Circle,0.172761,0.0679203,-22.9079,9.162,8.097,1.065,0.144129,0.0354804,8.927,7.975,0.952,96,39,train,train,train,train,train,train,train,train,train,train
4874,2020_Townsend,CC(C)C[C@@H]1NC(=O)CN(Cc2ccccc2)C(=O)[C@@H](C)N(C)C(=O)[C@@H]2CCCN2C(=O)[C@H](Cc2ccccc2)NC(=O)[C@H](CC(C)C)N(C)C(=O)[C@H]2CCCN2C1=O,hepta_1297,4874,-5.35,7,7,Circle,0.135597,0.035532,-37.214,9.444,8.299,1.145,0.171585,0.0636048,8.835,7.786,1.049,18,25,train,val,train,train,train,train,train,test,train,train
4873,2020_Townsend,CC(C)C[C@@H]1NC(=O)[C@H](CC(C)C)N(C)C(=O)[C@@H](C)N(C)C(=O)[C@@H]2CCCN2C(=O)[C@H](Cc2ccccc2)NC(=O)CN(Cc2ccccc2)C(=O)[C@H]2CCCN2C1=O,hepta_1296,4873,-5.4,7,7,Circle,0.169903,0.0714289,-37.9169,9.107,7.8,1.307,0.139918,0.0436062,8.717,7.778,0.939,52,61,train,train,val,train,train,train,train,val,train,test
4872,2020_Townsend,CC(C)C[C@@H]1NC(=O)[C@@H](C)N(C)C(=O)[C@@H]2CCCN2C(=O)[C@H](Cc2ccccc2)NC(=O)[C@H](CC(C)C)N(C)C(=O)[C@H]2CCCN2C(=O)CN(Cc2ccccc2)C1=O,hepta_1295,4872,-5.7,7,7,Circle,0.126619,0.0372922,-30.7145,9.096,7.987,1.109,0.123294,0.0422284,8.66,7.719,0.941,94,34,train,train,train,train,train,val,train,test,val,train
4871,2020_Townsend,CC(C)C[C@@H]1NC(=O)[C@@H](C)N(C)C(=O)[C@@H]2CCCN2C(=O)[C@H](Cc2ccccc2)NC(=O)CN(Cc2ccccc2)C(=O)[C@H]2CCCN2C(=O)[C@H](CC(C)C)N(C)C1=O,hepta_1294,4871,-5.73,7,7,Circle,0.208955,0.0909255,-34.9861,9.616,8.432,1.184,0.15561,0.0504849,9.095,8.018,1.077,34,71,train,train,train,train,train,train,train,train,train,train
4870,2020_Townsend,CC(C)C[C@@H]1NC(=O)[C@H]2CCCN2C(=O)CN(Cc2ccccc2)C(=O)[C@H](CC(C)C)N(C)C(=O)[C@@H](C)N(C)C(=O)[C@@H]2CCCN2C(=O)[C@H](Cc2ccccc2)NC1=O,hepta_1293,4870,-6.53,7,7,Circle,0.160989,0.0514788,-41.9894,9.226,7.981,1.245,0.151805,0.0603012,9.029,7.808,1.221,50,85,test,train,train,test,val,train,val,train,train,train
4869,2020_Townsend,CC(C)C[C@H]1C(=O)N[C@@H](Cc2ccccc2)C(=O)N2CCC[C@H]2C(=O)N(C)[C@H](C)C(=O)N(Cc2ccccc2)CC(=O)N[C@H](CC(C)C)C(=O)N2CCC[C@@H]2C(=O)N1C,hepta_1292,4869,-5.32,7,7,Circle,0.130972,0.0494791,-31.5453,9.104,7.913,1.191,0.16614,0.056246,9.097,7.992,1.105,28,74,train,train,train,train,train,train,train,train,train,train
4868,2020_Townsend,CC(C)C[C@H]1C(=O)N2CCC[C@@H]2C(=O)N(Cc2ccccc2)CC(=O)N[C@@H](Cc2ccccc2)C(=O)N2CCC[C@H]2C(=O)N(C)[C@H](C)C(=O)N[C@H](CC(C)C)C(=O)N1C,hepta_1291,4868,-5.4,7,7,Circle,0.203897,0.0836851,-33.1693,8.921,7.679,1.242,0.120401,0.041302,8.722,7.588,1.134,23,93,train,train,train,train,test,train,train,train,train,train
4867,2020_Townsend,CC(C)C[C@H]1C(=O)N2CCC[C@@H]2C(=O)N[C@H](CC(C)C)C(=O)N[C@@H](Cc2ccccc2)C(=O)N2CCC[C@H]2C(=O)N(C)[C@H](C)C(=O)N(Cc2ccccc2)CC(=O)N1C,hepta_1290,4867,-5.42,7,7,Circle,0.151311,0.0373028,-36.273,9.463,8.213,1.25,0.11529,0.0397135,8.942,7.836,1.106,56,69,train,train,train,test,val,train,train,train,train,train
4866,2020_Townsend,CC(C)C[C@@H]1NC(=O)[C@@H](C)N(C)C(=O)[C@@H]2CCCN2C(=O)[C@H](Cc2ccccc2)NC(=O)[C@@H](CC(C)C)N(C)C(=O)[C@H]2CCCN2C(=O)CN(Cc2ccccc2)C1=O,hepta_1289,4866,-5.76,7,7,Circle,0.178904,0.0601638,-35.115,9.281,8.105,1.176,0.137419,0.0412465,9.326,8.291,1.035,45,75,train,train,train,test,val,test,train,val,train,train
4865,2020_Townsend,CC(C)C[C@H]1C(=O)N[C@@H](Cc2ccccc2)C(=O)N2CCC[C@H]2C(=O)N(C)[C@H](C)C(=O)N[C@H](CC(C)C)C(=O)N(Cc2ccccc2)CC(=O)N2CCC[C@@H]2C(=O)N1C,hepta_1288,4865,-6.04,7,7,Circle,0.139593,0.0648158,-28.1913,8.953,7.74,1.213,0.143465,0.068339,9.084,7.863,1.221,78,39,test,train,train,val,train,test,train,train,train,train
4864,2020_Townsend,CC(C)C[C@@H]1NC(=O)[C@@H](C)N(C)C(=O)[C@@H]2CCCN2C(=O)[C@H](Cc2ccccc2)NC(=O)CN(Cc2ccccc2)C(=O)[C@H]2CCCN2C(=O)[C@@H](CC(C)C)N(C)C1=O,hepta_1287,4864,-6.05,7,7,Circle,0.135954,0.041716,-38.2978,9.138,7.975,1.163,0.15426,0.0517693,9.123,7.904,1.219,49,55,train,train,train,test,train,test,train,train,train,train
4863,2020_Townsend,CC(C)C[C@@H]1NC(=O)[C@H]2CCCN2C(=O)CN(Cc2ccccc2)C(=O)[C@@H](CC(C)C)N(C)C(=O)[C@@H](C)N(C)C(=O)[C@@H]2CCCN2C(=O)[C@H](Cc2ccccc2)NC1=O,hepta_1286,4863,-6.86,7,7,Circle,0.14022,0.0528382,-34.8793,8.923,7.667,1.256,0.104655,0.0289814,8.791,7.93,0.861,33,62,train,val,train,train,train,train,train,train,train,train
4862,2020_Townsend,CC(C)C[C@H]1C(=O)N2CCC[C@@H]2C(=O)N(C)[C@H](CC(C)C)C(=O)N[C@@H](Cc2ccccc2)C(=O)N2CCC[C@H]2C(=O)N(C)[C@H](C)C(=O)N(C)[C@@H](CC(C)C)C(=O)N1C,hepta_1285,4862,-5.63,7,7,Circle,0.145557,0.0432305,-25.1674,9.343,8.253,1.09,0.120984,0.0427298,9.298,8.213,1.085,88,76,train,train,train,test,train,train,train,train,train,train
4861,2020_Townsend,CC(C)C[C@H]1C(=O)N(C)[C@H](CC(C)C)C(=O)N2CCC[C@@H]2C(=O)N(C)[C@@H](CC(C)C)C(=O)N[C@@H](Cc2ccccc2)C(=O)N2CCC[C@H]2C(=O)N(C)[C@H](C)C(=O)N1C,hepta_1284,4861,-5.16,7,7,Circle,0.117866,0.0345422,-30.9247,9.319,8.237,1.082,0.108215,0.034281,9.349,8.224,1.125,54,18,train,train,train,train,train,train,train,train,train,train
4860,2020_Townsend,CC(C)C[C@H]1NC(=O)[C@H]2CCCN2C(=O)CN(Cc2ccccc2)C(=O)[C@@H](CC(C)C)N(C)C(=O)[C@@H](C)N(C)C(=O)[C@@H]2CCCN2C(=O)[C@H](Cc2ccccc2)NC1=O,hepta_1283,4860,-5.54,7,7,Circle,0.18077,0.0530021,-33.89,9.351,8.249,1.102,0.132832,0.0420831,9.222,8.114,1.108,44,98,train,train,train,train,test,train,train,test,train,train
4859,2020_Townsend,CC(C)C[C@H]1NC(=O)[C@@H](CC(C)C)N(C)C(=O)[C@@H](C)N(C)C(=O)[C@@H]2CCCN2C(=O)[C@H](Cc2ccccc2)NC(=O)CN(Cc2ccccc2)C(=O)[C@H]2CCCN2C1=O,hepta_1282,4859,-5.41,7,7,Circle,0.111393,0.038931,-23.3579,8.734,7.685,1.049,0.136381,0.0376088,8.82,7.76,1.06,16,10,train,train,val,train,train,train,train,train,train,train
4858,2020_Townsend,CC(C)C[C@H]1NC(=O)CN(Cc2ccccc2)C(=O)[C@@H](C)N(C)C(=O)[C@@H]2CCCN2C(=O)[C@H](Cc2ccccc2)NC(=O)[C@@H](CC(C)C)N(C)C(=O)[C@H]2CCCN2C1=O,hepta_1281,4858,-5.24,7,7,Circle,0.161332,0.0470405,-36.9132,9.408,8.207,1.201,0.163889,0.0697232,8.914,7.878,1.036,54,75,train,val,train,train,train,test,val,train,train,train
4857,2020_Townsend,CC(C)C[C@H]1NC(=O)[C@@H](C)N(C)C(=O)[C@@H]2CCCN2C(=O)[C@H](Cc2ccccc2)NC(=O)[C@@H](CC(C)C)N(C)C(=O)[C@H]2CCCN2C(=O)CN(Cc2ccccc2)C1=O,hepta_1280,4857,-5.94,7,7,Circle,0.13065,0.0592895,-32.1178,9.104,7.825,1.279,0.117468,0.0566167,8.997,7.686,1.311,10,7,train,train,train,train,train,train,train,train,train,train
4856,2020_Townsend,CC(C)C[C@H]1C(=O)N[C@@H](Cc2ccccc2)C(=O)N2CCC[C@H]2C(=O)N(C)[C@H](C)C(=O)N(C)[C@H](CC(C)C)C(=O)N(C)[C@H](CC(C)C)C(=O)N2CCC[C@@H]2C(=O)N1C,hepta_1279,4856,-5.12,7,7,Circle,0.113577,0.0350162,-21.7569,8.871,7.873,0.998,0.152352,0.0595998,8.935,8.047,0.888,33,73,train,test,val,train,val,train,train,train,train,val
4854,2020_Townsend,CC(C)C[C@@H]1C(=O)N(C)[C@H](CC(C)C)C(=O)N2CCC[C@@H]2C(=O)N(C)[C@H](CC(C)C)C(=O)N[C@@H](Cc2ccccc2)C(=O)N2CCC[C@H]2C(=O)N(C)[C@H](C)C(=O)N1C,hepta_1277,4854,-5.14,7,7,Circle,0.227663,0.0957572,-26.2101,9.271,8.068,1.203,0.128135,0.034751,8.989,7.974,1.015,31,65,train,val,train,train,train,train,train,train,train,train
4853,2020_Townsend,CC(C)C[C@@H]1NC(=O)[C@H]2CCCN2C(=O)CN(Cc2ccccc2)C(=O)[C@H](CC(C)C)NC(=O)[C@@H](C)N(C)C(=O)[C@@H]2CCCN2C(=O)[C@H](Cc2ccccc2)NC1=O,hepta_1276,4853,-5.73,7,7,Circle,0.170221,0.0462411,-43.8671,9.393,8.106,1.287,0.250341,0.0945967,9.039,7.851,1.188,3,21,train,train,train,test,test,train,train,train,train,test
4852,2020_Townsend,CC(C)C[C@@H]1NC(=O)[C@@H](C)N(C)C(=O)[C@@H]2CCCN2C(=O)[C@H](Cc2ccccc2)NC(=O)CN(Cc2ccccc2)C(=O)[C@H]2CCCN2C(=O)[C@H](CC(C)C)NC1=O,hepta_1275,4852,-5.95,7,7,Circle,0.12333,0.0454095,-30.9371,8.623,7.38,1.243,0.138967,0.0385833,8.699,7.684,1.015,79,69,train,train,test,train,test,train,train,val,train,train
4851,2020_Townsend,CC(C)C[C@@H]1NC(=O)[C@H](CC(C)C)N(C)C(=O)[C@@H](C)N(C)C(=O)[C@@H]2CCCN2C(=O)[C@H](Cc2ccccc2)NC(=O)[C@H](CC(C)C)N(C)C(=O)[C@H]2CCCN2C1=O,hepta_1274,4851,-5.04,7,7,Circle,0.127427,0.0328903,-32.3119,9.196,8.065,1.131,0.171413,0.0727675,8.989,7.953,1.036,10,29,train,train,train,train,train,train,train,train,train,train
4850,2020_Townsend,CC(C)C[C@@H]1NC(=O)[C@@H](C)N(C)C(=O)[C@@H]2CCCN2C(=O)[C@H](Cc2ccccc2)NC(=O)[C@H](CC(C)C)N(C)C(=O)[C@H]2CCCN2C(=O)[C@H](CC(C)C)N(C)C1=O,hepta_1273,4850,-5.13,7,7,Circle,0.215238,0.0878439,-28.9401,9.326,8.179,1.147,0.184009,0.076328,9.246,8.164,1.082,3,18,train,train,test,train,test,train,train,train,train,train
4849,2020_Townsend,CC(C)C[C@@H]1NC(=O)[C@H]2CCCN2C(=O)[C@H](CC(C)C)N(C)C(=O)[C@H](CC(C)C)N(C)C(=O)[C@@H](C)N(C)C(=O)[C@@H]2CCCN2C(=O)[C@H](Cc2ccccc2)NC1=O,hepta_1272,4849,-6.21,7,7,Circle,0.129436,0.0568298,-24.084,8.829,7.806,1.023,0.144596,0.0467915,8.744,7.837,0.907,54,60,train,train,train,test,train,test,train,train,train,train
4848,2020_Townsend,CC(C)C[C@@H]1NC(=O)[C@@H](CC(C)C)NC(=O)[C@@H](C)N(C)C(=O)[C@@H]2CCCN2C(=O)[C@H](Cc2ccccc2)NC(=O)CN(Cc2ccccc2)C(=O)[C@H]2CCCN2C1=O,hepta_1271,4848,-5.66,7,7,Circle,0.242408,0.112584,-24.788,8.87,7.71,1.16,0.177178,0.0778543,8.624,7.638,0.986,100,76,train,train,train,val,test,train,train,train,train,train
4847,2020_Townsend,CC(C)C[C@@H]1NC(=O)[C@H]2CCCN2C(=O)CN(Cc2ccccc2)C(=O)[C@@H](CC(C)C)NC(=O)[C@@H](C)N(C)C(=O)[C@@H]2CCCN2C(=O)[C@H](Cc2ccccc2)NC1=O,hepta_1270,4847,-5.99,7,7,Circle,0.144198,0.0582213,-31.5718,9.074,7.771,1.303,0.150971,0.0710532,8.808,7.634,1.174,56,36,test,test,train,train,train,test,val,val,train,train
4846,2020_Townsend,CC(C)C[C@@H]1NC(=O)[C@@H](C)N(C)C(=O)[C@@H]2CCCN2C(=O)[C@H](Cc2ccccc2)NC(=O)CN(Cc2ccccc2)C(=O)[C@H]2CCCN2C(=O)[C@@H](CC(C)C)NC1=O,hepta_1269,4846,-6.17,7,7,Circle,0.13241,0.0414948,-30.6599,8.784,7.55,1.234,0.156822,0.0470737,8.974,7.679,1.295,66,3,val,train,train,train,train,val,train,train,train,train
4845,2020_Townsend,CC(C)C[C@H]1C(=O)N[C@H](CC(C)C)C(=O)N2CCC[C@@H]2C(=O)N(C)[C@@H](CC(C)C)C(=O)N[C@@H](Cc2ccccc2)C(=O)N2CCC[C@H]2C(=O)N(C)[C@H](C)C(=O)N1C,hepta_1268,4845,-5.05,7,7,Circle,0.119858,0.0346618,-25.3749,9.325,8.106,1.219,0.115672,0.0422382,9.193,8.151,1.042,60,12,val,train,train,val,train,train,train,train,val,test
4844,2020_Townsend,CC(C)C[C@H]1C(=O)N2CCC[C@@H]2C(=O)N(C)[C@@H](CC(C)C)C(=O)N[C@@H](Cc2ccccc2)C(=O)N2CCC[C@H]2C(=O)N(C)[C@H](C)C(=O)N[C@H](CC(C)C)C(=O)N1C,hepta_1267,4844,-5.14,7,7,Circle,0.111618,0.048519,-41.8748,9.153,7.88,1.273,0.140045,0.037215,9.202,8.214,0.988,91,43,train,test,train,train,train,train,train,train,val,train
4842,2020_Townsend,CC(C)C[C@@H]1NC(=O)[C@H]2CCCN2C(=O)[C@@H](CC(C)C)N(C)C(=O)[C@H](CC(C)C)N(C)C(=O)[C@@H](C)N(C)C(=O)[C@@H]2CCCN2C(=O)[C@H](Cc2ccccc2)NC1=O,hepta_1265,4842,-6.67,7,7,Circle,0.220429,0.0866307,-25.308,9.447,8.255,1.192,0.12384,0.0453491,8.962,7.767,1.195,32,18,test,train,train,train,val,train,train,train,train,train
4841,2020_Townsend,CC(C)C[C@H]1NC(=O)[C@@H](C)N(C)C(=O)[C@@H]2CCCN2C(=O)[C@H](Cc2ccccc2)NC(=O)CN(Cc2ccccc2)C(=O)[C@H]2CCCN2C(=O)[C@@H](CC(C)C)NC1=O,hepta_1264,4841,-5.65,7,7,Circle,0.143334,0.0720031,-25.8969,8.747,7.474,1.273,0.137485,0.0449813,8.373,7.166,1.207,90,49,train,train,train,train,train,train,train,train,train,train
4840,2020_Townsend,CC(C)C[C@H]1C(=O)N[C@@H](Cc2ccccc2)C(=O)N2CCC[C@H]2C(=O)N(C)[C@H](C)C(=O)N(C)[C@H](CC(C)C)C(=O)N[C@H](CC(C)C)C(=O)N2CCC[C@@H]2C(=O)N1C,hepta_1263,4840,-5.11,7,7,Circle,0.106677,0.0363003,-22.9609,8.806,7.744,1.062,0.128806,0.0449006,9.076,8.045,1.031,23,6,train,train,val,train,train,train,train,train,train,train
4839,2020_Townsend,CC(C)C[C@H]1C(=O)N2CCC[C@@H]2C(=O)N(C)[C@H](CC(C)C)C(=O)N[C@@H](Cc2ccccc2)C(=O)N2CCC[C@H]2C(=O)N(C)[C@H](C)C(=O)N[C@H](CC(C)C)C(=O)N1C,hepta_1262,4839,-5.18,7,7,Circle,0.126038,0.0520791,-33.2468,9.263,7.907,1.356,0.140724,0.0468741,9.118,8.062,1.056,76,23,train,test,train,train,train,train,test,train,train,train
4838,2020_Townsend,CC(C)C[C@H]1C(=O)N[C@H](CC(C)C)C(=O)N2CCC[C@@H]2C(=O)N(C)[C@H](CC(C)C)C(=O)N[C@@H](Cc2ccccc2)C(=O)N2CCC[C@H]2C(=O)N(C)[C@H](C)C(=O)N1C,hepta_1261,4838,-5.07,7,7,Circle,0.110123,0.0454571,-22.4255,8.968,7.82,1.148,0.124605,0.0456462,9.043,7.955,1.088,24,31,train,train,train,train,test,train,test,train,train,train
4837,2020_Townsend,CC(C)C[C@H]1C(=O)N(C)[C@H](CC(C)C)C(=O)N2CCC[C@@H]2C(=O)N[C@H](CC(C)C)C(=O)N[C@@H](Cc2ccccc2)C(=O)N2CCC[C@H]2C(=O)N(C)[C@H](C)C(=O)N1C,hepta_1260,4837,-5.21,7,7,Circle,0.143925,0.0493602,-23.3878,9.263,8.171,1.092,0.152304,0.0630742,8.89,7.756,1.134,96,42,train,train,train,test,test,train,train,train,train,train
4836,2020_Townsend,CC(C)C[C@@H]1NC(=O)[C@H]2CCCN2C(=O)[C@@H](CC(C)C)N(C)C(=O)[C@@H](CC(C)C)N(C)C(=O)[C@@H](C)N(C)C(=O)[C@@H]2CCCN2C(=O)[C@H](Cc2ccccc2)NC1=O,hepta_1259,4836,-6.01,7,7,Circle,0.102977,0.0413593,-28.9604,9.034,8.055,0.979,0.157905,0.0463333,8.971,7.821,1.15,41,53,train,train,train,train,train,train,train,train,train,train
4834,2020_Townsend,CC(C)C[C@H]1NC(=O)[C@@H](CC(C)C)N(C)C(=O)[C@@H](C)N(C)C(=O)[C@@H]2CCCN2C(=O)[C@H](Cc2ccccc2)NC(=O)[C@@H](CC(C)C)N(C)C(=O)[C@H]2CCCN2C1=O,hepta_1257,4834,-5.03,7,7,Circle,0.0831428,0.0361027,-34.409,9.095,7.801,1.294,0.0967009,0.0361955,9.07,7.971,1.099,76,52,train,train,train,train,train,val,train,train,train,train
4833,2020_Townsend,CC(C)C[C@@H]1NC(=O)[C@@H](C)N(C)C(=O)[C@@H]2CCCN2C(=O)[C@H](Cc2ccccc2)NC(=O)[C@H](CC(C)C)N(C)C(=O)[C@H]2CCCN2C(=O)[C@H](CC(C)C)NC1=O,hepta_1256,4833,-5.73,7,7,Circle,0.113038,0.0317939,-30.6468,9.095,7.928,1.167,0.119188,0.0484444,9.045,7.911,1.134,87,11,train,train,val,train,train,train,train,val,train,train
4832,2020_Townsend,CC(C)C[C@@H]1NC(=O)[C@H]2CCCN2C(=O)[C@H](CC(C)C)N(C)C(=O)[C@H](CC(C)C)NC(=O)[C@@H](C)N(C)C(=O)[C@@H]2CCCN2C(=O)[C@H](Cc2ccccc2)NC1=O,hepta_1255,4832,-5.64,7,7,Circle,0.143352,0.0488377,-33.631,9.006,7.82,1.186,0.121575,0.0338224,8.707,7.716,0.991,77,17,train,test,train,test,train,train,train,train,test,train
4831,2020_Townsend,CC(C)C[C@@H]1NC(=O)[C@@H](CC(C)C)NC(=O)[C@@H](C)N(C)C(=O)[C@@H]2CCCN2C(=O)[C@H](Cc2ccccc2)NC(=O)[C@H](CC(C)C)N(C)C(=O)[C@H]2CCCN2C1=O,hepta_1254,4831,-5.24,7,7,Circle,0.121057,0.0484106,-19.3881,8.982,7.811,1.171,0.137738,0.0437194,8.815,7.683,1.132,80,11,val,train,val,train,train,train,val,test,train,train
4829,2020_Townsend,CC(C)C[C@@H]1NC(=O)[C@@H](C)N(C)C(=O)[C@@H]2CCCN2C(=O)[C@H](Cc2ccccc2)NC(=O)[C@H](CC(C)C)N(C)C(=O)[C@H]2CCCN2C(=O)[C@@H](CC(C)C)NC1=O,hepta_1252,4829,-5.17,7,7,Circle,0.113735,0.0452376,-38.3571,9.17,7.812,1.358,0.168835,0.0641033,8.838,7.669,1.169,58,23,train,train,train,train,train,train,train,train,train,train
4828,2020_Townsend,CC(C)C[C@@H]1NC(=O)[C@@H](C)N(C)C(=O)[C@@H]2CCCN2C(=O)[C@H](Cc2ccccc2)NC(=O)[C@@H](CC(C)C)N(C)C(=O)[C@H]2CCCN2C(=O)[C@H](CC(C)C)NC1=O,hepta_1251,4828,-5.91,7,7,Circle,0.155066,0.0602407,-26.4426,9.141,7.887,1.254,0.168435,0.0628904,8.981,7.827,1.154,35,53,train,train,train,train,train,val,test,test,train,train
4827,2020_Townsend,CC(C)C[C@@H]1NC(=O)[C@@H](C)N(C)C(=O)[C@@H]2CCCN2C(=O)[C@H](Cc2ccccc2)NC(=O)[C@@H](CC(C)C)NC(=O)[C@H]2CCCN2C(=O)[C@H](CC(C)C)N(C)C1=O,hepta_1250,4827,-5.86,7,7,Circle,0.170355,0.0594693,-36.7205,9.419,8.202,1.217,0.148822,0.0552983,8.869,7.774,1.095,23,43,train,train,train,train,train,train,train,train,train,train
4826,2020_Townsend,CC(C)C[C@@H]1NC(=O)[C@H]2CCCN2C(=O)[C@H](CC(C)C)N(C)C(=O)[C@@H](CC(C)C)NC(=O)[C@@H](C)N(C)C(=O)[C@@H]2CCCN2C(=O)[C@H](Cc2ccccc2)NC1=O,hepta_1249,4826,-6.3,7,7,Circle,0.13696,0.0473578,-28.1813,8.956,7.706,1.25,0.12612,0.0397357,8.974,7.814,1.16,97,14,train,train,val,train,train,train,train,train,train,val
4825,2020_Townsend,CC(C)C[C@@H]1NC(=O)[C@@H](CC(C)C)NC(=O)[C@@H](C)N(C)C(=O)[C@@H]2CCCN2C(=O)[C@H](Cc2ccccc2)NC(=O)[C@@H](CC(C)C)N(C)C(=O)[C@H]2CCCN2C1=O,hepta_1248,4825,-5.41,7,7,Circle,0.135138,0.0426065,-27.3959,8.922,7.765,1.157,0.117872,0.0447873,8.968,7.921,1.047,12,88,test,train,train,val,train,train,train,train,train,val
4824,2020_Townsend,CC(C)C[C@@H]1NC(=O)[C@@H](C)N(C)C(=O)[C@@H]2CCCN2C(=O)[C@H](Cc2ccccc2)NC(=O)[C@@H](CC(C)C)N(C)C(=O)[C@H]2CCCN2C(=O)[C@@H](CC(C)C)NC1=O,hepta_1247,4824,-5.35,7,7,Circle,0.137144,0.0489692,-23.4774,8.799,7.571,1.228,0.125664,0.039754,8.592,7.38,1.212,24,23,train,train,train,train,train,train,train,train,train,train
4823,2020_Townsend,CC(C)C[C@@H]1NC(=O)[C@@H](C)N(C)C(=O)[C@@H]2CCCN2C(=O)[C@H](Cc2ccccc2)NC(=O)[C@@H](CC(C)C)NC(=O)[C@H]2CCCN2C(=O)[C@@H](CC(C)C)N(C)C1=O,hepta_1246,4823,-5.49,7,7,Circle,0.11229,0.0397084,-29.4383,9.282,8.2,1.082,0.143614,0.0458478,9.088,8.141,0.947,96,94,train,test,train,train,train,val,val,train,train,train
4822,2020_Townsend,CC(C)C[C@H]1C(=O)N2CCC[C@@H]2C(=O)N[C@H](CC(C)C)C(=O)N[C@@H](Cc2ccccc2)C(=O)N2CCC[C@H]2C(=O)N(C)[C@H](C)C(=O)N[C@H](CC(C)C)C(=O)N1C,hepta_1245,4822,-5.68,7,7,Circle,0.148325,0.0521396,-38.323,9.203,7.874,1.329,0.133335,0.0386256,8.594,7.537,1.057,13,27,train,train,train,train,train,train,train,train,train,train
4821,2020_Townsend,CC(C)C[C@@H]1NC(=O)[C@H]2CCCN2C(=O)[C@@H](CC(C)C)N(C)C(=O)[C@@H](CC(C)C)NC(=O)[C@@H](C)N(C)C(=O)[C@@H]2CCCN2C(=O)[C@H](Cc2ccccc2)NC1=O,hepta_1244,4821,-6.23,7,7,Circle,0.134586,0.0579411,-39.3423,9.347,8.08,1.267,0.127119,0.0449954,8.796,7.627,1.169,15,21,train,train,train,train,train,train,val,train,train,train
4820,2020_Townsend,CC(C)C[C@H]1NC(=O)[C@@H](C)N(C)C(=O)[C@@H]2CCCN2C(=O)[C@H](Cc2ccccc2)NC(=O)[C@@H](CC(C)C)N(C)C(=O)[C@H]2CCCN2C(=O)[C@@H](CC(C)C)NC1=O,hepta_1243,4820,-5.42,7,7,Circle,0.103026,0.0467987,-25.9284,8.774,7.505,1.269,0.108734,0.0400865,8.818,7.624,1.194,90,62,train,val,test,val,train,train,train,train,train,train
4819,2020_Townsend,CC(C)C[C@H]1NC(=O)[C@H]2CCCN2C(=O)[C@@H](CC(C)C)N(C)C(=O)[C@@H](CC(C)C)NC(=O)[C@@H](C)N(C)C(=O)[C@@H]2CCCN2C(=O)[C@H](Cc2ccccc2)NC1=O,hepta_1242,4819,-5.31,7,7,Circle,0.140992,0.0503023,-29.4236,9.048,7.91,1.138,0.141035,0.0418315,9.071,7.987,1.084,51,3,train,train,val,train,train,train,val,train,train,train
4818,2020_Townsend,CC(C)C[C@H]1NC(=O)[C@H]2CCCN2C(=O)[C@@H](CC(C)C)NC(=O)[C@@H](CC(C)C)N(C)C(=O)[C@@H](C)N(C)C(=O)[C@@H]2CCCN2C(=O)[C@H](Cc2ccccc2)NC1=O,hepta_1241,4818,-5.9,7,7,Circle,0.151293,0.0483741,-22.4554,8.857,7.698,1.159,0.123292,0.0431906,8.867,7.725,1.142,53,83,train,train,train,train,train,train,train,val,train,train
4817,2020_Townsend,CC(C)C[C@@H]1NC(=O)[C@@H](C)N(C)C(=O)[C@@H]2CCCN2C(=O)[C@H](Cc2ccccc2)NC(=O)[C@H](CC(C)C)NC(=O)[C@H]2CCCN2C(=O)[C@H](CC(C)C)NC1=O,hepta_1240,4817,-6.31,7,7,Circle,0.138722,0.0405344,-41.9925,9.243,7.806,1.437,0.133765,0.0426455,8.68,7.42,1.26,52,42,train,test,train,train,train,train,val,train,train,test
4816,2020_Townsend,CC(C)C[C@@H]1NC(=O)[C@@H](C)N(C)C(=O)[C@@H]2CCCN2C(=O)[C@H](Cc2ccccc2)NC(=O)[C@@H](CC(C)C)NC(=O)[C@H]2CCCN2C(=O)[C@H](CC(C)C)NC1=O,hepta_1239,4816,-5.88,7,7,Circle,0.14306,0.0401454,-37.4695,9.234,7.967,1.267,0.161801,0.0603249,8.744,7.63,1.114,9,42,train,train,train,train,val,test,train,train,train,train
4815,2020_Townsend,CC(C)C[C@@H]1NC(=O)[C@@H](CC(C)C)NC(=O)[C@@H](C)N(C)C(=O)[C@@H]2CCCN2C(=O)[C@H](Cc2ccccc2)NC(=O)[C@@H](CC(C)C)NC(=O)[C@H]2CCCN2C1=O,hepta_1238,4815,-5.71,7,7,Circle,0.174816,0.0663853,-39.6593,9.286,7.901,1.385,0.17038,0.0644003,8.883,7.691,1.192,62,57,train,train,train,train,train,train,train,train,train,test
4814,2020_Townsend,CC(C)C[C@@H]1NC(=O)[C@@H](C)N(C)C(=O)[C@@H]2CCCN2C(=O)[C@H](Cc2ccccc2)NC(=O)[C@@H](CC(C)C)NC(=O)[C@H]2CCCN2C(=O)[C@@H](CC(C)C)NC1=O,hepta_1237,4814,-6.75,7,7,Circle,0.114106,0.0467748,-23.0179,8.678,7.349,1.329,0.116956,0.0454176,8.346,7.034,1.312,43,25,test,train,train,train,train,train,train,val,train,train
4813,2020_Townsend,CC(C)C[C@H]1NC(=O)[C@@H](C)N(C)C(=O)[C@@H]2CCCN2C(=O)[C@H](Cc2ccccc2)NC(=O)[C@@H](CC(C)C)NC(=O)[C@H]2CCCN2C(=O)[C@@H](CC(C)C)NC1=O,hepta_1236,4813,-6.53,7,7,Circle,0.15498,0.063832,-24.2362,8.746,7.445,1.301,0.142347,0.0585494,8.721,7.438,1.283,93,100,train,train,test,train,test,train,train,train,train,train
4808,2020_Townsend,CC(C)C[C@H]1C(=O)N2CCC[C@H]2C(=O)N(Cc2ccccc2)CC(=O)N[C@@H](Cc2ccccc2)C(=O)N2CCC[C@H]2C(=O)N(C)[C@H](C)C(=O)N(Cc2ccccc2)CC(=O)N1C,hepta_1231,4808,-5.76,7,7,Circle,0.168005,0.0606738,-44.3081,9.374,8.269,1.105,0.144029,0.0399343,9.229,8.19,1.039,94,11,train,train,train,train,train,train,train,train,test,test
4807,2020_Townsend,CC(C)C[C@H]1C(=O)N(Cc2ccccc2)CC(=O)N2CCC[C@H]2C(=O)N(Cc2ccccc2)CC(=O)N[C@@H](Cc2ccccc2)C(=O)N2CCC[C@H]2C(=O)N(C)[C@H](C)C(=O)N1C,hepta_1230,4807,-5.91,7,7,Circle,0.199157,0.0671242,-40.2267,9.492,8.364,1.128,0.161486,0.0414896,9.231,8.068,1.163,13,34,train,train,train,train,train,train,train,train,train,train
4803,2020_Townsend,CC(C)C[C@@H]1C(=O)N(Cc2ccccc2)CC(=O)N2CCC[C@H]2C(=O)N(Cc2ccccc2)CC(=O)N[C@@H](Cc2ccccc2)C(=O)N2CCC[C@H]2C(=O)N(C)[C@H](C)C(=O)N1C,hepta_1226,4803,-10.0,7,7,Circle,0.156613,0.0329903,-42.6994,9.351,8.133,1.218,0.161848,0.0429704,9.253,8.147,1.106,99,47,train,train,train,train,train,train,val,train,val,train
4799,2020_Townsend,CC(C)C[C@@H]1NC(=O)[C@@H]2CCCN2C(=O)CN(Cc2ccccc2)C(=O)CN(Cc2ccccc2)C(=O)[C@@H](C)N(C)C(=O)[C@@H]2CCCN2C(=O)[C@H](Cc2ccccc2)NC1=O,hepta_1222,4799,-6.8,7,7,Circle,0.238075,0.100295,-40.0302,9.441,8.187,1.254,0.132676,0.0341334,9.023,7.998,1.025,63,100,train,test,train,train,val,val,train,train,train,train
4798,2020_Townsend,CC(C)C[C@H]1C(=O)N2CCC[C@H]2C(=O)N(C)[C@@H](CC(C)C)C(=O)N[C@@H](Cc2ccccc2)C(=O)N2CCC[C@H]2C(=O)N(C)[C@H](C)C(=O)N(Cc2ccccc2)CC(=O)N1C,hepta_1221,4798,-5.45,7,7,Circle,0.142833,0.0554058,-37.2546,9.027,7.888,1.139,0.121008,0.042234,8.828,7.84,0.988,60,4,train,train,train,train,train,val,test,train,train,train
4797,2020_Townsend,CC(C)C[C@H]1C(=O)N2CCC[C@H]2C(=O)N(Cc2ccccc2)CC(=O)N[C@@H](Cc2ccccc2)C(=O)N2CCC[C@H]2C(=O)N(C)[C@H](C)C(=O)N(C)[C@@H](CC(C)C)C(=O)N1C,hepta_1220,4797,-5.55,7,7,Circle,0.137192,0.0440873,-25.6185,9.244,8.11,1.134,0.146851,0.0382451,9.488,8.495,0.993,28,48,train,train,train,val,test,train,val,train,train,train
4796,2020_Townsend,CC(C)C[C@H]1C(=O)N[C@@H](Cc2ccccc2)C(=O)N2CCC[C@H]2C(=O)N(C)[C@H](C)C(=O)N(C)[C@@H](CC(C)C)C(=O)N(Cc2ccccc2)CC(=O)N2CCC[C@H]2C(=O)N1C,hepta_1219,4796,-5.22,7,7,Circle,0.229662,0.0759072,-29.6872,8.986,8.141,0.845,0.234888,0.105758,8.875,7.795,1.08,39,28,train,train,train,train,train,train,val,train,train,train
4794,2020_Townsend,CC(C)C[C@H]1NC(=O)CN(Cc2ccccc2)C(=O)[C@@H](C)N(C)C(=O)[C@@H]2CCCN2C(=O)[C@H](Cc2ccccc2)NC(=O)CN(Cc2ccccc2)C(=O)[C@@H]2CCCN2C1=O,hepta_1217,4794,-5.68,7,7,Circle,0.132317,0.0375618,-35.4701,8.93,7.569,1.361,0.166301,0.066905,8.977,7.635,1.342,28,58,train,val,train,train,train,train,train,train,val,train
4793,2020_Townsend,CC(C)C[C@H]1NC(=O)[C@@H](C)N(C)C(=O)[C@@H]2CCCN2C(=O)[C@H](Cc2ccccc2)NC(=O)CN(Cc2ccccc2)C(=O)[C@@H]2CCCN2C(=O)CN(Cc2ccccc2)C1=O,hepta_1216,4793,-6.9,7,7,Circle,0.183847,0.0631655,-30.2086,9.119,8.015,1.104,0.200423,0.0760078,9.421,8.237,1.184,65,23,test,train,train,train,train,train,test,train,train,train
4792,2020_Townsend,CC(C)C[C@H]1C(=O)N2CCC[C@H]2C(=O)N(Cc2ccccc2)CC(=O)N[C@@H](Cc2ccccc2)C(=O)N2CCC[C@H]2C(=O)N(C)[C@H](C)C(=O)N(C)[C@H](CC(C)C)C(=O)N1C,hepta_1215,4792,-5.7,7,7,Circle,0.13066,0.0362966,-28.4874,9.187,8.174,1.013,0.161153,0.038058,9.524,8.204,1.32,63,74,train,test,train,train,val,train,train,train,train,train
4791,2020_Townsend,CC(C)C[C@H]1C(=O)N(C)[C@H](CC(C)C)C(=O)N2CCC[C@H]2C(=O)N(Cc2ccccc2)CC(=O)N[C@@H](Cc2ccccc2)C(=O)N2CCC[C@H]2C(=O)N(C)[C@H](C)C(=O)N1C,hepta_1214,4791,-5.68,7,7,Circle,0.157466,0.0466375,-33.2716,9.374,8.314,1.06,0.136643,0.0380934,9.276,8.152,1.124,63,82,train,train,test,train,train,train,train,train,train,train
4790,2020_Townsend,CC(C)C[C@H]1C(=O)N(Cc2ccccc2)CC(=O)N2CCC[C@H]2C(=O)N(C)[C@H](CC(C)C)C(=O)N[C@@H](Cc2ccccc2)C(=O)N2CCC[C@H]2C(=O)N(C)[C@H](C)C(=O)N1C,hepta_1213,4790,-5.63,7,7,Circle,0.117289,0.0424676,-31.252,9.383,8.303,1.08,0.141978,0.0469349,9.29,8.281,1.009,81,8,test,train,train,train,train,train,train,val,train,train
4786,2020_Townsend,CC(C)C[C@@H]1C(=O)N[C@@H](Cc2ccccc2)C(=O)N2CCC[C@H]2C(=O)N(C)[C@H](C)C(=O)N(C)[C@H](CC(C)C)C(=O)N(Cc2ccccc2)CC(=O)N2CCC[C@H]2C(=O)N1C,hepta_1209,4786,-10.0,7,7,Circle,0.164288,0.0427834,-32.3934,9.336,8.133,1.203,0.157997,0.0508866,9.398,8.141,1.257,28,46,train,val,val,train,train,train,train,train,train,train
4785,2020_Townsend,CC(C)C[C@@H]1NC(=O)[C@@H]2CCCN2C(=O)CN(Cc2ccccc2)C(=O)[C@H](CC(C)C)N(C)C(=O)[C@@H](C)N(C)C(=O)[C@@H]2CCCN2C(=O)[C@H](Cc2ccccc2)NC1=O,hepta_1208,4785,-5.67,7,7,Circle,0.132451,0.047474,-33.2023,9.179,8.007,1.172,0.152956,0.0403485,8.965,7.901,1.064,59,70,train,train,test,train,val,val,train,train,train,train
4784,2020_Townsend,CC(C)C[C@@H]1NC(=O)[C@H](CC(C)C)N(C)C(=O)[C@@H](C)N(C)C(=O)[C@@H]2CCCN2C(=O)[C@H](Cc2ccccc2)NC(=O)CN(Cc2ccccc2)C(=O)[C@@H]2CCCN2C1=O,hepta_1207,4784,-5.66,7,7,Circle,0.140484,0.0387262,-25.6106,8.929,7.655,1.274,0.147274,0.0443171,9.0,7.94,1.06,98,60,train,train,train,train,train,train,test,train,train,train
4783,2020_Townsend,CC(C)C[C@@H]1NC(=O)[C@@H](C)N(C)C(=O)[C@@H]2CCCN2C(=O)[C@H](Cc2ccccc2)NC(=O)[C@H](CC(C)C)N(C)C(=O)[C@@H]2CCCN2C(=O)CN(Cc2ccccc2)C1=O,hepta_1206,4783,-5.77,7,7,Circle,0.148903,0.0373051,-29.7957,9.346,8.156,1.19,0.097598,0.034474,8.894,7.927,0.967,31,68,val,train,train,train,train,train,train,train,train,train
4782,2020_Townsend,CC(C)C[C@H]1C(=O)N2CCC[C@H]2C(=O)N(C)[C@@H](CC(C)C)C(=O)N[C@@H](Cc2ccccc2)C(=O)N2CCC[C@H]2C(=O)N(C)[C@H](C)C(=O)N(C)[C@@H](CC(C)C)C(=O)N1C,hepta_1205,4782,-5.34,7,7,Circle,0.133331,0.0454303,-42.2804,9.618,8.593,1.025,0.124211,0.0337018,9.152,8.162,0.99,47,65,train,train,train,train,test,train,train,test,train,train
4781,2020_Townsend,CC(C)C[C@@H]1NC(=O)[C@@H](C)N(C)C(=O)[C@@H]2CCCN2C(=O)[C@H](Cc2ccccc2)NC(=O)CN(Cc2ccccc2)C(=O)[C@@H]2CCCN2C(=O)[C@@H](CC(C)C)N(C)C1=O,hepta_1204,4781,-5.89,7,7,Circle,0.161666,0.0553548,-26.5328,9.203,8.179,1.024,0.14213,0.0426975,9.268,8.204,1.064,83,19,test,train,train,test,val,train,train,test,train,train
4780,2020_Townsend,CC(C)C[C@H]1C(=O)N[C@@H](Cc2ccccc2)C(=O)N2CCC[C@H]2C(=O)N(C)[C@H](C)C(=O)N(Cc2ccccc2)CC(=O)N[C@H](CC(C)C)C(=O)N2CCC[C@H]2C(=O)N1C,hepta_1203,4780,-5.2,7,7,Circle,0.190039,0.0714301,-33.0195,9.396,8.197,1.199,0.104698,0.0370102,8.614,7.655,0.959,26,2,train,test,train,train,train,train,train,test,train,train
4779,2020_Townsend,CC(C)C[C@@H]1NC(=O)[C@@H](CC(C)C)N(C)C(=O)[C@@H](C)N(C)C(=O)[C@@H]2CCCN2C(=O)[C@H](Cc2ccccc2)NC(=O)CN(Cc2ccccc2)C(=O)[C@@H]2CCCN2C1=O,hepta_1202,4779,-5.8,7,7,Circle,0.180069,0.0440662,-44.5215,9.196,7.812,1.384,0.148896,0.0385084,9.062,7.977,1.085,33,3,train,train,train,train,train,train,train,train,val,train
4778,2020_Townsend,CC(C)C[C@@H]1NC(=O)[C@@H](C)N(C)C(=O)[C@@H]2CCCN2C(=O)[C@H](Cc2ccccc2)NC(=O)[C@@H](CC(C)C)N(C)C(=O)[C@@H]2CCCN2C(=O)CN(Cc2ccccc2)C1=O,hepta_1201,4778,-5.61,7,7,Circle,0.168245,0.048667,-30.8055,9.229,8.049,1.18,0.247294,0.112023,9.042,7.928,1.114,66,44,val,train,train,val,train,train,train,train,train,train
4777,2020_Townsend,CC(C)C[C@H]1C(=O)N(Cc2ccccc2)CC(=O)N2CCC[C@H]2C(=O)N[C@H](CC(C)C)C(=O)N[C@@H](Cc2ccccc2)C(=O)N2CCC[C@H]2C(=O)N(C)[C@H](C)C(=O)N1C,hepta_1200,4777,-6.46,7,7,Circle,0.152725,0.0592843,-34.4875,9.408,8.209,1.199,0.147117,0.044142,8.997,7.9,1.097,41,79,val,train,val,val,train,train,train,train,val,train
4776,2020_Townsend,CC(C)C[C@@H]1NC(=O)[C@@H]2CCCN2C(=O)CN(Cc2ccccc2)C(=O)[C@@H](CC(C)C)N(C)C(=O)[C@@H](C)N(C)C(=O)[C@@H]2CCCN2C(=O)[C@H](Cc2ccccc2)NC1=O,hepta_1199,4776,-6.71,7,7,Circle,0.139907,0.0463367,-31.9068,9.276,8.048,1.228,0.141842,0.038785,9.052,7.772,1.28,28,54,test,train,test,train,train,val,test,test,train,test
4775,2020_Townsend,CC(C)C[C@H]1C(=O)N[C@@H](Cc2ccccc2)C(=O)N2CCC[C@H]2C(=O)N(C)[C@H](C)C(=O)N(C)[C@@H](CC(C)C)C(=O)N(C)[C@H](CC(C)C)C(=O)N2CCC[C@H]2C(=O)N1C,hepta_1198,4775,-5.25,7,7,Circle,0.118609,0.0475051,-19.5957,9.353,8.266,1.087,0.129513,0.0480537,9.319,8.277,1.042,92,85,train,train,val,train,train,train,train,train,train,train
4774,2020_Townsend,CC(C)C[C@H]1C(=O)N[C@@H](Cc2ccccc2)C(=O)N2CCC[C@H]2C(=O)N(C)[C@H](C)C(=O)N(C)[C@H](CC(C)C)C(=O)N(C)[C@@H](CC(C)C)C(=O)N2CCC[C@H]2C(=O)N1C,hepta_1197,4774,-5.36,7,7,Circle,0.103178,0.0358126,-32.6695,9.633,8.579,1.054,0.127504,0.0410805,9.285,8.171,1.114,68,95,train,test,train,train,train,val,test,val,train,train
4773,2020_Townsend,CC(C)C[C@H]1C(=O)N2CCC[C@H]2C(=O)N(C)[C@H](CC(C)C)C(=O)N[C@@H](Cc2ccccc2)C(=O)N2CCC[C@H]2C(=O)N(C)[C@H](C)C(=O)N(C)[C@@H](CC(C)C)C(=O)N1C,hepta_1196,4773,-5.41,7,7,Circle,0.135059,0.0415142,-29.0492,9.5,8.327,1.173,0.0879891,0.0345633,9.006,7.891,1.115,99,14,train,train,train,val,train,train,train,test,train,train
4772,2020_Townsend,CC(C)C[C@H]1NC(=O)[C@@H](CC(C)C)N(C)C(=O)[C@@H](C)N(C)C(=O)[C@@H]2CCCN2C(=O)[C@H](Cc2ccccc2)NC(=O)CN(Cc2ccccc2)C(=O)[C@@H]2CCCN2C1=O,hepta_1195,4772,-5.45,7,7,Circle,0.168435,0.0498547,-22.4104,9.11,8.142,0.968,0.164217,0.0428604,9.023,8.109,0.914,40,90,train,train,train,train,train,test,train,train,train,train
4771,2020_Townsend,CC(C)C[C@H]1NC(=O)[C@@H]2CCCN2C(=O)[C@@H](CC(C)C)N(C)C(=O)CN(Cc2ccccc2)C(=O)[C@@H](C)N(C)C(=O)[C@@H]2CCCN2C(=O)[C@H](Cc2ccccc2)NC1=O,hepta_1194,4771,-5.55,7,7,Circle,0.13821,0.0456998,-27.3007,9.143,7.94,1.203,0.134207,0.0373713,9.047,7.855,1.192,18,94,train,train,train,train,train,train,train,val,train,train
4770,2020_Townsend,CC(C)C[C@H]1NC(=O)CN(Cc2ccccc2)C(=O)[C@@H](C)N(C)C(=O)[C@@H]2CCCN2C(=O)[C@H](Cc2ccccc2)NC(=O)[C@@H](CC(C)C)N(C)C(=O)[C@@H]2CCCN2C1=O,hepta_1193,4770,-5.4,7,7,Circle,0.149374,0.0659686,-26.0779,8.987,7.874,1.113,0.123293,0.038144,8.745,7.782,0.963,56,80,train,train,train,train,train,train,train,train,test,train
4769,2020_Townsend,CC(C)C[C@H]1NC(=O)[C@@H](C)N(C)C(=O)[C@@H]2CCCN2C(=O)[C@H](Cc2ccccc2)NC(=O)CN(Cc2ccccc2)C(=O)[C@@H]2CCCN2C(=O)[C@@H](CC(C)C)N(C)C1=O,hepta_1192,4769,-5.36,7,7,Circle,0.146557,0.0434572,-26.7302,9.664,8.469,1.195,0.183706,0.0513188,9.419,8.161,1.258,46,91,train,train,train,train,val,train,test,train,train,train
4768,2020_Townsend,CC(C)C[C@H]1NC(=O)[C@@H](C)N(C)C(=O)[C@@H]2CCCN2C(=O)[C@H](Cc2ccccc2)NC(=O)[C@@H](CC(C)C)N(C)C(=O)[C@@H]2CCCN2C(=O)CN(Cc2ccccc2)C1=O,hepta_1191,4768,-6.02,7,7,Circle,0.147234,0.0635159,-29.0488,9.331,8.177,1.154,0.134452,0.057554,9.184,8.046,1.138,72,30,train,train,val,train,test,train,test,train,train,train
4767,2020_Townsend,CC(C)C[C@H]1NC(=O)[C@@H]2CCCN2C(=O)CN(Cc2ccccc2)C(=O)[C@@H](CC(C)C)N(C)C(=O)[C@@H](C)N(C)C(=O)[C@@H]2CCCN2C(=O)[C@H](Cc2ccccc2)NC1=O,hepta_1190,4767,-7.21,7,7,Circle,0.169685,0.0688811,-36.1562,9.787,8.577,1.21,0.143618,0.0377743,8.67,7.56,1.11,96,92,train,train,test,train,train,train,train,train,train,val
4766,2020_Townsend,CC(C)C[C@H]1C(=O)N[C@@H](Cc2ccccc2)C(=O)N2CCC[C@H]2C(=O)N(C)[C@H](C)C(=O)N(C)[C@H](CC(C)C)C(=O)N(C)[C@H](CC(C)C)C(=O)N2CCC[C@H]2C(=O)N1C,hepta_1189,4766,-4.99,7,7,Circle,0.113593,0.042683,-29.1759,9.137,7.83,1.307,0.139451,0.0421886,9.265,8.175,1.09,36,30,train,train,val,train,train,train,val,train,train,test
4765,2020_Townsend,CC(C)C[C@H]1C(=O)N(C)[C@H](CC(C)C)C(=O)N2CCC[C@H]2C(=O)N(C)[C@H](CC(C)C)C(=O)N[C@@H](Cc2ccccc2)C(=O)N2CCC[C@H]2C(=O)N(C)[C@H](C)C(=O)N1C,hepta_1188,4765,-5.46,7,7,Circle,0.099694,0.0406201,-23.6166,9.288,8.186,1.102,0.11373,0.0357982,9.01,8.214,0.796,71,35,train,train,test,train,train,train,test,val,train,train
4764,2020_Townsend,CC(C)C[C@H]1C(=O)N2CCC[C@H]2C(=O)N(C)[C@H](CC(C)C)C(=O)N[C@@H](Cc2ccccc2)C(=O)N2CCC[C@H]2C(=O)N(C)[C@H](C)C(=O)N(C)[C@H](CC(C)C)C(=O)N1C,hepta_1187,4764,-5.83,7,7,Circle,0.13935,0.0384763,-27.0629,9.469,8.361,1.108,0.13599,0.0344246,9.312,8.36,0.952,26,18,train,train,test,train,train,train,test,train,val,train
4763,2020_Townsend,CC(C)C[C@@H]1C(=O)N[C@@H](Cc2ccccc2)C(=O)N2CCC[C@H]2C(=O)N(C)[C@H](C)C(=O)N(C)[C@H](CC(C)C)C(=O)N(C)[C@H](CC(C)C)C(=O)N2CCC[C@H]2C(=O)N1C,hepta_1186,4763,-5.08,7,7,Circle,0.0982767,0.0321348,-32.577,9.245,8.106,1.139,0.213639,0.103335,8.995,8.098,0.897,81,37,train,val,train,train,train,val,train,train,test,train
4762,2020_Townsend,CC(C)C[C@@H]1NC(=O)[C@@H]2CCCN2C(=O)CN(Cc2ccccc2)C(=O)[C@H](CC(C)C)NC(=O)[C@@H](C)N(C)C(=O)[C@@H]2CCCN2C(=O)[C@H](Cc2ccccc2)NC1=O,hepta_1185,4762,-5.92,7,7,Circle,0.15854,0.0554524,-37.8638,9.264,7.941,1.323,0.160271,0.0465149,8.584,7.481,1.103,68,69,train,train,train,train,train,train,train,train,train,train
4761,2020_Townsend,CC(C)C[C@@H]1NC(=O)[C@@H](C)N(C)C(=O)[C@@H]2CCCN2C(=O)[C@H](Cc2ccccc2)NC(=O)CN(Cc2ccccc2)C(=O)[C@@H]2CCCN2C(=O)[C@H](CC(C)C)NC1=O,hepta_1184,4761,-6.32,7,7,Circle,0.204569,0.0911782,-28.8556,9.049,7.92,1.129,0.117408,0.0353415,8.413,7.557,0.856,43,23,train,train,train,train,train,train,test,train,train,train
4760,2020_Townsend,CC(C)C[C@@H]1NC(=O)[C@H](CC(C)C)N(C)C(=O)[C@@H](C)N(C)C(=O)[C@@H]2CCCN2C(=O)[C@H](Cc2ccccc2)NC(=O)[C@H](CC(C)C)N(C)C(=O)[C@@H]2CCCN2C1=O,hepta_1183,4760,-5.38,7,7,Circle,0.178812,0.0601169,-24.2991,9.057,7.824,1.233,0.0998135,0.0306971,8.748,7.799,0.949,4,35,train,train,train,train,train,train,train,train,train,train
4759,2020_Townsend,CC(C)C[C@@H]1NC(=O)[C@@H](C)N(C)C(=O)[C@@H]2CCCN2C(=O)[C@H](Cc2ccccc2)NC(=O)[C@H](CC(C)C)N(C)C(=O)[C@@H]2CCCN2C(=O)[C@H](CC(C)C)N(C)C1=O,hepta_1182,4759,-5.42,7,7,Circle,0.130135,0.0543611,-28.18,9.251,8.112,1.139,0.130282,0.0474338,9.168,8.187,0.981,6,100,val,test,test,train,train,train,train,train,train,val
4758,2020_Townsend,CC(C)C[C@@H]1NC(=O)[C@@H](C)N(C)C(=O)[C@@H]2CCCN2C(=O)[C@H](Cc2ccccc2)NC(=O)CN(Cc2ccccc2)C(=O)[C@@H]2CCCN2C(=O)[C@@H](CC(C)C)NC1=O,hepta_1181,4758,-6.38,7,7,Circle,0.143288,0.0528517,-22.7878,8.407,7.234,1.173,0.118051,0.0408624,8.628,7.498,1.13,41,27,train,train,train,train,train,test,train,train,val,train
4757,2020_Townsend,CC(C)C[C@@H]1NC(=O)[C@@H](CC(C)C)NC(=O)[C@@H](C)N(C)C(=O)[C@@H]2CCCN2C(=O)[C@H](Cc2ccccc2)NC(=O)CN(Cc2ccccc2)C(=O)[C@@H]2CCCN2C1=O,hepta_1180,4757,-6.16,7,7,Circle,0.171327,0.0616467,-21.3592,8.762,7.521,1.241,0.157776,0.0504104,8.935,7.857,1.078,70,28,test,train,train,train,train,train,train,train,train,train
4756,2020_Townsend,CC(C)C[C@@H]1NC(=O)[C@@H](C)N(C)C(=O)[C@@H]2CCCN2C(=O)[C@H](Cc2ccccc2)NC(=O)[C@@H](CC(C)C)NC(=O)[C@@H]2CCCN2C(=O)CN(Cc2ccccc2)C1=O,hepta_1179,4756,-5.95,7,7,Circle,0.224281,0.0899706,-37.259,9.192,7.976,1.216,0.162245,0.0630852,8.891,7.81,1.081,48,35,train,train,train,train,train,train,train,train,test,val
4755,2020_Townsend,CC(C)C[C@@H]1NC(=O)[C@@H]2CCCN2C(=O)CN(Cc2ccccc2)C(=O)[C@@H](CC(C)C)NC(=O)[C@@H](C)N(C)C(=O)[C@@H]2CCCN2C(=O)[C@H](Cc2ccccc2)NC1=O,hepta_1178,4755,-6.44,7,7,Circle,0.169723,0.0677097,-27.0431,9.047,7.8,1.247,0.118129,0.0462333,8.783,7.675,1.108,77,48,train,train,train,train,val,test,train,train,train,train
4754,2020_Townsend,CC(C)C[C@@H]1NC(=O)[C@@H]2CCCN2C(=O)[C@@H](CC(C)C)N(C)C(=O)[C@H](CC(C)C)N(C)C(=O)[C@@H](C)N(C)C(=O)[C@@H]2CCCN2C(=O)[C@H](Cc2ccccc2)NC1=O,hepta_1177,4754,-5.88,7,7,Circle,0.108112,0.0474792,-29.6004,9.099,7.874,1.225,0.118312,0.0367939,8.884,7.922,0.962,93,55,train,train,train,train,train,train,val,train,train,val
4753,2020_Townsend,CC(C)C[C@H]1C(=O)N[C@@H](Cc2ccccc2)C(=O)N2CCC[C@H]2C(=O)N(C)[C@H](C)C(=O)N(C)[C@@H](CC(C)C)C(=O)N[C@H](CC(C)C)C(=O)N2CCC[C@H]2C(=O)N1C,hepta_1176,4753,-5.06,7,7,Circle,0.127626,0.0455413,-35.6708,9.303,8.232,1.071,0.112565,0.0389259,8.773,7.909,0.864,84,71,train,train,train,train,train,train,train,train,train,train
4752,2020_Townsend,CC(C)C[C@H]1C(=O)N[C@@H](Cc2ccccc2)C(=O)N2CCC[C@H]2C(=O)N(C)[C@H](C)C(=O)N[C@H](CC(C)C)C(=O)N(C)[C@@H](CC(C)C)C(=O)N2CCC[C@H]2C(=O)N1C,hepta_1175,4752,-5.54,7,7,Circle,0.113272,0.0517512,-36.5663,9.442,8.107,1.335,0.099794,0.0385121,8.93,7.852,1.078,87,67,train,train,train,train,train,train,train,train,train,train
4751,2020_Townsend,CC(C)C[C@@H]1NC(=O)[C@@H](C)N(C)C(=O)[C@@H]2CCCN2C(=O)[C@H](Cc2ccccc2)NC(=O)[C@H](CC(C)C)N(C)C(=O)[C@@H]2CCCN2C(=O)[C@@H](CC(C)C)N(C)C1=O,hepta_1174,4751,-5.68,7,7,Circle,0.13263,0.049931,-19.0311,8.956,7.945,1.011,0.132425,0.0435952,9.076,8.061,1.015,74,19,train,train,train,train,train,train,train,train,train,train
4750,2020_Townsend,CC(C)C[C@@H]1NC(=O)[C@@H](C)N(C)C(=O)[C@@H]2CCCN2C(=O)[C@H](Cc2ccccc2)NC(=O)[C@@H](CC(C)C)N(C)C(=O)[C@@H]2CCCN2C(=O)[C@H](CC(C)C)N(C)C1=O,hepta_1173,4750,-6.02,7,7,Circle,0.103259,0.0462389,-32.1339,9.435,8.268,1.167,0.125272,0.0594669,8.895,8.005,0.89,39,49,train,train,train,train,train,train,train,train,train,train
4749,2020_Townsend,CC(C)C[C@H]1NC(=O)[C@@H]2CCCN2C(=O)CN(Cc2ccccc2)C(=O)[C@@H](CC(C)C)NC(=O)[C@@H](C)N(C)C(=O)[C@@H]2CCCN2C(=O)[C@H](Cc2ccccc2)NC1=O,hepta_1172,4749,-5.98,7,7,Circle,0.169709,0.0712361,-46.5324,9.574,8.278,1.296,0.153817,0.071028,8.844,7.758,1.086,85,90,train,train,train,train,train,test,train,test,test,train
4748,2020_Townsend,CC(C)C[C@H]1NC(=O)[C@@H](C)N(C)C(=O)[C@@H]2CCCN2C(=O)[C@H](Cc2ccccc2)NC(=O)CN(Cc2ccccc2)C(=O)[C@@H]2CCCN2C(=O)[C@@H](CC(C)C)NC1=O,hepta_1171,4748,-5.94,7,7,Circle,0.1523,0.0410671,-20.9592,8.906,7.84,1.066,0.14689,0.0427682,8.773,7.75,1.023,97,52,train,train,train,train,train,train,train,train,val,train
4747,2020_Townsend,CC(C)C[C@H]1C(=O)N2CCC[C@H]2C(=O)N[C@H](CC(C)C)C(=O)N[C@@H](Cc2ccccc2)C(=O)N2CCC[C@H]2C(=O)N(C)[C@H](C)C(=O)N(C)[C@H](CC(C)C)C(=O)N1C,hepta_1170,4747,-6.82,7,7,Circle,0.121682,0.0396585,-34.3141,9.31,8.146,1.164,0.138793,0.049125,9.184,7.872,1.312,70,6,val,train,test,val,train,val,train,train,train,test
4746,2020_Townsend,CC(C)C[C@@H]1NC(=O)[C@@H](CC(C)C)N(C)C(=O)[C@@H](C)N(C)C(=O)[C@@H]2CCCN2C(=O)[C@H](Cc2ccccc2)NC(=O)[C@@H](CC(C)C)N(C)C(=O)[C@@H]2CCCN2C1=O,hepta_1169,4746,-5.27,7,7,Circle,0.105092,0.0413994,-43.1083,9.644,8.417,1.227,0.130485,0.0391214,9.122,8.014,1.108,93,66,train,train,val,train,train,train,train,train,train,val
4745,2020_Townsend,CC(C)C[C@@H]1NC(=O)[C@@H](C)N(C)C(=O)[C@@H]2CCCN2C(=O)[C@H](Cc2ccccc2)NC(=O)[C@@H](CC(C)C)N(C)C(=O)[C@@H]2CCCN2C(=O)[C@@H](CC(C)C)N(C)C1=O,hepta_1168,4745,-5.67,7,7,Circle,0.135478,0.0353582,-26.1168,9.112,7.847,1.265,0.150803,0.0510438,9.227,8.094,1.133,99,32,val,train,train,train,train,train,train,test,val,train
4744,2020_Townsend,CC(C)C[C@H]1C(=O)N2CCC[C@H]2C(=O)N(C)[C@H](CC(C)C)C(=O)N[C@@H](Cc2ccccc2)C(=O)N2CCC[C@H]2C(=O)N(C)[C@H](C)C(=O)N[C@H](CC(C)C)C(=O)N1C,hepta_1167,4744,-5.59,7,7,Circle,0.0958167,0.0415822,-42.4941,9.547,8.319,1.228,0.116838,0.0480358,9.008,8.142,0.866,99,84,train,train,test,train,train,train,train,val,train,train
4743,2020_Townsend,CC(C)C[C@H]1C(=O)N[C@H](CC(C)C)C(=O)N2CCC[C@H]2C(=O)N(C)[C@H](CC(C)C)C(=O)N[C@@H](Cc2ccccc2)C(=O)N2CCC[C@H]2C(=O)N(C)[C@H](C)C(=O)N1C,hepta_1166,4743,-5.42,7,7,Circle,0.103146,0.0420257,-29.5661,9.454,8.211,1.243,0.147181,0.0521159,8.996,8.034,0.962,25,100,train,train,val,val,train,train,train,train,test,train
4742,2020_Townsend,CC(C)C[C@H]1C(=O)N[C@@H](Cc2ccccc2)C(=O)N2CCC[C@H]2C(=O)N(C)[C@H](C)C(=O)N[C@H](CC(C)C)C(=O)N(C)[C@H](CC(C)C)C(=O)N2CCC[C@H]2C(=O)N1C,hepta_1165,4742,-5.33,7,7,Circle,0.133008,0.0451011,-20.177,8.967,7.87,1.097,0.132548,0.0486158,8.915,7.823,1.092,69,100,train,train,train,train,train,train,train,train,val,train
4741,2020_Townsend,CC(C)C[C@H]1NC(=O)[C@@H](CC(C)C)N(C)C(=O)[C@@H](C)N(C)C(=O)[C@@H]2CCCN2C(=O)[C@H](Cc2ccccc2)NC(=O)[C@@H](CC(C)C)N(C)C(=O)[C@@H]2CCCN2C1=O,hepta_1164,4741,-5.13,7,7,Circle,0.140518,0.0464473,-18.484,9.021,8.065,0.956,0.142463,0.0407031,8.942,8.041,0.901,11,17,train,train,train,test,train,train,train,train,train,train
4740,2020_Townsend,CC(C)C[C@H]1NC(=O)[C@@H]2CCCN2C(=O)[C@@H](CC(C)C)N(C)C(=O)[C@@H](CC(C)C)N(C)C(=O)[C@@H](C)N(C)C(=O)[C@@H]2CCCN2C(=O)[C@H](Cc2ccccc2)NC1=O,hepta_1163,4740,-5.1,7,7,Circle,0.139326,0.0393718,-24.9082,9.287,8.086,1.201,0.15044,0.0539698,8.992,7.892,1.1,95,11,train,train,test,train,train,val,train,test,train,train
4739,2020_Townsend,CC(C)C[C@H]1NC(=O)[C@@H](C)N(C)C(=O)[C@@H]2CCCN2C(=O)[C@H](Cc2ccccc2)NC(=O)[C@@H](CC(C)C)N(C)C(=O)[C@@H]2CCCN2C(=O)[C@@H](CC(C)C)N(C)C1=O,hepta_1162,4739,-5.26,7,7,Circle,0.131447,0.0532757,-28.2462,9.323,7.983,1.34,0.165529,0.0529816,9.187,8.025,1.162,70,68,val,test,train,train,train,train,train,val,test,train
4738,2020_Townsend,CC(C)C[C@@H]1NC(=O)[C@@H](C)N(C)C(=O)[C@@H]2CCCN2C(=O)[C@H](Cc2ccccc2)NC(=O)[C@H](CC(C)C)N(C)C(=O)[C@@H]2CCCN2C(=O)[C@H](CC(C)C)NC1=O,hepta_1161,4738,-5.98,7,7,Circle,0.144164,0.0576703,-31.5215,8.88,7.68,1.2,0.133711,0.0404778,8.744,7.694,1.05,72,21,train,train,test,train,train,test,val,train,val,train
4737,2020_Townsend,CC(C)C[C@@H]1NC(=O)[C@@H]2CCCN2C(=O)[C@H](CC(C)C)N(C)C(=O)[C@H](CC(C)C)NC(=O)[C@@H](C)N(C)C(=O)[C@@H]2CCCN2C(=O)[C@H](Cc2ccccc2)NC1=O,hepta_1160,4737,-6.54,7,7,Circle,0.133905,0.0498934,-25.5921,9.514,8.302,1.212,0.136817,0.0382163,8.58,7.647,0.933,17,55,train,train,test,val,train,train,val,train,train,val
4736,2020_Townsend,CC(C)C[C@@H]1NC(=O)[C@@H](C)N(C)C(=O)[C@@H]2CCCN2C(=O)[C@H](Cc2ccccc2)NC(=O)[C@H](CC(C)C)N(C)C(=O)[C@@H]2CCCN2C(=O)[C@@H](CC(C)C)NC1=O,hepta_1159,4736,-5.32,7,7,Circle,0.119482,0.0448155,-15.4479,8.789,7.69,1.099,0.109709,0.0413241,8.695,7.681,1.014,91,67,train,train,train,val,train,train,val,train,train,test
4735,2020_Townsend,CC(C)C[C@@H]1NC(=O)[C@@H]2CCCN2C(=O)[C@@H](CC(C)C)N(C)C(=O)[C@H](CC(C)C)NC(=O)[C@@H](C)N(C)C(=O)[C@@H]2CCCN2C(=O)[C@H](Cc2ccccc2)NC1=O,hepta_1158,4735,-5.7,7,7,Circle,0.14562,0.0530479,-30.5184,9.291,8.007,1.284,0.127759,0.0419044,9.027,7.807,1.22,98,59,train,train,train,train,train,val,train,train,train,train
4734,2020_Townsend,CC(C)C[C@@H]1NC(=O)[C@@H]2CCCN2C(=O)[C@@H](CC(C)C)NC(=O)[C@H](CC(C)C)N(C)C(=O)[C@@H](C)N(C)C(=O)[C@@H]2CCCN2C(=O)[C@H](Cc2ccccc2)NC1=O,hepta_1157,4734,-6.32,7,7,Circle,0.147601,0.0674523,-37.7968,8.907,7.654,1.253,0.154165,0.058192,8.719,7.662,1.057,5,68,train,train,train,train,val,train,train,train,train,test
4733,2020_Townsend,CC(C)C[C@@H]1NC(=O)[C@@H]2CCCN2C(=O)[C@H](CC(C)C)N(C)C(=O)[C@@H](CC(C)C)NC(=O)[C@@H](C)N(C)C(=O)[C@@H]2CCCN2C(=O)[C@H](Cc2ccccc2)NC1=O,hepta_1156,4733,-6.86,7,7,Circle,0.170419,0.064754,-31.7663,9.282,7.945,1.337,0.141312,0.0558766,8.915,7.703,1.212,96,95,test,train,train,train,train,train,train,train,train,train
4732,2020_Townsend,CC(C)C[C@@H]1NC(=O)[C@@H](C)N(C)C(=O)[C@@H]2CCCN2C(=O)[C@H](Cc2ccccc2)NC(=O)[C@@H](CC(C)C)NC(=O)[C@@H]2CCCN2C(=O)[C@H](CC(C)C)N(C)C1=O,hepta_1155,4732,-6.78,7,7,Circle,0.128553,0.0478891,-21.2025,8.797,7.491,1.306,0.114231,0.0397168,8.87,7.598,1.272,11,11,train,train,val,train,train,val,train,train,train,train
4731,2020_Townsend,CC(C)C[C@@H]1NC(=O)[C@@H](C)N(C)C(=O)[C@@H]2CCCN2C(=O)[C@H](Cc2ccccc2)NC(=O)[C@@H](CC(C)C)N(C)C(=O)[C@@H]2CCCN2C(=O)[C@@H](CC(C)C)NC1=O,hepta_1154,4731,-5.43,7,7,Circle,0.152266,0.0520287,-17.5434,8.752,7.685,1.067,0.134264,0.0482714,8.777,7.723,1.054,68,84,test,train,train,val,train,train,train,val,train,val
4730,2020_Townsend,CC(C)C[C@@H]1NC(=O)[C@@H](C)N(C)C(=O)[C@@H]2CCCN2C(=O)[C@H](Cc2ccccc2)NC(=O)[C@@H](CC(C)C)NC(=O)[C@@H]2CCCN2C(=O)[C@@H](CC(C)C)N(C)C1=O,hepta_1153,4730,-6.07,7,7,Circle,0.11515,0.0366274,-26.6363,9.178,7.801,1.377,0.117515,0.0356156,8.955,7.781,1.174,69,20,train,train,train,train,train,train,train,val,train,val
4729,2020_Townsend,CC(C)C[C@@H]1NC(=O)[C@@H]2CCCN2C(=O)[C@@H](CC(C)C)NC(=O)[C@@H](CC(C)C)N(C)C(=O)[C@@H](C)N(C)C(=O)[C@@H]2CCCN2C(=O)[C@H](Cc2ccccc2)NC1=O,hepta_1152,4729,-5.86,7,7,Circle,0.148375,0.0556186,-21.037,9.024,7.841,1.183,0.155076,0.0553668,8.929,7.782,1.147,82,65,train,train,train,val,train,train,train,train,train,train
4728,2020_Townsend,CC(C)C[C@@H]1NC(=O)[C@@H](CC(C)C)NC(=O)[C@@H](C)N(C)C(=O)[C@@H]2CCCN2C(=O)[C@H](Cc2ccccc2)NC(=O)[C@@H](CC(C)C)N(C)C(=O)[C@@H]2CCCN2C1=O,hepta_1151,4728,-5.79,7,7,Circle,0.132926,0.0495199,-23.9886,9.039,7.808,1.231,0.0962389,0.0346358,9.001,7.81,1.191,36,80,test,train,test,val,train,train,train,train,train,train
4727,2020_Townsend,CC(C)C[C@H]1C(=O)N[C@H](CC(C)C)C(=O)N2CCC[C@H]2C(=O)N[C@H](CC(C)C)C(=O)N[C@@H](Cc2ccccc2)C(=O)N2CCC[C@H]2C(=O)N(C)[C@H](C)C(=O)N1C,hepta_1150,4727,-6.43,7,7,Circle,0.151036,0.0592457,-33.7385,9.404,8.038,1.366,0.132653,0.0338348,8.661,7.612,1.049,68,71,train,train,train,train,train,train,train,train,train,train
4726,2020_Townsend,CC(C)C[C@H]1NC(=O)[C@@H]2CCCN2C(=O)[C@@H](CC(C)C)N(C)C(=O)[C@@H](CC(C)C)NC(=O)[C@@H](C)N(C)C(=O)[C@@H]2CCCN2C(=O)[C@H](Cc2ccccc2)NC1=O,hepta_1149,4726,-5.67,7,7,Circle,0.171231,0.0649664,-28.1378,9.197,7.891,1.306,0.151635,0.0495962,9.116,7.951,1.165,35,26,train,train,train,train,train,train,train,train,train,train
4725,2020_Townsend,CC(C)C[C@H]1NC(=O)[C@@H]2CCCN2C(=O)[C@@H](CC(C)C)NC(=O)[C@@H](CC(C)C)N(C)C(=O)[C@@H](C)N(C)C(=O)[C@@H]2CCCN2C(=O)[C@H](Cc2ccccc2)NC1=O,hepta_1148,4725,-5.52,7,7,Circle,0.14089,0.0520447,-22.8748,9.014,7.897,1.117,0.147762,0.051985,8.999,7.885,1.114,80,68,train,train,train,train,test,train,train,test,train,val
4724,2020_Townsend,CC(C)C[C@H]1NC(=O)[C@@H](C)N(C)C(=O)[C@@H]2CCCN2C(=O)[C@H](Cc2ccccc2)NC(=O)[C@@H](CC(C)C)N(C)C(=O)[C@@H]2CCCN2C(=O)[C@@H](CC(C)C)NC1=O,hepta_1147,4724,-5.67,7,7,Circle,0.164887,0.056244,-29.8901,9.416,8.209,1.207,0.156873,0.0496716,9.212,8.078,1.134,27,32,train,train,train,train,val,train,train,test,train,test
4723,2020_Townsend,CC(C)C[C@@H]1NC(=O)[C@@H]2CCCN2C(=O)[C@H](CC(C)C)NC(=O)[C@H](CC(C)C)NC(=O)[C@@H](C)N(C)C(=O)[C@@H]2CCCN2C(=O)[C@H](Cc2ccccc2)NC1=O,hepta_1146,4723,-6.52,7,7,Circle,0.183592,0.10397,-34.872,8.785,7.461,1.324,0.135767,0.0606886,8.544,7.385,1.159,84,53,train,test,train,train,train,train,val,test,train,train
4722,2020_Townsend,CC(C)C[C@@H]1NC(=O)[C@@H](C)N(C)C(=O)[C@@H]2CCCN2C(=O)[C@H](Cc2ccccc2)NC(=O)[C@@H](CC(C)C)NC(=O)[C@@H]2CCCN2C(=O)[C@H](CC(C)C)NC1=O,hepta_1145,4722,-7.64,7,7,Circle,0.149723,0.0522541,-19.4205,8.563,7.443,1.12,0.138903,0.0639495,8.571,7.376,1.195,10,64,val,train,train,train,train,train,train,train,train,val
4721,2020_Townsend,CC(C)C[C@@H]1NC(=O)[C@@H]2CCCN2C(=O)[C@H](CC(C)C)NC(=O)[C@@H](CC(C)C)NC(=O)[C@@H](C)N(C)C(=O)[C@@H]2CCCN2C(=O)[C@H](Cc2ccccc2)NC1=O,hepta_1144,4721,-4.0,7,7,Circle,0.160108,0.0570258,-26.7048,8.807,7.567,1.24,0.140182,0.0421296,8.719,7.563,1.156,74,13,test,train,train,test,test,train,train,train,val,train
4720,2020_Townsend,CC(C)C[C@@H]1NC(=O)[C@@H](C)N(C)C(=O)[C@@H]2CCCN2C(=O)[C@H](Cc2ccccc2)NC(=O)[C@@H](CC(C)C)NC(=O)[C@@H]2CCCN2C(=O)[C@@H](CC(C)C)NC1=O,hepta_1143,4720,-6.34,7,7,Circle,0.17044,0.0609527,-40.5659,9.382,7.98,1.402,0.208579,0.0825151,8.65,7.399,1.251,49,80,test,test,val,train,train,train,train,train,train,train
4719,2020_Townsend,CC(C)C[C@@H]1NC(=O)[C@@H]2CCCN2C(=O)[C@@H](CC(C)C)NC(=O)[C@@H](CC(C)C)NC(=O)[C@@H](C)N(C)C(=O)[C@@H]2CCCN2C(=O)[C@H](Cc2ccccc2)NC1=O,hepta_1142,4719,-10.0,7,7,Circle,0.173244,0.0691304,-34.9235,9.305,8.079,1.226,0.134038,0.0457279,8.688,7.604,1.084,26,89,train,train,val,train,train,val,train,train,train,val
4718,2020_Townsend,CC(C)C[C@H]1NC(=O)[C@@H]2CCCN2C(=O)[C@@H](CC(C)C)NC(=O)[C@@H](CC(C)C)NC(=O)[C@@H](C)N(C)C(=O)[C@@H]2CCCN2C(=O)[C@H](Cc2ccccc2)NC1=O,hepta_1141,4718,-6.01,7,7,Circle,0.150514,0.0446594,-28.9069,8.853,7.714,1.139,0.107658,0.0406988,8.835,7.736,1.099,77,44,train,test,train,train,train,train,train,train,test,test
4716,2020_Townsend,CC(C)C[C@H]1C(=O)N2CCC[C@H]2C(=O)N(Cc2ccccc2)CC(=O)N[C@@H](Cc2ccccc2)C(=O)N2CCC[C@H]2C(=O)N(C)[C@@H](C)C(=O)N(Cc2ccccc2)CC(=O)N1C,hepta_1139,4716,-5.69,7,7,Circle,0.140088,0.0493914,-27.9937,8.947,7.8,1.147,0.163989,0.0636632,9.151,7.816,1.335,24,41,train,train,train,train,train,train,train,train,train,train
4713,2020_Townsend,CC(C)C[C@@H]1C(=O)N(Cc2ccccc2)CC(=O)N2CCC[C@H]2C(=O)N(Cc2ccccc2)CC(=O)N[C@@H](Cc2ccccc2)C(=O)N2CCC[C@H]2C(=O)N(C)[C@@H](C)C(=O)N1C,hepta_1136,4713,-5.92,7,7,Circle,0.145756,0.0451,-28.7971,9.287,8.145,1.142,0.182822,0.0651946,9.246,8.106,1.14,74,53,train,test,train,train,train,train,val,test,train,train
4709,2020_Townsend,CC(C)C[C@@H]1NC(=O)CN(Cc2ccccc2)C(=O)[C@H](C)N(C)C(=O)[C@@H]2CCCN2C(=O)[C@H](Cc2ccccc2)NC(=O)CN(Cc2ccccc2)C(=O)[C@@H]2CCCN2C1=O,hepta_1132,4709,-5.81,7,7,Circle,0.152263,0.058774,-41.4658,9.208,7.946,1.262,0.14923,0.0375596,8.918,7.859,1.059,47,51,test,test,val,train,train,train,train,val,train,test
4708,2020_Townsend,CC(C)C[C@@H]1NC(=O)[C@H](C)N(C)C(=O)[C@@H]2CCCN2C(=O)[C@H](Cc2ccccc2)NC(=O)CN(Cc2ccccc2)C(=O)[C@@H]2CCCN2C(=O)CN(Cc2ccccc2)C1=O,hepta_1131,4708,-6.13,7,7,Circle,0.21178,0.0631951,-45.9137,9.733,8.527,1.206,0.165809,0.0719715,8.945,7.915,1.03,2,87,train,train,train,val,test,train,train,train,val,train
4707,2020_Townsend,CC(C)C[C@H]1C(=O)N(C)[C@@H](CC(C)C)C(=O)N2CCC[C@H]2C(=O)N(Cc2ccccc2)CC(=O)N[C@@H](Cc2ccccc2)C(=O)N2CCC[C@H]2C(=O)N(C)[C@@H](C)C(=O)N1C,hepta_1130,4707,-5.05,7,7,Circle,0.121825,0.0351647,-26.7438,8.85,7.66,1.19,0.124729,0.0430324,9.197,8.084,1.113,70,11,test,train,train,train,train,val,train,val,val,train
4706,2020_Townsend,CC(C)C[C@H]1C(=O)N(Cc2ccccc2)CC(=O)N2CCC[C@H]2C(=O)N(C)[C@@H](CC(C)C)C(=O)N[C@@H](Cc2ccccc2)C(=O)N2CCC[C@H]2C(=O)N(C)[C@@H](C)C(=O)N1C,hepta_1129,4706,-5.48,7,7,Circle,0.125807,0.0401837,-26.8895,9.101,7.973,1.128,0.131825,0.0422288,9.238,8.057,1.181,96,78,train,train,train,train,train,val,val,train,train,train
4705,2020_Townsend,CC(C)C[C@H]1C(=O)N2CCC[C@H]2C(=O)N(C)[C@@H](CC(C)C)C(=O)N[C@@H](Cc2ccccc2)C(=O)N2CCC[C@H]2C(=O)N(C)[C@@H](C)C(=O)N(Cc2ccccc2)CC(=O)N1C,hepta_1128,4705,-5.42,7,7,Circle,0.127423,0.0440233,-34.2147,9.444,8.336,1.108,0.115765,0.0410963,8.824,7.735,1.089,23,97,val,val,train,train,train,train,test,train,train,train
4704,2020_Townsend,CC(C)C[C@H]1NC(=O)[C@H](C)N(C)C(=O)[C@@H]2CCCN2C(=O)[C@H](Cc2ccccc2)NC(=O)CN(Cc2ccccc2)C(=O)[C@@H]2CCCN2C(=O)CN(Cc2ccccc2)C1=O,hepta_1127,4704,-6.28,7,7,Circle,0.18695,0.0604207,-36.5813,9.438,8.376,1.062,0.131487,0.0358028,8.992,7.893,1.099,54,4,train,train,train,train,train,train,train,val,train,train
4703,2020_Townsend,CC(C)C[C@H]1C(=O)N2CCC[C@H]2C(=O)N(C)[C@H](CC(C)C)C(=O)N[C@@H](Cc2ccccc2)C(=O)N2CCC[C@H]2C(=O)N(C)[C@@H](C)C(=O)N(Cc2ccccc2)CC(=O)N1C,hepta_1126,4703,-5.74,7,7,Circle,0.153742,0.0470724,-21.6227,9.311,8.26,1.051,0.119798,0.0414436,8.958,8.025,0.933,7,11,train,train,train,test,val,train,train,train,train,train
4701,2020_Townsend,CC(C)C[C@H]1C(=O)N2CCC[C@H]2C(=O)N(Cc2ccccc2)CC(=O)N[C@@H](Cc2ccccc2)C(=O)N2CCC[C@H]2C(=O)N(C)[C@@H](C)C(=O)N(C)[C@H](CC(C)C)C(=O)N1C,hepta_1124,4701,-5.81,7,7,Circle,0.247541,0.133652,-34.6813,9.497,8.343,1.154,0.152412,0.0408128,9.341,8.187,1.154,29,65,val,train,test,train,train,train,test,train,test,train
4700,2020_Townsend,CC(C)C[C@H]1C(=O)N(C)[C@H](CC(C)C)C(=O)N2CCC[C@H]2C(=O)N(Cc2ccccc2)CC(=O)N[C@@H](Cc2ccccc2)C(=O)N2CCC[C@H]2C(=O)N(C)[C@@H](C)C(=O)N1C,hepta_1123,4700,-5.48,7,7,Circle,0.120474,0.0356694,-20.8601,9.117,8.111,1.006,0.148866,0.0498548,9.165,8.195,0.97,98,57,train,val,train,train,train,train,train,train,train,train
4699,2020_Townsend,CC(C)C[C@H]1C(=O)N(Cc2ccccc2)CC(=O)N2CCC[C@H]2C(=O)N(C)[C@H](CC(C)C)C(=O)N[C@@H](Cc2ccccc2)C(=O)N2CCC[C@H]2C(=O)N(C)[C@@H](C)C(=O)N1C,hepta_1122,4699,-5.98,7,7,Circle,0.166941,0.0570965,-33.6737,9.549,8.368,1.181,0.138849,0.0559252,9.134,8.028,1.106,13,4,train,train,train,train,train,train,train,test,train,train
4697,2020_Townsend,CC(C)C[C@H]1C(=O)N[C@@H](Cc2ccccc2)C(=O)N2CCC[C@H]2C(=O)N(C)[C@@H](C)C(=O)N(C)[C@H](CC(C)C)C(=O)N(Cc2ccccc2)CC(=O)N2CCC[C@H]2C(=O)N1C,hepta_1120,4697,-5.85,7,7,Circle,0.126887,0.0427483,-30.0455,9.172,7.972,1.2,0.130391,0.0536262,8.754,7.738,1.016,64,83,train,train,train,train,val,train,train,train,test,train
4696,2020_Townsend,CC(C)C[C@@H]1C(=O)N(Cc2ccccc2)CC(=O)N2CCC[C@H]2C(=O)N(C)[C@H](CC(C)C)C(=O)N[C@@H](Cc2ccccc2)C(=O)N2CCC[C@H]2C(=O)N(C)[C@@H](C)C(=O)N1C,hepta_1119,4696,-6.11,7,7,Circle,0.125694,0.0437042,-32.5458,9.419,8.224,1.195,0.118294,0.04197,9.211,8.062,1.149,52,64,val,train,train,train,train,train,train,train,train,train
4695,2020_Townsend,CC(C)C[C@@H]1C(=O)N2CCC[C@H]2C(=O)N(C)[C@H](CC(C)C)C(=O)N[C@@H](Cc2ccccc2)C(=O)N2CCC[C@H]2C(=O)N(C)[C@@H](C)C(=O)N(Cc2ccccc2)CC(=O)N1C,hepta_1118,4695,-5.59,7,7,Circle,0.143448,0.048972,-27.6101,9.243,8.099,1.144,0.150932,0.0424744,9.195,8.182,1.013,15,42,train,train,train,train,train,train,val,val,test,train
4692,2020_Townsend,CC(C)C[C@@H]1NC(=O)[C@H](C)N(C)C(=O)[C@@H]2CCCN2C(=O)[C@H](Cc2ccccc2)NC(=O)CN(Cc2ccccc2)C(=O)[C@@H]2CCCN2C(=O)[C@@H](CC(C)C)N(C)C1=O,hepta_1115,4692,-5.66,7,7,Circle,0.162801,0.0517716,-28.2021,9.431,8.295,1.136,0.155258,0.0450804,9.224,8.086,1.138,37,86,train,train,train,train,train,test,train,train,train,train
4691,2020_Townsend,CC(C)C[C@@H]1NC(=O)CN(Cc2ccccc2)C(=O)[C@H](C)N(C)C(=O)[C@@H]2CCCN2C(=O)[C@H](Cc2ccccc2)NC(=O)[C@@H](CC(C)C)N(C)C(=O)[C@@H]2CCCN2C1=O,hepta_1114,4691,-5.64,7,7,Circle,0.152225,0.0519344,-27.04,9.171,8.018,1.153,0.141048,0.05694,8.931,7.893,1.038,82,25,train,train,train,train,train,train,val,train,train,test
4690,2020_Townsend,CC(C)C[C@H]1C(=O)N[C@@H](Cc2ccccc2)C(=O)N2CCC[C@H]2C(=O)N(C)[C@@H](C)C(=O)N(Cc2ccccc2)CC(=O)N[C@H](CC(C)C)C(=O)N2CCC[C@H]2C(=O)N1C,hepta_1113,4690,-5.17,7,7,Circle,0.133773,0.062095,-31.8089,9.375,8.222,1.153,0.112716,0.0361155,8.695,7.702,0.993,63,53,test,train,train,train,train,train,train,test,train,train
4689,2020_Townsend,CC(C)C[C@@H]1NC(=O)[C@@H](CC(C)C)N(C)C(=O)[C@H](C)N(C)C(=O)[C@@H]2CCCN2C(=O)[C@H](Cc2ccccc2)NC(=O)CN(Cc2ccccc2)C(=O)[C@@H]2CCCN2C1=O,hepta_1112,4689,-5.81,7,7,Circle,0.162139,0.0552052,-25.9612,9.497,8.342,1.155,0.158284,0.0470895,9.009,7.977,1.032,54,47,train,test,train,train,train,train,test,train,test,train
4688,2020_Townsend,CC(C)C[C@H]1C(=O)N2CCC[C@H]2C(=O)N(Cc2ccccc2)CC(=O)N[C@@H](Cc2ccccc2)C(=O)N2CCC[C@H]2C(=O)N(C)[C@@H](C)C(=O)N[C@H](CC(C)C)C(=O)N1C,hepta_1111,4688,-5.88,7,7,Circle,0.138584,0.048126,-33.6484,9.526,8.316,1.21,0.147518,0.0498218,9.186,7.959,1.227,44,38,train,train,train,train,val,train,test,train,val,train
4686,2020_Townsend,CC(C)C[C@@H]1NC(=O)[C@H](C)N(C)C(=O)[C@@H]2CCCN2C(=O)[C@H](Cc2ccccc2)NC(=O)[C@@H](CC(C)C)N(C)C(=O)[C@@H]2CCCN2C(=O)CN(Cc2ccccc2)C1=O,hepta_1109,4686,-6.04,7,7,Circle,0.19721,0.0690994,-34.2009,9.507,8.307,1.2,0.131926,0.0452851,8.671,7.503,1.168,32,79,train,val,train,test,train,train,val,train,val,train
4685,2020_Townsend,CC(C)C[C@H]1C(=O)N[C@@H](Cc2ccccc2)C(=O)N2CCC[C@H]2C(=O)N(C)[C@@H](C)C(=O)N[C@H](CC(C)C)C(=O)N(Cc2ccccc2)CC(=O)N2CCC[C@H]2C(=O)N1C,hepta_1108,4685,-6.09,7,7,Circle,0.145074,0.0667722,-36.9101,9.234,7.917,1.317,0.117007,0.0414837,9.065,7.921,1.144,55,78,test,test,train,train,train,train,test,train,train,train
4684,2020_Townsend,CC(C)C[C@H]1C(=O)N[C@H](CC(C)C)C(=O)N2CCC[C@H]2C(=O)N(Cc2ccccc2)CC(=O)N[C@@H](Cc2ccccc2)C(=O)N2CCC[C@H]2C(=O)N(C)[C@@H](C)C(=O)N1C,hepta_1107,4684,-5.9,7,7,Circle,0.141489,0.0445213,-28.473,9.257,7.969,1.288,0.122869,0.0436127,9.022,7.799,1.223,91,8,train,train,train,train,train,train,train,train,train,train
4683,2020_Townsend,CC(C)C[C@@H]1NC(=O)[C@@H]2CCCN2C(=O)CN(Cc2ccccc2)C(=O)[C@@H](CC(C)C)N(C)C(=O)[C@H](C)N(C)C(=O)[C@@H]2CCCN2C(=O)[C@H](Cc2ccccc2)NC1=O,hepta_1106,4683,-10.0,7,7,Circle,0.121569,0.0443261,-33.0872,9.211,7.965,1.246,0.136566,0.0474692,9.242,8.041,1.201,99,5,train,train,test,train,train,train,val,val,train,train
4681,2020_Townsend,CC(C)C[C@H]1C(=O)N[C@@H](Cc2ccccc2)C(=O)N2CCC[C@H]2C(=O)N(C)[C@@H](C)C(=O)N(C)[C@H](CC(C)C)C(=O)N(C)[C@@H](CC(C)C)C(=O)N2CCC[C@H]2C(=O)N1C,hepta_1104,4681,-5.55,7,7,Circle,0.100834,0.0436469,-27.8339,9.285,8.133,1.152,0.117358,0.0378691,9.326,8.174,1.152,18,29,train,train,train,val,train,test,train,train,val,train
4680,2020_Townsend,CC(C)C[C@H]1C(=O)N(C)[C@H](CC(C)C)C(=O)N2CCC[C@H]2C(=O)N(C)[C@@H](CC(C)C)C(=O)N[C@@H](Cc2ccccc2)C(=O)N2CCC[C@H]2C(=O)N(C)[C@@H](C)C(=O)N1C,hepta_1103,4680,-5.4,7,7,Circle,0.145077,0.0533835,-24.5279,9.201,8.068,1.133,0.131559,0.0401154,9.221,8.242,0.979,64,14,train,train,train,train,train,train,train,train,train,train
4679,2020_Townsend,CC(C)C[C@H]1NC(=O)CN(Cc2ccccc2)C(=O)[C@H](C)N(C)C(=O)[C@@H]2CCCN2C(=O)[C@H](Cc2ccccc2)NC(=O)[C@@H](CC(C)C)N(C)C(=O)[C@@H]2CCCN2C1=O,hepta_1102,4679,-5.22,7,7,Circle,0.135664,0.0619929,-28.5342,8.879,7.68,1.199,0.127013,0.0391877,8.731,7.781,0.95,71,77,train,train,train,train,train,train,val,train,train,test
4678,2020_Townsend,CC(C)C[C@H]1NC(=O)[C@@H](CC(C)C)N(C)C(=O)[C@H](C)N(C)C(=O)[C@@H]2CCCN2C(=O)[C@H](Cc2ccccc2)NC(=O)CN(Cc2ccccc2)C(=O)[C@@H]2CCCN2C1=O,hepta_1101,4678,-5.17,7,7,Circle,0.184359,0.0590538,-20.3818,9.274,8.229,1.045,0.175104,0.0471618,9.156,8.115,1.041,45,84,val,train,train,train,train,test,val,test,train,train
4677,2020_Townsend,CC(C)C[C@H]1NC(=O)[C@@H]2CCCN2C(=O)[C@@H](CC(C)C)N(C)C(=O)CN(Cc2ccccc2)C(=O)[C@H](C)N(C)C(=O)[C@@H]2CCCN2C(=O)[C@H](Cc2ccccc2)NC1=O,hepta_1100,4677,-5.52,7,7,Circle,0.158319,0.0501193,-26.9208,9.188,8.039,1.149,0.146662,0.0448046,8.992,7.818,1.174,92,28,train,train,train,train,train,train,val,train,train,train
4676,2020_Townsend,CC(C)C[C@H]1NC(=O)[C@H](C)N(C)C(=O)[C@@H]2CCCN2C(=O)[C@H](Cc2ccccc2)NC(=O)[C@@H](CC(C)C)N(C)C(=O)[C@@H]2CCCN2C(=O)CN(Cc2ccccc2)C1=O,hepta_1099,4676,-6.25,7,7,Circle,0.128282,0.0430634,-36.2628,9.517,8.373,1.144,0.149602,0.0658387,9.11,8.151,0.959,63,22,train,train,train,train,train,val,test,train,train,train
4675,2020_Townsend,CC(C)C[C@H]1NC(=O)[C@@H]2CCCN2C(=O)CN(Cc2ccccc2)C(=O)[C@@H](CC(C)C)N(C)C(=O)[C@H](C)N(C)C(=O)[C@@H]2CCCN2C(=O)[C@H](Cc2ccccc2)NC1=O,hepta_1098,4675,-6.36,7,7,Circle,0.145635,0.0501891,-29.343,9.012,7.882,1.13,0.127298,0.0379192,9.276,8.095,1.181,36,93,train,train,train,train,train,train,train,train,train,train
4673,2020_Townsend,CC(C)C[C@H]1C(=O)N2CCC[C@H]2C(=O)N(C)[C@H](CC(C)C)C(=O)N[C@@H](Cc2ccccc2)C(=O)N2CCC[C@H]2C(=O)N(C)[C@@H](C)C(=O)N(C)[C@H](CC(C)C)C(=O)N1C,hepta_1096,4673,-5.73,7,7,Circle,0.141351,0.0434703,-27.6631,9.46,8.324,1.136,0.134009,0.0352595,9.268,8.293,0.975,96,65,train,test,train,train,train,test,train,test,train,train
4672,2020_Townsend,CC(C)C[C@H]1C(=O)N(C)[C@H](CC(C)C)C(=O)N2CCC[C@H]2C(=O)N(C)[C@H](CC(C)C)C(=O)N[C@@H](Cc2ccccc2)C(=O)N2CCC[C@H]2C(=O)N(C)[C@@H](C)C(=O)N1C,hepta_1095,4672,-6.14,7,7,Circle,0.11939,0.0420931,-21.952,9.223,8.032,1.191,0.111698,0.0411206,9.111,7.988,1.123,83,70,train,train,train,train,val,train,train,train,train,train
4671,2020_Townsend,CC(C)C[C@@H]1C(=O)N(C)[C@H](CC(C)C)C(=O)N2CCC[C@H]2C(=O)N(C)[C@H](CC(C)C)C(=O)N[C@@H](Cc2ccccc2)C(=O)N2CCC[C@H]2C(=O)N(C)[C@@H](C)C(=O)N1C,hepta_1094,4671,-5.8,7,7,Circle,0.118354,0.0412258,-21.7651,9.098,8.006,1.092,0.105887,0.0355613,9.058,8.016,1.042,91,73,train,train,train,val,train,train,train,val,train,train
4670,2020_Townsend,CC(C)C[C@@H]1NC(=O)[C@H](C)N(C)C(=O)[C@@H]2CCCN2C(=O)[C@H](Cc2ccccc2)NC(=O)CN(Cc2ccccc2)C(=O)[C@@H]2CCCN2C(=O)[C@H](CC(C)C)NC1=O,hepta_1093,4670,-6.17,7,7,Circle,0.125822,0.035604,-40.319,8.671,7.243,1.428,0.175027,0.0559548,8.66,7.581,1.079,19,55,test,train,train,train,train,train,train,train,train,train
4669,2020_Townsend,CC(C)C[C@@H]1NC(=O)[C@@H]2CCCN2C(=O)CN(Cc2ccccc2)C(=O)[C@H](CC(C)C)NC(=O)[C@H](C)N(C)C(=O)[C@@H]2CCCN2C(=O)[C@H](Cc2ccccc2)NC1=O,hepta_1092,4669,-6.28,7,7,Circle,0.163519,0.0574909,-27.9056,8.905,7.732,1.173,0.152163,0.0505157,8.689,7.553,1.136,6,9,val,train,train,train,train,train,train,val,train,train
4668,2020_Townsend,CC(C)C[C@@H]1NC(=O)[C@H](CC(C)C)N(C)C(=O)[C@H](C)N(C)C(=O)[C@@H]2CCCN2C(=O)[C@H](Cc2ccccc2)NC(=O)[C@H](CC(C)C)N(C)C(=O)[C@@H]2CCCN2C1=O,hepta_1091,4668,-5.16,7,7,Circle,0.122448,0.0463047,-34.2702,9.045,7.83,1.215,0.115674,0.0427852,8.967,8.071,0.896,69,14,train,train,train,test,val,train,train,train,train,test
4667,2020_Townsend,CC(C)C[C@@H]1NC(=O)[C@H](C)N(C)C(=O)[C@@H]2CCCN2C(=O)[C@H](Cc2ccccc2)NC(=O)[C@@H](CC(C)C)NC(=O)[C@@H]2CCCN2C(=O)CN(Cc2ccccc2)C1=O,hepta_1090,4667,-6.04,7,7,Circle,0.179854,0.088617,-31.1594,8.857,7.617,1.24,0.162361,0.0642458,8.598,7.419,1.179,19,92,train,train,train,train,train,train,train,train,test,train
4666,2020_Townsend,CC(C)C[C@@H]1NC(=O)[C@@H](CC(C)C)NC(=O)[C@H](C)N(C)C(=O)[C@@H]2CCCN2C(=O)[C@H](Cc2ccccc2)NC(=O)CN(Cc2ccccc2)C(=O)[C@@H]2CCCN2C1=O,hepta_1089,4666,-6.29,7,7,Circle,0.172948,0.0619151,-36.755,9.473,8.156,1.317,0.157254,0.0607381,8.907,7.692,1.215,97,73,train,train,train,test,train,train,val,train,train,train
4664,2020_Townsend,CC(C)C[C@@H]1NC(=O)[C@@H]2CCCN2C(=O)CN(Cc2ccccc2)C(=O)[C@@H](CC(C)C)NC(=O)[C@H](C)N(C)C(=O)[C@@H]2CCCN2C(=O)[C@H](Cc2ccccc2)NC1=O,hepta_1087,4664,-6.79,7,7,Circle,0.164123,0.0707105,-32.3094,8.721,7.462,1.259,0.133082,0.0535109,8.495,7.297,1.198,19,76,train,train,val,train,train,train,train,val,train,train
4663,2020_Townsend,CC(C)C[C@@H]1NC(=O)[C@H](C)N(C)C(=O)[C@@H]2CCCN2C(=O)[C@H](Cc2ccccc2)NC(=O)[C@H](CC(C)C)N(C)C(=O)[C@@H]2CCCN2C(=O)[C@@H](CC(C)C)N(C)C1=O,hepta_1086,4663,-5.28,7,7,Circle,0.160181,0.0495619,-22.3471,9.132,7.941,1.191,0.182192,0.0644479,9.039,7.975,1.064,64,55,train,train,train,train,val,train,train,val,train,train
4662,2020_Townsend,CC(C)C[C@H]1C(=O)N[C@@H](Cc2ccccc2)C(=O)N2CCC[C@H]2C(=O)N(C)[C@@H](C)C(=O)N[C@H](CC(C)C)C(=O)N(C)[C@@H](CC(C)C)C(=O)N2CCC[C@H]2C(=O)N1C,hepta_1085,4662,-5.59,7,7,Circle,0.199353,0.0913416,-30.1972,9.409,8.402,1.007,0.127563,0.0427449,9.307,8.145,1.162,24,30,train,train,val,train,train,train,train,val,test,train
4661,2020_Townsend,CC(C)C[C@@H]1NC(=O)[C@@H]2CCCN2C(=O)[C@H](CC(C)C)N(C)C(=O)[C@@H](CC(C)C)N(C)C(=O)[C@H](C)N(C)C(=O)[C@@H]2CCCN2C(=O)[C@H](Cc2ccccc2)NC1=O,hepta_1084,4661,-6.41,7,7,Circle,0.111681,0.042869,-25.5184,9.226,8.135,1.091,0.135133,0.041086,9.158,8.054,1.104,49,2,train,train,test,train,test,train,val,train,train,train
4660,2020_Townsend,CC(C)C[C@@H]1NC(=O)[C@H](C)N(C)C(=O)[C@@H]2CCCN2C(=O)[C@H](Cc2ccccc2)NC(=O)[C@@H](CC(C)C)N(C)C(=O)[C@@H]2CCCN2C(=O)[C@H](CC(C)C)N(C)C1=O,hepta_1083,4660,-6.22,7,7,Circle,0.113291,0.0457678,-27.2198,9.417,8.305,1.112,0.12291,0.0372693,8.905,7.971,0.934,82,11,train,train,train,train,val,train,val,train,train,train
4659,2020_Townsend,CC(C)C[C@H]1NC(=O)[C@@H]2CCCN2C(=O)[C@@H](CC(C)C)NC(=O)CN(Cc2ccccc2)C(=O)[C@H](C)N(C)C(=O)[C@@H]2CCCN2C(=O)[C@H](Cc2ccccc2)NC1=O,hepta_1082,4659,-5.8,7,7,Circle,0.149903,0.0416468,-31.9287,9.068,7.883,1.185,0.241505,0.109787,8.695,7.477,1.218,68,70,train,test,train,train,val,val,train,train,train,train
4658,2020_Townsend,CC(C)C[C@H]1NC(=O)[C@H](C)N(C)C(=O)[C@@H]2CCCN2C(=O)[C@H](Cc2ccccc2)NC(=O)CN(Cc2ccccc2)C(=O)[C@@H]2CCCN2C(=O)[C@@H](CC(C)C)NC1=O,hepta_1081,4658,-6.38,7,7,Circle,0.126456,0.0448477,-48.6734,9.5,8.296,1.204,0.0968588,0.035524,8.854,7.793,1.061,28,87,train,val,train,val,train,train,train,test,train,val
4657,2020_Townsend,CC(C)C[C@@H]1NC(=O)[C@@H](CC(C)C)N(C)C(=O)[C@H](C)N(C)C(=O)[C@@H]2CCCN2C(=O)[C@H](Cc2ccccc2)NC(=O)[C@@H](CC(C)C)N(C)C(=O)[C@@H]2CCCN2C1=O,hepta_1080,4657,-5.47,7,7,Circle,0.146047,0.0443097,-34.3799,9.242,8.037,1.205,0.134933,0.0337454,9.323,8.221,1.102,12,100,train,train,train,train,train,train,train,test,train,train
4656,2020_Townsend,CC(C)C[C@H]1C(=O)N[C@@H](Cc2ccccc2)C(=O)N2CCC[C@H]2C(=O)N(C)[C@@H](C)C(=O)N(C)[C@H](CC(C)C)C(=O)N[C@H](CC(C)C)C(=O)N2CCC[C@H]2C(=O)N1C,hepta_1079,4656,-5.03,7,7,Circle,0.112857,0.0455422,-19.6735,9.025,7.983,1.042,0.125317,0.0355621,8.913,7.933,0.98,56,92,train,train,train,train,test,train,train,train,train,train
4655,2020_Townsend,CC(C)C[C@@H]1NC(=O)[C@H](C)N(C)C(=O)[C@@H]2CCCN2C(=O)[C@H](Cc2ccccc2)NC(=O)[C@@H](CC(C)C)N(C)C(=O)[C@@H]2CCCN2C(=O)[C@@H](CC(C)C)N(C)C1=O,hepta_1078,4655,-5.32,7,7,Circle,0.17743,0.0664784,-30.4772,9.468,8.228,1.24,0.290839,0.141798,9.0,7.808,1.192,55,52,train,train,train,val,train,train,train,val,train,train
4654,2020_Townsend,CC(C)C[C@H]1C(=O)N2CCC[C@H]2C(=O)N(C)[C@H](CC(C)C)C(=O)N[C@@H](Cc2ccccc2)C(=O)N2CCC[C@H]2C(=O)N(C)[C@@H](C)C(=O)N[C@H](CC(C)C)C(=O)N1C,hepta_1077,4654,-5.99,7,7,Circle,0.164601,0.0580367,-29.5842,9.256,8.115,1.141,0.127021,0.0477715,9.204,8.203,1.001,59,5,test,train,train,train,train,train,val,train,train,train
4653,2020_Townsend,CC(C)C[C@H]1C(=O)N[C@@H](Cc2ccccc2)C(=O)N2CCC[C@H]2C(=O)N(C)[C@@H](C)C(=O)N[C@H](CC(C)C)C(=O)N(C)[C@H](CC(C)C)C(=O)N2CCC[C@H]2C(=O)N1C,hepta_1076,4653,-5.06,7,7,Circle,0.124636,0.0469683,-19.9125,9.19,8.084,1.106,0.119239,0.0417182,9.066,7.976,1.09,98,52,train,train,train,test,train,train,train,val,train,train
4652,2020_Townsend,CC(C)C[C@H]1C(=O)N[C@H](CC(C)C)C(=O)N2CCC[C@H]2C(=O)N(C)[C@H](CC(C)C)C(=O)N[C@@H](Cc2ccccc2)C(=O)N2CCC[C@H]2C(=O)N(C)[C@@H](C)C(=O)N1C,hepta_1075,4652,-6.0,7,7,Circle,0.11886,0.042128,-25.437,9.23,7.908,1.322,0.151622,0.053372,8.982,7.961,1.021,27,8,train,train,train,train,train,train,train,train,train,test
4651,2020_Townsend,CC(C)C[C@H]1C(=O)N2CCC[C@H]2C(=O)N[C@H](CC(C)C)C(=O)N[C@@H](Cc2ccccc2)C(=O)N2CCC[C@H]2C(=O)N(C)[C@@H](C)C(=O)N(C)[C@H](CC(C)C)C(=O)N1C,hepta_1074,4651,-6.51,7,7,Circle,0.116722,0.048314,-33.281,9.289,7.984,1.305,0.153308,0.0610972,9.196,8.003,1.193,79,85,train,val,train,test,test,train,train,train,train,train
4650,2020_Townsend,CC(C)C[C@H]1C(=O)N(C)[C@H](CC(C)C)C(=O)N2CCC[C@H]2C(=O)N[C@H](CC(C)C)C(=O)N[C@@H](Cc2ccccc2)C(=O)N2CCC[C@H]2C(=O)N(C)[C@@H](C)C(=O)N1C,hepta_1073,4650,-10.0,7,7,Circle,0.112185,0.0439177,-28.005,9.196,7.881,1.315,0.106278,0.0350914,9.024,8.065,0.959,51,47,test,val,train,train,train,train,train,train,train,train
4649,2020_Townsend,CC(C)C[C@H]1NC(=O)[C@@H](CC(C)C)N(C)C(=O)[C@H](C)N(C)C(=O)[C@@H]2CCCN2C(=O)[C@H](Cc2ccccc2)NC(=O)[C@@H](CC(C)C)N(C)C(=O)[C@@H]2CCCN2C1=O,hepta_1072,4649,-5.05,7,7,Circle,0.121495,0.0472635,-20.3267,9.026,8.007,1.019,0.139241,0.0402843,8.86,7.895,0.965,70,80,train,train,train,train,train,train,train,train,train,val
4648,2020_Townsend,CC(C)C[C@H]1NC(=O)[C@@H]2CCCN2C(=O)[C@@H](CC(C)C)N(C)C(=O)[C@@H](CC(C)C)N(C)C(=O)[C@H](C)N(C)C(=O)[C@@H]2CCCN2C(=O)[C@H](Cc2ccccc2)NC1=O,hepta_1071,4648,-6.49,7,7,Circle,0.130336,0.0534931,-26.7916,9.153,8.02,1.133,0.134592,0.0453516,9.037,7.926,1.111,58,12,train,train,train,train,train,train,train,test,val,train
4647,2020_Townsend,CC(C)C[C@H]1NC(=O)[C@H](C)N(C)C(=O)[C@@H]2CCCN2C(=O)[C@H](Cc2ccccc2)NC(=O)[C@@H](CC(C)C)N(C)C(=O)[C@@H]2CCCN2C(=O)[C@@H](CC(C)C)N(C)C1=O,hepta_1070,4647,-5.54,7,7,Circle,0.135666,0.0510658,-22.7863,9.27,8.149,1.121,0.163148,0.0644052,9.162,7.904,1.258,72,13,test,train,train,train,train,train,train,train,train,train
4646,2020_Townsend,CC(C)C[C@@H]1NC(=O)[C@H](C)N(C)C(=O)[C@@H]2CCCN2C(=O)[C@H](Cc2ccccc2)NC(=O)[C@H](CC(C)C)N(C)C(=O)[C@@H]2CCCN2C(=O)[C@H](CC(C)C)NC1=O,hepta_1069,4646,-5.86,7,7,Circle,0.135512,0.0517608,-33.681,9.345,8.11,1.235,0.140427,0.0503856,8.647,7.616,1.031,3,7,train,train,train,test,train,test,train,train,test,train
4645,2020_Townsend,CC(C)C[C@@H]1NC(=O)[C@@H]2CCCN2C(=O)[C@H](CC(C)C)N(C)C(=O)[C@H](CC(C)C)NC(=O)[C@H](C)N(C)C(=O)[C@@H]2CCCN2C(=O)[C@H](Cc2ccccc2)NC1=O,hepta_1068,4645,-5.91,7,7,Circle,0.151861,0.0683644,-25.0203,8.73,7.745,0.985,0.134763,0.0486194,8.681,7.654,1.027,13,50,test,val,train,train,train,test,train,train,train,train
4644,2020_Townsend,CC(C)C[C@@H]1NC(=O)[C@H](C)N(C)C(=O)[C@@H]2CCCN2C(=O)[C@H](Cc2ccccc2)NC(=O)[C@@H](CC(C)C)N(C)C(=O)[C@@H]2CCCN2C(=O)[C@H](CC(C)C)NC1=O,hepta_1067,4644,-5.91,7,7,Circle,0.123802,0.0511826,-31.1925,8.87,7.517,1.353,0.159519,0.0686318,8.919,7.738,1.181,41,20,train,train,train,test,train,train,test,train,train,train
4643,2020_Townsend,CC(C)C[C@@H]1NC(=O)[C@@H]2CCCN2C(=O)[C@@H](CC(C)C)N(C)C(=O)[C@H](CC(C)C)NC(=O)[C@H](C)N(C)C(=O)[C@@H]2CCCN2C(=O)[C@H](Cc2ccccc2)NC1=O,hepta_1066,4643,-5.68,7,7,Circle,0.120604,0.0514604,-31.8304,9.003,7.759,1.244,0.119057,0.0460036,8.7,7.481,1.219,73,81,train,val,train,train,train,train,train,val,train,train
4642,2020_Townsend,CC(C)C[C@@H]1NC(=O)[C@H](C)N(C)C(=O)[C@@H]2CCCN2C(=O)[C@H](Cc2ccccc2)NC(=O)[C@H](CC(C)C)N(C)C(=O)[C@@H]2CCCN2C(=O)[C@@H](CC(C)C)NC1=O,hepta_1065,4642,-5.33,7,7,Circle,0.159437,0.0709547,-25.2984,8.97,7.663,1.307,0.145258,0.048949,8.602,7.501,1.101,58,20,train,train,train,train,train,test,train,val,train,train
4641,2020_Townsend,CC(C)C[C@@H]1NC(=O)[C@@H]2CCCN2C(=O)[C@H](CC(C)C)N(C)C(=O)[C@@H](CC(C)C)NC(=O)[C@H](C)N(C)C(=O)[C@@H]2CCCN2C(=O)[C@H](Cc2ccccc2)NC1=O,hepta_1064,4641,-6.77,7,7,Circle,0.179548,0.0718476,-34.5482,8.971,7.645,1.326,0.136544,0.0447644,8.901,7.629,1.272,31,87,train,train,train,train,train,train,train,train,train,train
4640,2020_Townsend,CC(C)C[C@@H]1NC(=O)[C@H](C)N(C)C(=O)[C@@H]2CCCN2C(=O)[C@H](Cc2ccccc2)NC(=O)[C@@H](CC(C)C)NC(=O)[C@@H]2CCCN2C(=O)[C@H](CC(C)C)N(C)C1=O,hepta_1063,4640,-7.66,7,7,Circle,0.303322,0.154052,-33.9322,9.483,8.262,1.221,0.134585,0.0507692,8.841,7.732,1.109,43,61,train,train,train,train,train,train,train,train,train,train
4639,2020_Townsend,CC(C)C[C@@H]1NC(=O)[C@H](C)N(C)C(=O)[C@@H]2CCCN2C(=O)[C@H](Cc2ccccc2)NC(=O)[C@@H](CC(C)C)N(C)C(=O)[C@@H]2CCCN2C(=O)[C@@H](CC(C)C)NC1=O,hepta_1062,4639,-5.56,7,7,Circle,0.13553,0.0603669,-26.0676,9.099,7.774,1.325,0.143308,0.0548735,8.623,7.538,1.085,63,24,train,train,train,val,test,train,train,train,train,train
4638,2020_Townsend,CC(C)C[C@@H]1NC(=O)[C@H](C)N(C)C(=O)[C@@H]2CCCN2C(=O)[C@H](Cc2ccccc2)NC(=O)[C@@H](CC(C)C)NC(=O)[C@@H]2CCCN2C(=O)[C@@H](CC(C)C)N(C)C1=O,hepta_1061,4638,-5.96,7,7,Circle,0.145919,0.0405345,-27.518,9.17,7.906,1.264,0.159874,0.0520462,8.92,7.676,1.244,43,63,train,test,train,train,train,train,train,train,train,train
4637,2020_Townsend,CC(C)C[C@H]1C(=O)N2CCC[C@H]2C(=O)N[C@H](CC(C)C)C(=O)N[C@@H](Cc2ccccc2)C(=O)N2CCC[C@H]2C(=O)N(C)[C@@H](C)C(=O)N[C@H](CC(C)C)C(=O)N1C,hepta_1060,4637,-6.38,7,7,Circle,0.133541,0.0461425,-32.0056,9.107,7.785,1.322,0.105,0.039155,8.761,7.518,1.243,49,16,train,test,test,test,train,train,train,train,train,test
4636,2020_Townsend,CC(C)C[C@H]1C(=O)N[C@H](CC(C)C)C(=O)N2CCC[C@H]2C(=O)N[C@H](CC(C)C)C(=O)N[C@@H](Cc2ccccc2)C(=O)N2CCC[C@H]2C(=O)N(C)[C@@H](C)C(=O)N1C,hepta_1059,4636,-7.13,7,7,Circle,0.219407,0.0930325,-37.8218,9.485,8.268,1.217,0.138781,0.0540712,8.901,7.676,1.225,58,45,train,train,train,train,train,train,train,train,train,test
4635,2020_Townsend,CC(C)C[C@H]1NC(=O)[C@@H]2CCCN2C(=O)[C@@H](CC(C)C)NC(=O)[C@@H](CC(C)C)N(C)C(=O)[C@H](C)N(C)C(=O)[C@@H]2CCCN2C(=O)[C@H](Cc2ccccc2)NC1=O,hepta_1058,4635,-5.55,7,7,Circle,0.149331,0.0560362,-24.1524,8.918,7.786,1.132,0.15467,0.0542996,8.896,7.791,1.105,75,79,train,train,train,train,test,train,train,train,train,train
4634,2020_Townsend,CC(C)C[C@H]1NC(=O)[C@H](C)N(C)C(=O)[C@@H]2CCCN2C(=O)[C@H](Cc2ccccc2)NC(=O)[C@@H](CC(C)C)N(C)C(=O)[C@@H]2CCCN2C(=O)[C@@H](CC(C)C)NC1=O,hepta_1057,4634,-6.0,7,7,Circle,0.125015,0.0575981,-33.129,9.419,7.975,1.444,0.147773,0.0477756,8.862,7.859,1.003,64,71,train,test,train,train,train,train,train,train,train,train
4633,2020_Townsend,CC(C)C[C@@H]1NC(=O)[C@H](C)N(C)C(=O)[C@@H]2CCCN2C(=O)[C@H](Cc2ccccc2)NC(=O)[C@H](CC(C)C)NC(=O)[C@@H]2CCCN2C(=O)[C@H](CC(C)C)NC1=O,hepta_1056,4633,-6.43,7,7,Circle,0.140195,0.06571,-36.1749,8.859,7.334,1.525,0.149341,0.0476353,8.555,7.354,1.201,40,54,train,train,train,train,train,train,val,train,train,train
4632,2020_Townsend,CC(C)C[C@@H]1NC(=O)[C@H](C)N(C)C(=O)[C@@H]2CCCN2C(=O)[C@H](Cc2ccccc2)NC(=O)[C@H](CC(C)C)NC(=O)[C@@H]2CCCN2C(=O)[C@@H](CC(C)C)NC1=O,hepta_1055,4632,-5.96,7,7,Circle,0.140418,0.0636513,-28.7271,8.871,7.461,1.41,0.144653,0.0476579,8.416,7.198,1.218,57,78,val,train,train,train,train,train,train,train,train,test
4631,2020_Townsend,CC(C)C[C@@H]1NC(=O)[C@H](C)N(C)C(=O)[C@@H]2CCCN2C(=O)[C@H](Cc2ccccc2)NC(=O)[C@@H](CC(C)C)NC(=O)[C@@H]2CCCN2C(=O)[C@H](CC(C)C)NC1=O,hepta_1054,4631,-4.0,7,7,Circle,0.124598,0.0613533,-37.6244,9.127,7.664,1.463,0.137955,0.0546751,8.495,7.209,1.286,100,50,val,test,val,train,train,train,test,train,val,train
4630,2020_Townsend,CC(C)C[C@@H]1NC(=O)[C@@H]2CCCN2C(=O)[C@H](CC(C)C)NC(=O)[C@@H](CC(C)C)NC(=O)[C@H](C)N(C)C(=O)[C@@H]2CCCN2C(=O)[C@H](Cc2ccccc2)NC1=O,hepta_1053,4630,-7.49,7,7,Circle,0.119469,0.0416911,-38.6431,9.488,8.143,1.345,0.117569,0.0432365,8.51,7.525,0.985,40,68,test,train,train,train,train,test,train,train,train,test
4629,2020_Townsend,CC(C)C[C@@H]1NC(=O)[C@@H](CC(C)C)NC(=O)[C@H](C)N(C)C(=O)[C@@H]2CCCN2C(=O)[C@H](Cc2ccccc2)NC(=O)[C@@H](CC(C)C)NC(=O)[C@@H]2CCCN2C1=O,hepta_1052,4629,-6.17,7,7,Circle,0.191337,0.0741373,-28.134,9.248,7.919,1.329,0.160273,0.076138,8.779,7.668,1.111,75,42,train,train,val,train,train,train,train,train,train,test
4628,2020_Townsend,CC(C)C[C@H]1NC(=O)[C@H](C)N(C)C(=O)[C@@H]2CCCN2C(=O)[C@H](Cc2ccccc2)NC(=O)[C@@H](CC(C)C)NC(=O)[C@@H]2CCCN2C(=O)[C@@H](CC(C)C)NC1=O,hepta_1051,4628,-6.46,7,7,Circle,0.150286,0.0647966,-32.6637,8.988,7.609,1.379,0.133589,0.0582806,8.764,7.613,1.151,52,56,train,train,train,train,train,train,train,train,train,train
4623,2020_Townsend,CC(C)C[C@@H]1NC(=O)[C@H](C)NC(=O)[C@@H]2CCCN2C(=O)[C@H](Cc2ccccc2)NC(=O)CN(Cc2ccccc2)C(=O)[C@H]2CCCN2C(=O)CN(Cc2ccccc2)C1=O,hepta_1046,4623,-6.94,7,7,Circle,0.193823,0.0780656,-32.086,8.907,7.67,1.237,0.150938,0.0444606,8.965,7.674,1.291,84,28,train,train,train,train,train,train,val,train,val,train
4622,2020_Townsend,CC(C)C[C@H]1C(=O)N2CCC[C@@H]2C(=O)N(C)[C@@H](CC(C)C)C(=O)N[C@@H](Cc2ccccc2)C(=O)N2CCC[C@H]2C(=O)N[C@@H](C)C(=O)N(Cc2ccccc2)CC(=O)N1C,hepta_1045,4622,-5.57,7,7,Circle,0.115109,0.0412226,-29.6499,8.921,7.671,1.25,0.117968,0.0416542,8.98,7.76,1.22,87,61,train,train,train,train,train,val,train,train,train,train
4621,2020_Townsend,CC(C)C[C@H]1C(=O)N(Cc2ccccc2)CC(=O)N2CCC[C@@H]2C(=O)N(C)[C@@H](CC(C)C)C(=O)N[C@@H](Cc2ccccc2)C(=O)N2CCC[C@H]2C(=O)N[C@@H](C)C(=O)N1C,hepta_1044,4621,-10.0,7,7,Circle,0.152703,0.0584431,-29.0115,9.221,8.093,1.128,0.14698,0.0509251,9.273,8.026,1.247,73,17,train,test,test,train,train,train,train,train,train,train
4618,2020_Townsend,CC(C)C[C@H]1C(=O)N[C@@H](Cc2ccccc2)C(=O)N2CCC[C@H]2C(=O)N[C@@H](C)C(=O)N(C)[C@H](CC(C)C)C(=O)N(Cc2ccccc2)CC(=O)N2CCC[C@@H]2C(=O)N1C,hepta_1041,4618,-10.0,7,7,Circle,0.152033,0.0626561,-43.7256,9.125,8.016,1.109,0.135799,0.0385026,8.897,7.968,0.929,63,33,train,train,train,test,test,train,train,train,val,train
4617,2020_Townsend,CC(C)C[C@H]1C(=O)N(Cc2ccccc2)CC(=O)N2CCC[C@@H]2C(=O)N(C)[C@H](CC(C)C)C(=O)N[C@@H](Cc2ccccc2)C(=O)N2CCC[C@H]2C(=O)N[C@@H](C)C(=O)N1C,hepta_1040,4617,-5.94,7,7,Circle,0.16436,0.0588868,-30.8403,8.939,7.651,1.288,0.142991,0.04907,8.904,7.653,1.251,28,87,train,train,test,val,train,train,train,train,train,train
4615,2020_Townsend,CC(C)C[C@@H]1C(=O)N(Cc2ccccc2)CC(=O)N2CCC[C@@H]2C(=O)N(C)[C@H](CC(C)C)C(=O)N[C@@H](Cc2ccccc2)C(=O)N2CCC[C@H]2C(=O)N[C@@H](C)C(=O)N1C,hepta_1038,4615,-6.25,7,7,Circle,0.173013,0.0543551,-32.8701,9.161,7.964,1.197,0.143492,0.0375955,8.969,7.937,1.032,42,99,val,train,test,val,train,train,train,train,test,train
4612,2020_Townsend,CC(C)C[C@@H]1NC(=O)[C@H](C)NC(=O)[C@@H]2CCCN2C(=O)[C@H](Cc2ccccc2)NC(=O)CN(Cc2ccccc2)C(=O)[C@H]2CCCN2C(=O)[C@H](CC(C)C)N(C)C1=O,hepta_1035,4612,-6.57,7,7,Circle,0.170565,0.0471299,-54.7606,9.805,8.544,1.261,0.126889,0.0476418,9.048,7.794,1.254,95,100,train,train,train,val,train,val,train,test,train,test
4611,2020_Townsend,CC(C)C[C@@H]1NC(=O)[C@H]2CCCN2C(=O)CN(Cc2ccccc2)C(=O)[C@H](CC(C)C)N(C)C(=O)[C@H](C)NC(=O)[C@@H]2CCCN2C(=O)[C@H](Cc2ccccc2)NC1=O,hepta_1034,4611,-10.0,7,7,Circle,0.152768,0.0608677,-33.5239,9.247,7.966,1.281,0.170772,0.0552786,9.166,7.855,1.311,75,98,train,train,val,val,test,train,train,train,train,train
4609,2020_Townsend,CC(C)C[C@H]1C(=O)N[C@@H](Cc2ccccc2)C(=O)N2CCC[C@H]2C(=O)N[C@@H](C)C(=O)N[C@H](CC(C)C)C(=O)N(Cc2ccccc2)CC(=O)N2CCC[C@@H]2C(=O)N1C,hepta_1032,4609,-6.2,7,7,Circle,0.161295,0.0536652,-31.7723,9.098,7.909,1.189,0.162961,0.0701074,9.026,7.863,1.163,32,12,test,train,train,train,train,train,train,val,test,val
4608,2020_Townsend,CC(C)C[C@H]1C(=O)N2CCC[C@@H]2C(=O)N(Cc2ccccc2)CC(=O)N[C@@H](Cc2ccccc2)C(=O)N2CCC[C@H]2C(=O)N[C@@H](C)C(=O)N[C@H](CC(C)C)C(=O)N1C,hepta_1031,4608,-5.88,7,7,Circle,0.168888,0.048463,-46.4049,9.739,8.424,1.315,0.127216,0.0329487,9.161,7.827,1.334,49,15,val,train,test,test,train,test,train,train,test,train
4607,2020_Townsend,CC(C)C[C@@H]1NC(=O)[C@H]2CCCN2C(=O)CN(Cc2ccccc2)C(=O)[C@@H](CC(C)C)N(C)C(=O)[C@H](C)NC(=O)[C@@H]2CCCN2C(=O)[C@H](Cc2ccccc2)NC1=O,hepta_1030,4607,-6.11,7,7,Circle,0.119521,0.047384,-26.1866,8.823,7.594,1.229,0.139679,0.055803,8.83,7.572,1.258,74,4,train,train,train,train,train,train,train,val,test,train
4606,2020_Townsend,CC(C)C[C@@H]1NC(=O)CN(Cc2ccccc2)C(=O)[C@H](C)NC(=O)[C@@H]2CCCN2C(=O)[C@H](Cc2ccccc2)NC(=O)[C@@H](CC(C)C)N(C)C(=O)[C@H]2CCCN2C1=O,hepta_1029,4606,-6.13,7,7,Circle,0.1415,0.0594508,-37.7598,9.157,7.799,1.358,0.148682,0.0518555,8.888,7.472,1.416,62,49,train,train,val,train,train,test,val,train,train,train
4605,2020_Townsend,CC(C)C[C@@H]1NC(=O)[C@H](C)NC(=O)[C@@H]2CCCN2C(=O)[C@H](Cc2ccccc2)NC(=O)[C@@H](CC(C)C)N(C)C(=O)[C@H]2CCCN2C(=O)CN(Cc2ccccc2)C1=O,hepta_1028,4605,-10.0,7,7,Circle,0.156334,0.0654754,-37.7989,9.251,7.979,1.272,0.177035,0.0833102,9.139,7.996,1.143,4,92,train,train,train,train,train,train,train,train,test,test
4604,2020_Townsend,CC(C)C[C@H]1C(=O)N(Cc2ccccc2)CC(=O)N2CCC[C@@H]2C(=O)N[C@H](CC(C)C)C(=O)N[C@@H](Cc2ccccc2)C(=O)N2CCC[C@H]2C(=O)N[C@@H](C)C(=O)N1C,hepta_1027,4604,-10.0,7,7,Circle,0.12472,0.05275,-31.9536,9.262,8.014,1.248,0.156565,0.0483679,9.077,7.712,1.365,24,21,train,train,test,val,train,train,test,train,val,train
4603,2020_Townsend,CC(C)C[C@H]1C(=O)N2CCC[C@@H]2C(=O)N(C)[C@@H](CC(C)C)C(=O)N[C@@H](Cc2ccccc2)C(=O)N2CCC[C@H]2C(=O)N[C@@H](C)C(=O)N(C)[C@H](CC(C)C)C(=O)N1C,hepta_1026,4603,-5.11,7,7,Circle,0.0931503,0.0390762,-30.2758,8.819,7.469,1.35,0.148749,0.0502311,9.029,7.836,1.193,51,11,train,val,train,val,train,train,train,val,train,val
4602,2020_Townsend,CC(C)C[C@H]1NC(=O)[C@@H](CC(C)C)N(C)C(=O)[C@H](C)NC(=O)[C@@H]2CCCN2C(=O)[C@H](Cc2ccccc2)NC(=O)CN(Cc2ccccc2)C(=O)[C@H]2CCCN2C1=O,hepta_1025,4602,-5.96,7,7,Circle,0.150241,0.0528706,-28.4455,8.979,7.732,1.247,0.120237,0.0327363,8.722,7.599,1.123,90,87,train,val,train,test,train,train,train,train,train,test
4601,2020_Townsend,CC(C)C[C@H]1NC(=O)[C@H](C)NC(=O)[C@@H]2CCCN2C(=O)[C@H](Cc2ccccc2)NC(=O)[C@@H](CC(C)C)N(C)C(=O)[C@H]2CCCN2C(=O)CN(Cc2ccccc2)C1=O,hepta_1024,4601,-6.32,7,7,Circle,0.179783,0.0679054,-37.3402,9.237,7.878,1.359,0.146679,0.0494113,8.859,7.788,1.071,56,59,train,train,train,train,train,val,val,train,train,test
4600,2020_Townsend,CC(C)C[C@H]1NC(=O)[C@H]2CCCN2C(=O)CN(Cc2ccccc2)C(=O)[C@@H](CC(C)C)N(C)C(=O)[C@H](C)NC(=O)[C@@H]2CCCN2C(=O)[C@H](Cc2ccccc2)NC1=O,hepta_1023,4600,-5.95,7,7,Circle,0.172958,0.0541146,-34.7206,9.127,7.914,1.213,0.14808,0.0530487,8.866,7.67,1.196,9,92,test,train,train,test,train,train,train,val,train,train
4598,2020_Townsend,CC(C)C[C@H]1C(=O)N2CCC[C@@H]2C(=O)N(C)[C@H](CC(C)C)C(=O)N[C@@H](Cc2ccccc2)C(=O)N2CCC[C@H]2C(=O)N[C@@H](C)C(=O)N(C)[C@H](CC(C)C)C(=O)N1C,hepta_1021,4598,-5.59,7,7,Circle,0.104514,0.0347103,-19.8228,8.851,7.712,1.139,0.123686,0.0373171,8.942,7.844,1.098,51,100,train,train,train,train,train,train,train,test,train,train
4597,2020_Townsend,CC(C)C[C@H]1C(=O)N[C@@H](Cc2ccccc2)C(=O)N2CCC[C@H]2C(=O)N[C@@H](C)C(=O)N(C)[C@H](CC(C)C)C(=O)N(C)[C@H](CC(C)C)C(=O)N2CCC[C@@H]2C(=O)N1C,hepta_1020,4597,-5.46,7,7,Circle,0.123741,0.039058,-28.1747,8.79,7.654,1.136,0.12094,0.0380556,8.924,7.757,1.167,57,25,train,train,train,train,train,train,train,train,test,train
4596,2020_Townsend,CC(C)C[C@@H]1C(=O)N(C)[C@H](CC(C)C)C(=O)N2CCC[C@@H]2C(=O)N(C)[C@H](CC(C)C)C(=O)N[C@@H](Cc2ccccc2)C(=O)N2CCC[C@H]2C(=O)N[C@@H](C)C(=O)N1C,hepta_1019,4596,-10.0,7,7,Circle,0.131984,0.0427838,-30.7982,8.809,7.663,1.146,0.128331,0.0467427,8.866,7.669,1.197,44,85,train,val,train,val,val,test,test,val,train,train
4595,2020_Townsend,CC(C)C[C@@H]1NC(=O)[C@H]2CCCN2C(=O)CN(Cc2ccccc2)C(=O)[C@H](CC(C)C)NC(=O)[C@H](C)NC(=O)[C@@H]2CCCN2C(=O)[C@H](Cc2ccccc2)NC1=O,hepta_1018,4595,-6.41,7,7,Circle,0.148471,0.0489969,-38.9581,8.944,7.651,1.293,0.144847,0.0379702,8.426,7.312,1.114,83,92,train,train,train,train,train,train,train,train,train,train
4594,2020_Townsend,CC(C)C[C@@H]1NC(=O)[C@H](CC(C)C)N(C)C(=O)[C@H](C)NC(=O)[C@@H]2CCCN2C(=O)[C@H](Cc2ccccc2)NC(=O)[C@H](CC(C)C)N(C)C(=O)[C@H]2CCCN2C1=O,hepta_1017,4594,-5.28,7,7,Circle,0.115577,0.0357289,-33.7965,9.04,7.767,1.273,0.150533,0.0718529,8.8,7.769,1.031,32,57,train,test,train,test,val,train,train,train,train,train
4593,2020_Townsend,CC(C)C[C@@H]1NC(=O)[C@H](C)NC(=O)[C@@H]2CCCN2C(=O)[C@H](Cc2ccccc2)NC(=O)[C@H](CC(C)C)N(C)C(=O)[C@H]2CCCN2C(=O)[C@H](CC(C)C)N(C)C1=O,hepta_1016,4593,-6.23,7,7,Circle,0.12408,0.0433062,-30.6624,9.012,7.837,1.175,0.287264,0.161462,9.008,7.871,1.137,23,56,train,train,train,train,val,train,train,train,train,train
4592,2020_Townsend,CC(C)C[C@@H]1NC(=O)[C@H]2CCCN2C(=O)CN(Cc2ccccc2)C(=O)[C@@H](CC(C)C)NC(=O)[C@H](C)NC(=O)[C@@H]2CCCN2C(=O)[C@H](Cc2ccccc2)NC1=O,hepta_1015,4592,-6.87,7,7,Circle,0.149107,0.051575,-34.45,8.938,7.725,1.213,0.143093,0.0485549,8.952,7.809,1.143,12,61,train,val,train,val,train,train,train,train,train,train
4591,2020_Townsend,CC(C)C[C@@H]1NC(=O)[C@H](C)NC(=O)[C@@H]2CCCN2C(=O)[C@H](Cc2ccccc2)NC(=O)CN(Cc2ccccc2)C(=O)[C@H]2CCCN2C(=O)[C@@H](CC(C)C)NC1=O,hepta_1014,4591,-7.12,7,7,Circle,0.148725,0.0472391,-25.1446,8.609,7.326,1.283,0.166998,0.0477989,8.713,7.443,1.27,86,100,train,train,train,train,train,train,train,train,test,train
4590,2020_Townsend,CC(C)C[C@H]1C(=O)N2CCC[C@@H]2C(=O)N(C)[C@@H](CC(C)C)C(=O)N[C@@H](Cc2ccccc2)C(=O)N2CCC[C@H]2C(=O)N[C@@H](C)C(=O)N[C@H](CC(C)C)C(=O)N1C,hepta_1013,4590,-5.78,7,7,Circle,0.260493,0.124097,-25.5302,8.912,7.683,1.229,0.14975,0.0521792,8.85,7.803,1.047,48,8,train,val,train,test,train,train,train,train,train,train
4589,2020_Townsend,CC(C)C[C@H]1C(=O)N[C@H](CC(C)C)C(=O)N2CCC[C@@H]2C(=O)N(C)[C@@H](CC(C)C)C(=O)N[C@@H](Cc2ccccc2)C(=O)N2CCC[C@H]2C(=O)N[C@@H](C)C(=O)N1C,hepta_1012,4589,-5.18,7,7,Circle,0.146282,0.0486835,-23.8317,9.114,7.879,1.235,0.129953,0.0422726,9.084,7.885,1.199,23,62,train,train,train,train,train,train,train,train,train,val
4588,2020_Townsend,CC(C)C[C@@H]1NC(=O)[C@H]2CCCN2C(=O)[C@H](CC(C)C)N(C)C(=O)[C@@H](CC(C)C)N(C)C(=O)[C@H](C)NC(=O)[C@@H]2CCCN2C(=O)[C@H](Cc2ccccc2)NC1=O,hepta_1011,4588,-5.84,7,7,Circle,0.128786,0.0450436,-29.0375,9.063,7.843,1.22,0.117907,0.0307661,9.174,7.976,1.198,91,62,train,test,val,train,train,test,train,train,train,train
4587,2020_Townsend,CC(C)C[C@@H]1NC(=O)[C@@H](CC(C)C)N(C)C(=O)[C@H](C)NC(=O)[C@@H]2CCCN2C(=O)[C@H](Cc2ccccc2)NC(=O)[C@H](CC(C)C)N(C)C(=O)[C@H]2CCCN2C1=O,hepta_1010,4587,-6.3,7,7,Circle,0.151181,0.0480371,-29.9346,9.042,7.826,1.216,0.127957,0.0473722,8.872,7.662,1.21,68,87,train,train,train,train,train,train,test,train,train,train
4586,2020_Townsend,CC(C)C[C@H]1NC(=O)[C@H]2CCCN2C(=O)CN(Cc2ccccc2)C(=O)[C@@H](CC(C)C)NC(=O)[C@H](C)NC(=O)[C@@H]2CCCN2C(=O)[C@H](Cc2ccccc2)NC1=O,hepta_1009,4586,-10.0,7,7,Circle,0.182831,0.0583591,-40.0351,9.266,7.9,1.366,0.157909,0.0628625,9.106,7.826,1.28,12,45,val,val,train,train,train,train,train,test,train,train
4585,2020_Townsend,CC(C)C[C@H]1C(=O)N2CCC[C@@H]2C(=O)N(C)[C@H](CC(C)C)C(=O)N[C@@H](Cc2ccccc2)C(=O)N2CCC[C@H]2C(=O)N[C@@H](C)C(=O)N[C@H](CC(C)C)C(=O)N1C,hepta_1008,4585,-5.69,7,7,Circle,0.145744,0.0610533,-31.2729,9.119,7.85,1.269,0.129156,0.0450578,8.896,7.66,1.236,100,68,test,train,val,train,val,train,train,train,train,test
4584,2020_Townsend,CC(C)C[C@@H]1NC(=O)[C@@H](CC(C)C)N(C)C(=O)[C@H](C)NC(=O)[C@@H]2CCCN2C(=O)[C@H](Cc2ccccc2)NC(=O)[C@@H](CC(C)C)N(C)C(=O)[C@H]2CCCN2C1=O,hepta_1007,4584,-5.9,7,7,Circle,0.140588,0.0446513,-28.8908,9.128,7.818,1.31,0.124501,0.0394311,8.919,7.66,1.259,16,28,train,test,train,val,train,train,train,train,train,train
4583,2020_Townsend,CC(C)C[C@H]1C(=O)N[C@@H](Cc2ccccc2)C(=O)N2CCC[C@H]2C(=O)N[C@@H](C)C(=O)N(C)[C@H](CC(C)C)C(=O)N[C@H](CC(C)C)C(=O)N2CCC[C@@H]2C(=O)N1C,hepta_1006,4583,-5.37,7,7,Circle,0.110932,0.0440025,-24.8172,9.031,7.826,1.205,0.122472,0.0431677,9.099,7.789,1.31,91,63,test,test,train,train,train,train,train,train,test,train
4582,2020_Townsend,CC(C)C[C@H]1C(=O)N2CCC[C@@H]2C(=O)N[C@H](CC(C)C)C(=O)N[C@@H](Cc2ccccc2)C(=O)N2CCC[C@H]2C(=O)N[C@@H](C)C(=O)N(C)[C@H](CC(C)C)C(=O)N1C,hepta_1005,4582,-5.6,7,7,Circle,0.138983,0.0658379,-39.5587,9.482,8.181,1.301,0.255928,0.130478,8.935,7.835,1.1,84,24,train,train,train,train,train,train,val,train,train,train
4581,2020_Townsend,CC(C)C[C@H]1C(=O)N[C@H](CC(C)C)C(=O)N2CCC[C@@H]2C(=O)N(C)[C@H](CC(C)C)C(=O)N[C@@H](Cc2ccccc2)C(=O)N2CCC[C@H]2C(=O)N[C@@H](C)C(=O)N1C,hepta_1004,4581,-5.72,7,7,Circle,0.152489,0.0594498,-21.0995,9.177,8.079,1.098,0.124587,0.0389683,8.986,7.833,1.153,71,9,train,train,train,train,val,test,train,val,train,train
4580,2020_Townsend,CC(C)C[C@@H]1NC(=O)[C@H](C)NC(=O)[C@@H]2CCCN2C(=O)[C@H](Cc2ccccc2)NC(=O)[C@@H](CC(C)C)N(C)C(=O)[C@H]2CCCN2C(=O)[C@@H](CC(C)C)N(C)C1=O,hepta_1003,4580,-10.0,7,7,Circle,0.221163,0.126789,-23.7928,8.855,7.716,1.139,0.140722,0.039428,8.692,7.661,1.031,41,65,train,train,train,train,val,test,test,train,train,train
4579,2020_Townsend,CC(C)C[C@H]1C(=O)N[C@@H](Cc2ccccc2)C(=O)N2CCC[C@H]2C(=O)N[C@@H](C)C(=O)N[C@H](CC(C)C)C(=O)N(C)[C@H](CC(C)C)C(=O)N2CCC[C@@H]2C(=O)N1C,hepta_1002,4579,-10.0,7,7,Circle,0.132131,0.0554273,-25.5426,8.917,7.589,1.328,0.159121,0.0712008,8.966,7.9,1.066,25,55,train,train,train,train,val,train,train,train,train,train
4578,2020_Townsend,CC(C)C[C@H]1NC(=O)[C@@H](CC(C)C)N(C)C(=O)[C@H](C)NC(=O)[C@@H]2CCCN2C(=O)[C@H](Cc2ccccc2)NC(=O)[C@@H](CC(C)C)N(C)C(=O)[C@H]2CCCN2C1=O,hepta_1001,4578,-5.69,7,7,Circle,0.130026,0.0351546,-30.4809,9.104,7.897,1.207,0.115988,0.0387649,8.966,7.786,1.18,18,65,val,train,train,train,train,train,train,train,train,train
4577,2020_Townsend,CC(C)C[C@H]1NC(=O)[C@H]2CCCN2C(=O)[C@@H](CC(C)C)N(C)C(=O)[C@@H](CC(C)C)N(C)C(=O)[C@H](C)NC(=O)[C@@H]2CCCN2C(=O)[C@H](Cc2ccccc2)NC1=O,hepta_1000,4577,-5.31,7,7,Circle,0.157515,0.0729572,-42.8618,9.234,7.982,1.252,0.126492,0.0390414,8.743,7.422,1.321,31,52,train,train,train,train,train,train,train,train,train,train
4576,2020_Townsend,CC(C)C[C@@H]1NC(=O)[C@H](C)NC(=O)[C@@H]2CCCN2C(=O)[C@H](Cc2ccccc2)NC(=O)[C@H](CC(C)C)N(C)C(=O)[C@H]2CCCN2C(=O)[C@H](CC(C)C)NC1=O,hepta_999,4576,-6.73,7,7,Circle,0.12199,0.0407541,-32.4163,8.989,7.756,1.233,0.11717,0.0360294,8.875,7.479,1.396,70,58,train,train,test,train,train,train,train,train,train,train
4575,2020_Townsend,CC(C)C[C@@H]1NC(=O)[C@H]2CCCN2C(=O)[C@H](CC(C)C)N(C)C(=O)[C@H](CC(C)C)NC(=O)[C@H](C)NC(=O)[C@@H]2CCCN2C(=O)[C@H](Cc2ccccc2)NC1=O,hepta_998,4575,-6.34,7,7,Circle,0.144982,0.0543111,-37.0147,9.066,7.808,1.258,0.134939,0.0415447,8.612,7.541,1.071,31,48,train,train,train,train,train,train,train,train,test,train
4574,2020_Townsend,CC(C)C[C@@H]1NC(=O)[C@H](C)NC(=O)[C@@H]2CCCN2C(=O)[C@H](Cc2ccccc2)NC(=O)[C@H](CC(C)C)N(C)C(=O)[C@H]2CCCN2C(=O)[C@@H](CC(C)C)NC1=O,hepta_997,4574,-6.59,7,7,Circle,0.159664,0.0550937,-31.7099,9.1,7.674,1.426,0.133692,0.046029,9.036,7.666,1.37,33,98,train,train,train,train,test,test,train,val,test,train
4573,2020_Townsend,CC(C)C[C@@H]1NC(=O)[C@H]2CCCN2C(=O)[C@H](CC(C)C)N(C)C(=O)[C@@H](CC(C)C)NC(=O)[C@H](C)NC(=O)[C@@H]2CCCN2C(=O)[C@H](Cc2ccccc2)NC1=O,hepta_996,4573,-6.31,7,7,Circle,0.114993,0.0402638,-45.1701,9.373,8.1,1.273,0.1364,0.0435898,8.803,7.712,1.091,60,47,val,train,val,train,val,val,val,val,train,train
4572,2020_Townsend,CC(C)C[C@@H]1NC(=O)[C@H]2CCCN2C(=O)[C@@H](CC(C)C)N(C)C(=O)[C@H](CC(C)C)NC(=O)[C@H](C)NC(=O)[C@@H]2CCCN2C(=O)[C@H](Cc2ccccc2)NC1=O,hepta_995,4572,-5.24,7,7,Circle,0.14376,0.0433518,-36.0862,9.076,7.784,1.292,0.136703,0.0459346,8.681,7.617,1.064,61,73,train,train,train,train,train,test,train,train,train,train
4571,2020_Townsend,CC(C)C[C@H]1C(=O)N2CCC[C@@H]2C(=O)N[C@H](CC(C)C)C(=O)N[C@@H](Cc2ccccc2)C(=O)N2CCC[C@H]2C(=O)N[C@@H](C)C(=O)N[C@H](CC(C)C)C(=O)N1C,hepta_994,4571,-5.92,7,7,Circle,0.18765,0.0788003,-33.7716,9.057,7.746,1.311,0.108647,0.0417742,8.665,7.477,1.188,31,55,train,train,train,train,train,train,train,train,train,train
4570,2020_Townsend,CC(C)C[C@@H]1NC(=O)[C@@H](CC(C)C)N(C)C(=O)[C@H](C)NC(=O)[C@@H]2CCCN2C(=O)[C@H](Cc2ccccc2)NC(=O)[C@@H](CC(C)C)NC(=O)[C@H]2CCCN2C1=O,hepta_993,4570,-5.92,7,7,Circle,0.143981,0.0819613,-32.0132,9.092,7.829,1.263,0.128204,0.0385973,8.601,7.462,1.139,39,54,train,train,train,train,test,train,train,train,train,train
4569,2020_Townsend,CC(C)C[C@@H]1NC(=O)[C@@H](CC(C)C)NC(=O)[C@H](C)NC(=O)[C@@H]2CCCN2C(=O)[C@H](Cc2ccccc2)NC(=O)[C@@H](CC(C)C)N(C)C(=O)[C@H]2CCCN2C1=O,hepta_992,4569,-6.12,7,7,Circle,0.135945,0.0442042,-21.2839,8.525,7.424,1.101,0.137147,0.0365083,8.497,7.446,1.051,55,22,train,train,train,train,train,train,train,train,train,train
4568,2020_Townsend,CC(C)C[C@@H]1NC(=O)[C@H]2CCCN2C(=O)[C@@H](CC(C)C)NC(=O)[C@@H](CC(C)C)N(C)C(=O)[C@H](C)NC(=O)[C@@H]2CCCN2C(=O)[C@H](Cc2ccccc2)NC1=O,hepta_991,4568,-6.54,7,7,Circle,0.153814,0.0601167,-30.9109,9.23,7.807,1.423,0.129019,0.0472524,8.866,7.473,1.393,67,47,train,train,train,train,train,val,train,train,test,train
4567,2020_Townsend,CC(C)C[C@@H]1NC(=O)[C@H](C)NC(=O)[C@@H]2CCCN2C(=O)[C@H](Cc2ccccc2)NC(=O)[C@@H](CC(C)C)N(C)C(=O)[C@H]2CCCN2C(=O)[C@@H](CC(C)C)NC1=O,hepta_990,4567,-6.36,7,7,Circle,0.129023,0.0476247,-32.4114,9.414,7.921,1.493,0.150954,0.0487926,8.876,7.505,1.371,10,61,test,train,train,train,test,train,train,val,val,train
4566,2020_Townsend,CC(C)C[C@@H]1NC(=O)[C@H]2CCCN2C(=O)[C@@H](CC(C)C)N(C)C(=O)[C@@H](CC(C)C)NC(=O)[C@H](C)NC(=O)[C@@H]2CCCN2C(=O)[C@H](Cc2ccccc2)NC1=O,hepta_989,4566,-10.0,7,7,Circle,0.180548,0.0874376,-34.3906,9.108,7.811,1.297,0.144915,0.0350852,8.762,7.778,0.984,27,54,val,train,train,train,train,train,test,train,train,train
4565,2020_Townsend,CC(C)C[C@H]1NC(=O)[C@H](C)NC(=O)[C@@H]2CCCN2C(=O)[C@H](Cc2ccccc2)NC(=O)[C@@H](CC(C)C)N(C)C(=O)[C@H]2CCCN2C(=O)[C@@H](CC(C)C)NC1=O,hepta_988,4565,-6.26,7,7,Circle,0.123567,0.0435698,-22.7994,8.626,7.323,1.303,0.103905,0.036247,8.534,7.11,1.424,71,30,train,val,train,train,train,train,train,train,train,train
4564,2020_Townsend,CC(C)C[C@H]1NC(=O)[C@H]2CCCN2C(=O)[C@@H](CC(C)C)N(C)C(=O)[C@@H](CC(C)C)NC(=O)[C@H](C)NC(=O)[C@@H]2CCCN2C(=O)[C@H](Cc2ccccc2)NC1=O,hepta_987,4564,-10.0,7,7,Circle,0.154759,0.0516671,-47.183,9.23,7.87,1.36,0.133566,0.0457014,8.812,7.511,1.301,56,7,val,train,train,train,train,train,train,train,val,val
4563,2020_Townsend,CC(C)C[C@@H]1NC(=O)[C@H](C)NC(=O)[C@@H]2CCCN2C(=O)[C@H](Cc2ccccc2)NC(=O)[C@@H](CC(C)C)NC(=O)[C@H]2CCCN2C(=O)[C@H](CC(C)C)NC1=O,hepta_986,4563,-10.0,7,7,Circle,0.178824,0.081233,-28.1402,8.761,7.486,1.275,0.12678,0.0483869,8.678,7.156,1.522,63,26,train,train,train,train,train,train,train,test,val,train
4562,2020_Townsend,CC(C)C[C@@H]1NC(=O)[C@H](C)NC(=O)[C@@H]2CCCN2C(=O)[C@H](Cc2ccccc2)NC(=O)[C@H](CC(C)C)NC(=O)[C@H]2CCCN2C(=O)[C@@H](CC(C)C)NC1=O,hepta_985,4562,-10.0,7,7,Circle,0.132503,0.0490376,-24.8576,8.612,7.216,1.396,0.113783,0.0471342,8.524,7.142,1.382,68,23,train,train,val,train,train,test,train,train,test,train
4561,2020_Townsend,CC(C)C[C@@H]1NC(=O)[C@H]2CCCN2C(=O)[C@@H](CC(C)C)NC(=O)[C@@H](CC(C)C)NC(=O)[C@H](C)NC(=O)[C@@H]2CCCN2C(=O)[C@H](Cc2ccccc2)NC1=O,hepta_984,4561,-6.59,7,7,Circle,0.132357,0.06057,-25.3497,8.426,7.107,1.319,0.136309,0.0409898,8.703,7.477,1.226,42,4,test,train,test,train,train,test,test,train,train,train
4560,2020_Townsend,CC(C)C[C@@H]1NC(=O)[C@H](C)NC(=O)[C@@H]2CCCN2C(=O)[C@H](Cc2ccccc2)NC(=O)[C@@H](CC(C)C)NC(=O)[C@H]2CCCN2C(=O)[C@@H](CC(C)C)NC1=O,hepta_983,4560,-6.69,7,7,Circle,0.143022,0.0484758,-28.6822,8.747,7.409,1.338,0.154103,0.0570765,8.773,7.37,1.403,33,41,train,train,train,val,train,train,val,val,val,train
4559,2020_Townsend,CC(C)C[C@H]1NC(=O)[C@H](C)NC(=O)[C@@H]2CCCN2C(=O)[C@H](Cc2ccccc2)NC(=O)[C@@H](CC(C)C)NC(=O)[C@H]2CCCN2C(=O)[C@@H](CC(C)C)NC1=O,hepta_982,4559,-10.0,7,7,Circle,0.132104,0.0470929,-26.9825,8.594,7.225,1.369,0.113853,0.0412185,8.3,7.047,1.253,6,45,train,test,train,train,val,test,train,train,train,train
4554,2020_Townsend,CC(C)C[C@@H]1C(=O)N[C@@H](Cc2ccccc2)C(=O)N2CCC[C@H]2C(=O)N[C@H](C)C(=O)N(Cc2ccccc2)CC(=O)N(Cc2ccccc2)CC(=O)N2CCC[C@H]2C(=O)N1C,hepta_977,4554,-6.12,7,7,Circle,0.197236,0.059431,-41.0054,9.803,8.545,1.258,0.209857,0.0854536,9.093,7.961,1.132,68,52,train,train,train,test,train,train,train,train,val,train
4549,2020_Townsend,CC(C)C[C@@H]1NC(=O)CN(Cc2ccccc2)C(=O)[C@@H](C)NC(=O)[C@@H]2CCCN2C(=O)[C@H](Cc2ccccc2)NC(=O)CN(Cc2ccccc2)C(=O)[C@@H]2CCCN2C1=O,hepta_972,4549,-5.99,7,7,Circle,0.174791,0.0382191,-41.2235,8.962,7.569,1.393,0.151364,0.034067,9.264,7.869,1.395,100,70,train,train,train,train,train,train,train,train,test,train
4548,2020_Townsend,CC(C)C[C@@H]1NC(=O)[C@@H](C)NC(=O)[C@@H]2CCCN2C(=O)[C@H](Cc2ccccc2)NC(=O)CN(Cc2ccccc2)C(=O)[C@@H]2CCCN2C(=O)CN(Cc2ccccc2)C1=O,hepta_971,4548,-6.48,7,7,Circle,0.172656,0.0698871,-34.2366,8.863,7.701,1.162,0.153499,0.0482606,8.922,7.858,1.064,33,32,test,train,train,train,train,train,train,test,train,train
4547,2020_Townsend,CC(C)C[C@@H]1NC(=O)[C@@H]2CCCN2C(=O)CN(Cc2ccccc2)C(=O)CN(Cc2ccccc2)C(=O)[C@@H](C)NC(=O)[C@@H]2CCCN2C(=O)[C@H](Cc2ccccc2)NC1=O,hepta_970,4547,-10.0,7,7,Circle,0.196673,0.0651696,-41.186,9.24,7.952,1.288,0.162459,0.0455248,8.747,7.487,1.26,53,84,train,train,train,train,train,val,train,train,train,train
4546,2020_Townsend,CC(C)C[C@H]1C(=O)N2CCC[C@H]2C(=O)N(Cc2ccccc2)CC(=O)N[C@@H](Cc2ccccc2)C(=O)N2CCC[C@H]2C(=O)N[C@H](C)C(=O)N(C)[C@@H](CC(C)C)C(=O)N1C,hepta_969,4546,-5.4,7,7,Circle,0.185832,0.0739929,-27.6011,9.306,7.945,1.361,0.154625,0.0377827,9.226,7.894,1.332,30,80,train,test,train,train,train,train,train,train,test,train
4545,2020_Townsend,CC(C)C[C@H]1C(=O)N[C@@H](Cc2ccccc2)C(=O)N2CCC[C@H]2C(=O)N[C@H](C)C(=O)N(C)[C@@H](CC(C)C)C(=O)N(Cc2ccccc2)CC(=O)N2CCC[C@H]2C(=O)N1C,hepta_968,4545,-6.15,7,7,Circle,0.161027,0.0613635,-31.2553,9.191,8.169,1.022,0.114376,0.0403888,8.949,7.892,1.057,63,93,train,train,train,train,val,train,train,train,train,train
4544,2020_Townsend,CC(C)C[C@H]1NC(=O)[C@@H]2CCCN2C(=O)CN(Cc2ccccc2)C(=O)CN(Cc2ccccc2)C(=O)[C@@H](C)NC(=O)[C@@H]2CCCN2C(=O)[C@H](Cc2ccccc2)NC1=O,hepta_967,4544,-6.16,7,7,Circle,0.192187,0.050837,-41.098,9.231,7.956,1.275,0.131579,0.0494711,9.033,7.76,1.273,85,93,train,train,test,train,train,test,train,train,train,train
4543,2020_Townsend,CC(C)C[C@H]1C(=O)N(C)[C@H](CC(C)C)C(=O)N2CCC[C@H]2C(=O)N(Cc2ccccc2)CC(=O)N[C@@H](Cc2ccccc2)C(=O)N2CCC[C@H]2C(=O)N[C@H](C)C(=O)N1C,hepta_966,4543,-5.36,7,7,Circle,0.117982,0.0504883,-36.6388,8.824,7.625,1.199,0.130225,0.0565085,8.901,7.519,1.382,12,34,val,train,train,train,val,val,train,val,train,train
4542,2020_Townsend,CC(C)C[C@H]1C(=O)N2CCC[C@H]2C(=O)N(C)[C@H](CC(C)C)C(=O)N[C@@H](Cc2ccccc2)C(=O)N2CCC[C@H]2C(=O)N[C@H](C)C(=O)N(Cc2ccccc2)CC(=O)N1C,hepta_965,4542,-5.24,7,7,Circle,0.25703,0.117285,-32.4816,9.438,8.253,1.185,0.124871,0.039981,9.167,8.27,0.897,38,12,train,val,train,train,train,train,val,test,train,train
4540,2020_Townsend,CC(C)C[C@H]1C(=O)N(Cc2ccccc2)CC(=O)N2CCC[C@H]2C(=O)N(C)[C@H](CC(C)C)C(=O)N[C@@H](Cc2ccccc2)C(=O)N2CCC[C@H]2C(=O)N[C@H](C)C(=O)N1C,hepta_963,4540,-5.9,7,7,Circle,0.144933,0.0487697,-34.7862,9.351,8.259,1.092,0.199642,0.0771866,9.361,8.199,1.162,51,70,train,train,train,train,test,train,train,test,train,train
4537,2020_Townsend,CC(C)C[C@@H]1C(=O)N2CCC[C@H]2C(=O)N(C)[C@H](CC(C)C)C(=O)N[C@@H](Cc2ccccc2)C(=O)N2CCC[C@H]2C(=O)N[C@H](C)C(=O)N(Cc2ccccc2)CC(=O)N1C,hepta_960,4537,-5.73,7,7,Circle,0.17567,0.0433932,-27.8931,9.273,8.044,1.229,0.151737,0.0466177,9.043,7.896,1.147,53,90,test,train,train,train,train,test,train,train,test,train
4536,2020_Townsend,CC(C)C[C@@H]1C(=O)N[C@@H](Cc2ccccc2)C(=O)N2CCC[C@H]2C(=O)N[C@H](C)C(=O)N(C)[C@H](CC(C)C)C(=O)N(Cc2ccccc2)CC(=O)N2CCC[C@H]2C(=O)N1C,hepta_959,4536,-6.03,7,7,Circle,0.14353,0.0481634,-44.3294,9.67,8.538,1.132,0.116563,0.0467486,9.275,8.163,1.112,56,88,train,train,train,train,train,val,train,train,train,val
4535,2020_Townsend,CC(C)C[C@@H]1NC(=O)[C@H](CC(C)C)N(C)C(=O)[C@@H](C)NC(=O)[C@@H]2CCCN2C(=O)[C@H](Cc2ccccc2)NC(=O)CN(Cc2ccccc2)C(=O)[C@@H]2CCCN2C1=O,hepta_958,4535,-5.87,7,7,Circle,0.204721,0.105437,-42.4325,9.192,7.812,1.38,0.259009,0.125433,8.989,7.929,1.06,35,28,train,train,val,val,train,train,train,train,train,train
4534,2020_Townsend,CC(C)C[C@@H]1NC(=O)[C@@H](C)NC(=O)[C@@H]2CCCN2C(=O)[C@H](Cc2ccccc2)NC(=O)[C@H](CC(C)C)N(C)C(=O)[C@@H]2CCCN2C(=O)CN(Cc2ccccc2)C1=O,hepta_957,4534,-5.75,7,7,Circle,0.157845,0.0595874,-39.0808,9.113,7.932,1.181,0.128746,0.0470545,9.094,8.059,1.035,7,4,train,train,train,train,train,train,train,train,train,train
4533,2020_Townsend,CC(C)C[C@@H]1NC(=O)[C@@H](C)NC(=O)[C@@H]2CCCN2C(=O)[C@H](Cc2ccccc2)NC(=O)CN(Cc2ccccc2)C(=O)[C@@H]2CCCN2C(=O)[C@H](CC(C)C)N(C)C1=O,hepta_956,4533,-6.06,7,7,Circle,0.180438,0.0669036,-35.4881,9.352,8.165,1.187,0.135568,0.0362858,9.19,7.984,1.206,53,73,train,val,train,train,train,train,val,train,train,train
4531,2020_Townsend,CC(C)C[C@H]1C(=O)N2CCC[C@H]2C(=O)N(C)[C@@H](CC(C)C)C(=O)N[C@@H](Cc2ccccc2)C(=O)N2CCC[C@H]2C(=O)N[C@H](C)C(=O)N(C)[C@@H](CC(C)C)C(=O)N1C,hepta_954,4531,-5.28,7,7,Circle,0.175274,0.0820913,-30.7403,9.074,8.018,1.056,0.14406,0.0431188,9.03,7.986,1.044,42,37,train,train,train,test,test,test,train,train,train,train
4530,2020_Townsend,CC(C)C[C@H]1C(=O)N2CCC[C@H]2C(=O)N(Cc2ccccc2)CC(=O)N[C@@H](Cc2ccccc2)C(=O)N2CCC[C@H]2C(=O)N[C@H](C)C(=O)N[C@H](CC(C)C)C(=O)N1C,hepta_953,4530,-5.56,7,7,Circle,0.142476,0.0355939,-32.6178,8.825,7.553,1.272,0.1477,0.0371088,8.826,7.568,1.258,93,43,train,train,train,train,train,train,train,train,train,train
4529,2020_Townsend,CC(C)C[C@@H]1NC(=O)[C@@H](C)NC(=O)[C@@H]2CCCN2C(=O)[C@H](Cc2ccccc2)NC(=O)CN(Cc2ccccc2)C(=O)[C@@H]2CCCN2C(=O)[C@@H](CC(C)C)N(C)C1=O,hepta_952,4529,-6.07,7,7,Circle,0.233463,0.114395,-38.336,9.493,8.146,1.347,0.135099,0.0416544,8.65,7.475,1.175,36,32,train,val,train,train,test,train,train,test,val,train
4528,2020_Townsend,CC(C)C[C@H]1C(=O)N(Cc2ccccc2)CC(=O)N2CCC[C@H]2C(=O)N[C@H](CC(C)C)C(=O)N[C@@H](Cc2ccccc2)C(=O)N2CCC[C@H]2C(=O)N[C@H](C)C(=O)N1C,hepta_951,4528,-6.32,7,7,Circle,0.184135,0.0655224,-39.0533,9.15,7.964,1.186,0.138125,0.0401727,9.076,7.746,1.33,75,63,train,train,train,train,val,val,train,train,train,train
4527,2020_Townsend,CC(C)C[C@H]1C(=O)N[C@@H](Cc2ccccc2)C(=O)N2CCC[C@H]2C(=O)N[C@H](C)C(=O)N(C)[C@@H](CC(C)C)C(=O)N(C)[C@H](CC(C)C)C(=O)N2CCC[C@H]2C(=O)N1C,hepta_950,4527,-5.2,7,7,Circle,0.135433,0.0455807,-22.1612,9.354,8.1,1.254,0.147763,0.0575843,9.274,8.112,1.162,67,71,train,train,test,train,test,test,train,train,train,val
4526,2020_Townsend,CC(C)C[C@H]1C(=O)N2CCC[C@H]2C(=O)N(C)[C@H](CC(C)C)C(=O)N[C@@H](Cc2ccccc2)C(=O)N2CCC[C@H]2C(=O)N[C@H](C)C(=O)N(C)[C@@H](CC(C)C)C(=O)N1C,hepta_949,4526,-5.5,7,7,Circle,0.105574,0.044479,-33.3404,9.367,8.234,1.133,0.140952,0.054575,9.238,8.25,0.988,65,45,train,test,train,train,train,train,val,train,val,test
4525,2020_Townsend,CC(C)C[C@H]1C(=O)N[C@@H](Cc2ccccc2)C(=O)N2CCC[C@H]2C(=O)N[C@H](C)C(=O)N(C)[C@H](CC(C)C)C(=O)N(C)[C@@H](CC(C)C)C(=O)N2CCC[C@H]2C(=O)N1C,hepta_948,4525,-5.75,7,7,Circle,0.131421,0.0483535,-27.6946,9.151,7.922,1.229,0.129186,0.0372659,8.828,7.828,1.0,14,93,train,train,train,train,train,train,val,train,train,val
4524,2020_Townsend,CC(C)C[C@H]1NC(=O)CN(Cc2ccccc2)C(=O)[C@@H](C)NC(=O)[C@@H]2CCCN2C(=O)[C@H](Cc2ccccc2)NC(=O)[C@@H](CC(C)C)N(C)C(=O)[C@@H]2CCCN2C1=O,hepta_947,4524,-5.61,7,7,Circle,0.181923,0.065553,-29.9331,9.39,8.05,1.34,0.173073,0.0684982,8.768,7.651,1.117,76,19,test,train,train,train,train,train,train,train,train,train
4523,2020_Townsend,CC(C)C[C@H]1NC(=O)[C@@H](C)NC(=O)[C@@H]2CCCN2C(=O)[C@H](Cc2ccccc2)NC(=O)[C@@H](CC(C)C)N(C)C(=O)[C@@H]2CCCN2C(=O)CN(Cc2ccccc2)C1=O,hepta_946,4523,-6.6,7,7,Circle,0.162997,0.0578451,-32.7619,9.181,7.918,1.263,0.157956,0.053334,9.157,7.899,1.258,74,6,test,test,train,train,train,train,train,train,val,train
4522,2020_Townsend,CC(C)C[C@H]1NC(=O)[C@@H](C)NC(=O)[C@@H]2CCCN2C(=O)[C@H](Cc2ccccc2)NC(=O)CN(Cc2ccccc2)C(=O)[C@@H]2CCCN2C(=O)[C@@H](CC(C)C)N(C)C1=O,hepta_945,4522,-6.63,7,7,Circle,0.166242,0.0565062,-34.5222,9.316,8.144,1.172,0.0905129,0.0299965,8.713,7.528,1.185,30,23,train,train,train,val,train,train,train,train,train,train
4520,2020_Townsend,CC(C)C[C@H]1C(=O)N(C)[C@H](CC(C)C)C(=O)N2CCC[C@H]2C(=O)N(C)[C@H](CC(C)C)C(=O)N[C@@H](Cc2ccccc2)C(=O)N2CCC[C@H]2C(=O)N[C@H](C)C(=O)N1C,hepta_943,4520,-5.68,7,7,Circle,0.11447,0.0471028,-24.8074,9.424,8.17,1.254,0.154424,0.0575026,9.4,8.187,1.213,92,87,train,train,train,val,train,train,train,train,train,val
4519,2020_Townsend,CC(C)C[C@@H]1C(=O)N[C@@H](Cc2ccccc2)C(=O)N2CCC[C@H]2C(=O)N[C@H](C)C(=O)N(C)[C@H](CC(C)C)C(=O)N(C)[C@H](CC(C)C)C(=O)N2CCC[C@H]2C(=O)N1C,hepta_942,4519,-5.65,7,7,Circle,0.134217,0.0412425,-20.8547,9.305,8.213,1.092,0.086545,0.0343585,8.884,7.752,1.132,24,2,train,val,train,train,train,test,train,train,train,train
4518,2020_Townsend,CC(C)C[C@@H]1NC(=O)[C@H](CC(C)C)N(C)C(=O)[C@@H](C)NC(=O)[C@@H]2CCCN2C(=O)[C@H](Cc2ccccc2)NC(=O)[C@H](CC(C)C)N(C)C(=O)[C@@H]2CCCN2C1=O,hepta_941,4518,-5.6,7,7,Circle,0.165586,0.0824323,-29.3387,8.881,7.699,1.182,0.129764,0.0452335,8.882,7.867,1.015,39,25,train,train,train,val,train,train,train,train,train,train
4517,2020_Townsend,CC(C)C[C@@H]1NC(=O)[C@@H](C)NC(=O)[C@@H]2CCCN2C(=O)[C@H](Cc2ccccc2)NC(=O)[C@H](CC(C)C)N(C)C(=O)[C@@H]2CCCN2C(=O)[C@H](CC(C)C)N(C)C1=O,hepta_940,4517,-5.83,7,7,Circle,0.134621,0.0452216,-33.4565,8.82,7.66,1.16,0.135455,0.0449634,9.05,8.03,1.02,68,25,train,train,train,train,val,train,test,train,train,train
4516,2020_Townsend,CC(C)C[C@@H]1NC(=O)[C@@H](C)NC(=O)[C@@H]2CCCN2C(=O)[C@H](Cc2ccccc2)NC(=O)CN(Cc2ccccc2)C(=O)[C@@H]2CCCN2C(=O)[C@@H](CC(C)C)NC1=O,hepta_939,4516,-7.3,7,7,Circle,0.17816,0.051474,-25.0274,8.577,7.441,1.136,0.151987,0.0434947,8.634,7.527,1.107,83,87,train,val,val,train,train,train,test,train,train,train
4515,2020_Townsend,CC(C)C[C@@H]1NC(=O)[C@@H](C)NC(=O)[C@@H]2CCCN2C(=O)[C@H](Cc2ccccc2)NC(=O)[C@@H](CC(C)C)NC(=O)[C@@H]2CCCN2C(=O)CN(Cc2ccccc2)C1=O,hepta_938,4515,-6.12,7,7,Circle,0.179553,0.0592518,-43.4768,9.286,7.942,1.344,0.11891,0.0382046,8.379,7.183,1.196,14,28,train,train,train,train,train,test,test,val,test,train
4514,2020_Townsend,CC(C)C[C@@H]1NC(=O)[C@@H](CC(C)C)NC(=O)[C@@H](C)NC(=O)[C@@H]2CCCN2C(=O)[C@H](Cc2ccccc2)NC(=O)CN(Cc2ccccc2)C(=O)[C@@H]2CCCN2C1=O,hepta_937,4514,-6.48,7,7,Circle,0.210387,0.0901568,-36.1869,9.244,7.954,1.29,0.191589,0.0827412,9.036,7.785,1.251,53,90,val,train,train,train,train,train,train,train,val,train
4513,2020_Townsend,CC(C)C[C@@H]1NC(=O)[C@@H]2CCCN2C(=O)CN(Cc2ccccc2)C(=O)[C@@H](CC(C)C)NC(=O)[C@@H](C)NC(=O)[C@@H]2CCCN2C(=O)[C@H](Cc2ccccc2)NC1=O,hepta_936,4513,-10.0,7,7,Circle,0.166101,0.0865392,-36.7314,8.793,7.372,1.421,0.0900798,0.0386969,8.311,7.068,1.243,30,69,train,train,train,train,train,test,train,train,train,test
4512,2020_Townsend,CC(C)C[C@H]1C(=O)N[C@@H](Cc2ccccc2)C(=O)N2CCC[C@H]2C(=O)N[C@H](C)C(=O)N[C@H](CC(C)C)C(=O)N(C)[C@@H](CC(C)C)C(=O)N2CCC[C@H]2C(=O)N1C,hepta_935,4512,-5.61,7,7,Circle,0.150574,0.0523821,-31.2984,9.201,7.96,1.241,0.100447,0.0365846,8.607,7.597,1.01,41,62,train,train,train,train,train,train,train,val,train,train
4511,2020_Townsend,CC(C)C[C@@H]1NC(=O)[C@@H]2CCCN2C(=O)[C@@H](CC(C)C)N(C)C(=O)[C@H](CC(C)C)N(C)C(=O)[C@@H](C)NC(=O)[C@@H]2CCCN2C(=O)[C@H](Cc2ccccc2)NC1=O,hepta_934,4511,-5.86,7,7,Circle,0.12448,0.0475451,-31.5111,9.004,7.778,1.226,0.143599,0.0453991,9.172,7.96,1.212,77,52,train,train,train,train,train,train,test,train,train,train
4509,2020_Townsend,CC(C)C[C@@H]1NC(=O)[C@H](CC(C)C)N(C)C(=O)[C@@H](C)NC(=O)[C@@H]2CCCN2C(=O)[C@H](Cc2ccccc2)NC(=O)[C@@H](CC(C)C)N(C)C(=O)[C@@H]2CCCN2C1=O,hepta_932,4509,-5.82,7,7,Circle,0.127617,0.0519578,-35.5727,9.582,8.201,1.381,0.130826,0.0547055,9.049,7.783,1.266,3,61,train,train,train,train,train,test,train,train,train,train
4508,2020_Townsend,CC(C)C[C@H]1C(=O)N[C@@H](Cc2ccccc2)C(=O)N2CCC[C@H]2C(=O)N[C@H](C)C(=O)N(C)[C@@H](CC(C)C)C(=O)N[C@H](CC(C)C)C(=O)N2CCC[C@H]2C(=O)N1C,hepta_931,4508,-5.62,7,7,Circle,0.166818,0.0488101,-31.0196,8.963,7.964,0.999,0.121158,0.0468315,8.941,7.885,1.056,41,59,train,train,train,train,train,train,train,train,train,train
4507,2020_Townsend,CC(C)C[C@H]1C(=O)N2CCC[C@H]2C(=O)N[C@H](CC(C)C)C(=O)N[C@@H](Cc2ccccc2)C(=O)N2CCC[C@H]2C(=O)N[C@H](C)C(=O)N(C)[C@@H](CC(C)C)C(=O)N1C,hepta_930,4507,-5.95,7,7,Circle,0.188462,0.0745727,-31.1852,9.439,8.106,1.333,0.161367,0.0543576,8.944,7.889,1.055,99,27,train,train,val,train,train,train,train,train,train,train
4506,2020_Townsend,CC(C)C[C@@H]1NC(=O)[C@@H](C)NC(=O)[C@@H]2CCCN2C(=O)[C@H](Cc2ccccc2)NC(=O)[C@H](CC(C)C)N(C)C(=O)[C@@H]2CCCN2C(=O)[C@@H](CC(C)C)N(C)C1=O,hepta_929,4506,-5.99,7,7,Circle,0.13661,0.0644455,-19.3993,8.845,7.618,1.227,0.137526,0.0461698,8.67,7.592,1.078,74,88,train,train,train,train,train,train,train,train,train,train
4505,2020_Townsend,CC(C)C[C@H]1NC(=O)[C@@H]2CCCN2C(=O)CN(Cc2ccccc2)C(=O)[C@@H](CC(C)C)NC(=O)[C@@H](C)NC(=O)[C@@H]2CCCN2C(=O)[C@H](Cc2ccccc2)NC1=O,hepta_928,4505,-6.44,7,7,Circle,0.22157,0.100782,-40.6133,9.236,7.809,1.427,0.136894,0.0497166,8.8,7.383,1.417,6,83,train,train,train,train,train,train,train,train,train,train
4504,2020_Townsend,CC(C)C[C@H]1C(=O)N[C@H](CC(C)C)C(=O)N2CCC[C@H]2C(=O)N(C)[C@H](CC(C)C)C(=O)N[C@@H](Cc2ccccc2)C(=O)N2CCC[C@H]2C(=O)N[C@H](C)C(=O)N1C,hepta_927,4504,-5.68,7,7,Circle,0.147741,0.0612644,-27.7486,9.57,8.124,1.446,0.12807,0.0474769,9.074,7.981,1.093,33,11,train,train,train,train,train,train,train,train,train,train
4503,2020_Townsend,CC(C)C[C@H]1C(=O)N[C@@H](Cc2ccccc2)C(=O)N2CCC[C@H]2C(=O)N[C@H](C)C(=O)N(C)[C@H](CC(C)C)C(=O)N[C@H](CC(C)C)C(=O)N2CCC[C@H]2C(=O)N1C,hepta_926,4503,-5.5,7,7,Circle,0.122933,0.045809,-23.9414,9.018,7.976,1.042,0.163207,0.053084,8.967,7.874,1.093,61,32,test,train,train,train,train,train,train,train,val,train
4502,2020_Townsend,CC(C)C[C@@H]1NC(=O)[C@@H](C)NC(=O)[C@@H]2CCCN2C(=O)[C@H](Cc2ccccc2)NC(=O)[C@@H](CC(C)C)N(C)C(=O)[C@@H]2CCCN2C(=O)[C@@H](CC(C)C)N(C)C1=O,hepta_925,4502,-5.68,7,7,Circle,0.137131,0.0423973,-30.2151,9.035,7.895,1.14,0.162848,0.0637819,8.948,7.798,1.15,55,70,train,train,train,train,test,train,test,train,train,train
4501,2020_Townsend,CC(C)C[C@H]1C(=O)N2CCC[C@H]2C(=O)N(C)[C@H](CC(C)C)C(=O)N[C@@H](Cc2ccccc2)C(=O)N2CCC[C@H]2C(=O)N[C@H](C)C(=O)N[C@H](CC(C)C)C(=O)N1C,hepta_924,4501,-6.09,7,7,Circle,0.156736,0.0628532,-23.5362,9.071,7.669,1.402,0.148539,0.0474483,8.838,7.691,1.147,95,93,train,train,train,train,test,train,train,train,val,test
4500,2020_Townsend,CC(C)C[C@H]1NC(=O)[C@@H](CC(C)C)N(C)C(=O)[C@@H](C)NC(=O)[C@@H]2CCCN2C(=O)[C@H](Cc2ccccc2)NC(=O)[C@@H](CC(C)C)N(C)C(=O)[C@@H]2CCCN2C1=O,hepta_923,4500,-5.82,7,7,Circle,0.174234,0.0729228,-25.7686,9.416,8.137,1.279,0.153737,0.060353,9.056,7.964,1.092,24,59,train,train,train,train,train,train,train,train,train,train
4499,2020_Townsend,CC(C)C[C@H]1NC(=O)[C@@H](C)NC(=O)[C@@H]2CCCN2C(=O)[C@H](Cc2ccccc2)NC(=O)[C@@H](CC(C)C)N(C)C(=O)[C@@H]2CCCN2C(=O)[C@@H](CC(C)C)N(C)C1=O,hepta_922,4499,-6.86,7,7,Circle,0.152383,0.0526291,-32.3635,9.293,8.04,1.253,0.167264,0.0797514,8.764,7.697,1.067,76,69,train,train,train,train,train,train,train,train,train,train
4498,2020_Townsend,CC(C)C[C@@H]1NC(=O)[C@@H](C)NC(=O)[C@@H]2CCCN2C(=O)[C@H](Cc2ccccc2)NC(=O)[C@H](CC(C)C)N(C)C(=O)[C@@H]2CCCN2C(=O)[C@H](CC(C)C)NC1=O,hepta_921,4498,-6.44,7,7,Circle,0.153203,0.0514839,-32.5619,8.813,7.55,1.263,0.127312,0.041798,8.684,7.582,1.102,64,12,train,val,train,train,train,train,train,train,train,train
4497,2020_Townsend,CC(C)C[C@@H]1NC(=O)[C@@H]2CCCN2C(=O)[C@@H](CC(C)C)N(C)C(=O)[C@H](CC(C)C)NC(=O)[C@@H](C)NC(=O)[C@@H]2CCCN2C(=O)[C@H](Cc2ccccc2)NC1=O,hepta_920,4497,-6.41,7,7,Circle,0.1461,0.0544159,-37.979,9.196,7.92,1.276,0.156503,0.0541704,8.439,7.242,1.197,69,43,train,train,train,train,train,val,train,train,train,test
4496,2020_Townsend,CC(C)C[C@@H]1NC(=O)[C@@H](C)NC(=O)[C@@H]2CCCN2C(=O)[C@H](Cc2ccccc2)NC(=O)[C@@H](CC(C)C)NC(=O)[C@@H]2CCCN2C(=O)[C@H](CC(C)C)N(C)C1=O,hepta_919,4496,-6.34,7,7,Circle,0.136189,0.0359207,-19.3721,8.209,6.904,1.305,0.132372,0.0341512,8.327,7.131,1.196,88,12,train,train,train,train,train,train,train,train,test,train
4495,2020_Townsend,CC(C)C[C@@H]1NC(=O)[C@@H](C)NC(=O)[C@@H]2CCCN2C(=O)[C@H](Cc2ccccc2)NC(=O)[C@@H](CC(C)C)N(C)C(=O)[C@@H]2CCCN2C(=O)[C@H](CC(C)C)NC1=O,hepta_918,4495,-4.0,7,7,Circle,0.160163,0.0797275,-41.4872,9.325,7.884,1.441,0.19766,0.0869236,8.648,7.649,0.999,10,39,train,val,train,val,train,train,train,train,train,train
4494,2020_Townsend,CC(C)C[C@@H]1NC(=O)[C@@H](CC(C)C)NC(=O)[C@@H](C)NC(=O)[C@@H]2CCCN2C(=O)[C@H](Cc2ccccc2)NC(=O)[C@H](CC(C)C)N(C)C(=O)[C@@H]2CCCN2C1=O,hepta_917,4494,-6.16,7,7,Circle,0.140526,0.0634998,-22.6519,8.894,7.622,1.272,0.110662,0.0359771,8.589,7.497,1.092,92,23,val,train,val,train,train,train,train,train,train,train
4493,2020_Townsend,CC(C)C[C@@H]1NC(=O)[C@@H]2CCCN2C(=O)[C@H](CC(C)C)N(C)C(=O)[C@@H](CC(C)C)NC(=O)[C@@H](C)NC(=O)[C@@H]2CCCN2C(=O)[C@H](Cc2ccccc2)NC1=O,hepta_916,4493,-10.0,7,7,Circle,0.194709,0.0699371,-33.364,9.158,7.736,1.422,0.137386,0.0337133,8.5,7.411,1.089,15,30,val,val,train,test,train,train,train,train,train,test
4492,2020_Townsend,CC(C)C[C@@H]1NC(=O)[C@@H](C)NC(=O)[C@@H]2CCCN2C(=O)[C@H](Cc2ccccc2)NC(=O)[C@@H](CC(C)C)N(C)C(=O)[C@@H]2CCCN2C(=O)[C@@H](CC(C)C)NC1=O,hepta_915,4492,-6.08,7,7,Circle,0.155459,0.0514451,-22.9773,8.644,7.559,1.085,0.114787,0.0481948,8.741,7.618,1.123,100,29,train,train,train,train,train,train,train,train,train,train
4491,2020_Townsend,CC(C)C[C@@H]1NC(=O)[C@@H](C)NC(=O)[C@@H]2CCCN2C(=O)[C@H](Cc2ccccc2)NC(=O)[C@@H](CC(C)C)NC(=O)[C@@H]2CCCN2C(=O)[C@@H](CC(C)C)N(C)C1=O,hepta_914,4491,-5.93,7,7,Circle,0.133248,0.0631323,-27.1248,8.742,7.421,1.321,0.137348,0.0499597,8.519,7.297,1.222,48,74,test,train,train,train,train,train,train,train,train,train
4490,2020_Townsend,CC(C)C[C@@H]1NC(=O)[C@@H](CC(C)C)N(C)C(=O)[C@@H](C)NC(=O)[C@@H]2CCCN2C(=O)[C@H](Cc2ccccc2)NC(=O)[C@@H](CC(C)C)NC(=O)[C@@H]2CCCN2C1=O,hepta_913,4490,-5.9,7,7,Circle,0.131311,0.0384604,-26.4864,8.77,7.59,1.18,0.147976,0.0488546,8.658,7.401,1.257,18,62,test,train,train,val,val,train,train,train,test,train
4489,2020_Townsend,CC(C)C[C@@H]1NC(=O)[C@@H](CC(C)C)NC(=O)[C@@H](C)NC(=O)[C@@H]2CCCN2C(=O)[C@H](Cc2ccccc2)NC(=O)[C@@H](CC(C)C)N(C)C(=O)[C@@H]2CCCN2C1=O,hepta_912,4489,-6.43,7,7,Circle,0.189387,0.0821447,-25.7561,9.025,7.678,1.347,0.115812,0.0505045,8.769,7.591,1.178,22,53,train,train,train,train,train,train,val,train,train,train
4488,2020_Townsend,CC(C)C[C@@H]1NC(=O)[C@@H]2CCCN2C(=O)[C@@H](CC(C)C)NC(=O)[C@@H](CC(C)C)N(C)C(=O)[C@@H](C)NC(=O)[C@@H]2CCCN2C(=O)[C@H](Cc2ccccc2)NC1=O,hepta_911,4488,-6.33,7,7,Circle,0.204976,0.0946131,-27.4614,9.098,7.787,1.311,0.170449,0.0699047,8.624,7.384,1.24,75,96,test,train,test,train,train,train,train,train,train,train
4487,2020_Townsend,CC(C)C[C@H]1C(=O)N2CCC[C@H]2C(=O)N[C@H](CC(C)C)C(=O)N[C@@H](Cc2ccccc2)C(=O)N2CCC[C@H]2C(=O)N[C@H](C)C(=O)N[C@H](CC(C)C)C(=O)N1C,hepta_910,4487,-6.51,7,7,Circle,0.137511,0.0489218,-36.123,9.142,7.86,1.282,0.145724,0.0648342,8.693,7.476,1.217,27,55,train,test,train,train,train,train,train,test,train,val
4486,2020_Townsend,CC(C)C[C@H]1C(=O)N[C@@H](Cc2ccccc2)C(=O)N2CCC[C@H]2C(=O)N[C@H](C)C(=O)N[C@H](CC(C)C)C(=O)N[C@H](CC(C)C)C(=O)N2CCC[C@H]2C(=O)N1C,hepta_909,4486,-10.0,7,7,Circle,0.148216,0.0560856,-32.4912,8.835,7.853,0.982,0.123689,0.0430706,8.829,7.683,1.146,40,41,val,train,test,val,test,val,test,train,train,train
4485,2020_Townsend,CC(C)C[C@H]1NC(=O)[C@@H](C)NC(=O)[C@@H]2CCCN2C(=O)[C@H](Cc2ccccc2)NC(=O)[C@@H](CC(C)C)N(C)C(=O)[C@@H]2CCCN2C(=O)[C@@H](CC(C)C)NC1=O,hepta_908,4485,-5.77,7,7,Circle,0.168186,0.0707702,-24.0914,8.939,7.704,1.235,0.173412,0.0693901,8.871,7.771,1.1,63,88,train,train,train,train,train,train,train,train,train,train
4484,2020_Townsend,CC(C)C[C@H]1NC(=O)[C@@H]2CCCN2C(=O)[C@@H](CC(C)C)N(C)C(=O)[C@@H](CC(C)C)NC(=O)[C@@H](C)NC(=O)[C@@H]2CCCN2C(=O)[C@H](Cc2ccccc2)NC1=O,hepta_907,4484,-6.28,7,7,Circle,0.220848,0.0961777,-36.365,8.983,7.587,1.396,0.14523,0.0360168,8.595,7.492,1.103,16,5,test,train,train,train,train,train,train,train,train,test
4483,2020_Townsend,CC(C)C[C@@H]1NC(=O)[C@@H]2CCCN2C(=O)[C@H](CC(C)C)NC(=O)[C@H](CC(C)C)NC(=O)[C@@H](C)NC(=O)[C@@H]2CCCN2C(=O)[C@H](Cc2ccccc2)NC1=O,hepta_906,4483,-7.03,7,7,Circle,0.159083,0.0515283,-36.6774,8.713,7.298,1.415,0.139197,0.0614912,8.411,7.194,1.217,50,26,train,train,train,train,val,train,train,train,val,train
4482,2020_Townsend,CC(C)C[C@@H]1NC(=O)[C@@H]2CCCN2C(=O)[C@@H](CC(C)C)NC(=O)[C@H](CC(C)C)NC(=O)[C@@H](C)NC(=O)[C@@H]2CCCN2C(=O)[C@H](Cc2ccccc2)NC1=O,hepta_905,4482,-6.33,7,7,Circle,0.157595,0.0625214,-25.7768,8.677,7.332,1.345,0.155195,0.0560523,8.486,7.215,1.271,31,60,train,train,train,train,train,train,train,train,train,train
4481,2020_Townsend,CC(C)C[C@@H]1NC(=O)[C@@H](C)NC(=O)[C@@H]2CCCN2C(=O)[C@H](Cc2ccccc2)NC(=O)[C@@H](CC(C)C)NC(=O)[C@@H]2CCCN2C(=O)[C@H](CC(C)C)NC1=O,hepta_904,4481,-10.0,7,7,Circle,0.220828,0.100747,-30.6882,8.707,7.356,1.351,0.129836,0.0424968,8.434,7.146,1.288,95,63,train,train,train,train,train,train,val,test,train,train
4480,2020_Townsend,CC(C)C[C@@H]1NC(=O)[C@@H]2CCCN2C(=O)[C@H](CC(C)C)NC(=O)[C@@H](CC(C)C)NC(=O)[C@@H](C)NC(=O)[C@@H]2CCCN2C(=O)[C@H](Cc2ccccc2)NC1=O,hepta_903,4480,-10.0,7,7,Circle,0.167489,0.0735151,-29.6551,8.869,7.522,1.347,0.164106,0.0608321,8.622,7.376,1.246,31,46,train,train,train,train,train,train,train,train,train,train
4479,2020_Townsend,CC(C)C[C@@H]1NC(=O)[C@@H]2CCCN2C(=O)[C@@H](CC(C)C)NC(=O)[C@@H](CC(C)C)NC(=O)[C@@H](C)NC(=O)[C@@H]2CCCN2C(=O)[C@H](Cc2ccccc2)NC1=O,hepta_902,4479,-5.84,7,7,Circle,0.251775,0.113647,-33.4959,8.952,7.448,1.504,0.166016,0.0564811,8.661,7.505,1.156,93,54,train,train,train,train,train,train,train,train,test,train
4478,2020_Townsend,CC(C)C[C@@H]1NC(=O)[C@@H](C)NC(=O)[C@@H]2CCCN2C(=O)[C@H](Cc2ccccc2)NC(=O)[C@@H](CC(C)C)NC(=O)[C@@H]2CCCN2C(=O)[C@@H](CC(C)C)NC1=O,hepta_901,4478,-6.65,7,7,Circle,0.135206,0.0588237,-24.394,8.592,7.345,1.247,0.123541,0.0576281,8.544,7.317,1.227,39,93,train,train,train,train,train,train,train,train,train,train
4477,2020_Townsend,CC(C)C[C@@H]1NC(=O)[C@@H](CC(C)C)NC(=O)[C@@H](C)NC(=O)[C@@H]2CCCN2C(=O)[C@H](Cc2ccccc2)NC(=O)[C@@H](CC(C)C)NC(=O)[C@@H]2CCCN2C1=O,hepta_900,4477,-6.69,7,7,Circle,0.195505,0.080106,-45.0976,9.185,7.757,1.428,0.131648,0.0407163,8.677,7.431,1.246,35,65,train,train,train,test,train,train,train,train,train,test
4476,2020_Townsend,CC(C)C[C@H]1NC(=O)[C@@H]2CCCN2C(=O)[C@@H](CC(C)C)NC(=O)[C@@H](CC(C)C)NC(=O)[C@@H](C)NC(=O)[C@@H]2CCCN2C(=O)[C@H](Cc2ccccc2)NC1=O,hepta_899,4476,-10.0,7,7,Circle,0.109532,0.045622,-27.3774,8.514,7.123,1.391,0.279313,0.130944,8.509,7.246,1.263,81,10,train,train,train,train,train,train,train,train,train,train
4475,2020_Townsend,CCCN1CC(=O)N(Cc2ccccc2)CC(=O)N(Cc2ccccc2)CC(=O)N2CCC[C@@H]2C(=O)N(C)[C@@H](CC(C)C)C(=O)N[C@@H](Cc2ccccc2)C(=O)N2CCC[C@H]2C1=O,hepta_898,4475,-6.59,7,7,Circle,0.186877,0.064377,-35.6452,9.664,8.414,1.25,0.143738,0.0392881,8.94,7.767,1.173,13,74,train,train,train,train,test,train,test,train,train,train
4471,2020_Townsend,CCCN1CC(=O)N[C@@H](CC(C)C)C(=O)N(Cc2ccccc2)CC(=O)N2CCC[C@@H]2C(=O)N(Cc2ccccc2)CC(=O)N[C@@H](Cc2ccccc2)C(=O)N2CCC[C@H]2C1=O,hepta_894,4471,-6.21,7,7,Circle,0.152873,0.0493016,-43.2902,9.374,8.093,1.281,0.141514,0.0497007,9.15,7.952,1.198,68,91,train,train,train,train,train,train,train,train,train,train
4470,2020_Townsend,CCCN1CC(=O)N(Cc2ccccc2)CC(=O)N(C)[C@@H](CC(C)C)C(=O)N2CCC[C@@H]2C(=O)N(C)[C@@H](CC(C)C)C(=O)N[C@@H](Cc2ccccc2)C(=O)N2CCC[C@H]2C1=O,hepta_893,4470,-5.25,7,7,Circle,0.149604,0.0535128,-29.8697,9.803,8.778,1.025,0.144151,0.0548318,9.417,8.347,1.07,37,8,train,train,train,test,val,train,val,test,test,train
4468,2020_Townsend,CCCN1CC(=O)N(C)[C@@H](CC(C)C)C(=O)N(Cc2ccccc2)CC(=O)N2CCC[C@@H]2C(=O)N(C)[C@@H](CC(C)C)C(=O)N[C@@H](Cc2ccccc2)C(=O)N2CCC[C@H]2C1=O,hepta_891,4468,-5.21,7,7,Circle,0.156571,0.0573249,-24.5064,9.036,7.956,1.08,0.154126,0.0587396,9.232,8.115,1.117,17,70,train,train,train,val,val,train,train,train,train,train
4467,2020_Townsend,CCCN1CC(=O)N(Cc2ccccc2)CC(=O)N[C@H](CC(C)C)C(=O)N2CCC[C@@H]2C(=O)N(Cc2ccccc2)CC(=O)N[C@@H](Cc2ccccc2)C(=O)N2CCC[C@H]2C1=O,hepta_890,4467,-5.64,7,7,Circle,0.183164,0.0551624,-31.1701,9.216,7.985,1.231,0.143228,0.0400518,8.688,7.467,1.221,98,81,test,train,train,train,train,train,train,val,val,train
4466,2020_Townsend,CCCN1CC(=O)N[C@H](CC(C)C)C(=O)N(Cc2ccccc2)CC(=O)N2CCC[C@@H]2C(=O)N(Cc2ccccc2)CC(=O)N[C@@H](Cc2ccccc2)C(=O)N2CCC[C@H]2C1=O,hepta_889,4466,-6.42,7,7,Circle,0.18438,0.069067,-31.1182,9.142,7.917,1.225,0.144063,0.0662768,8.883,7.655,1.228,67,64,train,train,train,train,train,train,train,train,train,train
4465,2020_Townsend,CCCN1CC(=O)N(C)[C@H](CC(C)C)C(=O)N(C)[C@@H](CC(C)C)C(=O)N2CCC[C@@H]2C(=O)N(Cc2ccccc2)CC(=O)N[C@@H](Cc2ccccc2)C(=O)N2CCC[C@H]2C1=O,hepta_888,4465,-5.38,7,7,Circle,0.154318,0.054754,-28.2769,9.229,8.015,1.214,0.148739,0.052075,9.084,7.951,1.133,30,24,train,train,train,train,train,test,train,test,train,train
4464,2020_Townsend,CCCN1CC(=O)N(Cc2ccccc2)CC(=O)N(C)[C@@H](CC(C)C)C(=O)N2CCC[C@@H]2C(=O)N(C)[C@H](CC(C)C)C(=O)N[C@@H](Cc2ccccc2)C(=O)N2CCC[C@H]2C1=O,hepta_887,4464,-5.34,7,7,Circle,0.142161,0.0478548,-33.1329,9.165,8.027,1.138,0.155399,0.0638365,9.293,8.151,1.142,56,81,train,train,val,train,train,train,train,test,train,train
4462,2020_Townsend,CCCN1CC(=O)N(C)[C@@H](CC(C)C)C(=O)N(C)[C@H](CC(C)C)C(=O)N2CCC[C@@H]2C(=O)N(Cc2ccccc2)CC(=O)N[C@@H](Cc2ccccc2)C(=O)N2CCC[C@H]2C1=O,hepta_885,4462,-5.4,7,7,Circle,0.145216,0.0542467,-27.9068,9.403,8.192,1.211,0.146937,0.0473837,9.167,8.191,0.976,74,96,train,train,val,train,train,train,val,train,train,train
4461,2020_Townsend,CCCN1CC(=O)N(C)[C@H](CC(C)C)C(=O)N(Cc2ccccc2)CC(=O)N2CCC[C@@H]2C(=O)N(C)[C@@H](CC(C)C)C(=O)N[C@@H](Cc2ccccc2)C(=O)N2CCC[C@H]2C1=O,hepta_884,4461,-6.0,7,7,Circle,0.158292,0.0438816,-37.9355,9.263,8.114,1.149,0.136737,0.0418623,9.106,8.148,0.958,68,36,train,test,train,train,train,val,val,test,train,val
4458,2020_Townsend,CCCN1CC(=O)N(Cc2ccccc2)CC(=O)N(C)[C@H](CC(C)C)C(=O)N2CCC[C@@H]2C(=O)N(C)[C@H](CC(C)C)C(=O)N[C@@H](Cc2ccccc2)C(=O)N2CCC[C@H]2C1=O,hepta_881,4458,-10.0,7,7,Circle,0.147604,0.0453935,-25.2197,9.22,8.167,1.053,0.126094,0.0509377,9.068,8.036,1.032,22,39,train,train,val,train,train,train,train,train,train,train
4456,2020_Townsend,CCCN1CC(=O)N(C)[C@H](CC(C)C)C(=O)N(Cc2ccccc2)CC(=O)N2CCC[C@@H]2C(=O)N(C)[C@H](CC(C)C)C(=O)N[C@@H](Cc2ccccc2)C(=O)N2CCC[C@H]2C1=O,hepta_879,4456,-6.12,7,7,Circle,0.179207,0.0772529,-34.1523,9.547,8.409,1.138,0.14091,0.0518369,9.212,8.458,0.754,78,26,train,train,test,train,train,train,val,train,train,train
4455,2020_Townsend,CCCN1CC(=O)N(Cc2ccccc2)CC(=O)N[C@@H](CC(C)C)C(=O)N2CCC[C@@H]2C(=O)N(C)[C@@H](CC(C)C)C(=O)N[C@@H](Cc2ccccc2)C(=O)N2CCC[C@H]2C1=O,hepta_878,4455,-5.26,7,7,Circle,0.188239,0.0865562,-37.6956,9.43,8.093,1.337,0.142244,0.0454428,8.802,7.704,1.098,18,55,val,train,train,val,train,train,train,val,test,train
4454,2020_Townsend,CCCN1CC(=O)N[C@@H](CC(C)C)C(=O)N(Cc2ccccc2)CC(=O)N2CCC[C@@H]2C(=O)N(C)[C@@H](CC(C)C)C(=O)N[C@@H](Cc2ccccc2)C(=O)N2CCC[C@H]2C1=O,hepta_877,4454,-5.56,7,7,Circle,0.140711,0.0431191,-30.2283,9.282,8.101,1.181,0.158662,0.0428525,9.326,8.355,0.971,66,35,val,train,train,test,train,train,train,train,train,train
4453,2020_Townsend,CCCN1CC(=O)N[C@@H](CC(C)C)C(=O)N(C)[C@@H](CC(C)C)C(=O)N2CCC[C@@H]2C(=O)N(Cc2ccccc2)CC(=O)N[C@@H](Cc2ccccc2)C(=O)N2CCC[C@H]2C1=O,hepta_876,4453,-5.5,7,7,Circle,0.120839,0.0403991,-38.4103,9.409,8.252,1.157,0.151005,0.0507215,9.568,8.412,1.156,52,20,train,train,train,train,train,train,train,train,train,test
4452,2020_Townsend,CCCN1CC(=O)N(C)[C@@H](CC(C)C)C(=O)N(Cc2ccccc2)CC(=O)N2CCC[C@@H]2C(=O)N[C@@H](CC(C)C)C(=O)N[C@@H](Cc2ccccc2)C(=O)N2CCC[C@H]2C1=O,hepta_875,4452,-6.46,7,7,Circle,0.150538,0.053868,-30.5043,9.045,7.823,1.222,0.147027,0.0544014,8.912,7.712,1.2,13,26,test,train,train,val,train,train,train,train,train,train
4450,2020_Townsend,CCCN1CC(=O)N(C)[C@H](CC(C)C)C(=O)N[C@@H](CC(C)C)C(=O)N2CCC[C@@H]2C(=O)N(Cc2ccccc2)CC(=O)N[C@@H](Cc2ccccc2)C(=O)N2CCC[C@H]2C1=O,hepta_873,4450,-5.29,7,7,Circle,0.181025,0.0537028,-36.902,10.087,8.822,1.265,0.22117,0.100276,9.295,8.036,1.259,23,86,train,train,train,train,train,train,val,train,train,train
4449,2020_Townsend,CCCN1CC(=O)N[C@H](CC(C)C)C(=O)N(C)[C@@H](CC(C)C)C(=O)N2CCC[C@@H]2C(=O)N(Cc2ccccc2)CC(=O)N[C@@H](Cc2ccccc2)C(=O)N2CCC[C@H]2C1=O,hepta_872,4449,-5.8,7,7,Circle,0.100619,0.0472822,-26.4641,8.681,7.511,1.17,0.0802198,0.0367867,8.586,7.488,1.098,78,15,train,train,val,test,train,train,train,train,train,train
4448,2020_Townsend,CCCN1CC(=O)N(C)[C@@H](CC(C)C)C(=O)N[C@H](CC(C)C)C(=O)N2CCC[C@@H]2C(=O)N(Cc2ccccc2)CC(=O)N[C@@H](Cc2ccccc2)C(=O)N2CCC[C@H]2C1=O,hepta_871,4448,-5.22,7,7,Circle,0.174571,0.0677698,-32.232,9.503,8.259,1.244,0.152334,0.049685,9.167,8.048,1.119,9,88,train,train,val,test,train,test,train,test,train,train
4447,2020_Townsend,CCCN1CC(=O)N(Cc2ccccc2)CC(=O)N[C@@H](CC(C)C)C(=O)N2CCC[C@@H]2C(=O)N(C)[C@H](CC(C)C)C(=O)N[C@@H](Cc2ccccc2)C(=O)N2CCC[C@H]2C1=O,hepta_870,4447,-5.71,7,7,Circle,0.141451,0.0486179,-31.4141,9.34,8.167,1.173,0.125999,0.0353567,8.974,7.838,1.136,43,82,train,test,train,test,train,test,val,train,val,train
4446,2020_Townsend,CCCN1CC(=O)N[C@@H](CC(C)C)C(=O)N(C)[C@H](CC(C)C)C(=O)N2CCC[C@@H]2C(=O)N(Cc2ccccc2)CC(=O)N[C@@H](Cc2ccccc2)C(=O)N2CCC[C@H]2C1=O,hepta_869,4446,-5.93,7,7,Circle,0.15862,0.050745,-25.7409,9.296,8.127,1.169,0.151667,0.0413071,9.381,8.285,1.096,29,58,train,train,train,train,train,train,train,train,train,train
4445,2020_Townsend,CCCN1CC(=O)N(Cc2ccccc2)CC(=O)N(C)[C@@H](CC(C)C)C(=O)N2CCC[C@@H]2C(=O)N[C@H](CC(C)C)C(=O)N[C@@H](Cc2ccccc2)C(=O)N2CCC[C@H]2C1=O,hepta_868,4445,-6.12,7,7,Circle,0.149822,0.051826,-45.0846,9.591,8.391,1.2,0.115975,0.0330496,9.039,8.108,0.931,76,98,train,val,val,train,train,train,train,train,train,train
4442,2020_Townsend,CCCN1CC(=O)N(C)[C@H](CC(C)C)C(=O)N(Cc2ccccc2)CC(=O)N2CCC[C@@H]2C(=O)N[C@@H](CC(C)C)C(=O)N[C@@H](Cc2ccccc2)C(=O)N2CCC[C@H]2C1=O,hepta_865,4442,-7.05,7,7,Circle,0.140557,0.0471709,-33.1936,9.294,8.096,1.198,0.172604,0.0726072,9.095,7.917,1.178,72,80,train,test,train,val,train,train,train,train,train,test
4441,2020_Townsend,CCCN1CC(=O)N(Cc2ccccc2)CC(=O)N(C)[C@H](CC(C)C)C(=O)N2CCC[C@@H]2C(=O)N[C@@H](CC(C)C)C(=O)N[C@@H](Cc2ccccc2)C(=O)N2CCC[C@H]2C1=O,hepta_864,4441,-7.28,7,7,Circle,0.181182,0.0782078,-32.7363,9.586,8.339,1.247,0.127942,0.0453607,9.135,7.883,1.252,81,37,train,train,train,train,train,train,train,train,train,val
4440,2020_Townsend,CCCN1CC(=O)N(C)[C@@H](CC(C)C)C(=O)N(C)[C@@H](CC(C)C)C(=O)N2CCC[C@@H]2C(=O)N(C)[C@H](CC(C)C)C(=O)N[C@@H](Cc2ccccc2)C(=O)N2CCC[C@H]2C1=O,hepta_863,4440,-5.16,7,7,Circle,0.143865,0.0470219,-25.0578,9.445,8.349,1.096,0.156398,0.0530021,9.289,8.377,0.912,55,36,train,train,train,train,train,test,train,train,train,train
4439,2020_Townsend,CCCN1CC(=O)N(C)[C@H](CC(C)C)C(=O)N(C)[C@@H](CC(C)C)C(=O)N2CCC[C@@H]2C(=O)N(C)[C@@H](CC(C)C)C(=O)N[C@@H](Cc2ccccc2)C(=O)N2CCC[C@H]2C1=O,hepta_862,4439,-4.96,7,7,Circle,0.123327,0.0450039,-24.8768,9.543,8.62,0.923,0.124604,0.0378254,9.361,8.217,1.144,7,8,train,train,train,train,train,val,train,val,train,val
4438,2020_Townsend,CCCN1CC(=O)N(C)[C@@H](CC(C)C)C(=O)N(C)[C@H](CC(C)C)C(=O)N2CCC[C@@H]2C(=O)N(C)[C@@H](CC(C)C)C(=O)N[C@@H](Cc2ccccc2)C(=O)N2CCC[C@H]2C1=O,hepta_861,4438,-4.97,7,7,Circle,0.0834231,0.0324302,-29.2044,8.626,7.643,0.983,0.101521,0.041867,8.712,7.773,0.939,90,92,train,test,train,train,train,train,train,val,train,val
4437,2020_Townsend,CCCN1CC(=O)N(C)[C@H](CC(C)C)C(=O)N[C@H](CC(C)C)C(=O)N2CCC[C@@H]2C(=O)N(Cc2ccccc2)CC(=O)N[C@@H](Cc2ccccc2)C(=O)N2CCC[C@H]2C1=O,hepta_860,4437,-5.21,7,7,Circle,0.167451,0.0595818,-25.5011,8.962,7.719,1.243,0.134116,0.0374274,8.884,7.65,1.234,81,83,train,train,train,train,train,train,train,test,train,test
4436,2020_Townsend,CCCN1CC(=O)N(C)[C@H](CC(C)C)C(=O)N(Cc2ccccc2)CC(=O)N2CCC[C@@H]2C(=O)N[C@H](CC(C)C)C(=O)N[C@@H](Cc2ccccc2)C(=O)N2CCC[C@H]2C1=O,hepta_859,4436,-5.64,7,7,Circle,0.173642,0.0784808,-26.8161,9.189,8.008,1.181,0.169425,0.0626407,9.099,7.962,1.137,61,43,train,train,train,train,train,train,train,test,train,train
4435,2020_Townsend,CCCN1CC(=O)N(Cc2ccccc2)CC(=O)N(C)[C@H](CC(C)C)C(=O)N2CCC[C@@H]2C(=O)N[C@H](CC(C)C)C(=O)N[C@@H](Cc2ccccc2)C(=O)N2CCC[C@H]2C1=O,hepta_858,4435,-6.27,7,7,Circle,0.196049,0.0814214,-35.7551,9.803,8.604,1.199,0.129412,0.0432186,9.364,8.103,1.261,95,77,train,train,train,test,train,train,train,train,val,train
4434,2020_Townsend,CCCN1CC(=O)N[C@H](CC(C)C)C(=O)N(C)[C@H](CC(C)C)C(=O)N2CCC[C@@H]2C(=O)N(Cc2ccccc2)CC(=O)N[C@@H](Cc2ccccc2)C(=O)N2CCC[C@H]2C1=O,hepta_857,4434,-5.88,7,7,Circle,0.156881,0.0607689,-31.1384,9.214,8.136,1.078,0.137256,0.0397534,8.853,7.818,1.035,75,19,train,val,train,test,train,train,train,train,train,train
4433,2020_Townsend,CCCN1CC(=O)N[C@H](CC(C)C)C(=O)N(Cc2ccccc2)CC(=O)N2CCC[C@@H]2C(=O)N(C)[C@H](CC(C)C)C(=O)N[C@@H](Cc2ccccc2)C(=O)N2CCC[C@H]2C1=O,hepta_856,4433,-5.74,7,7,Circle,0.172454,0.0638654,-32.5678,9.597,8.382,1.215,0.188191,0.0856186,9.039,7.952,1.087,51,77,train,train,test,train,train,train,train,train,test,train
4432,2020_Townsend,CCCN1CC(=O)N(C)[C@@H](CC(C)C)C(=O)N(C)[C@H](CC(C)C)C(=O)N2CCC[C@@H]2C(=O)N(C)[C@H](CC(C)C)C(=O)N[C@@H](Cc2ccccc2)C(=O)N2CCC[C@H]2C1=O,hepta_855,4432,-5.29,7,7,Circle,0.136838,0.0418335,-20.9683,9.084,7.978,1.106,0.143278,0.0397788,8.985,7.996,0.989,70,91,train,train,train,train,train,test,train,train,train,train
4431,2020_Townsend,CCCN1CC(=O)N(C)[C@H](CC(C)C)C(=O)N(C)[C@H](CC(C)C)C(=O)N2CCC[C@@H]2C(=O)N(C)[C@@H](CC(C)C)C(=O)N[C@@H](Cc2ccccc2)C(=O)N2CCC[C@H]2C1=O,hepta_854,4431,-5.13,7,7,Circle,0.119756,0.0381738,-23.236,9.152,8.126,1.026,0.124579,0.0423977,9.282,8.263,1.019,3,58,test,train,train,train,train,val,train,val,train,train
4430,2020_Townsend,CCCN1CC(=O)N(C)[C@H](CC(C)C)C(=O)N(C)[C@@H](CC(C)C)C(=O)N2CCC[C@@H]2C(=O)N(C)[C@H](CC(C)C)C(=O)N[C@@H](Cc2ccccc2)C(=O)N2CCC[C@H]2C1=O,hepta_853,4430,-4.96,7,7,Circle,0.133121,0.0452305,-19.476,9.351,8.141,1.21,0.11723,0.042498,9.46,8.368,1.092,43,29,test,train,train,train,train,train,test,train,train,train
4429,2020_Townsend,CCCN1CC(=O)N[C@@H](CC(C)C)C(=O)N[C@@H](CC(C)C)C(=O)N2CCC[C@@H]2C(=O)N(Cc2ccccc2)CC(=O)N[C@@H](Cc2ccccc2)C(=O)N2CCC[C@H]2C1=O,hepta_852,4429,-5.52,7,7,Circle,0.142324,0.0473306,-30.6247,8.901,7.522,1.379,0.129846,0.0429695,8.66,7.461,1.199,41,74,train,train,train,val,train,val,train,train,train,train
4428,2020_Townsend,CCCN1CC(=O)N[C@@H](CC(C)C)C(=O)N(Cc2ccccc2)CC(=O)N2CCC[C@@H]2C(=O)N[C@@H](CC(C)C)C(=O)N[C@@H](Cc2ccccc2)C(=O)N2CCC[C@H]2C1=O,hepta_851,4428,-10.0,7,7,Circle,0.19413,0.0638855,-33.3915,9.285,8.085,1.2,0.12991,0.0474926,9.139,8.015,1.124,44,76,train,train,train,train,train,train,val,train,train,train
4427,2020_Townsend,CCCN1CC(=O)N(C)[C@@H](CC(C)C)C(=O)N(C)[C@@H](CC(C)C)C(=O)N2CCC[C@@H]2C(=O)N[C@@H](CC(C)C)C(=O)N[C@@H](Cc2ccccc2)C(=O)N2CCC[C@H]2C1=O,hepta_850,4427,-6.21,7,7,Circle,0.113934,0.0363579,-24.1314,9.123,7.762,1.361,0.156759,0.0629177,8.94,7.663,1.277,7,26,train,train,val,train,val,train,val,train,train,train
4426,2020_Townsend,CCCN1CC(=O)N[C@@H](CC(C)C)C(=O)N(C)[C@@H](CC(C)C)C(=O)N2CCC[C@@H]2C(=O)N(C)[C@@H](CC(C)C)C(=O)N[C@@H](Cc2ccccc2)C(=O)N2CCC[C@H]2C1=O,hepta_849,4426,-5.09,7,7,Circle,0.119449,0.043787,-26.4401,9.397,8.358,1.039,0.152549,0.0510332,9.29,8.213,1.077,74,25,train,train,val,train,train,test,train,train,train,train
4425,2020_Townsend,CCCN1CC(=O)N[C@H](CC(C)C)C(=O)N[C@@H](CC(C)C)C(=O)N2CCC[C@@H]2C(=O)N(Cc2ccccc2)CC(=O)N[C@@H](Cc2ccccc2)C(=O)N2CCC[C@H]2C1=O,hepta_848,4425,-5.53,7,7,Circle,0.132658,0.0451021,-20.1497,8.583,7.361,1.222,0.157483,0.0480402,8.673,7.492,1.181,100,57,train,train,train,val,train,train,train,train,val,train
4424,2020_Townsend,CCCN1CC(=O)N[C@@H](CC(C)C)C(=O)N[C@H](CC(C)C)C(=O)N2CCC[C@@H]2C(=O)N(Cc2ccccc2)CC(=O)N[C@@H](Cc2ccccc2)C(=O)N2CCC[C@H]2C1=O,hepta_847,4424,-5.69,7,7,Circle,0.156767,0.0480372,-22.4518,8.85,7.551,1.299,0.143001,0.0430687,8.691,7.451,1.24,34,40,train,train,train,train,train,train,train,val,train,train
4423,2020_Townsend,CCCN1CC(=O)N[C@@H](CC(C)C)C(=O)N(Cc2ccccc2)CC(=O)N2CCC[C@@H]2C(=O)N[C@H](CC(C)C)C(=O)N[C@@H](Cc2ccccc2)C(=O)N2CCC[C@H]2C1=O,hepta_846,4423,-6.65,7,7,Circle,0.172913,0.0521058,-38.642,9.523,8.197,1.326,0.153935,0.0476829,9.298,8.209,1.089,63,88,train,train,train,train,train,train,train,val,train,train
4422,2020_Townsend,CCCN1CC(=O)N[C@H](CC(C)C)C(=O)N(Cc2ccccc2)CC(=O)N2CCC[C@@H]2C(=O)N[C@@H](CC(C)C)C(=O)N[C@@H](Cc2ccccc2)C(=O)N2CCC[C@H]2C1=O,hepta_845,4422,-10.0,7,7,Circle,0.146204,0.0596051,-36.4413,9.399,8.082,1.317,0.124254,0.042057,8.629,7.414,1.215,74,68,train,train,train,train,test,train,train,train,train,train
4421,2020_Townsend,CCCN1CC(=O)N(Cc2ccccc2)CC(=O)N[C@@H](CC(C)C)C(=O)N2CCC[C@@H]2C(=O)N[C@H](CC(C)C)C(=O)N[C@@H](Cc2ccccc2)C(=O)N2CCC[C@H]2C1=O,hepta_844,4421,-10.0,7,7,Circle,0.175673,0.0859776,-35.1602,8.99,7.732,1.258,0.130335,0.0476257,8.761,7.517,1.244,92,100,val,val,train,val,val,train,train,train,train,train
4420,2020_Townsend,CCCN1CC(=O)N[C@H](CC(C)C)C(=O)N(C)[C@@H](CC(C)C)C(=O)N2CCC[C@@H]2C(=O)N(C)[C@@H](CC(C)C)C(=O)N[C@@H](Cc2ccccc2)C(=O)N2CCC[C@H]2C1=O,hepta_843,4420,-5.07,7,7,Circle,0.0897708,0.0346704,-26.9086,9.136,8.044,1.092,0.126289,0.0573397,8.875,7.888,0.987,34,30,train,train,train,train,train,val,train,train,train,val
4419,2020_Townsend,CCCN1CC(=O)N(C)[C@H](CC(C)C)C(=O)N[C@@H](CC(C)C)C(=O)N2CCC[C@@H]2C(=O)N(C)[C@@H](CC(C)C)C(=O)N[C@@H](Cc2ccccc2)C(=O)N2CCC[C@H]2C1=O,hepta_842,4419,-4.97,7,7,Circle,0.115125,0.0439133,-20.7568,9.468,8.34,1.128,0.151006,0.0774448,9.275,8.258,1.017,86,57,train,train,train,train,train,train,train,train,test,train
4418,2020_Townsend,CCCN1CC(=O)N(C)[C@@H](CC(C)C)C(=O)N[C@H](CC(C)C)C(=O)N2CCC[C@@H]2C(=O)N(C)[C@@H](CC(C)C)C(=O)N[C@@H](Cc2ccccc2)C(=O)N2CCC[C@H]2C1=O,hepta_841,4418,-5.2,7,7,Circle,0.122231,0.0351727,-27.3404,9.314,8.06,1.254,0.126261,0.0395942,9.294,8.129,1.165,57,84,val,train,train,train,train,train,val,train,train,train
4417,2020_Townsend,CCCN1CC(=O)N(C)[C@@H](CC(C)C)C(=O)N[C@@H](CC(C)C)C(=O)N2CCC[C@@H]2C(=O)N(C)[C@H](CC(C)C)C(=O)N[C@@H](Cc2ccccc2)C(=O)N2CCC[C@H]2C1=O,hepta_840,4417,-5.16,7,7,Circle,0.163165,0.0569228,-30.5947,9.544,8.222,1.322,0.146336,0.0504024,9.177,8.11,1.067,69,80,val,train,train,train,train,train,train,train,train,train
4416,2020_Townsend,CCCN1CC(=O)N[C@@H](CC(C)C)C(=O)N(C)[C@H](CC(C)C)C(=O)N2CCC[C@@H]2C(=O)N(C)[C@@H](CC(C)C)C(=O)N[C@@H](Cc2ccccc2)C(=O)N2CCC[C@H]2C1=O,hepta_839,4416,-5.73,7,7,Circle,0.147125,0.0517389,-22.2246,9.003,7.883,1.12,0.135545,0.0381966,9.037,8.047,0.99,87,5,train,train,train,train,train,train,train,train,train,train
4415,2020_Townsend,CCCN1CC(=O)N(C)[C@H](CC(C)C)C(=O)N(C)[C@@H](CC(C)C)C(=O)N2CCC[C@@H]2C(=O)N[C@@H](CC(C)C)C(=O)N[C@@H](Cc2ccccc2)C(=O)N2CCC[C@H]2C1=O,hepta_838,4415,-5.34,7,7,Circle,0.141465,0.0615142,-32.5184,9.596,8.395,1.201,0.12257,0.0399378,8.985,7.83,1.155,100,14,val,test,train,train,train,train,train,train,train,train
4414,2020_Townsend,CCCN1CC(=O)N[C@H](CC(C)C)C(=O)N[C@H](CC(C)C)C(=O)N2CCC[C@@H]2C(=O)N(Cc2ccccc2)CC(=O)N[C@@H](Cc2ccccc2)C(=O)N2CCC[C@H]2C1=O,hepta_837,4414,-5.57,7,7,Circle,0.124012,0.0411057,-37.9502,9.47,8.265,1.205,0.14207,0.0403139,8.979,7.797,1.182,73,45,test,train,test,train,train,train,train,val,train,train
4413,2020_Townsend,CCCN1CC(=O)N[C@H](CC(C)C)C(=O)N(Cc2ccccc2)CC(=O)N2CCC[C@@H]2C(=O)N[C@H](CC(C)C)C(=O)N[C@@H](Cc2ccccc2)C(=O)N2CCC[C@H]2C1=O,hepta_836,4413,-5.88,7,7,Circle,0.151127,0.0660551,-30.8716,9.408,8.132,1.276,0.164171,0.0767566,8.963,7.717,1.246,85,73,train,train,train,train,train,train,train,train,train,train
4412,2020_Townsend,CCCN1CC(=O)N(C)[C@H](CC(C)C)C(=O)N(C)[C@H](CC(C)C)C(=O)N2CCC[C@@H]2C(=O)N[C@@H](CC(C)C)C(=O)N[C@@H](Cc2ccccc2)C(=O)N2CCC[C@H]2C1=O,hepta_835,4412,-5.57,7,7,Circle,0.136612,0.039972,-31.4324,9.422,8.233,1.189,0.134143,0.0333473,9.407,8.453,0.954,30,52,train,train,train,train,train,train,train,train,train,val
4411,2020_Townsend,CCCN1CC(=O)N(C)[C@@H](CC(C)C)C(=O)N(C)[C@H](CC(C)C)C(=O)N2CCC[C@@H]2C(=O)N[C@H](CC(C)C)C(=O)N[C@@H](Cc2ccccc2)C(=O)N2CCC[C@H]2C1=O,hepta_834,4411,-5.0,7,7,Circle,0.137173,0.0442898,-23.3496,9.062,7.961,1.101,0.144559,0.0489455,8.973,7.934,1.039,42,7,train,train,train,val,val,train,train,val,train,test
4410,2020_Townsend,CCCN1CC(=O)N[C@H](CC(C)C)C(=O)N(C)[C@@H](CC(C)C)C(=O)N2CCC[C@@H]2C(=O)N(C)[C@H](CC(C)C)C(=O)N[C@@H](Cc2ccccc2)C(=O)N2CCC[C@H]2C1=O,hepta_833,4410,-5.36,7,7,Circle,0.120038,0.0459674,-30.2982,9.446,8.227,1.219,0.130872,0.0416297,9.292,8.053,1.239,64,44,train,train,train,train,val,train,train,train,train,val
4409,2020_Townsend,CCCN1CC(=O)N(C)[C@H](CC(C)C)C(=O)N[C@@H](CC(C)C)C(=O)N2CCC[C@@H]2C(=O)N(C)[C@H](CC(C)C)C(=O)N[C@@H](Cc2ccccc2)C(=O)N2CCC[C@H]2C1=O,hepta_832,4409,-5.2,7,7,Circle,0.123981,0.0529062,-25.9794,9.147,7.962,1.185,0.147576,0.0519913,9.225,8.104,1.121,76,77,test,train,train,train,train,train,train,train,train,test
4408,2020_Townsend,CCCN1CC(=O)N(C)[C@H](CC(C)C)C(=O)N(C)[C@@H](CC(C)C)C(=O)N2CCC[C@@H]2C(=O)N[C@H](CC(C)C)C(=O)N[C@@H](Cc2ccccc2)C(=O)N2CCC[C@H]2C1=O,hepta_831,4408,-5.29,7,7,Circle,0.137465,0.0556264,-43.5708,9.642,8.365,1.277,0.134652,0.0368218,9.13,8.007,1.123,21,91,test,train,train,train,train,train,train,train,val,train
4407,2020_Townsend,CCCN1CC(=O)N[C@@H](CC(C)C)C(=O)N(C)[C@H](CC(C)C)C(=O)N2CCC[C@@H]2C(=O)N(C)[C@H](CC(C)C)C(=O)N[C@@H](Cc2ccccc2)C(=O)N2CCC[C@H]2C1=O,hepta_830,4407,-6.01,7,7,Circle,0.156308,0.0571687,-24.1185,8.941,7.765,1.176,0.141627,0.039258,9.022,8.008,1.014,5,22,train,train,train,train,test,train,train,train,train,test
4406,2020_Townsend,CCCN1CC(=O)N(C)[C@H](CC(C)C)C(=O)N[C@H](CC(C)C)C(=O)N2CCC[C@@H]2C(=O)N(C)[C@H](CC(C)C)C(=O)N[C@@H](Cc2ccccc2)C(=O)N2CCC[C@H]2C1=O,hepta_829,4406,-5.22,7,7,Circle,0.132057,0.0416691,-23.2923,9.009,7.846,1.163,0.138116,0.0392804,9.193,8.112,1.081,57,62,train,train,train,test,train,train,test,val,train,train
4405,2020_Townsend,CCCN1CC(=O)N(C)[C@H](CC(C)C)C(=O)N(C)[C@H](CC(C)C)C(=O)N2CCC[C@@H]2C(=O)N[C@H](CC(C)C)C(=O)N[C@@H](Cc2ccccc2)C(=O)N2CCC[C@H]2C1=O,hepta_828,4405,-5.88,7,7,Circle,0.127188,0.0415756,-24.5993,9.092,7.892,1.2,0.131845,0.0490255,8.958,7.798,1.16,83,48,train,train,train,train,train,train,train,test,train,train
4404,2020_Townsend,CCCN1CC(=O)N[C@@H](CC(C)C)C(=O)N[C@@H](CC(C)C)C(=O)N2CCC[C@@H]2C(=O)N(C)[C@@H](CC(C)C)C(=O)N[C@@H](Cc2ccccc2)C(=O)N2CCC[C@H]2C1=O,hepta_827,4404,-5.7,7,7,Circle,0.134687,0.059184,-27.6136,9.348,8.09,1.258,0.155762,0.068868,8.858,7.726,1.132,57,52,train,train,train,train,train,train,train,train,train,train
4403,2020_Townsend,CCCN1CC(=O)N[C@@H](CC(C)C)C(=O)N(C)[C@@H](CC(C)C)C(=O)N2CCC[C@@H]2C(=O)N[C@@H](CC(C)C)C(=O)N[C@@H](Cc2ccccc2)C(=O)N2CCC[C@H]2C1=O,hepta_826,4403,-5.82,7,7,Circle,0.11454,0.0439337,-36.9488,9.331,8.151,1.18,0.107591,0.0390747,9.06,7.848,1.212,86,77,train,val,train,train,train,train,val,train,val,train
4402,2020_Townsend,CCCN1CC(=O)N[C@H](CC(C)C)C(=O)N[C@@H](CC(C)C)C(=O)N2CCC[C@@H]2C(=O)N(C)[C@@H](CC(C)C)C(=O)N[C@@H](Cc2ccccc2)C(=O)N2CCC[C@H]2C1=O,hepta_825,4402,-5.07,7,7,Circle,0.189173,0.07056,-28.8122,9.46,8.07,1.39,0.157318,0.0512575,9.107,7.883,1.224,80,80,val,train,train,train,train,train,test,train,train,test
4401,2020_Townsend,CCCN1CC(=O)N[C@@H](CC(C)C)C(=O)N[C@H](CC(C)C)C(=O)N2CCC[C@@H]2C(=O)N(C)[C@@H](CC(C)C)C(=O)N[C@@H](Cc2ccccc2)C(=O)N2CCC[C@H]2C1=O,hepta_824,4401,-5.21,7,7,Circle,0.106041,0.0461633,-24.095,8.675,7.422,1.253,0.121049,0.0451409,8.916,7.65,1.266,69,12,train,val,train,train,train,test,train,train,train,train
4400,2020_Townsend,CCCN1CC(=O)N[C@@H](CC(C)C)C(=O)N(C)[C@H](CC(C)C)C(=O)N2CCC[C@@H]2C(=O)N[C@@H](CC(C)C)C(=O)N[C@@H](Cc2ccccc2)C(=O)N2CCC[C@H]2C1=O,hepta_823,4400,-5.61,7,7,Circle,0.128468,0.0462961,-29.321,9.302,8.005,1.297,0.190458,0.0849673,9.399,8.129,1.27,23,84,train,train,train,train,train,train,train,train,train,test
4399,2020_Townsend,CCCN1CC(=O)N[C@H](CC(C)C)C(=O)N(C)[C@@H](CC(C)C)C(=O)N2CCC[C@@H]2C(=O)N[C@@H](CC(C)C)C(=O)N[C@@H](Cc2ccccc2)C(=O)N2CCC[C@H]2C1=O,hepta_822,4399,-5.99,7,7,Circle,0.117001,0.0447866,-19.671,8.629,7.412,1.217,0.126718,0.0400276,8.726,7.555,1.171,36,68,train,train,train,val,test,train,train,train,train,train
4398,2020_Townsend,CCCN1CC(=O)N[C@@H](CC(C)C)C(=O)N(C)[C@@H](CC(C)C)C(=O)N2CCC[C@@H]2C(=O)N[C@H](CC(C)C)C(=O)N[C@@H](Cc2ccccc2)C(=O)N2CCC[C@H]2C1=O,hepta_821,4398,-5.9,7,7,Circle,0.281636,0.133535,-35.8366,9.399,8.068,1.331,0.118294,0.0315313,8.768,7.802,0.966,36,39,test,train,train,train,train,train,train,train,train,train
4397,2020_Townsend,CCCN1CC(=O)N(C)[C@@H](CC(C)C)C(=O)N[C@H](CC(C)C)C(=O)N2CCC[C@@H]2C(=O)N[C@@H](CC(C)C)C(=O)N[C@@H](Cc2ccccc2)C(=O)N2CCC[C@H]2C1=O,hepta_820,4397,-6.77,7,7,Circle,0.155203,0.0575037,-29.0781,9.352,8.001,1.351,0.116037,0.0436178,9.117,7.802,1.315,75,10,val,test,train,train,train,train,train,train,train,train
4396,2020_Townsend,CCCN1CC(=O)N[C@H](CC(C)C)C(=O)N(C)[C@@H](CC(C)C)C(=O)N2CCC[C@@H]2C(=O)N[C@H](CC(C)C)C(=O)N[C@@H](Cc2ccccc2)C(=O)N2CCC[C@H]2C1=O,hepta_819,4396,-5.73,7,7,Circle,0.122878,0.0453004,-29.2061,9.016,7.819,1.197,0.117662,0.0396224,8.821,7.698,1.123,90,19,train,train,test,test,train,train,train,train,train,train
4395,2020_Townsend,CCCN1CC(=O)N[C@@H](CC(C)C)C(=O)N[C@H](CC(C)C)C(=O)N2CCC[C@@H]2C(=O)N(C)[C@H](CC(C)C)C(=O)N[C@@H](Cc2ccccc2)C(=O)N2CCC[C@H]2C1=O,hepta_818,4395,-5.37,7,7,Circle,0.157197,0.0518704,-23.2437,8.766,7.498,1.268,0.117327,0.0439719,8.856,7.693,1.163,17,72,train,train,test,train,train,train,test,train,train,train
4394,2020_Townsend,CCCN1CC(=O)N[C@@H](CC(C)C)C(=O)N(C)[C@H](CC(C)C)C(=O)N2CCC[C@@H]2C(=O)N[C@H](CC(C)C)C(=O)N[C@@H](Cc2ccccc2)C(=O)N2CCC[C@H]2C1=O,hepta_817,4394,-5.6,7,7,Circle,0.130069,0.0543608,-30.9828,9.49,8.258,1.232,0.174113,0.0561416,9.209,8.118,1.091,80,72,val,train,test,val,train,test,val,train,train,train
4393,2020_Townsend,CCCN1CC(=O)N(C)[C@H](CC(C)C)C(=O)N[C@H](CC(C)C)C(=O)N2CCC[C@@H]2C(=O)N[C@@H](CC(C)C)C(=O)N[C@@H](Cc2ccccc2)C(=O)N2CCC[C@H]2C1=O,hepta_816,4393,-6.42,7,7,Circle,0.232429,0.0942753,-28.0318,8.884,7.716,1.168,0.144997,0.0471612,9.143,7.951,1.192,85,54,train,train,train,train,train,val,train,train,train,train
4392,2020_Townsend,CCCN1CC(=O)N[C@H](CC(C)C)C(=O)N(C)[C@H](CC(C)C)C(=O)N2CCC[C@@H]2C(=O)N[C@@H](CC(C)C)C(=O)N[C@@H](Cc2ccccc2)C(=O)N2CCC[C@H]2C1=O,hepta_815,4392,-6.07,7,7,Circle,0.146441,0.0531836,-33.0029,9.348,7.954,1.394,0.117,0.0488825,8.916,7.66,1.256,84,95,train,train,train,train,train,train,train,train,train,train
4391,2020_Townsend,CCCN1CC(=O)N[C@H](CC(C)C)C(=O)N[C@H](CC(C)C)C(=O)N2CCC[C@@H]2C(=O)N(C)[C@H](CC(C)C)C(=O)N[C@@H](Cc2ccccc2)C(=O)N2CCC[C@H]2C1=O,hepta_814,4391,-5.81,7,7,Circle,0.137137,0.0517944,-26.5463,9.017,7.73,1.287,0.158304,0.0466506,8.964,7.782,1.182,31,67,train,train,test,test,train,train,train,train,train,train
4390,2020_Townsend,CCCN1CC(=O)N[C@H](CC(C)C)C(=O)N(C)[C@H](CC(C)C)C(=O)N2CCC[C@@H]2C(=O)N[C@H](CC(C)C)C(=O)N[C@@H](Cc2ccccc2)C(=O)N2CCC[C@H]2C1=O,hepta_813,4390,-5.31,7,7,Circle,0.150832,0.0436106,-26.9024,9.091,7.818,1.273,0.164858,0.0615712,8.92,7.687,1.233,18,85,train,train,train,train,train,train,train,train,train,train
4389,2020_Townsend,CCCN1CC(=O)N(C)[C@H](CC(C)C)C(=O)N[C@H](CC(C)C)C(=O)N2CCC[C@@H]2C(=O)N[C@H](CC(C)C)C(=O)N[C@@H](Cc2ccccc2)C(=O)N2CCC[C@H]2C1=O,hepta_812,4389,-6.26,7,7,Circle,0.148608,0.0564355,-22.9294,9.279,8.096,1.183,0.134047,0.0434923,9.076,7.938,1.138,34,63,train,train,train,test,train,train,train,test,val,test
4388,2020_Townsend,CCCN1CC(=O)N[C@@H](CC(C)C)C(=O)N[C@@H](CC(C)C)C(=O)N2CCC[C@@H]2C(=O)N[C@@H](CC(C)C)C(=O)N[C@@H](Cc2ccccc2)C(=O)N2CCC[C@H]2C1=O,hepta_811,4388,-6.55,7,7,Circle,0.207858,0.110897,-27.0339,8.76,7.412,1.348,0.134602,0.0602833,8.766,7.514,1.252,53,63,train,train,train,train,train,train,test,train,train,train
4387,2020_Townsend,CCCN1CC(=O)N[C@H](CC(C)C)C(=O)N[C@@H](CC(C)C)C(=O)N2CCC[C@@H]2C(=O)N[C@@H](CC(C)C)C(=O)N[C@@H](Cc2ccccc2)C(=O)N2CCC[C@H]2C1=O,hepta_810,4387,-5.91,7,7,Circle,0.156587,0.057372,-36.3287,9.287,7.897,1.39,0.175767,0.0683592,8.819,7.595,1.224,18,16,val,val,train,val,train,train,val,train,train,train
4386,2020_Townsend,CCCN1CC(=O)N[C@@H](CC(C)C)C(=O)N[C@H](CC(C)C)C(=O)N2CCC[C@@H]2C(=O)N[C@@H](CC(C)C)C(=O)N[C@@H](Cc2ccccc2)C(=O)N2CCC[C@H]2C1=O,hepta_809,4386,-6.48,7,7,Circle,0.0848004,0.0440006,-24.9841,8.67,7.278,1.392,0.136861,0.04833,8.812,7.43,1.382,91,95,train,test,val,train,test,test,train,train,train,val
4385,2020_Townsend,CCCN1CC(=O)N[C@H](CC(C)C)C(=O)N[C@@H](CC(C)C)C(=O)N2CCC[C@@H]2C(=O)N[C@H](CC(C)C)C(=O)N[C@@H](Cc2ccccc2)C(=O)N2CCC[C@H]2C1=O,hepta_808,4385,-6.95,7,7,Circle,0.10847,0.048818,-19.9646,8.614,7.428,1.186,0.154421,0.0551666,8.962,7.715,1.247,37,96,train,train,val,train,test,train,train,train,train,val
4384,2020_Townsend,CCCN1CC(=O)N[C@H](CC(C)C)C(=O)N[C@H](CC(C)C)C(=O)N2CCC[C@@H]2C(=O)N[C@H](CC(C)C)C(=O)N[C@@H](Cc2ccccc2)C(=O)N2CCC[C@H]2C1=O,hepta_807,4384,-6.77,7,7,Circle,0.173491,0.0651373,-30.6046,9.5,8.115,1.385,0.177967,0.0613148,9.156,7.794,1.362,57,86,train,train,train,train,train,train,train,train,train,train
4378,2020_Townsend,CC(C)C[C@H]1C(=O)N(Cc2ccccc2)CC(=O)N2CCC[C@@H]2C(=O)N(Cc2ccccc2)CC(=O)N[C@@H](Cc2ccccc2)C(=O)N2CCC[C@@H]2C(=O)N(C)[C@H](C)C(=O)N1C,hepta_801,4378,-5.87,7,7,Circle,0.16115,0.0440731,-33.3492,9.544,8.437,1.107,0.163681,0.0477714,9.142,8.202,0.94,11,28,train,test,val,train,train,train,val,train,train,train
4377,2020_Townsend,CC(C)C[C@H]1C(=O)N[C@@H](Cc2ccccc2)C(=O)N2CCC[C@@H]2C(=O)N(C)[C@H](C)C(=O)N(Cc2ccccc2)CC(=O)N(Cc2ccccc2)CC(=O)N2CCC[C@@H]2C(=O)N1C,hepta_800,4377,-6.41,7,7,Circle,0.152622,0.046781,-32.3429,9.103,8.081,1.022,0.127176,0.0394892,9.197,8.231,0.966,84,79,train,train,train,train,train,train,train,train,train,train
4375,2020_Townsend,CC(C)C[C@@H]1C(=O)N(Cc2ccccc2)CC(=O)N2CCC[C@@H]2C(=O)N(Cc2ccccc2)CC(=O)N[C@@H](Cc2ccccc2)C(=O)N2CCC[C@@H]2C(=O)N(C)[C@H](C)C(=O)N1C,hepta_798,4375,-6.84,7,7,Circle,0.22823,0.0851215,-41.3506,9.495,8.368,1.127,0.13347,0.0418446,8.984,8.072,0.912,25,84,train,train,train,train,train,train,test,train,train,train
4371,2020_Townsend,CC(C)C[C@@H]1NC(=O)CN(Cc2ccccc2)C(=O)[C@@H](C)N(C)C(=O)[C@H]2CCCN2C(=O)[C@H](Cc2ccccc2)NC(=O)CN(Cc2ccccc2)C(=O)[C@H]2CCCN2C1=O,hepta_794,4371,-6.56,7,7,Circle,0.171881,0.0691544,-41.2489,9.259,7.953,1.306,0.0962979,0.0320546,8.789,7.77,1.019,16,99,test,train,train,train,train,train,train,train,train,train
4370,2020_Townsend,CC(C)C[C@@H]1NC(=O)[C@@H](C)N(C)C(=O)[C@H]2CCCN2C(=O)[C@H](Cc2ccccc2)NC(=O)CN(Cc2ccccc2)C(=O)[C@H]2CCCN2C(=O)CN(Cc2ccccc2)C1=O,hepta_793,4370,-5.71,7,7,Circle,0.193636,0.0635413,-40.9298,9.48,8.208,1.272,0.225508,0.101274,9.2,8.091,1.109,57,44,train,train,train,test,train,train,train,train,train,train
4369,2020_Townsend,CC(C)C[C@H]1C(=O)N2CCC[C@@H]2C(=O)N(Cc2ccccc2)CC(=O)N[C@@H](Cc2ccccc2)C(=O)N2CCC[C@@H]2C(=O)N(C)[C@H](C)C(=O)N(C)[C@@H](CC(C)C)C(=O)N1C,hepta_792,4369,-5.71,7,7,Circle,0.153868,0.0444626,-33.8764,9.777,8.826,0.951,0.150246,0.0359801,9.384,8.411,0.973,35,89,train,train,train,train,test,val,val,train,val,train
4367,2020_Townsend,CC(C)C[C@H]1C(=O)N(Cc2ccccc2)CC(=O)N2CCC[C@@H]2C(=O)N(C)[C@@H](CC(C)C)C(=O)N[C@@H](Cc2ccccc2)C(=O)N2CCC[C@@H]2C(=O)N(C)[C@H](C)C(=O)N1C,hepta_790,4367,-5.42,7,7,Circle,0.199109,0.0738344,-27.6938,9.306,8.283,1.023,0.192079,0.0895608,9.182,8.217,0.965,46,58,train,train,train,train,train,train,test,train,train,train
4365,2020_Townsend,CC(C)C[C@H]1NC(=O)[C@@H](C)N(C)C(=O)[C@H]2CCCN2C(=O)[C@H](Cc2ccccc2)NC(=O)CN(Cc2ccccc2)C(=O)[C@H]2CCCN2C(=O)CN(Cc2ccccc2)C1=O,hepta_788,4365,-6.76,7,7,Circle,0.184562,0.0678798,-36.6161,9.324,8.151,1.173,0.122134,0.0442558,8.716,7.669,1.047,75,44,train,train,test,train,test,train,train,train,train,train
4363,2020_Townsend,CC(C)C[C@H]1C(=O)N(Cc2ccccc2)CC(=O)N2CCC[C@@H]2C(=O)N(C)[C@H](CC(C)C)C(=O)N[C@@H](Cc2ccccc2)C(=O)N2CCC[C@@H]2C(=O)N(C)[C@H](C)C(=O)N1C,hepta_786,4363,-5.75,7,7,Circle,0.134654,0.0525145,-27.2517,9.137,8.01,1.127,0.14046,0.0501885,8.862,7.827,1.035,18,26,train,test,train,test,train,train,train,train,train,train
4360,2020_Townsend,CC(C)C[C@H]1C(=O)N(C)[C@H](CC(C)C)C(=O)N2CCC[C@@H]2C(=O)N(Cc2ccccc2)CC(=O)N[C@@H](Cc2ccccc2)C(=O)N2CCC[C@@H]2C(=O)N(C)[C@H](C)C(=O)N1C,hepta_783,4360,-6.2,7,7,Circle,0.149356,0.0422101,-27.2431,9.271,8.174,1.097,0.179466,0.056047,9.436,8.401,1.035,90,9,train,train,train,train,train,train,train,train,test,val
4357,2020_Townsend,CC(C)C[C@@H]1C(=O)N(Cc2ccccc2)CC(=O)N2CCC[C@@H]2C(=O)N(C)[C@H](CC(C)C)C(=O)N[C@@H](Cc2ccccc2)C(=O)N2CCC[C@@H]2C(=O)N(C)[C@H](C)C(=O)N1C,hepta_780,4357,-6.26,7,7,Circle,0.158678,0.0695116,-30.9604,9.393,8.27,1.123,0.12717,0.035883,9.112,8.145,0.967,29,41,train,train,train,train,test,train,train,train,train,val
4355,2020_Townsend,CC(C)C[C@@H]1C(=O)N2CCC[C@@H]2C(=O)N(C)[C@H](CC(C)C)C(=O)N[C@@H](Cc2ccccc2)C(=O)N2CCC[C@@H]2C(=O)N(C)[C@H](C)C(=O)N(Cc2ccccc2)CC(=O)N1C,hepta_778,4355,-5.62,7,7,Circle,0.152946,0.0520915,-27.1199,9.384,8.217,1.167,0.161322,0.0551186,8.994,7.943,1.051,10,63,train,test,train,val,train,train,train,val,train,test
4354,2020_Townsend,CC(C)C[C@@H]1NC(=O)CN(Cc2ccccc2)C(=O)[C@@H](C)N(C)C(=O)[C@H]2CCCN2C(=O)[C@H](Cc2ccccc2)NC(=O)[C@H](CC(C)C)N(C)C(=O)[C@H]2CCCN2C1=O,hepta_777,4354,-5.72,7,7,Circle,0.134244,0.0436202,-25.2917,8.768,7.621,1.147,0.158712,0.0506611,9.116,8.042,1.074,16,56,val,train,train,train,train,train,test,train,train,train
4353,2020_Townsend,CC(C)C[C@@H]1NC(=O)[C@H](CC(C)C)N(C)C(=O)[C@@H](C)N(C)C(=O)[C@H]2CCCN2C(=O)[C@H](Cc2ccccc2)NC(=O)CN(Cc2ccccc2)C(=O)[C@H]2CCCN2C1=O,hepta_776,4353,-5.74,7,7,Circle,0.188344,0.0765149,-24.9731,8.829,7.722,1.107,0.133982,0.0629424,8.575,7.582,0.993,80,34,train,train,train,train,train,train,train,train,train,val
4352,2020_Townsend,CC(C)C[C@@H]1NC(=O)[C@@H](C)N(C)C(=O)[C@H]2CCCN2C(=O)[C@H](Cc2ccccc2)NC(=O)[C@H](CC(C)C)N(C)C(=O)[C@H]2CCCN2C(=O)CN(Cc2ccccc2)C1=O,hepta_775,4352,-6.25,7,7,Circle,0.151577,0.0510272,-36.8998,9.681,8.401,1.28,0.125632,0.0408705,8.914,7.872,1.042,7,75,train,train,train,train,train,train,train,train,train,train
4351,2020_Townsend,CC(C)C[C@@H]1NC(=O)[C@@H](C)N(C)C(=O)[C@H]2CCCN2C(=O)[C@H](Cc2ccccc2)NC(=O)CN(Cc2ccccc2)C(=O)[C@H]2CCCN2C(=O)[C@H](CC(C)C)N(C)C1=O,hepta_774,4351,-5.41,7,7,Circle,0.124083,0.0465573,-25.0607,8.845,7.665,1.18,0.139192,0.0474197,9.181,8.082,1.099,42,76,train,train,train,train,train,train,train,train,train,train
4350,2020_Townsend,CC(C)C[C@@H]1NC(=O)[C@H]2CCCN2C(=O)CN(Cc2ccccc2)C(=O)[C@H](CC(C)C)N(C)C(=O)[C@@H](C)N(C)C(=O)[C@H]2CCCN2C(=O)[C@H](Cc2ccccc2)NC1=O,hepta_773,4350,-6.35,7,7,Circle,0.179885,0.0555282,-32.684,9.381,8.248,1.133,0.111264,0.0379122,8.625,7.583,1.042,17,32,train,train,train,train,train,train,train,train,val,train
4349,2020_Townsend,CC(C)C[C@H]1C(=O)N2CCC[C@@H]2C(=O)N(C)[C@@H](CC(C)C)C(=O)N[C@@H](Cc2ccccc2)C(=O)N2CCC[C@@H]2C(=O)N(C)[C@H](C)C(=O)N(C)[C@@H](CC(C)C)C(=O)N1C,hepta_772,4349,-5.77,7,7,Circle,0.158821,0.0529887,-17.519,9.175,8.011,1.164,0.115798,0.0409035,9.306,8.155,1.151,85,59,train,val,val,val,train,val,test,val,train,train
4348,2020_Townsend,CC(C)C[C@@H]1NC(=O)[C@@H](CC(C)C)N(C)C(=O)[C@@H](C)N(C)C(=O)[C@H]2CCCN2C(=O)[C@H](Cc2ccccc2)NC(=O)CN(Cc2ccccc2)C(=O)[C@H]2CCCN2C1=O,hepta_771,4348,-10.0,7,7,Circle,0.154172,0.0383885,-25.7962,9.231,8.163,1.068,0.0961718,0.0325652,8.609,7.633,0.976,100,12,train,train,val,train,train,test,train,train,train,test
4347,2020_Townsend,CC(C)C[C@@H]1NC(=O)CN(Cc2ccccc2)C(=O)[C@@H](C)N(C)C(=O)[C@H]2CCCN2C(=O)[C@H](Cc2ccccc2)NC(=O)[C@@H](CC(C)C)N(C)C(=O)[C@H]2CCCN2C1=O,hepta_770,4347,-5.69,7,7,Circle,0.133658,0.0515526,-40.1852,9.299,8.023,1.276,0.151728,0.0613148,8.876,7.964,0.912,64,86,train,train,train,train,train,train,train,train,train,train
4346,2020_Townsend,CC(C)C[C@@H]1NC(=O)[C@@H](C)N(C)C(=O)[C@H]2CCCN2C(=O)[C@H](Cc2ccccc2)NC(=O)[C@@H](CC(C)C)N(C)C(=O)[C@H]2CCCN2C(=O)CN(Cc2ccccc2)C1=O,hepta_769,4346,-5.24,7,7,Circle,0.13981,0.05883,-31.9416,8.932,7.802,1.13,0.167194,0.0765404,9.05,8.081,0.969,35,58,train,train,train,val,train,train,train,train,train,test
4345,2020_Townsend,CC(C)C[C@@H]1NC(=O)[C@@H](C)N(C)C(=O)[C@H]2CCCN2C(=O)[C@H](Cc2ccccc2)NC(=O)CN(Cc2ccccc2)C(=O)[C@H]2CCCN2C(=O)[C@@H](CC(C)C)N(C)C1=O,hepta_768,4345,-6.12,7,7,Circle,0.160768,0.0514538,-32.4236,9.463,8.4,1.063,0.166344,0.0605754,9.222,8.142,1.08,50,45,train,train,train,train,train,train,train,train,test,train
4344,2020_Townsend,CC(C)C[C@H]1C(=O)N[C@@H](Cc2ccccc2)C(=O)N2CCC[C@@H]2C(=O)N(C)[C@H](C)C(=O)N[C@H](CC(C)C)C(=O)N(Cc2ccccc2)CC(=O)N2CCC[C@@H]2C(=O)N1C,hepta_767,4344,-5.77,7,7,Circle,0.210522,0.0890676,-30.482,9.207,8.097,1.11,0.126538,0.0560982,8.979,7.94,1.039,63,84,train,test,val,val,train,train,test,train,train,train
4343,2020_Townsend,CC(C)C[C@H]1C(=O)N2CCC[C@@H]2C(=O)N(Cc2ccccc2)CC(=O)N[C@@H](Cc2ccccc2)C(=O)N2CCC[C@@H]2C(=O)N(C)[C@H](C)C(=O)N[C@H](CC(C)C)C(=O)N1C,hepta_766,4343,-10.0,7,7,Circle,0.186093,0.0670371,-37.2709,9.475,8.378,1.097,0.172307,0.0674932,8.941,7.905,1.036,46,52,train,train,train,train,train,train,test,train,train,train
4341,2020_Townsend,CC(C)C[C@H]1C(=O)N[C@H](CC(C)C)C(=O)N2CCC[C@@H]2C(=O)N(Cc2ccccc2)CC(=O)N[C@@H](Cc2ccccc2)C(=O)N2CCC[C@@H]2C(=O)N(C)[C@H](C)C(=O)N1C,hepta_764,4341,-6.03,7,7,Circle,0.183952,0.0579923,-36.8892,9.585,8.471,1.114,0.149772,0.0471136,9.067,8.07,0.997,38,55,train,train,train,train,train,val,train,train,train,train
4340,2020_Townsend,CC(C)C[C@@H]1NC(=O)[C@H]2CCCN2C(=O)CN(Cc2ccccc2)C(=O)[C@@H](CC(C)C)N(C)C(=O)[C@@H](C)N(C)C(=O)[C@H]2CCCN2C(=O)[C@H](Cc2ccccc2)NC1=O,hepta_763,4340,-6.15,7,7,Circle,0.218719,0.0917162,-41.7473,9.493,8.268,1.225,0.103306,0.043159,8.58,7.514,1.066,58,91,train,train,train,train,train,train,train,train,train,train
4339,2020_Townsend,CC(C)C[C@H]1C(=O)N2CCC[C@@H]2C(=O)N(C)[C@@H](CC(C)C)C(=O)N[C@@H](Cc2ccccc2)C(=O)N2CCC[C@@H]2C(=O)N(C)[C@H](C)C(=O)N(C)[C@H](CC(C)C)C(=O)N1C,hepta_762,4339,-10.0,7,7,Circle,0.12751,0.0442517,-21.6174,9.383,8.405,0.978,0.142741,0.0443979,9.259,8.291,0.968,11,52,train,val,train,train,train,train,val,train,train,train
4338,2020_Townsend,CC(C)C[C@H]1C(=O)N(C)[C@H](CC(C)C)C(=O)N2CCC[C@@H]2C(=O)N(C)[C@@H](CC(C)C)C(=O)N[C@@H](Cc2ccccc2)C(=O)N2CCC[C@@H]2C(=O)N(C)[C@H](C)C(=O)N1C,hepta_761,4338,-5.59,7,7,Circle,0.129772,0.0480857,-23.5016,9.34,8.278,1.062,0.147438,0.0509963,9.294,8.358,0.936,72,92,val,val,test,train,val,train,train,train,train,train
4337,2020_Townsend,CC(C)C[C@H]1NC(=O)[C@H]2CCCN2C(=O)CN(Cc2ccccc2)C(=O)[C@@H](CC(C)C)N(C)C(=O)[C@@H](C)N(C)C(=O)[C@H]2CCCN2C(=O)[C@H](Cc2ccccc2)NC1=O,hepta_760,4337,-5.6,7,7,Circle,0.149184,0.049865,-24.2493,9.132,8.041,1.091,0.131374,0.0490532,8.946,7.788,1.158,47,45,train,train,val,train,train,train,train,train,train,train
4336,2020_Townsend,CC(C)C[C@H]1NC(=O)[C@@H](CC(C)C)N(C)C(=O)[C@@H](C)N(C)C(=O)[C@H]2CCCN2C(=O)[C@H](Cc2ccccc2)NC(=O)CN(Cc2ccccc2)C(=O)[C@H]2CCCN2C1=O,hepta_759,4336,-5.63,7,7,Circle,0.125723,0.0388228,-40.8495,9.254,8.043,1.211,0.152763,0.0565686,9.136,7.966,1.17,78,58,train,train,train,train,train,train,train,train,train,train
4335,2020_Townsend,CC(C)C[C@H]1NC(=O)[C@@H](C)N(C)C(=O)[C@H]2CCCN2C(=O)[C@H](Cc2ccccc2)NC(=O)[C@@H](CC(C)C)N(C)C(=O)[C@H]2CCCN2C(=O)CN(Cc2ccccc2)C1=O,hepta_758,4335,-6.01,7,7,Circle,0.143912,0.0701413,-32.542,9.091,7.809,1.282,0.170458,0.0826217,8.921,7.72,1.201,41,58,test,train,train,test,test,train,train,train,train,val
4334,2020_Townsend,CC(C)C[C@H]1NC(=O)[C@H]2CCCN2C(=O)[C@@H](CC(C)C)N(C)C(=O)CN(Cc2ccccc2)C(=O)[C@@H](C)N(C)C(=O)[C@H]2CCCN2C(=O)[C@H](Cc2ccccc2)NC1=O,hepta_757,4334,-6.26,7,7,Circle,0.23036,0.0989316,-30.7203,9.427,8.154,1.273,0.173595,0.0944924,9.124,7.87,1.254,2,43,val,train,train,test,train,val,train,train,train,train
4333,2020_Townsend,CC(C)C[C@H]1C(=O)N2CCC[C@@H]2C(=O)N(C)[C@H](CC(C)C)C(=O)N[C@@H](Cc2ccccc2)C(=O)N2CCC[C@@H]2C(=O)N(C)[C@H](C)C(=O)N(C)[C@H](CC(C)C)C(=O)N1C,hepta_756,4333,-5.57,7,7,Circle,0.125274,0.0489198,-16.296,9.1,8.125,0.975,0.127466,0.0436665,9.157,8.262,0.895,41,51,train,train,train,train,val,train,test,train,train,test
4332,2020_Townsend,CC(C)C[C@H]1C(=O)N(C)[C@H](CC(C)C)C(=O)N2CCC[C@@H]2C(=O)N(C)[C@H](CC(C)C)C(=O)N[C@@H](Cc2ccccc2)C(=O)N2CCC[C@@H]2C(=O)N(C)[C@H](C)C(=O)N1C,hepta_755,4332,-6.19,7,7,Circle,0.151887,0.0459956,-25.2137,8.968,7.779,1.189,0.0874948,0.035639,9.095,7.992,1.103,79,53,train,train,val,train,train,val,test,val,test,train
4331,2020_Townsend,CC(C)C[C@@H]1C(=O)N(C)[C@H](CC(C)C)C(=O)N2CCC[C@@H]2C(=O)N(C)[C@H](CC(C)C)C(=O)N[C@@H](Cc2ccccc2)C(=O)N2CCC[C@@H]2C(=O)N(C)[C@H](C)C(=O)N1C,hepta_754,4331,-5.72,7,7,Circle,0.143108,0.0398131,-25.7428,9.224,8.011,1.213,0.142834,0.0428413,8.951,7.911,1.04,60,41,train,val,train,train,train,train,train,train,train,val
4330,2020_Townsend,CC(C)C[C@@H]1NC(=O)[C@@H](C)N(C)C(=O)[C@H]2CCCN2C(=O)[C@H](Cc2ccccc2)NC(=O)CN(Cc2ccccc2)C(=O)[C@H]2CCCN2C(=O)[C@H](CC(C)C)NC1=O,hepta_753,4330,-6.3,7,7,Circle,0.165805,0.0458106,-36.031,9.705,8.479,1.226,0.119277,0.0414698,8.813,7.837,0.976,4,76,train,test,train,train,test,train,train,train,train,test
4329,2020_Townsend,CC(C)C[C@@H]1NC(=O)[C@H]2CCCN2C(=O)CN(Cc2ccccc2)C(=O)[C@H](CC(C)C)NC(=O)[C@@H](C)N(C)C(=O)[C@H]2CCCN2C(=O)[C@H](Cc2ccccc2)NC1=O,hepta_752,4329,-6.29,7,7,Circle,0.167005,0.0526912,-42.7447,9.533,8.127,1.406,0.136634,0.0347013,8.695,7.562,1.133,28,92,train,val,test,train,train,train,train,val,train,train
4328,2020_Townsend,CC(C)C[C@@H]1NC(=O)[C@H](CC(C)C)N(C)C(=O)[C@@H](C)N(C)C(=O)[C@H]2CCCN2C(=O)[C@H](Cc2ccccc2)NC(=O)[C@H](CC(C)C)N(C)C(=O)[C@H]2CCCN2C1=O,hepta_751,4328,-5.1,7,7,Circle,0.15179,0.0599222,-24.4245,9.292,8.189,1.103,0.195091,0.0816732,9.028,8.103,0.925,8,20,train,train,train,train,train,train,train,val,train,train
4327,2020_Townsend,CC(C)C[C@@H]1NC(=O)[C@@H](C)N(C)C(=O)[C@H]2CCCN2C(=O)[C@H](Cc2ccccc2)NC(=O)[C@H](CC(C)C)N(C)C(=O)[C@H]2CCCN2C(=O)[C@H](CC(C)C)N(C)C1=O,hepta_750,4327,-5.1,7,7,Circle,0.109366,0.0492652,-30.5976,9.5,8.4,1.1,0.135106,0.0443913,9.382,8.309,1.073,38,41,train,train,val,train,train,test,train,train,train,test
4326,2020_Townsend,CC(C)C[C@@H]1NC(=O)[C@H]2CCCN2C(=O)[C@H](CC(C)C)N(C)C(=O)[C@H](CC(C)C)N(C)C(=O)[C@@H](C)N(C)C(=O)[C@H]2CCCN2C(=O)[C@H](Cc2ccccc2)NC1=O,hepta_749,4326,-10.0,7,7,Circle,0.169206,0.0735724,-35.332,9.563,8.412,1.151,0.181714,0.0878703,9.181,8.131,1.05,59,74,test,train,test,train,test,train,train,test,train,train
4325,2020_Townsend,CC(C)C[C@@H]1NC(=O)[C@@H](CC(C)C)NC(=O)[C@@H](C)N(C)C(=O)[C@H]2CCCN2C(=O)[C@H](Cc2ccccc2)NC(=O)CN(Cc2ccccc2)C(=O)[C@H]2CCCN2C1=O,hepta_748,4325,-6.05,7,7,Circle,0.181054,0.0925319,-30.1335,8.988,7.747,1.241,0.159081,0.0420144,8.891,7.919,0.972,89,85,val,train,train,test,train,train,test,train,train,train
4324,2020_Townsend,CC(C)C[C@@H]1NC(=O)[C@@H](C)N(C)C(=O)[C@H]2CCCN2C(=O)[C@H](Cc2ccccc2)NC(=O)[C@@H](CC(C)C)NC(=O)[C@H]2CCCN2C(=O)CN(Cc2ccccc2)C1=O,hepta_747,4324,-6.15,7,7,Circle,0.181745,0.0629149,-44.4603,9.451,8.112,1.339,0.155702,0.0525983,8.803,7.877,0.926,25,30,train,train,val,train,test,train,train,train,train,test
4322,2020_Townsend,CC(C)C[C@@H]1NC(=O)[C@@H](CC(C)C)N(C)C(=O)[C@@H](C)N(C)C(=O)[C@H]2CCCN2C(=O)[C@H](Cc2ccccc2)NC(=O)[C@H](CC(C)C)N(C)C(=O)[C@H]2CCCN2C1=O,hepta_745,4322,-5.78,7,7,Circle,0.145659,0.0568875,-23.5582,9.22,8.123,1.097,0.125903,0.0383336,8.925,7.929,0.996,76,11,train,train,train,train,test,train,train,train,test,train
4321,2020_Townsend,CC(C)C[C@H]1C(=O)N2CCC[C@@H]2C(=O)N(C)[C@@H](CC(C)C)C(=O)N[C@@H](Cc2ccccc2)C(=O)N2CCC[C@@H]2C(=O)N(C)[C@H](C)C(=O)N[C@H](CC(C)C)C(=O)N1C,hepta_744,4321,-5.83,7,7,Circle,0.23081,0.110987,-26.7456,8.961,8.054,0.907,0.157482,0.0743888,9.129,8.059,1.07,36,41,train,train,val,train,test,train,train,train,train,train
4320,2020_Townsend,CC(C)C[C@@H]1NC(=O)[C@@H](C)N(C)C(=O)[C@H]2CCCN2C(=O)[C@H](Cc2ccccc2)NC(=O)[C@@H](CC(C)C)N(C)C(=O)[C@H]2CCCN2C(=O)[C@H](CC(C)C)N(C)C1=O,hepta_743,4320,-5.16,7,7,Circle,0.184464,0.0670722,-37.0457,9.668,8.473,1.195,0.140465,0.0457474,8.961,8.071,0.89,27,29,train,train,val,val,train,train,train,test,test,train
4319,2020_Townsend,CC(C)C[C@@H]1NC(=O)[C@H](CC(C)C)N(C)C(=O)[C@@H](C)N(C)C(=O)[C@H]2CCCN2C(=O)[C@H](Cc2ccccc2)NC(=O)[C@@H](CC(C)C)N(C)C(=O)[C@H]2CCCN2C1=O,hepta_742,4319,-5.46,7,7,Circle,0.133123,0.0484596,-36.1995,9.618,8.251,1.367,0.084824,0.0305628,8.863,7.937,0.926,97,49,test,train,train,test,val,train,train,train,train,train
4318,2020_Townsend,CC(C)C[C@@H]1NC(=O)[C@@H](C)N(C)C(=O)[C@H]2CCCN2C(=O)[C@H](Cc2ccccc2)NC(=O)[C@H](CC(C)C)N(C)C(=O)[C@H]2CCCN2C(=O)[C@@H](CC(C)C)N(C)C1=O,hepta_741,4318,-6.17,7,7,Circle,0.124048,0.0475671,-29.2765,9.189,8.196,0.993,0.13974,0.0448835,9.279,8.154,1.125,25,86,test,test,train,train,train,train,train,train,train,train
4317,2020_Townsend,CC(C)C[C@@H]1NC(=O)[C@H]2CCCN2C(=O)[C@@H](CC(C)C)N(C)C(=O)[C@H](CC(C)C)N(C)C(=O)[C@@H](C)N(C)C(=O)[C@H]2CCCN2C(=O)[C@H](Cc2ccccc2)NC1=O,hepta_740,4317,-6.78,7,7,Circle,0.14735,0.0436948,-29.9053,9.566,8.278,1.288,0.137487,0.047433,9.371,8.199,1.172,43,3,train,train,train,train,train,train,test,test,train,val
4316,2020_Townsend,CC(C)C[C@H]1NC(=O)[C@H]2CCCN2C(=O)CN(Cc2ccccc2)C(=O)[C@@H](CC(C)C)NC(=O)[C@@H](C)N(C)C(=O)[C@H]2CCCN2C(=O)[C@H](Cc2ccccc2)NC1=O,hepta_739,4316,-6.32,7,7,Circle,0.212228,0.0990269,-31.7094,9.123,7.82,1.303,0.11865,0.0474271,8.639,7.33,1.309,68,49,train,train,train,train,val,train,train,train,train,train
4315,2020_Townsend,CC(C)C[C@H]1NC(=O)[C@@H](C)N(C)C(=O)[C@H]2CCCN2C(=O)[C@H](Cc2ccccc2)NC(=O)CN(Cc2ccccc2)C(=O)[C@H]2CCCN2C(=O)[C@@H](CC(C)C)NC1=O,hepta_738,4315,-5.92,7,7,Circle,0.161895,0.0542445,-24.608,8.905,7.785,1.12,0.132096,0.036166,8.882,7.799,1.083,47,43,train,val,train,train,test,train,train,train,val,val
4314,2020_Townsend,CC(C)C[C@H]1C(=O)N2CCC[C@@H]2C(=O)N(C)[C@H](CC(C)C)C(=O)N[C@@H](Cc2ccccc2)C(=O)N2CCC[C@@H]2C(=O)N(C)[C@H](C)C(=O)N[C@H](CC(C)C)C(=O)N1C,hepta_737,4314,-5.3,7,7,Circle,0.155095,0.0568275,-26.8116,9.138,7.961,1.177,0.138815,0.0472646,8.937,7.904,1.033,87,93,train,train,train,train,train,train,train,train,train,train
4313,2020_Townsend,CC(C)C[C@H]1C(=O)N[C@@H](Cc2ccccc2)C(=O)N2CCC[C@@H]2C(=O)N(C)[C@H](C)C(=O)N[C@H](CC(C)C)C(=O)N(C)[C@H](CC(C)C)C(=O)N2CCC[C@@H]2C(=O)N1C,hepta_736,4313,-5.21,7,7,Circle,0.166227,0.0783661,-23.9037,9.099,8.011,1.088,0.0967777,0.0331826,9.249,8.138,1.111,98,2,train,train,val,train,train,train,train,train,train,train
4312,2020_Townsend,CC(C)C[C@H]1C(=O)N[C@H](CC(C)C)C(=O)N2CCC[C@@H]2C(=O)N(C)[C@H](CC(C)C)C(=O)N[C@@H](Cc2ccccc2)C(=O)N2CCC[C@@H]2C(=O)N(C)[C@H](C)C(=O)N1C,hepta_735,4312,-5.95,7,7,Circle,0.152099,0.0532328,-23.5105,9.15,7.976,1.174,0.106244,0.0420974,9.077,7.963,1.114,6,94,train,train,train,train,test,train,val,train,train,train
4311,2020_Townsend,CC(C)C[C@H]1NC(=O)[C@@H](CC(C)C)N(C)C(=O)[C@@H](C)N(C)C(=O)[C@H]2CCCN2C(=O)[C@H](Cc2ccccc2)NC(=O)[C@@H](CC(C)C)N(C)C(=O)[C@H]2CCCN2C1=O,hepta_734,4311,-5.36,7,7,Circle,0.153179,0.0536588,-21.8122,9.067,7.926,1.141,0.171389,0.0547388,8.917,7.899,1.018,27,80,train,train,train,train,val,train,train,train,train,train
4310,2020_Townsend,CC(C)C[C@H]1NC(=O)[C@@H](C)N(C)C(=O)[C@H]2CCCN2C(=O)[C@H](Cc2ccccc2)NC(=O)[C@@H](CC(C)C)N(C)C(=O)[C@H]2CCCN2C(=O)[C@@H](CC(C)C)N(C)C1=O,hepta_733,4310,-5.78,7,7,Circle,0.106541,0.0465631,-41.3577,9.53,8.28,1.25,0.13093,0.0412047,8.978,7.826,1.152,99,72,train,train,train,train,val,train,train,train,train,train
4309,2020_Townsend,CC(C)C[C@@H]1NC(=O)[C@@H](C)N(C)C(=O)[C@H]2CCCN2C(=O)[C@H](Cc2ccccc2)NC(=O)[C@H](CC(C)C)N(C)C(=O)[C@H]2CCCN2C(=O)[C@H](CC(C)C)NC1=O,hepta_732,4309,-5.96,7,7,Circle,0.143746,0.0532186,-37.9434,9.446,8.221,1.225,0.125614,0.0390706,8.904,7.952,0.952,3,25,test,train,train,train,train,test,train,train,train,train
4308,2020_Townsend,CC(C)C[C@@H]1NC(=O)[C@H]2CCCN2C(=O)[C@H](CC(C)C)N(C)C(=O)[C@H](CC(C)C)NC(=O)[C@@H](C)N(C)C(=O)[C@H]2CCCN2C(=O)[C@H](Cc2ccccc2)NC1=O,hepta_731,4308,-5.97,7,7,Circle,0.166879,0.0685287,-34.0095,9.453,8.287,1.166,0.125996,0.0444405,8.831,7.889,0.942,26,23,train,train,test,train,train,train,train,train,train,val
4307,2020_Townsend,CC(C)C[C@@H]1NC(=O)[C@@H](CC(C)C)NC(=O)[C@@H](C)N(C)C(=O)[C@H]2CCCN2C(=O)[C@H](Cc2ccccc2)NC(=O)[C@H](CC(C)C)N(C)C(=O)[C@H]2CCCN2C1=O,hepta_730,4307,-5.23,7,7,Circle,0.123583,0.0377376,-24.1569,8.798,7.818,0.98,0.111774,0.044096,8.772,7.742,1.03,42,41,val,val,val,train,train,train,test,train,test,train
4306,2020_Townsend,CC(C)C[C@@H]1NC(=O)[C@@H](C)N(C)C(=O)[C@H]2CCCN2C(=O)[C@H](Cc2ccccc2)NC(=O)[C@@H](CC(C)C)N(C)C(=O)[C@H]2CCCN2C(=O)[C@H](CC(C)C)NC1=O,hepta_729,4306,-5.94,7,7,Circle,0.111882,0.0377271,-24.7048,8.752,7.615,1.137,0.10778,0.0350564,8.563,7.588,0.975,54,26,test,train,train,train,train,train,train,train,train,val
4305,2020_Townsend,CC(C)C[C@@H]1NC(=O)[C@H]2CCCN2C(=O)[C@H](CC(C)C)NC(=O)[C@@H](CC(C)C)N(C)C(=O)[C@@H](C)N(C)C(=O)[C@H]2CCCN2C(=O)[C@H](Cc2ccccc2)NC1=O,hepta_728,4305,-10.0,7,7,Circle,0.144573,0.0532289,-31.2799,9.382,8.205,1.177,0.223619,0.0888507,8.46,7.484,0.976,78,28,train,train,val,train,train,train,train,train,train,train
4303,2020_Townsend,CC(C)C[C@@H]1NC(=O)[C@H]2CCCN2C(=O)[C@@H](CC(C)C)N(C)C(=O)[C@H](CC(C)C)NC(=O)[C@@H](C)N(C)C(=O)[C@H]2CCCN2C(=O)[C@H](Cc2ccccc2)NC1=O,hepta_726,4303,-6.21,7,7,Circle,0.150754,0.0461284,-27.6138,9.053,7.84,1.213,0.117364,0.0507151,8.547,7.641,0.906,42,63,train,val,train,train,train,train,train,train,val,train
4302,2020_Townsend,CC(C)C[C@@H]1NC(=O)[C@H](CC(C)C)N(C)C(=O)[C@@H](C)N(C)C(=O)[C@H]2CCCN2C(=O)[C@H](Cc2ccccc2)NC(=O)[C@@H](CC(C)C)NC(=O)[C@H]2CCCN2C1=O,hepta_725,4302,-6.11,7,7,Circle,0.162679,0.0618916,-22.9045,9.224,7.975,1.249,0.132778,0.0499443,8.603,7.663,0.94,25,77,train,train,val,train,train,train,test,train,train,train
4301,2020_Townsend,CC(C)C[C@@H]1NC(=O)[C@H]2CCCN2C(=O)[C@H](CC(C)C)N(C)C(=O)[C@@H](CC(C)C)NC(=O)[C@@H](C)N(C)C(=O)[C@H]2CCCN2C(=O)[C@H](Cc2ccccc2)NC1=O,hepta_724,4301,-6.37,7,7,Circle,0.134189,0.0489702,-25.3921,8.976,7.942,1.034,0.133196,0.0450486,8.869,7.782,1.087,39,31,train,val,train,train,train,train,train,train,val,train
4300,2020_Townsend,CC(C)C[C@H]1C(=O)N2CCC[C@@H]2C(=O)N[C@H](CC(C)C)C(=O)N[C@@H](Cc2ccccc2)C(=O)N2CCC[C@@H]2C(=O)N(C)[C@H](C)C(=O)N[C@H](CC(C)C)C(=O)N1C,hepta_723,4300,-10.0,7,7,Circle,0.123543,0.0451681,-25.0001,9.134,7.979,1.155,0.148181,0.0556227,9.289,7.929,1.36,100,29,train,train,train,train,train,train,train,train,train,train
4299,2020_Townsend,CC(C)C[C@@H]1NC(=O)[C@@H](CC(C)C)NC(=O)[C@@H](C)N(C)C(=O)[C@H]2CCCN2C(=O)[C@H](Cc2ccccc2)NC(=O)[C@@H](CC(C)C)N(C)C(=O)[C@H]2CCCN2C1=O,hepta_722,4299,-5.3,7,7,Circle,0.0779775,0.0330619,-24.8081,8.73,7.668,1.062,0.10475,0.030283,8.672,7.744,0.928,20,42,train,train,train,train,train,train,train,train,val,train
4298,2020_Townsend,CC(C)C[C@@H]1NC(=O)[C@@H](CC(C)C)N(C)C(=O)[C@@H](C)N(C)C(=O)[C@H]2CCCN2C(=O)[C@H](Cc2ccccc2)NC(=O)[C@@H](CC(C)C)NC(=O)[C@H]2CCCN2C1=O,hepta_721,4298,-5.88,7,7,Circle,0.141394,0.0492236,-28.1382,9.4,8.184,1.216,0.173229,0.0616647,8.945,7.809,1.136,93,51,test,train,train,train,train,val,train,val,train,train
4297,2020_Townsend,CC(C)C[C@H]1C(=O)N[C@@H](Cc2ccccc2)C(=O)N2CCC[C@@H]2C(=O)N(C)[C@H](C)C(=O)N[C@H](CC(C)C)C(=O)N[C@H](CC(C)C)C(=O)N2CCC[C@@H]2C(=O)N1C,hepta_720,4297,-5.92,7,7,Circle,0.128828,0.0425812,-20.3021,9.126,8.094,1.032,0.2237,0.0913033,8.579,7.55,1.029,55,47,train,train,train,train,train,train,train,train,val,train
4296,2020_Townsend,CC(C)C[C@@H]1NC(=O)[C@@H](C)N(C)C(=O)[C@H]2CCCN2C(=O)[C@H](Cc2ccccc2)NC(=O)[C@@H](CC(C)C)N(C)C(=O)[C@H]2CCCN2C(=O)[C@@H](CC(C)C)NC1=O,hepta_719,4296,-5.82,7,7,Circle,0.158105,0.0492389,-23.8657,8.966,7.754,1.212,0.104179,0.0346669,8.682,7.619,1.063,15,90,train,val,train,train,test,val,train,train,train,val
4295,2020_Townsend,CC(C)C[C@@H]1NC(=O)[C@H]2CCCN2C(=O)[C@@H](CC(C)C)NC(=O)[C@@H](CC(C)C)N(C)C(=O)[C@@H](C)N(C)C(=O)[C@H]2CCCN2C(=O)[C@H](Cc2ccccc2)NC1=O,hepta_718,4295,-6.63,7,7,Circle,0.173189,0.0665244,-26.3282,9.249,8.041,1.208,0.098678,0.0382637,8.802,7.598,1.204,32,87,test,train,train,train,train,val,train,val,train,train
4294,2020_Townsend,CC(C)C[C@@H]1NC(=O)[C@H]2CCCN2C(=O)[C@@H](CC(C)C)N(C)C(=O)[C@@H](CC(C)C)NC(=O)[C@@H](C)N(C)C(=O)[C@H]2CCCN2C(=O)[C@H](Cc2ccccc2)NC1=O,hepta_717,4294,-7.46,7,7,Circle,0.123331,0.0609338,-32.567,9.476,8.182,1.294,0.120684,0.0404546,8.702,7.64,1.062,70,12,train,train,train,val,train,train,train,train,train,val
4293,2020_Townsend,CC(C)C[C@H]1NC(=O)[C@H]2CCCN2C(=O)[C@@H](CC(C)C)NC(=O)[C@@H](CC(C)C)N(C)C(=O)[C@@H](C)N(C)C(=O)[C@H]2CCCN2C(=O)[C@H](Cc2ccccc2)NC1=O,hepta_716,4293,-6.22,7,7,Circle,0.161215,0.0586178,-19.971,8.884,7.827,1.057,0.124877,0.0428309,8.789,7.775,1.014,27,35,train,train,val,test,train,train,train,train,train,val
4292,2020_Townsend,CC(C)C[C@H]1NC(=O)[C@@H](C)N(C)C(=O)[C@H]2CCCN2C(=O)[C@H](Cc2ccccc2)NC(=O)[C@@H](CC(C)C)N(C)C(=O)[C@H]2CCCN2C(=O)[C@@H](CC(C)C)NC1=O,hepta_715,4292,-6.15,7,7,Circle,0.141988,0.05131,-30.9707,9.117,7.623,1.494,0.170463,0.0704936,9.012,7.736,1.276,8,10,test,train,train,train,train,train,train,train,test,train
4291,2020_Townsend,CC(C)C[C@H]1NC(=O)[C@H]2CCCN2C(=O)[C@@H](CC(C)C)N(C)C(=O)[C@@H](CC(C)C)NC(=O)[C@@H](C)N(C)C(=O)[C@H]2CCCN2C(=O)[C@H](Cc2ccccc2)NC1=O,hepta_714,4291,-5.63,7,7,Circle,0.172379,0.0732629,-27.5847,9.173,7.872,1.301,0.149828,0.0672905,9.052,7.811,1.241,92,59,val,train,train,train,train,train,test,val,train,train
4290,2020_Townsend,CC(C)C[C@@H]1NC(=O)[C@@H](C)N(C)C(=O)[C@H]2CCCN2C(=O)[C@H](Cc2ccccc2)NC(=O)[C@H](CC(C)C)NC(=O)[C@H]2CCCN2C(=O)[C@H](CC(C)C)NC1=O,hepta_713,4290,-6.61,7,7,Circle,0.100232,0.0342827,-27.7545,8.773,7.697,1.076,0.116326,0.0334472,8.755,7.758,0.997,30,79,train,test,test,train,train,train,test,test,train,train
4289,2020_Townsend,CC(C)C[C@@H]1NC(=O)[C@H]2CCCN2C(=O)[C@H](CC(C)C)NC(=O)[C@@H](CC(C)C)NC(=O)[C@@H](C)N(C)C(=O)[C@H]2CCCN2C(=O)[C@H](Cc2ccccc2)NC1=O,hepta_712,4289,-6.7,7,7,Circle,0.139527,0.0678821,-26.8102,9.012,7.838,1.174,0.10412,0.0355175,8.445,7.293,1.152,65,78,train,test,train,test,train,train,train,train,train,train
4288,2020_Townsend,CC(C)C[C@@H]1NC(=O)[C@@H](C)N(C)C(=O)[C@H]2CCCN2C(=O)[C@H](Cc2ccccc2)NC(=O)[C@@H](CC(C)C)NC(=O)[C@H]2CCCN2C(=O)[C@H](CC(C)C)NC1=O,hepta_711,4288,-10.0,7,7,Circle,0.180992,0.0809843,-32.3426,9.224,7.924,1.3,0.153966,0.0572298,8.721,7.762,0.959,24,25,train,train,train,train,val,val,val,train,train,val
4287,2020_Townsend,CC(C)C[C@@H]1NC(=O)[C@H]2CCCN2C(=O)[C@@H](CC(C)C)NC(=O)[C@@H](CC(C)C)NC(=O)[C@@H](C)N(C)C(=O)[C@H]2CCCN2C(=O)[C@H](Cc2ccccc2)NC1=O,hepta_710,4287,-6.6,7,7,Circle,0.208016,0.089514,-30.4781,9.083,7.702,1.381,0.129451,0.051176,8.917,7.569,1.348,20,79,train,train,test,test,train,train,train,train,test,train
4286,2020_Townsend,CC(C)C[C@H]1NC(=O)[C@@H](C)N(C)C(=O)[C@H]2CCCN2C(=O)[C@H](Cc2ccccc2)NC(=O)[C@@H](CC(C)C)NC(=O)[C@H]2CCCN2C(=O)[C@@H](CC(C)C)NC1=O,hepta_709,4286,-6.31,7,7,Circle,0.170448,0.0656567,-23.7309,8.787,7.596,1.191,0.129089,0.0403154,8.911,7.853,1.058,76,90,train,train,val,train,train,train,train,train,test,train
4282,2020_Townsend,CC(C)C[C@H]1C(=O)N[C@@H](Cc2ccccc2)C(=O)N2CCC[C@@H]2C(=O)N(C)[C@@H](C)C(=O)N(Cc2ccccc2)CC(=O)N(Cc2ccccc2)CC(=O)N2CCC[C@@H]2C(=O)N1C,hepta_705,4282,-5.89,7,7,Circle,0.167484,0.0494053,-31.0428,9.497,8.252,1.245,0.177807,0.0703488,9.097,8.017,1.08,63,100,train,train,train,val,test,train,train,train,train,train
4276,2020_Townsend,CC(C)C[C@@H]1NC(=O)CN(Cc2ccccc2)C(=O)[C@H](C)N(C)C(=O)[C@H]2CCCN2C(=O)[C@H](Cc2ccccc2)NC(=O)CN(Cc2ccccc2)C(=O)[C@H]2CCCN2C1=O,hepta_699,4276,-6.05,7,7,Circle,0.170916,0.0483258,-30.6033,9.343,8.181,1.162,0.0954081,0.032266,8.964,7.845,1.119,14,26,train,train,train,train,train,train,train,val,train,val
4275,2020_Townsend,CC(C)C[C@@H]1NC(=O)[C@H](C)N(C)C(=O)[C@H]2CCCN2C(=O)[C@H](Cc2ccccc2)NC(=O)CN(Cc2ccccc2)C(=O)[C@H]2CCCN2C(=O)CN(Cc2ccccc2)C1=O,hepta_698,4275,-5.43,7,7,Circle,0.197319,0.0812571,-45.8953,9.59,8.3,1.29,0.147678,0.052667,9.075,8.044,1.031,40,34,test,test,train,train,train,train,test,train,train,train
4274,2020_Townsend,CC(C)C[C@@H]1NC(=O)[C@H]2CCCN2C(=O)CN(Cc2ccccc2)C(=O)CN(Cc2ccccc2)C(=O)[C@H](C)N(C)C(=O)[C@H]2CCCN2C(=O)[C@H](Cc2ccccc2)NC1=O,hepta_697,4274,-10.0,7,7,Circle,0.142358,0.0420951,-34.0196,8.779,7.659,1.12,0.128529,0.0378253,9.03,7.826,1.204,50,15,train,train,train,train,train,train,val,train,val,train
4273,2020_Townsend,CC(C)C[C@H]1C(=O)N(C)[C@@H](CC(C)C)C(=O)N2CCC[C@@H]2C(=O)N(Cc2ccccc2)CC(=O)N[C@@H](Cc2ccccc2)C(=O)N2CCC[C@@H]2C(=O)N(C)[C@@H](C)C(=O)N1C,hepta_696,4273,-5.15,7,7,Circle,0.173008,0.0497142,-25.8704,9.702,8.462,1.24,0.145772,0.0429378,9.668,8.41,1.258,57,34,train,train,val,train,train,test,train,train,train,train
4272,2020_Townsend,CC(C)C[C@H]1C(=O)N(Cc2ccccc2)CC(=O)N2CCC[C@@H]2C(=O)N(C)[C@@H](CC(C)C)C(=O)N[C@@H](Cc2ccccc2)C(=O)N2CCC[C@@H]2C(=O)N(C)[C@@H](C)C(=O)N1C,hepta_695,4272,-5.62,7,7,Circle,0.156901,0.0465338,-27.4053,9.466,8.456,1.01,0.169299,0.0582952,9.285,8.257,1.028,14,9,train,train,train,train,train,train,train,test,test,train
4271,2020_Townsend,CC(C)C[C@H]1NC(=O)[C@H]2CCCN2C(=O)CN(Cc2ccccc2)C(=O)CN(Cc2ccccc2)C(=O)[C@H](C)N(C)C(=O)[C@H]2CCCN2C(=O)[C@H](Cc2ccccc2)NC1=O,hepta_694,4271,-6.02,7,7,Circle,0.149965,0.0421948,-32.2681,9.178,7.938,1.24,0.152504,0.0462354,9.157,7.962,1.195,90,26,test,val,val,train,train,train,train,train,train,train
4270,2020_Townsend,CC(C)C[C@H]1NC(=O)CN(Cc2ccccc2)C(=O)[C@H](C)N(C)C(=O)[C@H]2CCCN2C(=O)[C@H](Cc2ccccc2)NC(=O)CN(Cc2ccccc2)C(=O)[C@H]2CCCN2C1=O,hepta_693,4270,-5.8,7,7,Circle,0.177267,0.0623682,-33.9872,9.17,7.887,1.283,0.106419,0.0377822,8.836,7.646,1.19,46,23,train,val,train,train,train,test,val,train,train,train
4269,2020_Townsend,CC(C)C[C@H]1C(=O)N2CCC[C@@H]2C(=O)N(C)[C@H](CC(C)C)C(=O)N[C@@H](Cc2ccccc2)C(=O)N2CCC[C@@H]2C(=O)N(C)[C@@H](C)C(=O)N(Cc2ccccc2)CC(=O)N1C,hepta_692,4269,-5.51,7,7,Circle,0.146006,0.0562831,-26.8445,9.163,8.065,1.098,0.12707,0.0337187,9.195,8.188,1.007,52,60,val,train,train,train,train,train,train,train,train,train
4268,2020_Townsend,CC(C)C[C@H]1C(=O)N2CCC[C@@H]2C(=O)N(Cc2ccccc2)CC(=O)N[C@@H](Cc2ccccc2)C(=O)N2CCC[C@@H]2C(=O)N(C)[C@@H](C)C(=O)N(C)[C@H](CC(C)C)C(=O)N1C,hepta_691,4268,-5.24,7,7,Circle,0.146997,0.047027,-26.238,9.541,8.49,1.051,0.109852,0.0421215,8.981,8.118,0.863,100,4,train,val,train,train,train,train,train,train,val,val
4266,2020_Townsend,CC(C)C[C@H]1C(=O)N[C@@H](Cc2ccccc2)C(=O)N2CCC[C@@H]2C(=O)N(C)[C@@H](C)C(=O)N(C)[C@H](CC(C)C)C(=O)N(Cc2ccccc2)CC(=O)N2CCC[C@@H]2C(=O)N1C,hepta_689,4266,-5.48,7,7,Circle,0.14815,0.0600536,-31.6038,9.212,8.12,1.092,0.224958,0.11808,9.199,8.113,1.086,65,70,train,train,train,train,train,train,train,train,train,val
4265,2020_Townsend,CC(C)C[C@H]1C(=O)N(Cc2ccccc2)CC(=O)N2CCC[C@@H]2C(=O)N(C)[C@H](CC(C)C)C(=O)N[C@@H](Cc2ccccc2)C(=O)N2CCC[C@@H]2C(=O)N(C)[C@@H](C)C(=O)N1C,hepta_688,4265,-10.0,7,7,Circle,0.141922,0.0396575,-25.393,9.356,8.196,1.16,0.115516,0.0350786,9.355,8.212,1.143,16,89,train,test,train,test,train,train,train,train,test,val
4264,2020_Townsend,CC(C)C[C@H]1C(=O)N(C)[C@H](CC(C)C)C(=O)N2CCC[C@@H]2C(=O)N(Cc2ccccc2)CC(=O)N[C@@H](Cc2ccccc2)C(=O)N2CCC[C@@H]2C(=O)N(C)[C@@H](C)C(=O)N1C,hepta_687,4264,-10.0,7,7,Circle,0.156194,0.0511355,-28.6218,9.521,8.301,1.22,0.13093,0.0382035,9.579,8.247,1.332,60,46,train,train,train,train,train,test,val,train,train,train
4262,2020_Townsend,CC(C)C[C@@H]1C(=O)N(Cc2ccccc2)CC(=O)N2CCC[C@@H]2C(=O)N(C)[C@H](CC(C)C)C(=O)N[C@@H](Cc2ccccc2)C(=O)N2CCC[C@@H]2C(=O)N(C)[C@@H](C)C(=O)N1C,hepta_685,4262,-5.4,7,7,Circle,0.19305,0.0737034,-26.6602,9.387,8.283,1.104,0.123046,0.0391102,9.029,8.002,1.027,53,6,train,val,train,train,train,train,train,val,train,test
4259,2020_Townsend,CC(C)C[C@@H]1NC(=O)[C@H](CC(C)C)N(C)C(=O)[C@H](C)N(C)C(=O)[C@H]2CCCN2C(=O)[C@H](Cc2ccccc2)NC(=O)CN(Cc2ccccc2)C(=O)[C@H]2CCCN2C1=O,hepta_682,4259,-5.33,7,7,Circle,0.168025,0.0552145,-31.1026,9.153,7.951,1.202,0.132774,0.0447103,9.28,8.071,1.209,17,100,train,train,train,train,train,train,train,train,train,train
4258,2020_Townsend,CC(C)C[C@@H]1NC(=O)CN(Cc2ccccc2)C(=O)[C@H](C)N(C)C(=O)[C@H]2CCCN2C(=O)[C@H](Cc2ccccc2)NC(=O)[C@H](CC(C)C)N(C)C(=O)[C@H]2CCCN2C1=O,hepta_681,4258,-5.39,7,7,Circle,0.133681,0.0552099,-31.4625,9.23,8.038,1.192,0.137619,0.0394908,8.92,7.98,0.94,28,53,train,train,test,test,train,train,val,train,train,train
4257,2020_Townsend,CC(C)C[C@@H]1NC(=O)[C@H]2CCCN2C(=O)[C@H](CC(C)C)N(C)C(=O)CN(Cc2ccccc2)C(=O)[C@H](C)N(C)C(=O)[C@H]2CCCN2C(=O)[C@H](Cc2ccccc2)NC1=O,hepta_680,4257,-5.27,7,7,Circle,0.139707,0.0455778,-24.7157,8.955,7.861,1.094,0.159431,0.0644906,8.829,7.867,0.962,47,56,train,train,train,val,train,train,train,train,train,val
4256,2020_Townsend,CC(C)C[C@@H]1NC(=O)[C@H](C)N(C)C(=O)[C@H]2CCCN2C(=O)[C@H](Cc2ccccc2)NC(=O)[C@H](CC(C)C)N(C)C(=O)[C@H]2CCCN2C(=O)CN(Cc2ccccc2)C1=O,hepta_679,4256,-5.89,7,7,Circle,0.157669,0.0601804,-29.7198,9.168,8.037,1.131,0.105935,0.034294,8.856,7.864,0.992,55,35,train,train,train,test,train,train,train,train,train,test
4255,2020_Townsend,CC(C)C[C@@H]1NC(=O)[C@H](C)N(C)C(=O)[C@H]2CCCN2C(=O)[C@H](Cc2ccccc2)NC(=O)CN(Cc2ccccc2)C(=O)[C@H]2CCCN2C(=O)[C@H](CC(C)C)N(C)C1=O,hepta_678,4255,-5.01,7,7,Circle,0.149993,0.05728,-39.7474,8.983,7.734,1.249,0.195798,0.0556062,9.152,8.05,1.102,92,30,train,test,train,train,train,train,train,train,test,train
4254,2020_Townsend,CC(C)C[C@H]1C(=O)N(C)[C@@H](CC(C)C)C(=O)N2CCC[C@@H]2C(=O)N(C)[C@@H](CC(C)C)C(=O)N[C@@H](Cc2ccccc2)C(=O)N2CCC[C@@H]2C(=O)N(C)[C@@H](C)C(=O)N1C,hepta_677,4254,-4.95,7,7,Circle,0.146294,0.0418378,-17.2049,9.45,8.351,1.099,0.123078,0.0383792,9.405,8.337,1.068,10,31,test,train,train,train,train,train,train,train,train,train
4253,2020_Townsend,CC(C)C[C@@H]1NC(=O)[C@@H](CC(C)C)N(C)C(=O)[C@H](C)N(C)C(=O)[C@H]2CCCN2C(=O)[C@H](Cc2ccccc2)NC(=O)CN(Cc2ccccc2)C(=O)[C@H]2CCCN2C1=O,hepta_676,4253,-5.51,7,7,Circle,0.252966,0.111614,-35.7449,9.6,8.375,1.225,0.0980501,0.034514,8.817,7.782,1.035,40,78,test,train,train,train,val,train,train,train,val,train
4251,2020_Townsend,CC(C)C[C@@H]1NC(=O)[C@H](C)N(C)C(=O)[C@H]2CCCN2C(=O)[C@H](Cc2ccccc2)NC(=O)[C@@H](CC(C)C)N(C)C(=O)[C@H]2CCCN2C(=O)CN(Cc2ccccc2)C1=O,hepta_674,4251,-5.2,7,7,Circle,0.18507,0.0588905,-38.3758,9.52,8.273,1.247,0.14695,0.0465171,8.963,8.017,0.946,27,39,train,train,test,train,train,train,train,train,train,train
4250,2020_Townsend,CC(C)C[C@H]1C(=O)N[C@@H](Cc2ccccc2)C(=O)N2CCC[C@@H]2C(=O)N(C)[C@@H](C)C(=O)N(Cc2ccccc2)CC(=O)N[C@H](CC(C)C)C(=O)N2CCC[C@@H]2C(=O)N1C,hepta_673,4250,-5.26,7,7,Circle,0.166571,0.0617873,-28.0709,9.28,8.106,1.174,0.136155,0.0423155,8.983,7.964,1.019,40,37,train,train,train,train,train,train,train,train,train,train
4249,2020_Townsend,CC(C)C[C@H]1C(=O)N2CCC[C@@H]2C(=O)N[C@H](CC(C)C)C(=O)N[C@@H](Cc2ccccc2)C(=O)N2CCC[C@@H]2C(=O)N(C)[C@@H](C)C(=O)N(Cc2ccccc2)CC(=O)N1C,hepta_672,4249,-5.67,7,7,Circle,0.122622,0.0442276,-27.1868,9.192,8.043,1.149,0.129584,0.0435787,9.028,7.948,1.08,7,11,train,train,train,val,train,test,train,train,test,train
4247,2020_Townsend,CC(C)C[C@H]1C(=O)N2CCC[C@@H]2C(=O)N(Cc2ccccc2)CC(=O)N[C@@H](Cc2ccccc2)C(=O)N2CCC[C@@H]2C(=O)N(C)[C@@H](C)C(=O)N[C@H](CC(C)C)C(=O)N1C,hepta_670,4247,-5.48,7,7,Circle,0.152277,0.0465462,-34.5042,9.137,7.828,1.309,0.12858,0.0436038,9.29,8.088,1.202,45,39,train,test,train,train,train,train,test,train,train,train
4246,2020_Townsend,CC(C)C[C@H]1C(=O)N[C@@H](Cc2ccccc2)C(=O)N2CCC[C@@H]2C(=O)N(C)[C@@H](C)C(=O)N[C@H](CC(C)C)C(=O)N(Cc2ccccc2)CC(=O)N2CCC[C@@H]2C(=O)N1C,hepta_669,4246,-5.74,7,7,Circle,0.180316,0.0668413,-34.0197,9.658,8.295,1.363,0.129006,0.0504352,8.867,7.757,1.11,73,41,train,train,train,train,train,train,val,val,train,val
4243,2020_Townsend,CC(C)C[C@@H]1NC(=O)[C@H]2CCCN2C(=O)CN(Cc2ccccc2)C(=O)[C@@H](CC(C)C)N(C)C(=O)[C@H](C)N(C)C(=O)[C@H]2CCCN2C(=O)[C@H](Cc2ccccc2)NC1=O,hepta_666,4243,-6.17,7,7,Circle,0.152522,0.0668692,-39.2303,9.683,8.281,1.402,0.180558,0.0681243,8.924,7.756,1.168,70,60,val,train,train,train,train,train,train,train,train,train
4242,2020_Townsend,CC(C)C[C@H]1C(=O)N2CCC[C@@H]2C(=O)N(C)[C@@H](CC(C)C)C(=O)N[C@@H](Cc2ccccc2)C(=O)N2CCC[C@@H]2C(=O)N(C)[C@@H](C)C(=O)N(C)[C@H](CC(C)C)C(=O)N1C,hepta_665,4242,-4.96,7,7,Circle,0.108701,0.0404286,-19.9596,9.168,8.183,0.985,0.14623,0.0611688,9.369,8.295,1.074,79,84,train,train,train,train,val,train,val,test,test,train
4241,2020_Townsend,CC(C)C[C@H]1C(=O)N(C)[C@@H](CC(C)C)C(=O)N2CCC[C@@H]2C(=O)N(C)[C@H](CC(C)C)C(=O)N[C@@H](Cc2ccccc2)C(=O)N2CCC[C@@H]2C(=O)N(C)[C@@H](C)C(=O)N1C,hepta_664,4241,-4.93,7,7,Circle,0.150751,0.0567275,-25.6222,9.399,8.185,1.214,0.212303,0.0985138,9.375,8.268,1.107,87,68,val,train,train,train,train,train,train,train,train,train
4240,2020_Townsend,CC(C)C[C@H]1NC(=O)[C@H]2CCCN2C(=O)CN(Cc2ccccc2)C(=O)[C@@H](CC(C)C)N(C)C(=O)[C@H](C)N(C)C(=O)[C@H]2CCCN2C(=O)[C@H](Cc2ccccc2)NC1=O,hepta_663,4240,-5.7,7,7,Circle,0.163515,0.0866171,-43.3528,9.475,8.31,1.165,0.176258,0.0722914,9.097,8.138,0.959,49,96,val,train,train,train,train,train,train,train,train,train
4239,2020_Townsend,CC(C)C[C@H]1NC(=O)[C@H](C)N(C)C(=O)[C@H]2CCCN2C(=O)[C@H](Cc2ccccc2)NC(=O)[C@@H](CC(C)C)N(C)C(=O)[C@H]2CCCN2C(=O)CN(Cc2ccccc2)C1=O,hepta_662,4239,-5.39,7,7,Circle,0.172538,0.070753,-36.6348,9.676,8.429,1.247,0.151371,0.0528558,9.382,8.243,1.139,7,30,val,test,train,train,train,train,train,train,train,train
4238,2020_Townsend,CC(C)C[C@H]1NC(=O)[C@@H](CC(C)C)N(C)C(=O)[C@H](C)N(C)C(=O)[C@H]2CCCN2C(=O)[C@H](Cc2ccccc2)NC(=O)CN(Cc2ccccc2)C(=O)[C@H]2CCCN2C1=O,hepta_661,4238,-5.72,7,7,Circle,0.148431,0.0465465,-36.6658,9.028,7.631,1.397,0.191002,0.0717406,8.936,7.899,1.037,48,31,train,train,train,train,train,train,train,train,train,train
4237,2020_Townsend,CC(C)C[C@H]1NC(=O)[C@H](C)N(C)C(=O)[C@H]2CCCN2C(=O)[C@H](Cc2ccccc2)NC(=O)CN(Cc2ccccc2)C(=O)[C@H]2CCCN2C(=O)[C@@H](CC(C)C)N(C)C1=O,hepta_660,4237,-5.36,7,7,Circle,0.129944,0.0458428,-34.0034,9.183,7.96,1.223,0.148795,0.0460915,9.089,7.884,1.205,88,78,test,train,train,train,train,train,train,train,train,train
4236,2020_Townsend,CC(C)C[C@H]1NC(=O)[C@H]2CCCN2C(=O)[C@@H](CC(C)C)N(C)C(=O)CN(Cc2ccccc2)C(=O)[C@H](C)N(C)C(=O)[C@H]2CCCN2C(=O)[C@H](Cc2ccccc2)NC1=O,hepta_659,4236,-5.35,7,7,Circle,0.112047,0.042466,-36.5738,9.152,7.847,1.305,0.157076,0.0613616,9.117,7.979,1.138,84,61,train,test,train,val,train,train,val,val,test,train
4234,2020_Townsend,CC(C)C[C@H]1C(=O)N2CCC[C@@H]2C(=O)N(C)[C@H](CC(C)C)C(=O)N[C@@H](Cc2ccccc2)C(=O)N2CCC[C@@H]2C(=O)N(C)[C@@H](C)C(=O)N(C)[C@H](CC(C)C)C(=O)N1C,hepta_657,4234,-5.16,7,7,Circle,0.141813,0.0540538,-33.1103,9.585,8.504,1.081,0.13855,0.0349379,9.101,8.068,1.033,64,70,train,train,train,test,train,train,val,val,train,train
4233,2020_Townsend,CC(C)C[C@H]1C(=O)N[C@@H](Cc2ccccc2)C(=O)N2CCC[C@@H]2C(=O)N(C)[C@@H](C)C(=O)N(C)[C@H](CC(C)C)C(=O)N(C)[C@H](CC(C)C)C(=O)N2CCC[C@@H]2C(=O)N1C,hepta_656,4233,-4.87,7,7,Circle,0.133299,0.0355567,-15.3868,9.28,8.134,1.146,0.122474,0.0370631,9.286,8.147,1.139,79,60,train,train,train,train,train,train,train,train,train,train
4232,2020_Townsend,CC(C)C[C@H]1C(=O)N(C)[C@H](CC(C)C)C(=O)N2CCC[C@@H]2C(=O)N(C)[C@H](CC(C)C)C(=O)N[C@@H](Cc2ccccc2)C(=O)N2CCC[C@@H]2C(=O)N(C)[C@@H](C)C(=O)N1C,hepta_655,4232,-10.0,7,7,Circle,0.173667,0.0663392,-22.2289,9.255,8.136,1.119,0.122897,0.0389821,9.438,8.253,1.185,12,36,train,train,train,train,train,train,train,train,train,train
4231,2020_Townsend,CC(C)C[C@@H]1C(=O)N(C)[C@H](CC(C)C)C(=O)N2CCC[C@@H]2C(=O)N(C)[C@H](CC(C)C)C(=O)N[C@@H](Cc2ccccc2)C(=O)N2CCC[C@@H]2C(=O)N(C)[C@@H](C)C(=O)N1C,hepta_654,4231,-6.03,7,7,Circle,0.135004,0.0461103,-18.3051,9.387,8.299,1.088,0.135274,0.0367546,8.908,7.812,1.096,36,96,test,train,train,train,train,train,train,train,train,train
4230,2020_Townsend,CC(C)C[C@@H]1NC(=O)[C@H]2CCCN2C(=O)CN(Cc2ccccc2)C(=O)[C@H](CC(C)C)NC(=O)[C@H](C)N(C)C(=O)[C@H]2CCCN2C(=O)[C@H](Cc2ccccc2)NC1=O,hepta_653,4230,-6.41,7,7,Circle,0.162895,0.0459318,-28.7732,8.88,7.697,1.183,0.15694,0.0598294,8.75,7.646,1.104,67,87,train,train,train,train,test,val,test,val,val,train
4229,2020_Townsend,CC(C)C[C@@H]1NC(=O)[C@H](CC(C)C)N(C)C(=O)[C@H](C)N(C)C(=O)[C@H]2CCCN2C(=O)[C@H](Cc2ccccc2)NC(=O)[C@H](CC(C)C)N(C)C(=O)[C@H]2CCCN2C1=O,hepta_652,4229,-4.98,7,7,Circle,0.119125,0.0457783,-23.3156,9.495,8.1,1.395,0.16198,0.0585138,9.387,8.107,1.28,30,94,train,train,val,val,val,train,val,train,train,train
4228,2020_Townsend,CC(C)C[C@@H]1NC(=O)[C@H](C)N(C)C(=O)[C@H]2CCCN2C(=O)[C@H](Cc2ccccc2)NC(=O)[C@H](CC(C)C)N(C)C(=O)[C@H]2CCCN2C(=O)[C@H](CC(C)C)N(C)C1=O,hepta_651,4228,-4.95,7,7,Circle,0.13506,0.0498755,-17.4321,9.011,8.081,0.93,0.111012,0.0402537,8.882,8.003,0.879,29,59,train,train,train,train,train,train,train,val,train,train
4227,2020_Townsend,CC(C)C[C@@H]1NC(=O)[C@H]2CCCN2C(=O)[C@H](CC(C)C)N(C)C(=O)[C@H](CC(C)C)N(C)C(=O)[C@H](C)N(C)C(=O)[C@H]2CCCN2C(=O)[C@H](Cc2ccccc2)NC1=O,hepta_650,4227,-5.7,7,7,Circle,0.14117,0.0537798,-41.1944,9.381,8.263,1.118,0.117072,0.043067,8.707,7.701,1.006,82,39,train,train,train,train,train,test,train,train,train,train
4226,2020_Townsend,CC(C)C[C@@H]1NC(=O)[C@@H](CC(C)C)NC(=O)[C@H](C)N(C)C(=O)[C@H]2CCCN2C(=O)[C@H](Cc2ccccc2)NC(=O)CN(Cc2ccccc2)C(=O)[C@H]2CCCN2C1=O,hepta_649,4226,-5.46,7,7,Circle,0.218589,0.0809427,-33.5745,9.196,7.802,1.394,0.138604,0.0331028,9.071,7.955,1.116,17,20,train,train,test,val,train,train,train,train,val,train
4224,2020_Townsend,CC(C)C[C@@H]1NC(=O)[C@H]2CCCN2C(=O)[C@@H](CC(C)C)NC(=O)CN(Cc2ccccc2)C(=O)[C@H](C)N(C)C(=O)[C@H]2CCCN2C(=O)[C@H](Cc2ccccc2)NC1=O,hepta_647,4224,-6.35,7,7,Circle,0.143856,0.0434945,-35.9916,9.017,7.813,1.204,0.151578,0.0494299,8.666,7.451,1.215,23,60,train,train,train,train,test,train,train,train,val,train
4223,2020_Townsend,CC(C)C[C@@H]1NC(=O)[C@H]2CCCN2C(=O)CN(Cc2ccccc2)C(=O)[C@@H](CC(C)C)NC(=O)[C@H](C)N(C)C(=O)[C@H]2CCCN2C(=O)[C@H](Cc2ccccc2)NC1=O,hepta_646,4223,-10.0,7,7,Circle,0.185127,0.0735625,-39.7118,9.551,8.082,1.469,0.123924,0.0440202,8.679,7.46,1.219,92,30,train,train,train,train,train,train,train,train,train,val
4222,2020_Townsend,CC(C)C[C@@H]1NC(=O)[C@@H](CC(C)C)N(C)C(=O)[C@H](C)N(C)C(=O)[C@H]2CCCN2C(=O)[C@H](Cc2ccccc2)NC(=O)[C@H](CC(C)C)N(C)C(=O)[C@H]2CCCN2C1=O,hepta_645,4222,-4.97,7,7,Circle,0.135319,0.0540431,-27.2293,9.537,8.332,1.205,0.135508,0.0448443,9.203,8.203,1.0,95,80,train,train,train,train,train,train,train,train,train,train
4221,2020_Townsend,CC(C)C[C@@H]1NC(=O)[C@H](C)N(C)C(=O)[C@H]2CCCN2C(=O)[C@H](Cc2ccccc2)NC(=O)[C@@H](CC(C)C)N(C)C(=O)[C@H]2CCCN2C(=O)[C@H](CC(C)C)N(C)C1=O,hepta_644,4221,-5.27,7,7,Circle,0.192748,0.0772053,-32.0545,9.667,8.458,1.209,0.127402,0.0400627,8.947,7.9,1.047,53,25,test,train,train,train,test,train,train,train,train,train
4220,2020_Townsend,CC(C)C[C@@H]1NC(=O)[C@H](C)N(C)C(=O)[C@H]2CCCN2C(=O)[C@H](Cc2ccccc2)NC(=O)[C@H](CC(C)C)N(C)C(=O)[C@H]2CCCN2C(=O)[C@@H](CC(C)C)N(C)C1=O,hepta_643,4220,-5.67,7,7,Circle,0.144817,0.0602092,-24.1237,9.025,7.986,1.039,0.079216,0.0359336,9.003,7.893,1.11,42,44,train,train,train,train,train,train,train,train,train,train
4219,2020_Townsend,CC(C)C[C@H]1C(=O)N2CCC[C@@H]2C(=O)N(C)[C@@H](CC(C)C)C(=O)N[C@@H](Cc2ccccc2)C(=O)N2CCC[C@@H]2C(=O)N(C)[C@@H](C)C(=O)N[C@H](CC(C)C)C(=O)N1C,hepta_642,4219,-5.05,7,7,Circle,0.120691,0.0576749,-32.4027,9.509,8.214,1.295,0.135252,0.043704,9.248,8.137,1.111,81,87,train,train,train,val,train,train,train,train,train,train
4218,2020_Townsend,CC(C)C[C@@H]1NC(=O)[C@H](CC(C)C)N(C)C(=O)[C@H](C)N(C)C(=O)[C@H]2CCCN2C(=O)[C@H](Cc2ccccc2)NC(=O)[C@@H](CC(C)C)N(C)C(=O)[C@H]2CCCN2C1=O,hepta_641,4218,-5.59,7,7,Circle,0.132776,0.0480913,-34.8219,9.549,8.34,1.209,0.109563,0.0423874,8.947,7.811,1.136,45,29,train,train,train,train,train,train,train,train,train,train
4217,2020_Townsend,CC(C)C[C@H]1C(=O)N[C@H](CC(C)C)C(=O)N2CCC[C@@H]2C(=O)N(C)[C@@H](CC(C)C)C(=O)N[C@@H](Cc2ccccc2)C(=O)N2CCC[C@@H]2C(=O)N(C)[C@@H](C)C(=O)N1C,hepta_640,4217,-5.3,7,7,Circle,0.120671,0.0378191,-25.9458,9.428,8.238,1.19,0.173161,0.0754017,9.299,8.158,1.141,53,73,train,train,train,train,train,train,train,train,train,train
4216,2020_Townsend,CC(C)C[C@@H]1NC(=O)[C@H]2CCCN2C(=O)[C@H](CC(C)C)N(C)C(=O)[C@@H](CC(C)C)N(C)C(=O)[C@H](C)N(C)C(=O)[C@H]2CCCN2C(=O)[C@H](Cc2ccccc2)NC1=O,hepta_639,4216,-5.81,7,7,Circle,0.163239,0.0637301,-26.1442,9.524,8.299,1.225,0.15198,0.0458208,9.345,8.029,1.316,77,6,val,train,train,test,train,train,train,train,train,train
4215,2020_Townsend,CC(C)C[C@@H]1NC(=O)[C@H]2CCCN2C(=O)[C@@H](CC(C)C)N(C)C(=O)[C@H](CC(C)C)N(C)C(=O)[C@H](C)N(C)C(=O)[C@H]2CCCN2C(=O)[C@H](Cc2ccccc2)NC1=O,hepta_638,4215,-10.0,7,7,Circle,0.131051,0.0353128,-20.5812,9.137,7.964,1.173,0.131748,0.0346794,9.206,8.012,1.194,26,25,train,train,test,train,train,test,train,train,train,train
4214,2020_Townsend,CC(C)C[C@H]1NC(=O)[C@H]2CCCN2C(=O)[C@@H](CC(C)C)NC(=O)CN(Cc2ccccc2)C(=O)[C@H](C)N(C)C(=O)[C@H]2CCCN2C(=O)[C@H](Cc2ccccc2)NC1=O,hepta_637,4214,-5.86,7,7,Circle,0.186376,0.0454247,-31.2056,9.266,8.032,1.234,0.159072,0.0501164,8.706,7.579,1.127,96,39,train,train,train,train,train,train,train,train,train,train
4213,2020_Townsend,CC(C)C[C@H]1NC(=O)[C@H](C)N(C)C(=O)[C@H]2CCCN2C(=O)[C@H](Cc2ccccc2)NC(=O)CN(Cc2ccccc2)C(=O)[C@H]2CCCN2C(=O)[C@@H](CC(C)C)NC1=O,hepta_636,4213,-6.18,7,7,Circle,0.15465,0.0483638,-22.8456,8.955,7.705,1.25,0.132943,0.0357601,8.817,7.655,1.162,28,56,train,train,train,train,val,train,train,train,val,train
4212,2020_Townsend,CC(C)C[C@@H]1NC(=O)[C@@H](CC(C)C)N(C)C(=O)[C@H](C)N(C)C(=O)[C@H]2CCCN2C(=O)[C@H](Cc2ccccc2)NC(=O)[C@@H](CC(C)C)N(C)C(=O)[C@H]2CCCN2C1=O,hepta_635,4212,-5.04,7,7,Circle,0.143568,0.0425399,-25.1171,9.123,7.875,1.248,0.136192,0.0377537,9.063,7.907,1.156,72,2,train,train,train,train,train,train,train,train,train,train
4211,2020_Townsend,CC(C)C[C@H]1C(=O)N2CCC[C@@H]2C(=O)N[C@H](CC(C)C)C(=O)N[C@@H](Cc2ccccc2)C(=O)N2CCC[C@@H]2C(=O)N(C)[C@@H](C)C(=O)N(C)[C@H](CC(C)C)C(=O)N1C,hepta_634,4211,-5.4,7,7,Circle,0.147573,0.0428991,-34.8205,9.715,8.564,1.151,0.137501,0.0639778,9.086,8.047,1.039,77,100,train,train,test,train,train,train,train,train,val,train
4210,2020_Townsend,CC(C)C[C@H]1C(=O)N(C)[C@H](CC(C)C)C(=O)N2CCC[C@@H]2C(=O)N[C@H](CC(C)C)C(=O)N[C@@H](Cc2ccccc2)C(=O)N2CCC[C@@H]2C(=O)N(C)[C@@H](C)C(=O)N1C,hepta_633,4210,-6.4,7,7,Circle,0.159652,0.0664107,-20.3329,9.537,8.295,1.242,0.139608,0.055708,9.293,8.142,1.151,52,17,train,train,test,train,train,train,train,train,train,train
4209,2020_Townsend,CC(C)C[C@H]1C(=O)N[C@@H](Cc2ccccc2)C(=O)N2CCC[C@@H]2C(=O)N(C)[C@@H](C)C(=O)N(C)[C@H](CC(C)C)C(=O)N[C@H](CC(C)C)C(=O)N2CCC[C@@H]2C(=O)N1C,hepta_632,4209,-5.52,7,7,Circle,0.174441,0.0674475,-22.3128,9.345,8.291,1.054,0.129377,0.0429138,9.186,8.235,0.951,76,85,train,test,val,train,train,train,train,train,train,train
4208,2020_Townsend,CC(C)C[C@H]1C(=O)N[C@@H](Cc2ccccc2)C(=O)N2CCC[C@@H]2C(=O)N(C)[C@@H](C)C(=O)N[C@H](CC(C)C)C(=O)N(C)[C@H](CC(C)C)C(=O)N2CCC[C@@H]2C(=O)N1C,hepta_631,4208,-5.07,7,7,Circle,0.103161,0.0295131,-22.5314,8.768,7.836,0.932,0.111017,0.0446074,8.917,7.887,1.03,46,68,train,train,train,train,train,train,train,train,train,train
4207,2020_Townsend,CC(C)C[C@H]1NC(=O)[C@H]2CCCN2C(=O)[C@@H](CC(C)C)N(C)C(=O)[C@@H](CC(C)C)N(C)C(=O)[C@H](C)N(C)C(=O)[C@H]2CCCN2C(=O)[C@H](Cc2ccccc2)NC1=O,hepta_630,4207,-4.97,7,7,Circle,0.133415,0.0457828,-19.0217,8.802,7.843,0.959,0.155664,0.0475112,9.207,8.02,1.187,26,70,train,train,test,train,train,train,train,train,train,test
4206,2020_Townsend,CC(C)C[C@H]1NC(=O)[C@@H](CC(C)C)N(C)C(=O)[C@H](C)N(C)C(=O)[C@H]2CCCN2C(=O)[C@H](Cc2ccccc2)NC(=O)[C@@H](CC(C)C)N(C)C(=O)[C@H]2CCCN2C1=O,hepta_629,4206,-5.55,7,7,Circle,0.135514,0.0529439,-23.4371,9.056,7.846,1.21,0.171659,0.0537633,8.966,7.903,1.063,55,47,train,train,train,train,train,train,train,train,train,val
4205,2020_Townsend,CC(C)C[C@H]1NC(=O)[C@H](C)N(C)C(=O)[C@H]2CCCN2C(=O)[C@H](Cc2ccccc2)NC(=O)[C@@H](CC(C)C)N(C)C(=O)[C@H]2CCCN2C(=O)[C@@H](CC(C)C)N(C)C1=O,hepta_628,4205,-5.71,7,7,Circle,0.146236,0.0456055,-33.335,9.523,8.328,1.195,0.107236,0.0398419,8.822,7.886,0.936,44,72,train,train,val,train,train,train,val,train,train,train
4204,2020_Townsend,CC(C)C[C@@H]1NC(=O)[C@H](C)N(C)C(=O)[C@H]2CCCN2C(=O)[C@H](Cc2ccccc2)NC(=O)[C@H](CC(C)C)N(C)C(=O)[C@H]2CCCN2C(=O)[C@H](CC(C)C)NC1=O,hepta_627,4204,-5.59,7,7,Circle,0.189363,0.0847762,-27.3873,9.229,7.873,1.356,0.154683,0.062889,9.182,8.011,1.171,33,65,train,train,val,train,train,train,test,val,train,train
4203,2020_Townsend,CC(C)C[C@@H]1NC(=O)[C@H]2CCCN2C(=O)[C@H](CC(C)C)N(C)C(=O)[C@H](CC(C)C)NC(=O)[C@H](C)N(C)C(=O)[C@H]2CCCN2C(=O)[C@H](Cc2ccccc2)NC1=O,hepta_626,4203,-5.73,7,7,Circle,0.130814,0.0595009,-35.0287,9.545,8.219,1.326,0.133213,0.0486092,8.695,7.681,1.014,25,46,train,train,train,train,val,train,train,train,test,train
4202,2020_Townsend,CC(C)C[C@@H]1NC(=O)[C@H]2CCCN2C(=O)[C@H](CC(C)C)NC(=O)[C@H](CC(C)C)N(C)C(=O)[C@H](C)N(C)C(=O)[C@H]2CCCN2C(=O)[C@H](Cc2ccccc2)NC1=O,hepta_625,4202,-5.48,7,7,Circle,0.121572,0.0491344,-38.0002,9.484,8.095,1.389,0.138615,0.03848,9.001,7.702,1.299,49,65,train,train,train,train,train,train,test,train,train,test
4201,2020_Townsend,CC(C)C[C@@H]1NC(=O)[C@@H](CC(C)C)NC(=O)[C@H](C)N(C)C(=O)[C@H]2CCCN2C(=O)[C@H](Cc2ccccc2)NC(=O)[C@H](CC(C)C)N(C)C(=O)[C@H]2CCCN2C1=O,hepta_624,4201,-5.0,7,7,Circle,0.126493,0.0514997,-27.4757,9.025,7.831,1.194,0.117665,0.0397205,9.064,8.071,0.993,77,35,train,test,test,train,train,val,train,train,test,train
4200,2020_Townsend,CC(C)C[C@@H]1NC(=O)[C@H](C)N(C)C(=O)[C@H]2CCCN2C(=O)[C@H](Cc2ccccc2)NC(=O)[C@@H](CC(C)C)N(C)C(=O)[C@H]2CCCN2C(=O)[C@H](CC(C)C)NC1=O,hepta_623,4200,-5.64,7,7,Circle,0.121096,0.057413,-41.4041,9.361,8.094,1.267,0.102563,0.0392514,8.671,7.727,0.944,100,98,train,train,train,train,train,train,train,test,train,test
4199,2020_Townsend,CC(C)C[C@@H]1NC(=O)[C@H](C)N(C)C(=O)[C@H]2CCCN2C(=O)[C@H](Cc2ccccc2)NC(=O)[C@H](CC(C)C)N(C)C(=O)[C@H]2CCCN2C(=O)[C@@H](CC(C)C)NC1=O,hepta_622,4199,-5.35,7,7,Circle,0.115297,0.0498451,-38.2654,9.246,7.969,1.277,0.106828,0.0378285,8.911,7.938,0.973,7,39,val,train,test,test,test,train,val,train,train,train
4198,2020_Townsend,CC(C)C[C@@H]1NC(=O)[C@H]2CCCN2C(=O)[C@@H](CC(C)C)N(C)C(=O)[C@H](CC(C)C)NC(=O)[C@H](C)N(C)C(=O)[C@H]2CCCN2C(=O)[C@H](Cc2ccccc2)NC1=O,hepta_621,4198,-5.72,7,7,Circle,0.165371,0.0691816,-28.8383,9.142,7.816,1.326,0.179064,0.0742251,8.863,7.775,1.088,79,72,train,train,train,train,train,train,train,train,val,train
4197,2020_Townsend,CC(C)C[C@@H]1NC(=O)[C@H]2CCCN2C(=O)[C@H](CC(C)C)NC(=O)[C@@H](CC(C)C)N(C)C(=O)[C@H](C)N(C)C(=O)[C@H]2CCCN2C(=O)[C@H](Cc2ccccc2)NC1=O,hepta_620,4197,-6.09,7,7,Circle,0.148455,0.0523442,-22.9101,9.14,7.907,1.233,0.134019,0.0453265,9.315,8.225,1.09,6,31,train,train,train,train,val,train,test,test,val,train
4196,2020_Townsend,CC(C)C[C@@H]1NC(=O)[C@H](C)N(C)C(=O)[C@H]2CCCN2C(=O)[C@H](Cc2ccccc2)NC(=O)[C@@H](CC(C)C)NC(=O)[C@H]2CCCN2C(=O)[C@H](CC(C)C)N(C)C1=O,hepta_619,4196,-5.78,7,7,Circle,0.150445,0.0411948,-34.1011,9.657,8.353,1.304,0.104196,0.0388004,8.76,7.802,0.958,42,5,train,val,train,train,test,train,val,train,train,train
4195,2020_Townsend,CC(C)C[C@@H]1NC(=O)[C@H](CC(C)C)N(C)C(=O)[C@H](C)N(C)C(=O)[C@H]2CCCN2C(=O)[C@H](Cc2ccccc2)NC(=O)[C@@H](CC(C)C)NC(=O)[C@H]2CCCN2C1=O,hepta_618,4195,-5.43,7,7,Circle,0.146112,0.0404545,-30.1906,9.255,7.916,1.339,0.14825,0.0410486,8.997,7.841,1.156,20,98,train,val,train,train,train,train,train,train,train,train
4194,2020_Townsend,CC(C)C[C@@H]1NC(=O)[C@H]2CCCN2C(=O)[C@H](CC(C)C)N(C)C(=O)[C@@H](CC(C)C)NC(=O)[C@H](C)N(C)C(=O)[C@H]2CCCN2C(=O)[C@H](Cc2ccccc2)NC1=O,hepta_617,4194,-6.94,7,7,Circle,0.18627,0.0659607,-31.9725,9.351,7.992,1.359,0.0934887,0.0357784,8.736,7.61,1.126,76,26,train,train,test,train,train,train,train,train,val,train
4193,2020_Townsend,CC(C)C[C@@H]1NC(=O)[C@@H](CC(C)C)NC(=O)[C@H](C)N(C)C(=O)[C@H]2CCCN2C(=O)[C@H](Cc2ccccc2)NC(=O)[C@@H](CC(C)C)N(C)C(=O)[C@H]2CCCN2C1=O,hepta_616,4193,-5.18,7,7,Circle,0.0959375,0.0379448,-33.8701,9.312,8.009,1.303,0.125535,0.0407702,8.974,7.951,1.023,17,84,test,train,test,val,train,val,train,val,val,val
4192,2020_Townsend,CC(C)C[C@H]1C(=O)N2CCC[C@@H]2C(=O)N[C@H](CC(C)C)C(=O)N[C@@H](Cc2ccccc2)C(=O)N2CCC[C@@H]2C(=O)N(C)[C@@H](C)C(=O)N[C@H](CC(C)C)C(=O)N1C,hepta_615,4192,-5.47,7,7,Circle,0.118989,0.0461164,-29.9596,9.121,7.816,1.305,0.165517,0.0575158,9.163,7.927,1.236,21,48,train,train,train,train,train,test,train,val,train,val
4191,2020_Townsend,CC(C)C[C@@H]1NC(=O)[C@H](C)N(C)C(=O)[C@H]2CCCN2C(=O)[C@H](Cc2ccccc2)NC(=O)[C@@H](CC(C)C)N(C)C(=O)[C@H]2CCCN2C(=O)[C@@H](CC(C)C)NC1=O,hepta_614,4191,-5.58,7,7,Circle,0.124052,0.0570735,-26.5047,9.145,7.742,1.403,0.105497,0.0445866,8.72,7.663,1.057,40,56,train,train,train,test,train,val,train,train,train,train
4190,2020_Townsend,CC(C)C[C@H]1C(=O)N[C@@H](Cc2ccccc2)C(=O)N2CCC[C@@H]2C(=O)N(C)[C@@H](C)C(=O)N[C@H](CC(C)C)C(=O)N[C@H](CC(C)C)C(=O)N2CCC[C@@H]2C(=O)N1C,hepta_613,4190,-5.96,7,7,Circle,0.121657,0.0580924,-34.4039,9.351,8.018,1.333,0.118758,0.0374291,8.852,7.827,1.025,87,88,train,test,train,test,train,test,test,train,train,train
4189,2020_Townsend,CC(C)C[C@@H]1NC(=O)[C@H]2CCCN2C(=O)[C@@H](CC(C)C)N(C)C(=O)[C@@H](CC(C)C)NC(=O)[C@H](C)N(C)C(=O)[C@H]2CCCN2C(=O)[C@H](Cc2ccccc2)NC1=O,hepta_612,4189,-6.49,7,7,Circle,0.157015,0.0547764,-33.2867,9.381,8.062,1.319,0.173284,0.0757994,9.189,7.967,1.222,31,5,train,train,val,val,train,train,train,train,train,train
4188,2020_Townsend,CC(C)C[C@H]1NC(=O)[C@H]2CCCN2C(=O)[C@@H](CC(C)C)NC(=O)[C@@H](CC(C)C)N(C)C(=O)[C@H](C)N(C)C(=O)[C@H]2CCCN2C(=O)[C@H](Cc2ccccc2)NC1=O,hepta_611,4188,-5.66,7,7,Circle,0.189316,0.0711585,-23.6088,9.004,7.757,1.247,0.112562,0.0409612,8.854,7.788,1.066,28,80,train,train,val,train,train,train,val,val,train,val
4187,2020_Townsend,CC(C)C[C@H]1NC(=O)[C@H](C)N(C)C(=O)[C@H]2CCCN2C(=O)[C@H](Cc2ccccc2)NC(=O)[C@@H](CC(C)C)N(C)C(=O)[C@H]2CCCN2C(=O)[C@@H](CC(C)C)NC1=O,hepta_610,4187,-5.3,7,7,Circle,0.134248,0.0385377,-39.3447,9.357,8.055,1.302,0.160143,0.0461438,8.669,7.556,1.113,51,22,train,train,train,train,train,train,train,train,train,train
4186,2020_Townsend,CC(C)C[C@@H]1NC(=O)[C@H]2CCCN2C(=O)[C@H](CC(C)C)NC(=O)[C@@H](CC(C)C)NC(=O)[C@H](C)N(C)C(=O)[C@H]2CCCN2C(=O)[C@H](Cc2ccccc2)NC1=O,hepta_609,4186,-6.31,7,7,Circle,0.128918,0.0513985,-44.3688,9.007,7.721,1.286,0.20324,0.082354,8.916,7.667,1.249,4,48,train,test,train,train,train,train,train,train,train,train
4185,2020_Townsend,CC(C)C[C@@H]1NC(=O)[C@@H](CC(C)C)NC(=O)[C@H](C)N(C)C(=O)[C@H]2CCCN2C(=O)[C@H](Cc2ccccc2)NC(=O)[C@@H](CC(C)C)NC(=O)[C@H]2CCCN2C1=O,hepta_608,4185,-6.14,7,7,Circle,0.151311,0.0610567,-18.9994,8.548,7.451,1.097,0.111784,0.0351217,8.505,7.443,1.062,88,20,train,train,train,test,train,train,train,val,train,train
4184,2020_Townsend,CC(C)C[C@@H]1NC(=O)[C@H](C)N(C)C(=O)[C@H]2CCCN2C(=O)[C@H](Cc2ccccc2)NC(=O)[C@@H](CC(C)C)NC(=O)[C@H]2CCCN2C(=O)[C@@H](CC(C)C)NC1=O,hepta_607,4184,-6.35,7,7,Circle,0.200516,0.0862973,-25.7232,9.058,7.655,1.403,0.139438,0.0496681,8.73,7.58,1.15,24,41,val,test,train,val,train,train,train,train,train,train
4183,2020_Townsend,CC(C)C[C@@H]1NC(=O)[C@H]2CCCN2C(=O)[C@@H](CC(C)C)NC(=O)[C@@H](CC(C)C)NC(=O)[C@H](C)N(C)C(=O)[C@H]2CCCN2C(=O)[C@H](Cc2ccccc2)NC1=O,hepta_606,4183,-6.78,7,7,Circle,0.176874,0.0670791,-29.4052,9.097,7.724,1.373,0.185767,0.0712299,9.109,7.819,1.29,10,74,train,train,train,val,train,train,train,train,train,train
4175,2020_Townsend,CC(C)C[C@@H]1C(=O)N[C@@H](Cc2ccccc2)C(=O)N2CCC[C@@H]2C(=O)N(C)[C@H](C)C(=O)N(Cc2ccccc2)CC(=O)N(Cc2ccccc2)CC(=O)N2CCC[C@H]2C(=O)N1C,hepta_598,4175,-5.47,7,7,Circle,0.22112,0.0782958,-43.1698,9.914,8.669,1.245,0.148957,0.0489631,8.932,8.105,0.827,84,84,train,val,train,train,test,train,train,test,train,train
4174,2020_Townsend,CC(C)C[C@@H]1C(=O)N(Cc2ccccc2)CC(=O)N2CCC[C@H]2C(=O)N(Cc2ccccc2)CC(=O)N[C@@H](Cc2ccccc2)C(=O)N2CCC[C@@H]2C(=O)N(C)[C@H](C)C(=O)N1C,hepta_597,4174,-5.84,7,7,Circle,0.207436,0.0759087,-31.3544,9.477,8.419,1.058,0.125802,0.0409026,8.905,7.75,1.155,70,26,test,val,test,train,test,train,train,train,train,train
4171,2020_Townsend,CC(C)C[C@@H]1NC(=O)CN(Cc2ccccc2)C(=O)[C@@H](C)N(C)C(=O)[C@H]2CCCN2C(=O)[C@H](Cc2ccccc2)NC(=O)CN(Cc2ccccc2)C(=O)[C@@H]2CCCN2C1=O,hepta_594,4171,-5.63,7,7,Circle,0.179488,0.0543903,-42.8145,9.861,8.736,1.125,0.186128,0.0674376,9.013,7.968,1.045,93,21,train,train,train,val,train,test,val,train,test,train
4169,2020_Townsend,CC(C)C[C@H]1C(=O)N2CCC[C@H]2C(=O)N(Cc2ccccc2)CC(=O)N[C@@H](Cc2ccccc2)C(=O)N2CCC[C@@H]2C(=O)N(C)[C@H](C)C(=O)N(C)[C@@H](CC(C)C)C(=O)N1C,hepta_592,4169,-5.29,7,7,Circle,0.16135,0.0387122,-34.5715,9.424,8.313,1.111,0.182908,0.0738167,9.414,8.231,1.183,32,29,train,train,train,train,train,train,train,train,val,test
4168,2020_Townsend,CC(C)C[C@H]1NC(=O)[C@@H](C)N(C)C(=O)[C@H]2CCCN2C(=O)[C@H](Cc2ccccc2)NC(=O)CN(Cc2ccccc2)C(=O)[C@@H]2CCCN2C(=O)CN(Cc2ccccc2)C1=O,hepta_591,4168,-6.11,7,7,Circle,0.191541,0.0660124,-44.0111,9.534,8.31,1.224,0.139967,0.0523222,8.934,7.751,1.183,42,14,train,val,train,train,train,train,train,train,train,val
4166,2020_Townsend,CC(C)C[C@H]1C(=O)N(C)[C@H](CC(C)C)C(=O)N2CCC[C@H]2C(=O)N(Cc2ccccc2)CC(=O)N[C@@H](Cc2ccccc2)C(=O)N2CCC[C@@H]2C(=O)N(C)[C@H](C)C(=O)N1C,hepta_589,4166,-5.42,7,7,Circle,0.171924,0.0410196,-25.4885,9.505,8.377,1.128,0.147878,0.0382161,9.515,8.41,1.105,89,72,train,train,val,train,test,train,val,train,test,train
4165,2020_Townsend,CC(C)C[C@H]1C(=O)N2CCC[C@H]2C(=O)N(Cc2ccccc2)CC(=O)N[C@@H](Cc2ccccc2)C(=O)N2CCC[C@@H]2C(=O)N(C)[C@H](C)C(=O)N(C)[C@H](CC(C)C)C(=O)N1C,hepta_588,4165,-5.57,7,7,Circle,0.191747,0.061162,-28.6018,9.212,8.162,1.05,0.140515,0.0417435,9.399,8.361,1.038,53,67,train,train,train,val,train,test,train,train,train,train
4164,2020_Townsend,CC(C)C[C@H]1C(=O)N[C@@H](Cc2ccccc2)C(=O)N2CCC[C@@H]2C(=O)N(C)[C@H](C)C(=O)N(C)[C@H](CC(C)C)C(=O)N(Cc2ccccc2)CC(=O)N2CCC[C@H]2C(=O)N1C,hepta_587,4164,-5.42,7,7,Circle,0.152143,0.0518023,-24.9946,9.322,8.434,0.888,0.156327,0.0397726,9.251,8.264,0.987,24,75,train,test,train,train,train,train,train,train,train,test
4161,2020_Townsend,CC(C)C[C@@H]1C(=O)N[C@@H](Cc2ccccc2)C(=O)N2CCC[C@@H]2C(=O)N(C)[C@H](C)C(=O)N(C)[C@H](CC(C)C)C(=O)N(Cc2ccccc2)CC(=O)N2CCC[C@H]2C(=O)N1C,hepta_584,4161,-5.66,7,7,Circle,0.125532,0.0390618,-29.2863,9.324,8.069,1.255,0.180352,0.0638184,9.174,8.129,1.045,45,25,test,train,val,train,train,train,train,test,val,test
4160,2020_Townsend,CC(C)C[C@@H]1C(=O)N2CCC[C@H]2C(=O)N(C)[C@H](CC(C)C)C(=O)N[C@@H](Cc2ccccc2)C(=O)N2CCC[C@@H]2C(=O)N(C)[C@H](C)C(=O)N(Cc2ccccc2)CC(=O)N1C,hepta_583,4160,-5.75,7,7,Circle,0.150284,0.0523616,-28.3749,9.799,8.416,1.383,0.130407,0.0410557,8.99,7.856,1.134,6,48,train,train,train,train,test,val,train,test,train,train
4158,2020_Townsend,CC(C)C[C@@H]1NC(=O)[C@@H](C)N(C)C(=O)[C@H]2CCCN2C(=O)[C@H](Cc2ccccc2)NC(=O)CN(Cc2ccccc2)C(=O)[C@@H]2CCCN2C(=O)[C@H](CC(C)C)N(C)C1=O,hepta_581,4158,-5.4,7,7,Circle,0.150368,0.0573387,-34.2752,9.421,8.26,1.161,0.123627,0.035629,8.638,7.745,0.893,5,41,test,train,val,train,train,train,train,train,test,train
4157,2020_Townsend,CC(C)C[C@@H]1NC(=O)[C@H](CC(C)C)N(C)C(=O)[C@@H](C)N(C)C(=O)[C@H]2CCCN2C(=O)[C@H](Cc2ccccc2)NC(=O)CN(Cc2ccccc2)C(=O)[C@@H]2CCCN2C1=O,hepta_580,4157,-5.71,7,7,Circle,0.163327,0.0420114,-37.8531,9.404,8.116,1.288,0.16355,0.0637807,9.458,8.33,1.128,28,23,train,train,train,val,train,train,train,train,val,train
4155,2020_Townsend,CC(C)C[C@@H]1NC(=O)[C@@H]2CCCN2C(=O)CN(Cc2ccccc2)C(=O)[C@H](CC(C)C)N(C)C(=O)[C@@H](C)N(C)C(=O)[C@H]2CCCN2C(=O)[C@H](Cc2ccccc2)NC1=O,hepta_578,4155,-6.04,7,7,Circle,0.198236,0.100079,-31.7572,9.203,8.109,1.094,0.206607,0.0976564,8.874,7.945,0.929,12,3,train,train,train,train,val,test,test,train,train,train
4154,2020_Townsend,CC(C)C[C@H]1C(=O)N2CCC[C@H]2C(=O)N(C)[C@@H](CC(C)C)C(=O)N[C@@H](Cc2ccccc2)C(=O)N2CCC[C@@H]2C(=O)N(C)[C@H](C)C(=O)N(C)[C@@H](CC(C)C)C(=O)N1C,hepta_577,4154,-5.27,7,7,Circle,0.134878,0.0490873,-23.2852,9.15,8.185,0.965,0.136182,0.0401034,9.242,8.269,0.973,35,88,train,val,train,train,train,train,train,train,train,train
4153,2020_Townsend,CC(C)C[C@@H]1NC(=O)[C@@H](CC(C)C)N(C)C(=O)[C@@H](C)N(C)C(=O)[C@H]2CCCN2C(=O)[C@H](Cc2ccccc2)NC(=O)CN(Cc2ccccc2)C(=O)[C@@H]2CCCN2C1=O,hepta_576,4153,-10.0,7,7,Circle,0.236665,0.100933,-40.1629,9.596,8.447,1.149,0.175342,0.0764451,9.129,8.109,1.02,3,56,train,train,train,train,val,test,train,train,train,train
4152,2020_Townsend,CC(C)C[C@@H]1NC(=O)[C@@H](C)N(C)C(=O)[C@H]2CCCN2C(=O)[C@H](Cc2ccccc2)NC(=O)CN(Cc2ccccc2)C(=O)[C@@H]2CCCN2C(=O)[C@@H](CC(C)C)N(C)C1=O,hepta_575,4152,-5.37,7,7,Circle,0.162427,0.0451522,-30.2456,9.567,8.305,1.262,0.14725,0.0420683,9.532,8.299,1.233,31,57,train,train,test,train,train,train,val,test,train,train
4151,2020_Townsend,CC(C)C[C@@H]1NC(=O)CN(Cc2ccccc2)C(=O)[C@@H](C)N(C)C(=O)[C@H]2CCCN2C(=O)[C@H](Cc2ccccc2)NC(=O)[C@@H](CC(C)C)N(C)C(=O)[C@@H]2CCCN2C1=O,hepta_574,4151,-5.17,7,7,Circle,0.158621,0.0485073,-32.5199,9.649,8.569,1.08,0.13646,0.0559904,8.998,8.148,0.85,36,23,val,test,train,train,train,train,train,train,train,val
4150,2020_Townsend,CC(C)C[C@H]1C(=O)N2CCC[C@H]2C(=O)N(Cc2ccccc2)CC(=O)N[C@@H](Cc2ccccc2)C(=O)N2CCC[C@@H]2C(=O)N(C)[C@H](C)C(=O)N[C@H](CC(C)C)C(=O)N1C,hepta_573,4150,-5.57,7,7,Circle,0.131097,0.049694,-23.2975,9.171,8.082,1.089,0.145243,0.044349,9.353,8.125,1.228,26,47,train,train,test,train,train,train,train,train,test,train
4149,2020_Townsend,CC(C)C[C@H]1C(=O)N(Cc2ccccc2)CC(=O)N2CCC[C@H]2C(=O)N[C@H](CC(C)C)C(=O)N[C@@H](Cc2ccccc2)C(=O)N2CCC[C@@H]2C(=O)N(C)[C@H](C)C(=O)N1C,hepta_572,4149,-10.0,7,7,Circle,0.214769,0.0867002,-31.0173,9.126,7.94,1.186,0.204985,0.0954771,9.382,8.177,1.205,89,98,train,train,train,val,test,train,val,val,train,train
4147,2020_Townsend,CC(C)C[C@H]1C(=O)N2CCC[C@H]2C(=O)N(C)[C@H](CC(C)C)C(=O)N[C@@H](Cc2ccccc2)C(=O)N2CCC[C@@H]2C(=O)N(C)[C@H](C)C(=O)N(C)[C@@H](CC(C)C)C(=O)N1C,hepta_570,4147,-5.17,7,7,Circle,0.132224,0.0520514,-24.0593,9.066,7.7,1.366,0.141726,0.0353038,8.999,7.824,1.175,11,51,train,train,train,train,train,train,train,train,train,val
4146,2020_Townsend,CC(C)C[C@H]1C(=O)N[C@@H](Cc2ccccc2)C(=O)N2CCC[C@@H]2C(=O)N(C)[C@H](C)C(=O)N(C)[C@@H](CC(C)C)C(=O)N(C)[C@H](CC(C)C)C(=O)N2CCC[C@H]2C(=O)N1C,hepta_569,4146,-5.18,7,7,Circle,0.148429,0.0404063,-20.6073,9.384,8.306,1.078,0.141647,0.0451952,9.464,8.378,1.086,31,21,train,train,train,train,train,test,train,train,train,train
4145,2020_Townsend,CC(C)C[C@H]1NC(=O)[C@@H](CC(C)C)N(C)C(=O)[C@@H](C)N(C)C(=O)[C@H]2CCCN2C(=O)[C@H](Cc2ccccc2)NC(=O)CN(Cc2ccccc2)C(=O)[C@@H]2CCCN2C1=O,hepta_568,4145,-5.16,7,7,Circle,0.117632,0.0403465,-40.3837,8.798,7.629,1.169,0.130966,0.0351408,8.791,7.919,0.872,62,71,train,train,train,train,train,train,test,train,train,train
4144,2020_Townsend,CC(C)C[C@H]1NC(=O)[C@@H](C)N(C)C(=O)[C@H]2CCCN2C(=O)[C@H](Cc2ccccc2)NC(=O)CN(Cc2ccccc2)C(=O)[C@@H]2CCCN2C(=O)[C@@H](CC(C)C)N(C)C1=O,hepta_567,4144,-5.18,7,7,Circle,0.156527,0.0486795,-28.4848,9.279,8.161,1.118,0.143993,0.041796,8.816,7.896,0.92,66,92,train,train,train,train,train,train,train,train,test,train
4143,2020_Townsend,CC(C)C[C@H]1NC(=O)[C@@H](C)N(C)C(=O)[C@H]2CCCN2C(=O)[C@H](Cc2ccccc2)NC(=O)[C@@H](CC(C)C)N(C)C(=O)[C@@H]2CCCN2C(=O)CN(Cc2ccccc2)C1=O,hepta_566,4143,-5.9,7,7,Circle,0.133333,0.0398915,-22.1138,8.657,7.625,1.032,0.137023,0.0402396,8.711,7.692,1.019,78,86,val,train,val,train,train,test,train,train,test,train
4142,2020_Townsend,CC(C)C[C@H]1NC(=O)[C@@H]2CCCN2C(=O)CN(Cc2ccccc2)C(=O)[C@@H](CC(C)C)N(C)C(=O)[C@@H](C)N(C)C(=O)[C@H]2CCCN2C(=O)[C@H](Cc2ccccc2)NC1=O,hepta_565,4142,-6.22,7,7,Circle,0.138886,0.0410379,-26.3865,8.617,7.587,1.03,0.123172,0.0344634,8.823,7.919,0.904,6,26,train,train,train,test,train,train,train,test,train,train
4140,2020_Townsend,CC(C)C[C@H]1C(=O)N(C)[C@H](CC(C)C)C(=O)N2CCC[C@H]2C(=O)N(C)[C@H](CC(C)C)C(=O)N[C@@H](Cc2ccccc2)C(=O)N2CCC[C@@H]2C(=O)N(C)[C@H](C)C(=O)N1C,hepta_563,4140,-5.44,7,7,Circle,0.173273,0.0772978,-24.5231,9.659,8.456,1.203,0.153325,0.0522245,9.364,8.347,1.017,52,66,train,train,train,train,train,train,test,train,train,train
4138,2020_Townsend,CC(C)C[C@@H]1C(=O)N[C@@H](Cc2ccccc2)C(=O)N2CCC[C@@H]2C(=O)N(C)[C@H](C)C(=O)N(C)[C@H](CC(C)C)C(=O)N(C)[C@H](CC(C)C)C(=O)N2CCC[C@H]2C(=O)N1C,hepta_561,4138,-6.21,7,7,Circle,0.116993,0.0371867,-23.9293,9.139,7.964,1.175,0.149162,0.0580642,9.295,8.22,1.075,42,62,train,train,val,train,train,train,train,test,train,train
4137,2020_Townsend,CC(C)C[C@@H]1NC(=O)[C@@H]2CCCN2C(=O)CN(Cc2ccccc2)C(=O)[C@H](CC(C)C)NC(=O)[C@@H](C)N(C)C(=O)[C@H]2CCCN2C(=O)[C@H](Cc2ccccc2)NC1=O,hepta_560,4137,-5.94,7,7,Circle,0.125223,0.0366771,-22.1033,8.543,7.396,1.147,0.139468,0.044248,8.763,7.652,1.111,62,52,test,train,train,train,train,train,train,train,train,test
4136,2020_Townsend,CC(C)C[C@@H]1NC(=O)[C@@H](C)N(C)C(=O)[C@H]2CCCN2C(=O)[C@H](Cc2ccccc2)NC(=O)CN(Cc2ccccc2)C(=O)[C@@H]2CCCN2C(=O)[C@H](CC(C)C)NC1=O,hepta_559,4136,-5.41,7,7,Circle,0.145094,0.0426379,-34.7547,8.996,7.819,1.177,0.155626,0.0474461,8.836,7.746,1.09,85,88,train,train,train,test,train,train,train,train,train,train
4135,2020_Townsend,CC(C)C[C@@H]1NC(=O)[C@@H]2CCCN2C(=O)[C@H](CC(C)C)NC(=O)CN(Cc2ccccc2)C(=O)[C@@H](C)N(C)C(=O)[C@H]2CCCN2C(=O)[C@H](Cc2ccccc2)NC1=O,hepta_558,4135,-5.98,7,7,Circle,0.158417,0.0389515,-28.6447,8.628,7.383,1.245,0.13737,0.0334193,8.919,7.842,1.077,36,44,val,val,test,train,train,train,train,train,train,train
4134,2020_Townsend,CC(C)C[C@@H]1NC(=O)[C@@H](C)N(C)C(=O)[C@H]2CCCN2C(=O)[C@H](Cc2ccccc2)NC(=O)[C@H](CC(C)C)N(C)C(=O)[C@@H]2CCCN2C(=O)[C@H](CC(C)C)N(C)C1=O,hepta_557,4134,-5.21,7,7,Circle,0.144954,0.043953,-27.7563,9.296,7.946,1.35,0.102195,0.0459328,8.887,7.825,1.062,26,25,val,train,train,train,train,val,train,train,train,train
4133,2020_Townsend,CC(C)C[C@@H]1NC(=O)[C@H](CC(C)C)N(C)C(=O)[C@@H](C)N(C)C(=O)[C@H]2CCCN2C(=O)[C@H](Cc2ccccc2)NC(=O)[C@H](CC(C)C)N(C)C(=O)[C@@H]2CCCN2C1=O,hepta_556,4133,-5.34,7,7,Circle,0.143936,0.0403411,-29.7707,9.489,8.36,1.129,0.107428,0.0369134,8.712,7.831,0.881,94,79,train,train,train,val,val,test,train,train,train,train
4132,2020_Townsend,CC(C)C[C@@H]1NC(=O)[C@@H](C)N(C)C(=O)[C@H]2CCCN2C(=O)[C@H](Cc2ccccc2)NC(=O)[C@@H](CC(C)C)NC(=O)[C@@H]2CCCN2C(=O)CN(Cc2ccccc2)C1=O,hepta_555,4132,-5.61,7,7,Circle,0.150977,0.0487186,-42.5434,9.255,8.039,1.216,0.148707,0.04881,8.962,7.901,1.061,19,29,train,train,val,val,train,train,test,train,val,train
4131,2020_Townsend,CC(C)C[C@@H]1NC(=O)[C@@H](C)N(C)C(=O)[C@H]2CCCN2C(=O)[C@H](Cc2ccccc2)NC(=O)CN(Cc2ccccc2)C(=O)[C@@H]2CCCN2C(=O)[C@@H](CC(C)C)NC1=O,hepta_554,4131,-5.67,7,7,Circle,0.145341,0.0337762,-17.2428,8.701,7.752,0.949,0.141619,0.0423311,8.86,7.726,1.134,55,34,val,test,train,val,train,train,train,train,train,train
4130,2020_Townsend,CC(C)C[C@@H]1NC(=O)[C@@H]2CCCN2C(=O)CN(Cc2ccccc2)C(=O)[C@@H](CC(C)C)NC(=O)[C@@H](C)N(C)C(=O)[C@H]2CCCN2C(=O)[C@H](Cc2ccccc2)NC1=O,hepta_553,4130,-6.7,7,7,Circle,0.157254,0.0526126,-26.0624,8.846,7.839,1.007,0.16033,0.0578525,8.722,7.768,0.954,96,67,val,train,train,val,train,train,train,val,train,train
4129,2020_Townsend,CC(C)C[C@@H]1NC(=O)[C@@H](CC(C)C)N(C)C(=O)[C@@H](C)N(C)C(=O)[C@H]2CCCN2C(=O)[C@H](Cc2ccccc2)NC(=O)[C@H](CC(C)C)N(C)C(=O)[C@@H]2CCCN2C1=O,hepta_552,4129,-5.17,7,7,Circle,0.147366,0.0602302,-30.8753,9.709,8.463,1.246,0.173193,0.0641938,8.948,7.996,0.952,91,14,train,train,train,train,train,train,train,train,train,train
4126,2020_Townsend,CC(C)C[C@@H]1NC(=O)[C@@H]2CCCN2C(=O)[C@@H](CC(C)C)N(C)C(=O)[C@H](CC(C)C)N(C)C(=O)[C@@H](C)N(C)C(=O)[C@H]2CCCN2C(=O)[C@H](Cc2ccccc2)NC1=O,hepta_549,4126,-6.08,7,7,Circle,0.124782,0.0413472,-24.398,9.178,8.076,1.102,0.116319,0.0386962,9.071,8.053,1.018,54,24,train,train,train,train,val,train,val,train,train,train
4125,2020_Townsend,CC(C)C[C@H]1C(=O)N2CCC[C@H]2C(=O)N[C@H](CC(C)C)C(=O)N[C@@H](Cc2ccccc2)C(=O)N2CCC[C@@H]2C(=O)N(C)[C@H](C)C(=O)N(C)[C@@H](CC(C)C)C(=O)N1C,hepta_548,4125,-7.31,7,7,Circle,0.247498,0.120491,-34.0037,9.34,8.283,1.057,0.208959,0.0997933,9.324,8.16,1.164,25,40,train,train,train,train,train,train,val,train,val,train
4124,2020_Townsend,CC(C)C[C@H]1NC(=O)[C@@H](C)N(C)C(=O)[C@H]2CCCN2C(=O)[C@H](Cc2ccccc2)NC(=O)CN(Cc2ccccc2)C(=O)[C@@H]2CCCN2C(=O)[C@@H](CC(C)C)NC1=O,hepta_547,4124,-5.98,7,7,Circle,0.15681,0.0493182,-22.3405,9.116,8.103,1.013,0.116016,0.0391115,8.961,8.012,0.949,72,74,train,train,train,train,test,train,train,train,train,train
4123,2020_Townsend,CC(C)C[C@H]1NC(=O)[C@@H]2CCCN2C(=O)CN(Cc2ccccc2)C(=O)[C@@H](CC(C)C)NC(=O)[C@@H](C)N(C)C(=O)[C@H]2CCCN2C(=O)[C@H](Cc2ccccc2)NC1=O,hepta_546,4123,-6.46,7,7,Circle,0.1445,0.0485421,-28.0453,9.069,7.704,1.365,0.144077,0.054536,8.528,7.275,1.253,52,55,val,train,train,train,train,train,train,train,train,train
4122,2020_Townsend,CC(C)C[C@@H]1NC(=O)[C@@H](CC(C)C)N(C)C(=O)[C@@H](C)N(C)C(=O)[C@H]2CCCN2C(=O)[C@H](Cc2ccccc2)NC(=O)[C@@H](CC(C)C)N(C)C(=O)[C@@H]2CCCN2C1=O,hepta_545,4122,-5.23,7,7,Circle,0.124414,0.0499033,-31.7992,9.362,8.249,1.113,0.100447,0.0328006,8.824,8.063,0.761,20,42,train,val,train,test,train,val,test,train,train,train
4120,2020_Townsend,CC(C)C[C@H]1C(=O)N[C@@H](Cc2ccccc2)C(=O)N2CCC[C@@H]2C(=O)N(C)[C@H](C)C(=O)N(C)[C@H](CC(C)C)C(=O)N[C@H](CC(C)C)C(=O)N2CCC[C@H]2C(=O)N1C,hepta_543,4120,-4.9,7,7,Circle,0.146117,0.0514473,-21.5066,9.365,8.407,0.958,0.109562,0.0377026,8.699,7.896,0.803,25,87,val,train,train,train,test,train,val,train,train,train
4119,2020_Townsend,CC(C)C[C@H]1C(=O)N2CCC[C@H]2C(=O)N(C)[C@H](CC(C)C)C(=O)N[C@@H](Cc2ccccc2)C(=O)N2CCC[C@@H]2C(=O)N(C)[C@H](C)C(=O)N[C@H](CC(C)C)C(=O)N1C,hepta_542,4119,-5.2,7,7,Circle,0.11921,0.0501667,-34.5082,9.427,8.008,1.419,0.230594,0.100952,8.945,8.013,0.932,74,20,train,train,train,test,train,test,train,train,test,train
4118,2020_Townsend,CC(C)C[C@H]1C(=O)N[C@H](CC(C)C)C(=O)N2CCC[C@H]2C(=O)N(C)[C@H](CC(C)C)C(=O)N[C@@H](Cc2ccccc2)C(=O)N2CCC[C@@H]2C(=O)N(C)[C@H](C)C(=O)N1C,hepta_541,4118,-5.23,7,7,Circle,0.151808,0.05772,-28.4272,9.516,8.3,1.216,0.169696,0.0644128,8.808,7.935,0.873,40,67,train,train,train,train,train,train,train,train,train,train
4117,2020_Townsend,CC(C)C[C@H]1C(=O)N[C@@H](Cc2ccccc2)C(=O)N2CCC[C@@H]2C(=O)N(C)[C@H](C)C(=O)N[C@H](CC(C)C)C(=O)N(C)[C@H](CC(C)C)C(=O)N2CCC[C@H]2C(=O)N1C,hepta_540,4117,-4.93,7,7,Circle,0.127401,0.0481031,-32.7084,9.325,8.108,1.217,0.12599,0.0421854,9.004,7.856,1.148,58,41,train,train,train,val,train,train,val,train,train,val
4116,2020_Townsend,CC(C)C[C@H]1C(=O)N(C)[C@H](CC(C)C)C(=O)N2CCC[C@H]2C(=O)N[C@H](CC(C)C)C(=O)N[C@@H](Cc2ccccc2)C(=O)N2CCC[C@@H]2C(=O)N(C)[C@H](C)C(=O)N1C,hepta_539,4116,-5.79,7,7,Circle,0.109311,0.0424823,-26.0065,8.919,8.055,0.864,0.144214,0.0517331,9.171,8.001,1.17,12,65,train,test,train,train,val,train,train,train,train,train
4114,2020_Townsend,CC(C)C[C@H]1NC(=O)[C@@H](CC(C)C)N(C)C(=O)[C@@H](C)N(C)C(=O)[C@H]2CCCN2C(=O)[C@H](Cc2ccccc2)NC(=O)[C@@H](CC(C)C)N(C)C(=O)[C@@H]2CCCN2C1=O,hepta_537,4114,-4.96,7,7,Circle,0.162513,0.0569299,-26.6102,9.626,8.513,1.113,0.133699,0.0478138,8.939,8.034,0.905,2,66,test,train,train,train,train,train,train,test,train,train
4113,2020_Townsend,CC(C)C[C@H]1NC(=O)[C@@H](C)N(C)C(=O)[C@H]2CCCN2C(=O)[C@H](Cc2ccccc2)NC(=O)[C@@H](CC(C)C)N(C)C(=O)[C@@H]2CCCN2C(=O)[C@@H](CC(C)C)N(C)C1=O,hepta_536,4113,-5.05,7,7,Circle,0.183025,0.0692198,-30.6972,9.68,8.41,1.27,0.251038,0.115351,9.145,8.011,1.134,27,13,test,test,train,train,val,train,train,train,train,train
4112,2020_Townsend,CC(C)C[C@@H]1NC(=O)[C@@H](C)N(C)C(=O)[C@H]2CCCN2C(=O)[C@H](Cc2ccccc2)NC(=O)[C@H](CC(C)C)N(C)C(=O)[C@@H]2CCCN2C(=O)[C@H](CC(C)C)NC1=O,hepta_535,4112,-5.45,7,7,Circle,0.152075,0.0468887,-32.6833,9.41,7.922,1.488,0.20019,0.0786068,8.985,7.76,1.225,67,41,train,val,train,train,test,train,train,test,train,train
4111,2020_Townsend,CC(C)C[C@@H]1NC(=O)[C@@H]2CCCN2C(=O)[C@H](CC(C)C)N(C)C(=O)[C@H](CC(C)C)NC(=O)[C@@H](C)N(C)C(=O)[C@H]2CCCN2C(=O)[C@H](Cc2ccccc2)NC1=O,hepta_534,4111,-5.38,7,7,Circle,0.143088,0.0451116,-28.397,9.083,7.896,1.187,0.120374,0.0326557,8.636,7.662,0.974,42,36,train,train,train,train,train,train,train,val,test,val
4110,2020_Townsend,CC(C)C[C@@H]1NC(=O)[C@@H]2CCCN2C(=O)[C@H](CC(C)C)NC(=O)[C@H](CC(C)C)N(C)C(=O)[C@@H](C)N(C)C(=O)[C@H]2CCCN2C(=O)[C@H](Cc2ccccc2)NC1=O,hepta_533,4110,-6.73,7,7,Circle,0.135167,0.0382761,-16.218,8.716,7.628,1.088,0.138518,0.0361292,8.75,7.667,1.083,86,72,train,train,train,train,train,train,val,train,train,val
4109,2020_Townsend,CC(C)C[C@@H]1NC(=O)[C@@H](C)N(C)C(=O)[C@H]2CCCN2C(=O)[C@H](Cc2ccccc2)NC(=O)[C@@H](CC(C)C)N(C)C(=O)[C@@H]2CCCN2C(=O)[C@H](CC(C)C)NC1=O,hepta_532,4109,-5.29,7,7,Circle,0.143867,0.0499125,-39.5701,9.733,8.358,1.375,0.134208,0.0466122,8.804,7.73,1.074,52,68,train,train,train,train,train,train,train,val,train,train
4108,2020_Townsend,CC(C)C[C@@H]1NC(=O)[C@@H]2CCCN2C(=O)[C@H](CC(C)C)NC(=O)[C@@H](CC(C)C)N(C)C(=O)[C@@H](C)N(C)C(=O)[C@H]2CCCN2C(=O)[C@H](Cc2ccccc2)NC1=O,hepta_531,4108,-5.56,7,7,Circle,0.162072,0.0742469,-25.2249,8.885,7.856,1.029,0.114622,0.0337458,8.71,7.727,0.983,98,58,train,train,val,test,train,train,train,train,train,val
4107,2020_Townsend,CC(C)C[C@@H]1NC(=O)[C@@H](C)N(C)C(=O)[C@H]2CCCN2C(=O)[C@H](Cc2ccccc2)NC(=O)[C@H](CC(C)C)N(C)C(=O)[C@@H]2CCCN2C(=O)[C@@H](CC(C)C)NC1=O,hepta_530,4107,-5.38,7,7,Circle,0.125964,0.0412489,-15.2558,8.827,7.887,0.94,0.11979,0.0349884,8.549,7.678,0.871,68,85,train,train,test,train,train,train,test,test,train,test
4106,2020_Townsend,CC(C)C[C@@H]1NC(=O)[C@@H](CC(C)C)NC(=O)[C@@H](C)N(C)C(=O)[C@H]2CCCN2C(=O)[C@H](Cc2ccccc2)NC(=O)[C@H](CC(C)C)N(C)C(=O)[C@@H]2CCCN2C1=O,hepta_529,4106,-5.32,7,7,Circle,0.144192,0.0403271,-39.0532,9.42,7.974,1.446,0.23085,0.127664,8.94,7.853,1.087,51,39,train,val,train,train,test,val,train,train,train,train
4105,2020_Townsend,CC(C)C[C@@H]1NC(=O)[C@@H]2CCCN2C(=O)[C@@H](CC(C)C)NC(=O)[C@H](CC(C)C)N(C)C(=O)[C@@H](C)N(C)C(=O)[C@H]2CCCN2C(=O)[C@H](Cc2ccccc2)NC1=O,hepta_528,4105,-6.36,7,7,Circle,0.229747,0.118554,-31.2083,9.412,8.106,1.306,0.114093,0.0327925,8.721,7.556,1.165,89,32,train,train,train,train,train,train,train,train,train,train
4104,2020_Townsend,CC(C)C[C@@H]1NC(=O)[C@H](CC(C)C)N(C)C(=O)[C@@H](C)N(C)C(=O)[C@H]2CCCN2C(=O)[C@H](Cc2ccccc2)NC(=O)[C@@H](CC(C)C)NC(=O)[C@@H]2CCCN2C1=O,hepta_527,4104,-6.33,7,7,Circle,0.206646,0.09632,-31.6449,9.311,8.144,1.167,0.102156,0.0328417,8.582,7.681,0.901,54,73,test,test,train,train,train,train,test,train,val,train
4103,2020_Townsend,CC(C)C[C@@H]1NC(=O)[C@@H](C)N(C)C(=O)[C@H]2CCCN2C(=O)[C@H](Cc2ccccc2)NC(=O)[C@@H](CC(C)C)NC(=O)[C@@H]2CCCN2C(=O)[C@H](CC(C)C)N(C)C1=O,hepta_526,4103,-6.06,7,7,Circle,0.138994,0.0557468,-31.8608,9.285,7.87,1.415,0.182676,0.0830843,9.205,7.84,1.365,86,36,train,train,train,train,train,train,train,train,train,train
4102,2020_Townsend,CC(C)C[C@@H]1NC(=O)[C@@H]2CCCN2C(=O)[C@H](CC(C)C)N(C)C(=O)[C@@H](CC(C)C)NC(=O)[C@@H](C)N(C)C(=O)[C@H]2CCCN2C(=O)[C@H](Cc2ccccc2)NC1=O,hepta_525,4102,-6.25,7,7,Circle,0.131741,0.0463589,-26.3969,8.936,7.8,1.136,0.189859,0.0861081,8.639,7.707,0.932,92,30,train,train,train,val,val,train,test,train,train,train
4100,2020_Townsend,CC(C)C[C@@H]1NC(=O)[C@@H](C)N(C)C(=O)[C@H]2CCCN2C(=O)[C@H](Cc2ccccc2)NC(=O)[C@@H](CC(C)C)N(C)C(=O)[C@@H]2CCCN2C(=O)[C@@H](CC(C)C)NC1=O,hepta_523,4100,-5.64,7,7,Circle,0.175374,0.0673217,-18.9732,8.93,7.863,1.067,0.104316,0.0398018,8.816,7.797,1.019,94,42,val,train,test,train,train,train,train,val,train,train
4099,2020_Townsend,CC(C)C[C@@H]1NC(=O)[C@@H](CC(C)C)NC(=O)[C@@H](C)N(C)C(=O)[C@H]2CCCN2C(=O)[C@H](Cc2ccccc2)NC(=O)[C@@H](CC(C)C)N(C)C(=O)[C@@H]2CCCN2C1=O,hepta_522,4099,-5.58,7,7,Circle,0.18163,0.086866,-35.088,9.449,8.162,1.287,0.132484,0.0473533,9.096,7.923,1.173,80,94,train,train,train,train,train,train,train,train,train,train
4098,2020_Townsend,CC(C)C[C@H]1C(=O)N[C@@H](Cc2ccccc2)C(=O)N2CCC[C@@H]2C(=O)N(C)[C@H](C)C(=O)N[C@H](CC(C)C)C(=O)N[C@H](CC(C)C)C(=O)N2CCC[C@H]2C(=O)N1C,hepta_521,4098,-5.75,7,7,Circle,0.115857,0.0357911,-16.9927,8.862,7.971,0.891,0.118728,0.0385526,8.714,7.859,0.855,92,56,train,val,train,test,train,train,train,train,train,train
4097,2020_Townsend,CC(C)C[C@@H]1NC(=O)[C@@H]2CCCN2C(=O)[C@@H](CC(C)C)N(C)C(=O)[C@@H](CC(C)C)NC(=O)[C@@H](C)N(C)C(=O)[C@H]2CCCN2C(=O)[C@H](Cc2ccccc2)NC1=O,hepta_520,4097,-6.25,7,7,Circle,0.110963,0.0412663,-33.6905,8.844,7.474,1.37,0.106454,0.0386277,8.823,7.737,1.086,59,5,train,train,train,train,train,train,train,train,test,train
4096,2020_Townsend,CC(C)C[C@H]1NC(=O)[C@@H](C)N(C)C(=O)[C@H]2CCCN2C(=O)[C@H](Cc2ccccc2)NC(=O)[C@@H](CC(C)C)N(C)C(=O)[C@@H]2CCCN2C(=O)[C@@H](CC(C)C)NC1=O,hepta_519,4096,-5.78,7,7,Circle,0.155647,0.0637274,-34.5883,9.231,7.922,1.309,0.123876,0.0557752,8.82,7.78,1.04,81,58,train,train,train,train,train,train,train,test,train,train
4095,2020_Townsend,CC(C)C[C@@H]1NC(=O)[C@@H]2CCCN2C(=O)[C@H](CC(C)C)NC(=O)[C@H](CC(C)C)NC(=O)[C@@H](C)N(C)C(=O)[C@H]2CCCN2C(=O)[C@H](Cc2ccccc2)NC1=O,hepta_518,4095,-5.8,7,7,Circle,0.131232,0.0367373,-21.4305,8.728,7.558,1.17,0.147316,0.0450296,8.879,7.66,1.219,8,12,train,train,train,val,train,train,val,train,train,train
4094,2020_Townsend,CC(C)C[C@@H]1NC(=O)[C@@H](C)N(C)C(=O)[C@H]2CCCN2C(=O)[C@H](Cc2ccccc2)NC(=O)[C@@H](CC(C)C)NC(=O)[C@@H]2CCCN2C(=O)[C@H](CC(C)C)NC1=O,hepta_517,4094,-5.83,7,7,Circle,0.13249,0.0448069,-22.8318,8.622,7.549,1.073,0.207336,0.0735831,8.735,7.652,1.083,15,45,test,test,val,train,train,train,train,train,train,train
4093,2020_Townsend,CC(C)C[C@@H]1NC(=O)[C@@H]2CCCN2C(=O)[C@@H](CC(C)C)NC(=O)[C@H](CC(C)C)NC(=O)[C@@H](C)N(C)C(=O)[C@H]2CCCN2C(=O)[C@H](Cc2ccccc2)NC1=O,hepta_516,4093,-6.15,7,7,Circle,0.135992,0.0360812,-14.8671,8.521,7.549,0.972,0.132641,0.03114,8.452,7.479,0.973,38,38,train,train,train,train,train,train,train,train,train,train
4092,2020_Townsend,CC(C)C[C@@H]1NC(=O)[C@@H](C)N(C)C(=O)[C@H]2CCCN2C(=O)[C@H](Cc2ccccc2)NC(=O)[C@@H](CC(C)C)NC(=O)[C@@H]2CCCN2C(=O)[C@@H](CC(C)C)NC1=O,hepta_515,4092,-6.35,7,7,Circle,0.222973,0.099125,-23.3994,8.91,7.754,1.156,0.141241,0.0509672,8.685,7.656,1.029,73,34,train,train,test,train,train,train,train,train,train,train
4087,2020_Townsend,CC(C)C[C@H]1C(=O)N[C@@H](Cc2ccccc2)C(=O)N2CCC[C@@H]2C(=O)N(C)[C@@H](C)C(=O)N(Cc2ccccc2)CC(=O)N(Cc2ccccc2)CC(=O)N2CCC[C@H]2C(=O)N1C,hepta_510,4087,-5.19,7,7,Circle,0.149365,0.0397503,-32.7364,9.627,8.449,1.178,0.163853,0.0477,9.372,8.113,1.259,73,19,train,train,test,train,test,test,train,val,train,train
4083,2020_Townsend,CC(C)C[C@@H]1C(=O)N(Cc2ccccc2)CC(=O)N2CCC[C@H]2C(=O)N(Cc2ccccc2)CC(=O)N[C@@H](Cc2ccccc2)C(=O)N2CCC[C@@H]2C(=O)N(C)[C@@H](C)C(=O)N1C,hepta_506,4083,-5.46,7,7,Circle,0.174863,0.0584299,-40.1178,9.052,7.819,1.233,0.16867,0.0445629,9.265,8.335,0.93,26,31,train,train,train,train,train,train,val,train,train,train
4082,2020_Townsend,CC(C)C[C@@H]1C(=O)N2CCC[C@H]2C(=O)N(Cc2ccccc2)CC(=O)N[C@@H](Cc2ccccc2)C(=O)N2CCC[C@@H]2C(=O)N(C)[C@@H](C)C(=O)N(Cc2ccccc2)CC(=O)N1C,hepta_505,4082,-5.77,7,7,Circle,0.150661,0.043668,-33.6209,9.33,8.036,1.294,0.131157,0.0505637,9.025,7.713,1.312,67,86,train,train,train,train,val,train,train,test,train,train
4079,2020_Townsend,CC(C)C[C@@H]1NC(=O)CN(Cc2ccccc2)C(=O)[C@H](C)N(C)C(=O)[C@H]2CCCN2C(=O)[C@H](Cc2ccccc2)NC(=O)CN(Cc2ccccc2)C(=O)[C@@H]2CCCN2C1=O,hepta_502,4079,-5.82,7,7,Circle,0.161536,0.0509135,-40.8429,8.76,7.446,1.314,0.157427,0.053875,8.713,7.645,1.068,31,39,train,train,train,train,train,train,val,train,train,train
4078,2020_Townsend,CC(C)C[C@@H]1NC(=O)[C@@H]2CCCN2C(=O)CN(Cc2ccccc2)C(=O)CN(Cc2ccccc2)C(=O)[C@H](C)N(C)C(=O)[C@H]2CCCN2C(=O)[C@H](Cc2ccccc2)NC1=O,hepta_501,4078,-10.0,7,7,Circle,0.129443,0.0436834,-40.6686,8.99,7.636,1.354,0.165071,0.0457042,8.581,7.431,1.15,84,66,train,test,train,train,test,train,test,train,test,train
4077,2020_Townsend,CC(C)C[C@H]1C(=O)N2CCC[C@H]2C(=O)N(C)[C@@H](CC(C)C)C(=O)N[C@@H](Cc2ccccc2)C(=O)N2CCC[C@@H]2C(=O)N(C)[C@@H](C)C(=O)N(Cc2ccccc2)CC(=O)N1C,hepta_500,4077,-5.04,7,7,Circle,0.120858,0.0432986,-23.0205,9.105,8.048,1.057,0.130937,0.0426288,9.195,8.186,1.009,32,40,test,train,train,train,train,test,train,train,train,val
4075,2020_Townsend,CC(C)C[C@H]1C(=O)N(Cc2ccccc2)CC(=O)N2CCC[C@H]2C(=O)N(C)[C@@H](CC(C)C)C(=O)N[C@@H](Cc2ccccc2)C(=O)N2CCC[C@@H]2C(=O)N(C)[C@@H](C)C(=O)N1C,hepta_498,4075,-5.18,7,7,Circle,0.140237,0.0562016,-31.0861,9.388,8.197,1.191,0.152228,0.0559587,9.358,8.187,1.171,84,87,train,train,train,test,train,train,test,val,train,train
4074,2020_Townsend,CC(C)C[C@H]1C(=O)N(C)[C@@H](CC(C)C)C(=O)N2CCC[C@H]2C(=O)N(Cc2ccccc2)CC(=O)N[C@@H](Cc2ccccc2)C(=O)N2CCC[C@@H]2C(=O)N(C)[C@@H](C)C(=O)N1C,hepta_497,4074,-5.03,7,7,Circle,0.160609,0.0525624,-25.9097,9.501,8.355,1.146,0.129585,0.0521338,9.313,8.194,1.119,29,56,val,train,test,train,test,train,train,train,train,train
4072,2020_Townsend,CC(C)C[C@H]1NC(=O)[C@H](C)N(C)C(=O)[C@H]2CCCN2C(=O)[C@H](Cc2ccccc2)NC(=O)CN(Cc2ccccc2)C(=O)[C@@H]2CCCN2C(=O)CN(Cc2ccccc2)C1=O,hepta_495,4072,-5.87,7,7,Circle,0.209684,0.0945821,-36.6085,9.163,7.898,1.265,0.163247,0.0698901,9.072,8.104,0.968,45,42,train,test,train,train,test,train,train,train,train,val
4071,2020_Townsend,CC(C)C[C@H]1NC(=O)CN(Cc2ccccc2)C(=O)[C@H](C)N(C)C(=O)[C@H]2CCCN2C(=O)[C@H](Cc2ccccc2)NC(=O)CN(Cc2ccccc2)C(=O)[C@@H]2CCCN2C1=O,hepta_494,4071,-6.01,7,7,Circle,0.17993,0.0628258,-31.7406,9.329,8.14,1.189,0.154666,0.0426465,8.919,7.804,1.115,21,33,train,train,train,test,val,val,test,train,train,train
4070,2020_Townsend,CC(C)C[C@H]1C(=O)N2CCC[C@H]2C(=O)N(Cc2ccccc2)CC(=O)N[C@@H](Cc2ccccc2)C(=O)N2CCC[C@@H]2C(=O)N(C)[C@@H](C)C(=O)N(C)[C@H](CC(C)C)C(=O)N1C,hepta_493,4070,-5.27,7,7,Circle,0.165479,0.0461699,-24.1318,9.365,8.259,1.106,0.138318,0.0371574,9.542,8.379,1.163,19,91,train,train,train,train,train,train,train,test,train,train
4068,2020_Townsend,CC(C)C[C@H]1C(=O)N2CCC[C@H]2C(=O)N(C)[C@H](CC(C)C)C(=O)N[C@@H](Cc2ccccc2)C(=O)N2CCC[C@@H]2C(=O)N(C)[C@@H](C)C(=O)N(Cc2ccccc2)CC(=O)N1C,hepta_491,4068,-5.28,7,7,Circle,0.120878,0.0487643,-24.4437,8.968,8.06,0.908,0.17538,0.10071,8.81,7.939,0.871,60,4,train,train,train,test,val,train,train,train,train,train
4067,2020_Townsend,CC(C)C[C@H]1C(=O)N[C@@H](Cc2ccccc2)C(=O)N2CCC[C@@H]2C(=O)N(C)[C@@H](C)C(=O)N(C)[C@H](CC(C)C)C(=O)N(Cc2ccccc2)CC(=O)N2CCC[C@H]2C(=O)N1C,hepta_490,4067,-5.2,7,7,Circle,0.148632,0.0497085,-32.5506,9.289,8.201,1.088,0.137085,0.038239,9.328,8.104,1.224,53,65,test,train,train,train,train,train,train,val,train,train
4066,2020_Townsend,CC(C)C[C@H]1C(=O)N(Cc2ccccc2)CC(=O)N2CCC[C@H]2C(=O)N(C)[C@H](CC(C)C)C(=O)N[C@@H](Cc2ccccc2)C(=O)N2CCC[C@@H]2C(=O)N(C)[C@@H](C)C(=O)N1C,hepta_489,4066,-5.85,7,7,Circle,0.166174,0.053234,-28.2937,9.74,8.502,1.238,0.159255,0.0452647,9.642,8.451,1.191,18,11,train,train,val,test,test,test,train,train,train,val
4062,2020_Townsend,CC(C)C[C@@H]1C(=O)N(Cc2ccccc2)CC(=O)N2CCC[C@H]2C(=O)N(C)[C@H](CC(C)C)C(=O)N[C@@H](Cc2ccccc2)C(=O)N2CCC[C@@H]2C(=O)N(C)[C@@H](C)C(=O)N1C,hepta_485,4062,-5.15,7,7,Circle,0.209921,0.0836571,-33.5135,9.723,8.519,1.204,0.127839,0.0347762,8.996,8.166,0.83,100,28,val,train,train,train,train,train,val,train,train,train
4061,2020_Townsend,CC(C)C[C@@H]1C(=O)N(C)[C@H](CC(C)C)C(=O)N2CCC[C@H]2C(=O)N(Cc2ccccc2)CC(=O)N[C@@H](Cc2ccccc2)C(=O)N2CCC[C@@H]2C(=O)N(C)[C@@H](C)C(=O)N1C,hepta_484,4061,-5.81,7,7,Circle,0.158969,0.043665,-24.9421,9.402,8.206,1.196,0.136398,0.0438864,9.007,7.755,1.252,70,58,test,train,val,train,train,train,test,train,val,train
4058,2020_Townsend,CC(C)C[C@@H]1NC(=O)[C@H](C)N(C)C(=O)[C@H]2CCCN2C(=O)[C@H](Cc2ccccc2)NC(=O)[C@H](CC(C)C)N(C)C(=O)[C@@H]2CCCN2C(=O)CN(Cc2ccccc2)C1=O,hepta_481,4058,-4.97,7,7,Circle,0.145835,0.0527189,-44.5858,9.667,8.329,1.338,0.125295,0.0442942,8.789,7.876,0.913,94,3,train,test,train,train,train,train,train,train,train,train
4057,2020_Townsend,CC(C)C[C@@H]1NC(=O)[C@H](C)N(C)C(=O)[C@H]2CCCN2C(=O)[C@H](Cc2ccccc2)NC(=O)CN(Cc2ccccc2)C(=O)[C@@H]2CCCN2C(=O)[C@H](CC(C)C)N(C)C1=O,hepta_480,4057,-5.08,7,7,Circle,0.155872,0.0438981,-32.8883,9.045,7.771,1.274,0.116072,0.0460305,8.702,7.694,1.008,93,90,test,train,train,train,train,val,train,train,train,train
4056,2020_Townsend,CC(C)C[C@@H]1NC(=O)[C@H](CC(C)C)N(C)C(=O)[C@H](C)N(C)C(=O)[C@H]2CCCN2C(=O)[C@H](Cc2ccccc2)NC(=O)CN(Cc2ccccc2)C(=O)[C@@H]2CCCN2C1=O,hepta_479,4056,-5.19,7,7,Circle,0.158599,0.0453187,-30.653,9.523,8.207,1.316,0.152969,0.044109,9.545,8.208,1.337,22,26,train,train,train,train,train,train,train,train,train,train
4055,2020_Townsend,CC(C)C[C@@H]1NC(=O)CN(Cc2ccccc2)C(=O)[C@H](C)N(C)C(=O)[C@H]2CCCN2C(=O)[C@H](Cc2ccccc2)NC(=O)[C@H](CC(C)C)N(C)C(=O)[C@@H]2CCCN2C1=O,hepta_478,4055,-5.58,7,7,Circle,0.116283,0.0431269,-30.536,8.97,7.655,1.315,0.178162,0.0692275,8.838,7.793,1.045,38,100,train,train,train,train,train,train,train,train,test,test
4053,2020_Townsend,CC(C)C[C@H]1C(=O)N(C)[C@@H](CC(C)C)C(=O)N2CCC[C@H]2C(=O)N(C)[C@@H](CC(C)C)C(=O)N[C@@H](Cc2ccccc2)C(=O)N2CCC[C@@H]2C(=O)N(C)[C@@H](C)C(=O)N1C,hepta_476,4053,-4.9,7,7,Circle,0.121801,0.0323929,-26.0056,9.244,8.371,0.873,0.118962,0.0444062,9.007,8.153,0.854,41,85,train,train,train,train,train,train,train,train,train,train
4052,2020_Townsend,CC(C)C[C@@H]1NC(=O)[C@H](C)N(C)C(=O)[C@H]2CCCN2C(=O)[C@H](Cc2ccccc2)NC(=O)CN(Cc2ccccc2)C(=O)[C@@H]2CCCN2C(=O)[C@@H](CC(C)C)N(C)C1=O,hepta_475,4052,-5.48,7,7,Circle,0.171213,0.0535976,-29.6272,9.48,8.226,1.254,0.165383,0.0496966,9.423,8.138,1.285,2,9,train,train,train,train,val,train,train,train,train,train
4051,2020_Townsend,CC(C)C[C@H]1C(=O)N[C@@H](Cc2ccccc2)C(=O)N2CCC[C@@H]2C(=O)N(C)[C@@H](C)C(=O)N(Cc2ccccc2)CC(=O)N[C@H](CC(C)C)C(=O)N2CCC[C@H]2C(=O)N1C,hepta_474,4051,-5.29,7,7,Circle,0.120762,0.048658,-26.2285,9.095,7.841,1.254,0.138659,0.0515734,8.616,7.623,0.993,88,31,train,train,train,test,train,test,train,train,test,train
4050,2020_Townsend,CC(C)C[C@@H]1NC(=O)CN(Cc2ccccc2)C(=O)[C@H](C)N(C)C(=O)[C@H]2CCCN2C(=O)[C@H](Cc2ccccc2)NC(=O)[C@@H](CC(C)C)N(C)C(=O)[C@@H]2CCCN2C1=O,hepta_473,4050,-5.52,7,7,Circle,0.144676,0.0494768,-38.6826,9.004,7.782,1.222,0.147711,0.0551346,9.144,7.98,1.164,17,60,train,train,train,train,train,train,train,train,train,val
4049,2020_Townsend,CC(C)C[C@@H]1NC(=O)[C@@H]2CCCN2C(=O)CN(Cc2ccccc2)C(=O)[C@@H](CC(C)C)N(C)C(=O)[C@H](C)N(C)C(=O)[C@H]2CCCN2C(=O)[C@H](Cc2ccccc2)NC1=O,hepta_472,4049,-5.62,7,7,Circle,0.172493,0.0660285,-35.4661,9.174,8.01,1.164,0.149686,0.0462556,9.057,8.159,0.898,74,86,train,train,test,train,train,train,train,val,train,train
4048,2020_Townsend,CC(C)C[C@H]1C(=O)N2CCC[C@H]2C(=O)N(Cc2ccccc2)CC(=O)N[C@@H](Cc2ccccc2)C(=O)N2CCC[C@@H]2C(=O)N(C)[C@@H](C)C(=O)N[C@H](CC(C)C)C(=O)N1C,hepta_471,4048,-5.56,7,7,Circle,0.184695,0.0658709,-37.9503,9.608,8.336,1.272,0.134582,0.0474393,9.124,8.088,1.036,5,40,test,train,train,train,train,val,train,train,train,test
4047,2020_Townsend,CC(C)C[C@H]1C(=O)N2CCC[C@H]2C(=O)N[C@H](CC(C)C)C(=O)N[C@@H](Cc2ccccc2)C(=O)N2CCC[C@@H]2C(=O)N(C)[C@@H](C)C(=O)N(Cc2ccccc2)CC(=O)N1C,hepta_470,4047,-6.06,7,7,Circle,0.213931,0.0779421,-31.5971,9.478,8.296,1.182,0.147377,0.0520684,9.018,7.959,1.059,44,82,train,train,train,train,train,train,train,train,train,train
4045,2020_Townsend,CC(C)C[C@@H]1NC(=O)[C@@H]2CCCN2C(=O)[C@@H](CC(C)C)N(C)C(=O)CN(Cc2ccccc2)C(=O)[C@H](C)N(C)C(=O)[C@H]2CCCN2C(=O)[C@H](Cc2ccccc2)NC1=O,hepta_468,4045,-5.97,7,7,Circle,0.150563,0.0468729,-28.7198,9.043,7.79,1.253,0.156783,0.0566818,9.08,7.869,1.211,57,52,train,train,test,train,train,train,train,train,train,train
4044,2020_Townsend,CC(C)C[C@H]1C(=O)N[C@H](CC(C)C)C(=O)N2CCC[C@H]2C(=O)N(Cc2ccccc2)CC(=O)N[C@@H](Cc2ccccc2)C(=O)N2CCC[C@@H]2C(=O)N(C)[C@@H](C)C(=O)N1C,hepta_467,4044,-10.0,7,7,Circle,0.148936,0.0439808,-35.3046,9.215,7.95,1.265,0.128241,0.0366698,8.834,7.801,1.033,55,33,train,train,test,train,train,train,train,train,train,val
4042,2020_Townsend,CC(C)C[C@H]1C(=O)N(C)[C@H](CC(C)C)C(=O)N2CCC[C@H]2C(=O)N(C)[C@@H](CC(C)C)C(=O)N[C@@H](Cc2ccccc2)C(=O)N2CCC[C@@H]2C(=O)N(C)[C@@H](C)C(=O)N1C,hepta_465,4042,-4.89,7,7,Circle,0.146617,0.0527274,-24.1706,9.271,8.038,1.233,0.107492,0.0365871,9.33,8.103,1.227,77,96,train,train,train,train,train,train,train,train,train,train
4041,2020_Townsend,CC(C)C[C@H]1C(=O)N[C@@H](Cc2ccccc2)C(=O)N2CCC[C@@H]2C(=O)N(C)[C@@H](C)C(=O)N(C)[C@H](CC(C)C)C(=O)N(C)[C@@H](CC(C)C)C(=O)N2CCC[C@H]2C(=O)N1C,hepta_464,4041,-5.04,7,7,Circle,0.113736,0.0345731,-27.6284,9.116,7.95,1.166,0.123692,0.0413934,9.138,8.159,0.979,50,83,train,train,train,train,val,train,train,train,train,train
4040,2020_Townsend,CC(C)C[C@H]1C(=O)N(C)[C@@H](CC(C)C)C(=O)N2CCC[C@H]2C(=O)N(C)[C@H](CC(C)C)C(=O)N[C@@H](Cc2ccccc2)C(=O)N2CCC[C@@H]2C(=O)N(C)[C@@H](C)C(=O)N1C,hepta_463,4040,-5.19,7,7,Circle,0.131234,0.0393002,-24.1291,9.655,8.486,1.169,0.150826,0.0496081,9.523,8.478,1.045,58,61,train,train,train,train,train,train,train,test,train,train
4039,2020_Townsend,CC(C)C[C@H]1NC(=O)CN(Cc2ccccc2)C(=O)[C@H](C)N(C)C(=O)[C@H]2CCCN2C(=O)[C@H](Cc2ccccc2)NC(=O)[C@@H](CC(C)C)N(C)C(=O)[C@@H]2CCCN2C1=O,hepta_462,4039,-5.44,7,7,Circle,0.12195,0.0506467,-24.3001,9.307,8.074,1.233,0.122938,0.0497149,9.207,8.048,1.159,44,5,train,train,train,train,train,train,train,train,train,val
4038,2020_Townsend,CC(C)C[C@H]1NC(=O)[C@@H]2CCCN2C(=O)CN(Cc2ccccc2)C(=O)[C@@H](CC(C)C)N(C)C(=O)[C@H](C)N(C)C(=O)[C@H]2CCCN2C(=O)[C@H](Cc2ccccc2)NC1=O,hepta_461,4038,-5.52,7,7,Circle,0.193452,0.0698618,-33.3488,9.539,8.241,1.298,0.120461,0.046011,8.699,7.533,1.166,79,60,train,train,train,train,train,train,val,train,train,train
4037,2020_Townsend,CC(C)C[C@H]1NC(=O)[C@H](C)N(C)C(=O)[C@H]2CCCN2C(=O)[C@H](Cc2ccccc2)NC(=O)CN(Cc2ccccc2)C(=O)[C@@H]2CCCN2C(=O)[C@@H](CC(C)C)N(C)C1=O,hepta_460,4037,-5.68,7,7,Circle,0.174291,0.0565915,-27.3397,9.523,8.357,1.166,0.164394,0.0449438,9.317,8.164,1.153,75,58,train,train,train,train,train,train,train,train,train,train
4036,2020_Townsend,CC(C)C[C@H]1NC(=O)[C@@H](CC(C)C)N(C)C(=O)[C@H](C)N(C)C(=O)[C@H]2CCCN2C(=O)[C@H](Cc2ccccc2)NC(=O)CN(Cc2ccccc2)C(=O)[C@@H]2CCCN2C1=O,hepta_459,4036,-10.0,7,7,Circle,0.190958,0.0789249,-28.5979,9.532,8.298,1.234,0.137361,0.0475717,9.528,8.411,1.117,100,15,test,train,train,train,train,train,train,train,train,train
4034,2020_Townsend,CC(C)C[C@H]1C(=O)N2CCC[C@H]2C(=O)N(C)[C@H](CC(C)C)C(=O)N[C@@H](Cc2ccccc2)C(=O)N2CCC[C@@H]2C(=O)N(C)[C@@H](C)C(=O)N(C)[C@H](CC(C)C)C(=O)N1C,hepta_457,4034,-4.95,7,7,Circle,0.153665,0.0651651,-18.117,9.085,8.141,0.944,0.112376,0.0314821,8.911,8.055,0.856,81,63,train,train,train,train,train,train,train,val,train,train
4033,2020_Townsend,CC(C)C[C@H]1C(=O)N[C@@H](Cc2ccccc2)C(=O)N2CCC[C@@H]2C(=O)N(C)[C@@H](C)C(=O)N(C)[C@H](CC(C)C)C(=O)N(C)[C@H](CC(C)C)C(=O)N2CCC[C@H]2C(=O)N1C,hepta_456,4033,-4.95,7,7,Circle,0.121652,0.0467049,-22.0146,9.416,8.295,1.121,0.107298,0.0327067,9.059,8.153,0.906,63,91,val,train,train,train,train,train,train,train,val,train
4032,2020_Townsend,CC(C)C[C@H]1C(=O)N(C)[C@H](CC(C)C)C(=O)N2CCC[C@H]2C(=O)N(C)[C@H](CC(C)C)C(=O)N[C@@H](Cc2ccccc2)C(=O)N2CCC[C@@H]2C(=O)N(C)[C@@H](C)C(=O)N1C,hepta_455,4032,-5.85,7,7,Circle,0.14887,0.0517983,-24.3509,9.611,8.397,1.214,0.135415,0.047576,9.321,8.161,1.16,25,97,train,train,train,train,test,train,test,train,train,train
4031,2020_Townsend,CC(C)C[C@@H]1C(=O)N(C)[C@H](CC(C)C)C(=O)N2CCC[C@H]2C(=O)N(C)[C@H](CC(C)C)C(=O)N[C@@H](Cc2ccccc2)C(=O)N2CCC[C@@H]2C(=O)N(C)[C@@H](C)C(=O)N1C,hepta_454,4031,-5.39,7,7,Circle,0.092811,0.0389136,-29.0147,9.302,8.204,1.098,0.200149,0.085161,9.265,8.185,1.08,77,4,train,train,train,train,val,train,train,train,train,train
4030,2020_Townsend,CC(C)C[C@@H]1NC(=O)[C@H](C)N(C)C(=O)[C@H]2CCCN2C(=O)[C@H](Cc2ccccc2)NC(=O)CN(Cc2ccccc2)C(=O)[C@@H]2CCCN2C(=O)[C@H](CC(C)C)NC1=O,hepta_453,4030,-5.77,7,7,Circle,0.191912,0.0933937,-38.6991,9.133,7.877,1.256,0.106118,0.0323614,8.657,7.555,1.102,54,87,train,train,train,train,train,train,train,train,test,train
4029,2020_Townsend,CC(C)C[C@@H]1NC(=O)[C@@H]2CCCN2C(=O)CN(Cc2ccccc2)C(=O)[C@H](CC(C)C)NC(=O)[C@H](C)N(C)C(=O)[C@H]2CCCN2C(=O)[C@H](Cc2ccccc2)NC1=O,hepta_452,4029,-6.09,7,7,Circle,0.16483,0.0538387,-28.6412,8.798,7.638,1.16,0.132571,0.0390133,8.756,7.552,1.204,65,20,train,train,train,test,train,train,train,train,train,train
4028,2020_Townsend,CC(C)C[C@@H]1NC(=O)[C@H](C)N(C)C(=O)[C@H]2CCCN2C(=O)[C@H](Cc2ccccc2)NC(=O)[C@H](CC(C)C)N(C)C(=O)[C@@H]2CCCN2C(=O)[C@H](CC(C)C)N(C)C1=O,hepta_451,4028,-5.01,7,7,Circle,0.143269,0.0510367,-32.2662,9.444,8.301,1.143,0.165876,0.0792656,9.084,8.17,0.914,25,32,train,train,train,train,train,train,train,train,train,train
4027,2020_Townsend,CC(C)C[C@@H]1NC(=O)[C@H](CC(C)C)N(C)C(=O)[C@H](C)N(C)C(=O)[C@H]2CCCN2C(=O)[C@H](Cc2ccccc2)NC(=O)[C@H](CC(C)C)N(C)C(=O)[C@@H]2CCCN2C1=O,hepta_450,4027,-4.95,7,7,Circle,0.207768,0.100475,-30.9891,9.531,8.185,1.346,0.145897,0.0483954,8.859,7.971,0.888,55,69,test,train,train,val,train,train,train,train,train,train
4026,2020_Townsend,CC(C)C[C@@H]1NC(=O)[C@H](C)N(C)C(=O)[C@H]2CCCN2C(=O)[C@H](Cc2ccccc2)NC(=O)CN(Cc2ccccc2)C(=O)[C@@H]2CCCN2C(=O)[C@@H](CC(C)C)NC1=O,hepta_449,4026,-5.5,7,7,Circle,0.192014,0.0857607,-32.5664,8.988,7.588,1.4,0.124548,0.0366785,8.731,7.711,1.02,4,51,train,train,train,train,train,val,train,train,train,train
4025,2020_Townsend,CC(C)C[C@@H]1NC(=O)[C@@H]2CCCN2C(=O)[C@@H](CC(C)C)NC(=O)CN(Cc2ccccc2)C(=O)[C@H](C)N(C)C(=O)[C@H]2CCCN2C(=O)[C@H](Cc2ccccc2)NC1=O,hepta_448,4025,-6.36,7,7,Circle,0.153611,0.0525231,-30.4657,9.012,7.654,1.358,0.152195,0.06147,8.914,7.716,1.198,51,91,train,test,train,train,train,val,train,train,test,train
4024,2020_Townsend,CC(C)C[C@@H]1NC(=O)[C@H](C)N(C)C(=O)[C@H]2CCCN2C(=O)[C@H](Cc2ccccc2)NC(=O)[C@H](CC(C)C)N(C)C(=O)[C@@H]2CCCN2C(=O)[C@@H](CC(C)C)N(C)C1=O,hepta_447,4024,-5.19,7,7,Circle,0.159801,0.0535958,-19.0015,9.232,7.969,1.263,0.144892,0.049215,9.252,7.972,1.28,93,31,train,train,train,train,train,train,test,test,train,train
4023,2020_Townsend,CC(C)C[C@@H]1NC(=O)[C@@H]2CCCN2C(=O)[C@@H](CC(C)C)N(C)C(=O)[C@H](CC(C)C)N(C)C(=O)[C@H](C)N(C)C(=O)[C@H]2CCCN2C(=O)[C@H](Cc2ccccc2)NC1=O,hepta_446,4023,-10.0,7,7,Circle,0.150111,0.0407295,-25.7597,9.341,8.166,1.175,0.131922,0.0390788,9.14,8.019,1.121,34,16,train,train,train,val,train,train,test,train,train,train
4022,2020_Townsend,CC(C)C[C@H]1C(=O)N[C@H](CC(C)C)C(=O)N2CCC[C@H]2C(=O)N(C)[C@@H](CC(C)C)C(=O)N[C@@H](Cc2ccccc2)C(=O)N2CCC[C@@H]2C(=O)N(C)[C@@H](C)C(=O)N1C,hepta_445,4022,-5.03,7,7,Circle,0.113279,0.0394188,-38.3275,9.314,8.224,1.09,0.122768,0.0445029,9.126,8.185,0.941,37,60,val,train,train,val,val,train,train,train,train,val
4021,2020_Townsend,CC(C)C[C@@H]1NC(=O)[C@@H]2CCCN2C(=O)[C@H](CC(C)C)N(C)C(=O)[C@@H](CC(C)C)N(C)C(=O)[C@H](C)N(C)C(=O)[C@H]2CCCN2C(=O)[C@H](Cc2ccccc2)NC1=O,hepta_444,4021,-5.39,7,7,Circle,0.16425,0.0628424,-23.7461,9.324,8.15,1.174,0.133283,0.0477789,9.156,7.993,1.163,72,22,train,train,train,train,train,val,test,val,train,train
4020,2020_Townsend,CC(C)C[C@H]1C(=O)N[C@@H](Cc2ccccc2)C(=O)N2CCC[C@@H]2C(=O)N(C)[C@@H](C)C(=O)N[C@H](CC(C)C)C(=O)N(C)[C@@H](CC(C)C)C(=O)N2CCC[C@H]2C(=O)N1C,hepta_443,4020,-5.19,7,7,Circle,0.118194,0.046172,-28.2932,9.287,7.925,1.362,0.123097,0.0380104,8.938,7.737,1.201,19,39,val,val,train,val,val,train,train,train,train,train
4019,2020_Townsend,CC(C)C[C@@H]1NC(=O)[C@H](C)N(C)C(=O)[C@H]2CCCN2C(=O)[C@H](Cc2ccccc2)NC(=O)[C@@H](CC(C)C)N(C)C(=O)[C@@H]2CCCN2C(=O)[C@H](CC(C)C)N(C)C1=O,hepta_442,4019,-5.17,7,7,Circle,0.122688,0.047076,-23.5481,9.389,8.081,1.308,0.113414,0.0420246,9.124,7.917,1.207,30,5,train,train,train,train,train,train,train,train,train,train
4018,2020_Townsend,CC(C)C[C@H]1C(=O)N(C)[C@@H](CC(C)C)C(=O)N2CCC[C@H]2C(=O)N[C@H](CC(C)C)C(=O)N[C@@H](Cc2ccccc2)C(=O)N2CCC[C@@H]2C(=O)N(C)[C@@H](C)C(=O)N1C,hepta_441,4018,-5.73,7,7,Circle,0.147478,0.0485493,-27.0024,9.135,8.007,1.128,0.127956,0.0351573,9.037,7.866,1.171,10,76,train,train,val,train,train,train,train,train,test,train
4017,2020_Townsend,CC(C)C[C@H]1NC(=O)[C@@H]2CCCN2C(=O)CN(Cc2ccccc2)C(=O)[C@@H](CC(C)C)NC(=O)[C@H](C)N(C)C(=O)[C@H]2CCCN2C(=O)[C@H](Cc2ccccc2)NC1=O,hepta_440,4017,-5.97,7,7,Circle,0.174624,0.0633258,-43.557,9.537,8.025,1.512,0.136255,0.0567052,8.498,7.221,1.277,76,42,val,train,train,train,test,train,train,val,train,train
4016,2020_Townsend,CC(C)C[C@H]1NC(=O)[C@H](C)N(C)C(=O)[C@H]2CCCN2C(=O)[C@H](Cc2ccccc2)NC(=O)CN(Cc2ccccc2)C(=O)[C@@H]2CCCN2C(=O)[C@@H](CC(C)C)NC1=O,hepta_439,4016,-6.18,7,7,Circle,0.189599,0.0850041,-29.6028,8.779,7.59,1.189,0.119952,0.0341742,8.801,7.875,0.926,61,15,train,train,train,train,train,test,train,train,train,train
4015,2020_Townsend,CC(C)C[C@@H]1NC(=O)[C@H](C)N(C)C(=O)[C@H]2CCCN2C(=O)[C@H](Cc2ccccc2)NC(=O)[C@@H](CC(C)C)N(C)C(=O)[C@@H]2CCCN2C(=O)[C@@H](CC(C)C)N(C)C1=O,hepta_438,4015,-5.11,7,7,Circle,0.16366,0.0618321,-20.8424,9.233,7.983,1.25,0.147034,0.0495415,9.305,8.088,1.217,80,37,train,train,train,train,train,train,train,train,train,train
4014,2020_Townsend,CC(C)C[C@@H]1NC(=O)[C@@H](CC(C)C)N(C)C(=O)[C@H](C)N(C)C(=O)[C@H]2CCCN2C(=O)[C@H](Cc2ccccc2)NC(=O)[C@@H](CC(C)C)N(C)C(=O)[C@@H]2CCCN2C1=O,hepta_437,4014,-5.04,7,7,Circle,0.181877,0.0642167,-28.2169,9.484,8.267,1.217,0.176736,0.0652475,9.083,8.071,1.012,65,57,train,train,train,train,train,test,train,test,train,test
4013,2020_Townsend,CC(C)C[C@H]1C(=O)N[C@@H](Cc2ccccc2)C(=O)N2CCC[C@@H]2C(=O)N(C)[C@@H](C)C(=O)N[C@H](CC(C)C)C(=O)N(C)[C@H](CC(C)C)C(=O)N2CCC[C@H]2C(=O)N1C,hepta_436,4013,-4.83,7,7,Circle,0.153845,0.0469635,-21.8024,9.357,8.147,1.21,0.116236,0.0334348,8.885,7.756,1.129,96,30,test,train,test,train,train,test,train,train,train,test
4012,2020_Townsend,CC(C)C[C@H]1C(=O)N2CCC[C@H]2C(=O)N(C)[C@H](CC(C)C)C(=O)N[C@@H](Cc2ccccc2)C(=O)N2CCC[C@@H]2C(=O)N(C)[C@@H](C)C(=O)N[C@H](CC(C)C)C(=O)N1C,hepta_435,4012,-5.07,7,7,Circle,0.135726,0.0420019,-23.3393,9.648,8.405,1.243,0.220288,0.108268,8.897,7.718,1.179,27,98,train,train,train,train,train,train,train,val,train,train
4011,2020_Townsend,CC(C)C[C@H]1C(=O)N2CCC[C@H]2C(=O)N[C@H](CC(C)C)C(=O)N[C@@H](Cc2ccccc2)C(=O)N2CCC[C@@H]2C(=O)N(C)[C@@H](C)C(=O)N(C)[C@H](CC(C)C)C(=O)N1C,hepta_434,4011,-5.33,7,7,Circle,0.120022,0.0427831,-24.235,9.121,7.92,1.201,0.124692,0.0562113,8.849,7.908,0.941,33,90,train,train,train,train,test,test,train,train,train,test
4010,2020_Townsend,CC(C)C[C@H]1C(=O)N[C@@H](Cc2ccccc2)C(=O)N2CCC[C@@H]2C(=O)N(C)[C@@H](C)C(=O)N(C)[C@H](CC(C)C)C(=O)N[C@H](CC(C)C)C(=O)N2CCC[C@H]2C(=O)N1C,hepta_433,4010,-5.27,7,7,Circle,0.148301,0.0463318,-33.0622,9.266,8.206,1.06,0.174884,0.0608208,9.185,8.134,1.051,16,28,train,train,train,test,train,train,test,train,train,train
4009,2020_Townsend,CC(C)C[C@H]1C(=O)N[C@H](CC(C)C)C(=O)N2CCC[C@H]2C(=O)N(C)[C@H](CC(C)C)C(=O)N[C@@H](Cc2ccccc2)C(=O)N2CCC[C@@H]2C(=O)N(C)[C@@H](C)C(=O)N1C,hepta_432,4009,-5.73,7,7,Circle,0.128732,0.0463598,-25.7856,9.584,8.223,1.361,0.128019,0.0492454,9.636,8.277,1.359,36,100,train,train,train,val,test,train,train,val,train,val
4008,2020_Townsend,CC(C)C[C@H]1NC(=O)[C@H](C)N(C)C(=O)[C@H]2CCCN2C(=O)[C@H](Cc2ccccc2)NC(=O)[C@@H](CC(C)C)N(C)C(=O)[C@@H]2CCCN2C(=O)[C@@H](CC(C)C)N(C)C1=O,hepta_431,4008,-5.06,7,7,Circle,0.133325,0.0491086,-25.6015,9.046,7.707,1.339,0.137132,0.0464838,9.134,7.993,1.141,38,86,train,train,train,train,train,train,train,train,train,test
4007,2020_Townsend,CC(C)C[C@H]1NC(=O)[C@@H](CC(C)C)N(C)C(=O)[C@H](C)N(C)C(=O)[C@H]2CCCN2C(=O)[C@H](Cc2ccccc2)NC(=O)[C@@H](CC(C)C)N(C)C(=O)[C@@H]2CCCN2C1=O,hepta_430,4007,-5.66,7,7,Circle,0.146527,0.0493064,-22.4039,9.478,8.258,1.22,0.166673,0.0743132,9.283,8.172,1.111,26,78,val,train,train,test,train,train,train,test,train,train
4006,2020_Townsend,CC(C)C[C@H]1NC(=O)[C@@H]2CCCN2C(=O)[C@@H](CC(C)C)N(C)C(=O)[C@@H](CC(C)C)N(C)C(=O)[C@H](C)N(C)C(=O)[C@H]2CCCN2C(=O)[C@H](Cc2ccccc2)NC1=O,hepta_429,4006,-5.81,7,7,Circle,0.124874,0.0503054,-26.6959,9.422,8.189,1.233,0.157411,0.0635318,9.289,8.068,1.221,76,52,train,train,test,train,train,train,val,train,train,train
4005,2020_Townsend,CC(C)C[C@@H]1NC(=O)[C@@H]2CCCN2C(=O)[C@H](CC(C)C)N(C)C(=O)[C@H](CC(C)C)NC(=O)[C@H](C)N(C)C(=O)[C@H]2CCCN2C(=O)[C@H](Cc2ccccc2)NC1=O,hepta_428,4005,-5.33,7,7,Circle,0.193005,0.0768113,-33.4033,9.017,7.734,1.283,0.14774,0.0422094,8.618,7.683,0.935,86,24,train,train,train,train,train,train,train,train,train,train
4004,2020_Townsend,CC(C)C[C@@H]1NC(=O)[C@H](C)N(C)C(=O)[C@H]2CCCN2C(=O)[C@H](Cc2ccccc2)NC(=O)[C@H](CC(C)C)N(C)C(=O)[C@@H]2CCCN2C(=O)[C@H](CC(C)C)NC1=O,hepta_427,4004,-5.86,7,7,Circle,0.159909,0.0650267,-28.7138,9.144,7.952,1.192,0.154294,0.057482,8.826,7.777,1.049,33,80,train,val,train,val,train,train,train,train,train,train
4003,2020_Townsend,CC(C)C[C@@H]1NC(=O)[C@@H]2CCCN2C(=O)[C@H](CC(C)C)NC(=O)[C@H](CC(C)C)N(C)C(=O)[C@H](C)N(C)C(=O)[C@H]2CCCN2C(=O)[C@H](Cc2ccccc2)NC1=O,hepta_426,4003,-6.26,7,7,Circle,0.142717,0.0496297,-30.3315,9.048,7.721,1.327,0.0948055,0.0322453,8.634,7.503,1.131,91,80,train,train,train,train,train,train,train,train,train,train
4002,2020_Townsend,CC(C)C[C@@H]1NC(=O)[C@@H]2CCCN2C(=O)[C@@H](CC(C)C)N(C)C(=O)[C@H](CC(C)C)NC(=O)[C@H](C)N(C)C(=O)[C@H]2CCCN2C(=O)[C@H](Cc2ccccc2)NC1=O,hepta_425,4002,-5.32,7,7,Circle,0.150433,0.0535369,-27.6934,8.955,7.656,1.299,0.132161,0.0389401,8.82,7.495,1.325,69,79,train,train,train,val,train,val,train,train,train,test
4001,2020_Townsend,CC(C)C[C@@H]1NC(=O)[C@H](C)N(C)C(=O)[C@H]2CCCN2C(=O)[C@H](Cc2ccccc2)NC(=O)[C@@H](CC(C)C)N(C)C(=O)[C@@H]2CCCN2C(=O)[C@H](CC(C)C)NC1=O,hepta_424,4001,-5.69,7,7,Circle,0.124144,0.0455151,-35.2671,9.518,8.056,1.462,0.147252,0.0492011,8.992,7.853,1.139,48,9,val,train,train,train,train,train,train,train,train,train
4000,2020_Townsend,CC(C)C[C@@H]1NC(=O)[C@H](C)N(C)C(=O)[C@H]2CCCN2C(=O)[C@H](Cc2ccccc2)NC(=O)[C@H](CC(C)C)N(C)C(=O)[C@@H]2CCCN2C(=O)[C@@H](CC(C)C)NC1=O,hepta_423,4000,-5.5,7,7,Circle,0.205452,0.0865763,-30.7911,9.381,8.007,1.374,0.142991,0.0545657,8.784,7.787,0.997,37,57,train,train,train,train,train,test,train,train,train,train
3999,2020_Townsend,CC(C)C[C@@H]1NC(=O)[C@@H]2CCCN2C(=O)[C@@H](CC(C)C)NC(=O)[C@H](CC(C)C)N(C)C(=O)[C@H](C)N(C)C(=O)[C@H]2CCCN2C(=O)[C@H](Cc2ccccc2)NC1=O,hepta_422,3999,-5.78,7,7,Circle,0.136664,0.0410808,-29.709,9.45,8.191,1.259,0.149938,0.0563943,9.33,8.109,1.221,42,94,train,train,train,train,train,train,train,train,test,train
3998,2020_Townsend,CC(C)C[C@@H]1NC(=O)[C@@H]2CCCN2C(=O)[C@H](CC(C)C)NC(=O)[C@@H](CC(C)C)N(C)C(=O)[C@H](C)N(C)C(=O)[C@H]2CCCN2C(=O)[C@H](Cc2ccccc2)NC1=O,hepta_421,3998,-5.63,7,7,Circle,0.161084,0.0505516,-29.977,9.177,7.868,1.309,0.13129,0.0519766,9.255,8.126,1.129,74,27,train,train,train,val,train,val,train,train,test,train
3997,2020_Townsend,CC(C)C[C@@H]1NC(=O)[C@H](C)N(C)C(=O)[C@H]2CCCN2C(=O)[C@H](Cc2ccccc2)NC(=O)[C@@H](CC(C)C)NC(=O)[C@@H]2CCCN2C(=O)[C@H](CC(C)C)N(C)C1=O,hepta_420,3997,-5.91,7,7,Circle,0.166268,0.0656116,-33.4616,9.577,8.187,1.39,0.147535,0.0587402,8.888,7.922,0.966,89,26,train,train,train,test,train,train,val,train,train,train
3996,2020_Townsend,CC(C)C[C@@H]1NC(=O)[C@H](C)N(C)C(=O)[C@H]2CCCN2C(=O)[C@H](Cc2ccccc2)NC(=O)[C@@H](CC(C)C)NC(=O)[C@@H]2CCCN2C(=O)[C@@H](CC(C)C)N(C)C1=O,hepta_419,3996,-5.35,7,7,Circle,0.172407,0.0657952,-33.6883,9.313,8.041,1.272,0.166368,0.0668842,8.979,7.761,1.218,26,70,train,test,train,train,train,train,test,train,train,train
3995,2020_Townsend,CC(C)C[C@@H]1NC(=O)[C@H](C)N(C)C(=O)[C@H]2CCCN2C(=O)[C@H](Cc2ccccc2)NC(=O)[C@@H](CC(C)C)N(C)C(=O)[C@@H]2CCCN2C(=O)[C@@H](CC(C)C)NC1=O,hepta_418,3995,-5.71,7,7,Circle,0.158574,0.062593,-27.9376,9.625,8.076,1.549,0.115826,0.0501842,8.89,7.85,1.04,16,32,train,train,train,train,train,train,train,train,val,val
3994,2020_Townsend,CC(C)C[C@@H]1NC(=O)[C@@H](CC(C)C)N(C)C(=O)[C@H](C)N(C)C(=O)[C@H]2CCCN2C(=O)[C@H](Cc2ccccc2)NC(=O)[C@@H](CC(C)C)NC(=O)[C@@H]2CCCN2C1=O,hepta_417,3994,-5.5,7,7,Circle,0.14367,0.0468295,-16.2922,8.752,7.605,1.147,0.130894,0.0389463,8.839,7.706,1.133,21,20,train,test,train,train,train,train,train,train,train,train
3993,2020_Townsend,CC(C)C[C@@H]1NC(=O)[C@@H](CC(C)C)NC(=O)[C@H](C)N(C)C(=O)[C@H]2CCCN2C(=O)[C@H](Cc2ccccc2)NC(=O)[C@@H](CC(C)C)N(C)C(=O)[C@@H]2CCCN2C1=O,hepta_416,3993,-5.67,7,7,Circle,0.125688,0.041892,-32.2789,9.142,7.933,1.209,0.164048,0.089008,8.868,7.818,1.05,80,58,test,train,train,train,train,train,train,test,train,test
3992,2020_Townsend,CC(C)C[C@H]1C(=O)N2CCC[C@H]2C(=O)N[C@H](CC(C)C)C(=O)N[C@@H](Cc2ccccc2)C(=O)N2CCC[C@@H]2C(=O)N(C)[C@@H](C)C(=O)N[C@H](CC(C)C)C(=O)N1C,hepta_415,3992,-5.85,7,7,Circle,0.101929,0.0413567,-28.1391,8.779,7.663,1.116,0.111796,0.0354472,8.6,7.59,1.01,58,87,train,train,train,train,test,train,train,train,train,train
3990,2020_Townsend,CC(C)C[C@@H]1NC(=O)[C@@H]2CCCN2C(=O)[C@@H](CC(C)C)NC(=O)[C@@H](CC(C)C)N(C)C(=O)[C@H](C)N(C)C(=O)[C@H]2CCCN2C(=O)[C@H](Cc2ccccc2)NC1=O,hepta_413,3990,-10.0,7,7,Circle,0.203657,0.0941406,-25.4155,8.956,7.77,1.186,0.167364,0.0722305,8.587,7.616,0.971,59,19,train,train,train,train,train,train,train,train,train,train
3989,2020_Townsend,CC(C)C[C@H]1NC(=O)[C@@H]2CCCN2C(=O)[C@@H](CC(C)C)N(C)C(=O)[C@@H](CC(C)C)NC(=O)[C@H](C)N(C)C(=O)[C@H]2CCCN2C(=O)[C@H](Cc2ccccc2)NC1=O,hepta_412,3989,-5.99,7,7,Circle,0.148673,0.050351,-28.2151,9.169,7.89,1.279,0.173111,0.0579157,8.991,7.715,1.276,90,100,train,train,train,train,train,test,train,train,train,test
3988,2020_Townsend,CC(C)C[C@H]1NC(=O)[C@@H]2CCCN2C(=O)[C@@H](CC(C)C)NC(=O)[C@@H](CC(C)C)N(C)C(=O)[C@H](C)N(C)C(=O)[C@H]2CCCN2C(=O)[C@H](Cc2ccccc2)NC1=O,hepta_411,3988,-6.54,7,7,Circle,0.130445,0.0524838,-43.3925,9.169,7.881,1.288,0.151973,0.050313,8.796,7.625,1.171,7,70,val,train,train,train,train,test,train,train,test,train
3987,2020_Townsend,CC(C)C[C@H]1NC(=O)[C@H](C)N(C)C(=O)[C@H]2CCCN2C(=O)[C@H](Cc2ccccc2)NC(=O)[C@@H](CC(C)C)N(C)C(=O)[C@@H]2CCCN2C(=O)[C@@H](CC(C)C)NC1=O,hepta_410,3987,-6.63,7,7,Circle,0.167854,0.083251,-34.0172,9.356,7.924,1.432,0.186928,0.0658765,9.074,7.998,1.076,7,89,test,val,train,train,train,train,train,train,train,train
3986,2020_Townsend,CC(C)C[C@@H]1NC(=O)[C@H](C)N(C)C(=O)[C@H]2CCCN2C(=O)[C@H](Cc2ccccc2)NC(=O)[C@H](CC(C)C)NC(=O)[C@@H]2CCCN2C(=O)[C@@H](CC(C)C)NC1=O,hepta_409,3986,-5.81,7,7,Circle,0.220648,0.0939456,-36.5935,9.172,7.91,1.262,0.139147,0.0595771,8.821,7.652,1.169,18,9,train,train,test,test,train,train,train,train,train,train
3985,2020_Townsend,CC(C)C[C@@H]1NC(=O)[C@@H]2CCCN2C(=O)[C@H](CC(C)C)NC(=O)[C@@H](CC(C)C)NC(=O)[C@H](C)N(C)C(=O)[C@H]2CCCN2C(=O)[C@H](Cc2ccccc2)NC1=O,hepta_408,3985,-10.0,7,7,Circle,0.161721,0.0499323,-21.8435,8.76,7.541,1.219,0.125417,0.040569,8.679,7.474,1.205,70,70,train,train,train,train,train,train,train,train,train,train
3984,2020_Townsend,CC(C)C[C@@H]1NC(=O)[C@H](C)N(C)C(=O)[C@H]2CCCN2C(=O)[C@H](Cc2ccccc2)NC(=O)[C@@H](CC(C)C)NC(=O)[C@@H]2CCCN2C(=O)[C@@H](CC(C)C)NC1=O,hepta_407,3984,-6.4,7,7,Circle,0.152667,0.0535411,-40.204,9.599,8.046,1.553,0.21754,0.084077,8.745,7.602,1.143,47,93,train,train,train,train,train,train,train,val,train,test
3983,2020_Townsend,C[C@H]1NC(=O)[C@H]2CCCN2C(=O)[C@H](Cc2ccccc2)NC(=O)CN(Cc2ccccc2)C(=O)[C@H]2CCCN2C(=O)CN(Cc2ccccc2)C(=O)CN(Cc2ccccc2)C1=O,hepta_406,3983,-10.0,7,7,Circle,0.179822,0.0456625,-50.115,9.737,8.38,1.357,0.162155,0.0551732,8.88,7.713,1.167,64,5,train,train,train,train,train,train,test,train,train,train
3980,2020_Townsend,CC(C)C[C@H]1C(=O)N[C@@H](Cc2ccccc2)C(=O)N2CCC[C@@H]2C(=O)N[C@H](C)C(=O)N(Cc2ccccc2)CC(=O)N(Cc2ccccc2)CC(=O)N2CCC[C@@H]2C(=O)N1C,hepta_403,3980,-10.0,7,7,Circle,0.208,0.0725343,-42.6369,9.808,8.49,1.318,0.181483,0.0620722,9.007,7.765,1.242,55,65,train,train,val,val,train,train,train,val,test,train
3979,2020_Townsend,CC(C)C[C@H]1C(=O)N(Cc2ccccc2)CC(=O)N2CCC[C@@H]2C(=O)N(Cc2ccccc2)CC(=O)N[C@@H](Cc2ccccc2)C(=O)N2CCC[C@@H]2C(=O)N[C@H](C)C(=O)N1C,hepta_402,3979,-6.94,7,7,Circle,0.222288,0.104631,-36.1021,9.619,8.378,1.241,0.133515,0.0465739,8.761,7.773,0.988,20,61,train,val,val,train,train,train,train,train,train,train
3977,2020_Townsend,CC(C)C[C@@H]1C(=O)N2CCC[C@@H]2C(=O)N(Cc2ccccc2)CC(=O)N[C@@H](Cc2ccccc2)C(=O)N2CCC[C@@H]2C(=O)N[C@H](C)C(=O)N(Cc2ccccc2)CC(=O)N1C,hepta_400,3977,-6.05,7,7,Circle,0.18102,0.0535659,-33.1883,9.232,8.032,1.2,0.162185,0.0522589,9.126,7.896,1.23,30,73,train,train,train,train,train,train,val,val,train,train
3971,2020_Townsend,CC(C)C[C@@H]1NC(=O)[C@@H](C)NC(=O)[C@H]2CCCN2C(=O)[C@H](Cc2ccccc2)NC(=O)CN(Cc2ccccc2)C(=O)[C@H]2CCCN2C(=O)CN(Cc2ccccc2)C1=O,hepta_394,3971,-6.02,7,7,Circle,0.261428,0.135769,-43.8228,9.433,8.079,1.354,0.157609,0.0469578,8.883,7.797,1.086,71,6,train,val,train,train,train,train,train,train,test,train
3970,2020_Townsend,CC(C)C[C@@H]1NC(=O)[C@H]2CCCN2C(=O)CN(Cc2ccccc2)C(=O)CN(Cc2ccccc2)C(=O)[C@@H](C)NC(=O)[C@H]2CCCN2C(=O)[C@H](Cc2ccccc2)NC1=O,hepta_393,3970,-10.0,7,7,Circle,0.137908,0.0381546,-32.957,8.857,7.499,1.358,0.135364,0.0412627,9.044,7.73,1.314,58,5,train,train,train,train,train,val,train,train,train,train
3969,2020_Townsend,CC(C)C[C@H]1C(=O)N(Cc2ccccc2)CC(=O)N2CCC[C@@H]2C(=O)N(C)[C@@H](CC(C)C)C(=O)N[C@@H](Cc2ccccc2)C(=O)N2CCC[C@@H]2C(=O)N[C@H](C)C(=O)N1C,hepta_392,3969,-6.25,7,7,Circle,0.190812,0.0829526,-31.2744,9.084,7.988,1.096,0.115941,0.037168,9.085,7.969,1.116,69,85,train,train,train,train,train,train,train,train,val,train
3967,2020_Townsend,CC(C)C[C@H]1NC(=O)[C@H]2CCCN2C(=O)CN(Cc2ccccc2)C(=O)CN(Cc2ccccc2)C(=O)[C@@H](C)NC(=O)[C@H]2CCCN2C(=O)[C@H](Cc2ccccc2)NC1=O,hepta_390,3967,-6.32,7,7,Circle,0.19374,0.0602218,-47.8256,9.622,8.134,1.488,0.204354,0.0924708,9.238,7.887,1.351,80,45,val,train,train,train,train,train,val,train,train,train
3966,2020_Townsend,CC(C)C[C@H]1NC(=O)[C@@H](C)NC(=O)[C@H]2CCCN2C(=O)[C@H](Cc2ccccc2)NC(=O)CN(Cc2ccccc2)C(=O)[C@H]2CCCN2C(=O)CN(Cc2ccccc2)C1=O,hepta_389,3966,-6.38,7,7,Circle,0.177005,0.0601853,-47.206,9.194,7.861,1.333,0.141598,0.0515019,8.738,7.591,1.147,39,53,train,test,train,train,train,train,test,train,train,test
3965,2020_Townsend,CC(C)C[C@H]1C(=O)N(C)[C@H](CC(C)C)C(=O)N2CCC[C@@H]2C(=O)N(Cc2ccccc2)CC(=O)N[C@@H](Cc2ccccc2)C(=O)N2CCC[C@@H]2C(=O)N[C@H](C)C(=O)N1C,hepta_388,3965,-5.79,7,7,Circle,0.164927,0.0577466,-32.1734,9.474,8.307,1.167,0.12496,0.0409094,9.267,8.097,1.17,76,73,train,train,val,val,test,train,val,train,train,train
3964,2020_Townsend,CC(C)C[C@H]1C(=O)N(Cc2ccccc2)CC(=O)N2CCC[C@@H]2C(=O)N(C)[C@H](CC(C)C)C(=O)N[C@@H](Cc2ccccc2)C(=O)N2CCC[C@@H]2C(=O)N[C@H](C)C(=O)N1C,hepta_387,3964,-5.96,7,7,Circle,0.140548,0.0411432,-32.0237,9.443,8.267,1.176,0.113678,0.0404668,9.328,8.123,1.205,9,32,val,train,test,val,train,train,train,val,test,train
3963,2020_Townsend,CC(C)C[C@H]1C(=O)N2CCC[C@@H]2C(=O)N(Cc2ccccc2)CC(=O)N[C@@H](Cc2ccccc2)C(=O)N2CCC[C@@H]2C(=O)N[C@H](C)C(=O)N(C)[C@H](CC(C)C)C(=O)N1C,hepta_386,3963,-5.64,7,7,Circle,0.152782,0.0451284,-40.1813,9.532,8.258,1.274,0.163073,0.0451068,9.272,8.215,1.057,45,56,val,train,test,train,train,train,train,test,train,test
3961,2020_Townsend,CC(C)C[C@H]1C(=O)N[C@@H](Cc2ccccc2)C(=O)N2CCC[C@@H]2C(=O)N[C@H](C)C(=O)N(C)[C@H](CC(C)C)C(=O)N(Cc2ccccc2)CC(=O)N2CCC[C@@H]2C(=O)N1C,hepta_384,3961,-5.66,7,7,Circle,0.15875,0.0518477,-39.9388,9.387,8.088,1.299,0.106624,0.0347362,8.942,7.854,1.088,31,96,train,train,train,train,train,train,train,train,train,train
3959,2020_Townsend,CC(C)C[C@@H]1C(=O)N(Cc2ccccc2)CC(=O)N2CCC[C@@H]2C(=O)N(C)[C@H](CC(C)C)C(=O)N[C@@H](Cc2ccccc2)C(=O)N2CCC[C@@H]2C(=O)N[C@H](C)C(=O)N1C,hepta_382,3959,-5.78,7,7,Circle,0.135464,0.0620615,-34.197,9.143,7.865,1.278,0.137713,0.0374882,9.142,8.031,1.111,92,40,train,train,val,train,val,train,train,val,train,train
3955,2020_Townsend,CC(C)C[C@@H]1C(=O)N2CCC[C@@H]2C(=O)N(C)[C@H](CC(C)C)C(=O)N[C@@H](Cc2ccccc2)C(=O)N2CCC[C@@H]2C(=O)N[C@H](C)C(=O)N(Cc2ccccc2)CC(=O)N1C,hepta_378,3955,-6.15,7,7,Circle,0.160284,0.0478276,-31.7204,9.514,8.308,1.206,0.146911,0.0411351,9.53,8.256,1.274,84,44,train,train,test,test,train,train,train,train,train,train
3954,2020_Townsend,CC(C)C[C@@H]1NC(=O)CN(Cc2ccccc2)C(=O)[C@@H](C)NC(=O)[C@H]2CCCN2C(=O)[C@H](Cc2ccccc2)NC(=O)[C@H](CC(C)C)N(C)C(=O)[C@H]2CCCN2C1=O,hepta_377,3954,-5.53,7,7,Circle,0.182756,0.061334,-35.5667,9.495,8.245,1.25,0.158784,0.0409423,9.211,7.814,1.397,46,24,train,train,train,train,train,test,train,train,train,val
3953,2020_Townsend,CC(C)C[C@@H]1NC(=O)[C@@H](C)NC(=O)[C@H]2CCCN2C(=O)[C@H](Cc2ccccc2)NC(=O)[C@H](CC(C)C)N(C)C(=O)[C@H]2CCCN2C(=O)CN(Cc2ccccc2)C1=O,hepta_376,3953,-6.12,7,7,Circle,0.137259,0.0473058,-40.3827,9.088,7.837,1.251,0.168062,0.0557309,8.588,7.503,1.085,85,79,train,test,train,train,train,train,train,train,train,train
3952,2020_Townsend,CC(C)C[C@@H]1NC(=O)[C@@H](C)NC(=O)[C@H]2CCCN2C(=O)[C@H](Cc2ccccc2)NC(=O)CN(Cc2ccccc2)C(=O)[C@H]2CCCN2C(=O)[C@H](CC(C)C)N(C)C1=O,hepta_375,3952,-10.0,7,7,Circle,0.178319,0.0644713,-32.7684,9.184,7.928,1.256,0.134158,0.039916,8.864,7.609,1.255,32,44,train,test,train,train,train,train,train,train,val,train
3951,2020_Townsend,CC(C)C[C@@H]1NC(=O)[C@H]2CCCN2C(=O)CN(Cc2ccccc2)C(=O)[C@H](CC(C)C)N(C)C(=O)[C@@H](C)NC(=O)[C@H]2CCCN2C(=O)[C@H](Cc2ccccc2)NC1=O,hepta_374,3951,-6.77,7,7,Circle,0.191103,0.0643531,-33.1316,9.182,7.877,1.305,0.160028,0.0777016,8.763,7.565,1.198,48,100,train,train,train,test,test,train,train,train,train,train
3949,2020_Townsend,CC(C)C[C@H]1C(=O)N2CCC[C@@H]2C(=O)N(C)[C@@H](CC(C)C)C(=O)N[C@@H](Cc2ccccc2)C(=O)N2CCC[C@@H]2C(=O)N[C@H](C)C(=O)N(C)[C@@H](CC(C)C)C(=O)N1C,hepta_372,3949,-5.34,7,7,Circle,0.122726,0.044794,-32.7703,9.248,7.92,1.328,0.113605,0.0457746,8.77,7.744,1.026,67,51,train,test,train,train,train,train,train,train,test,train
3948,2020_Townsend,CC(C)C[C@@H]1NC(=O)[C@@H](CC(C)C)N(C)C(=O)[C@@H](C)NC(=O)[C@H]2CCCN2C(=O)[C@H](Cc2ccccc2)NC(=O)CN(Cc2ccccc2)C(=O)[C@H]2CCCN2C1=O,hepta_371,3948,-5.33,7,7,Circle,0.171639,0.0496898,-39.122,9.773,8.449,1.324,0.0966381,0.033862,8.607,7.537,1.07,77,57,train,train,train,test,train,train,test,train,train,test
3947,2020_Townsend,CC(C)C[C@@H]1NC(=O)[C@@H](C)NC(=O)[C@H]2CCCN2C(=O)[C@H](Cc2ccccc2)NC(=O)[C@@H](CC(C)C)N(C)C(=O)[C@H]2CCCN2C(=O)CN(Cc2ccccc2)C1=O,hepta_370,3947,-5.78,7,7,Circle,0.191041,0.0933518,-37.963,9.092,7.706,1.386,0.134241,0.0343358,8.909,7.814,1.095,40,31,train,train,train,train,train,train,train,train,val,train
3945,2020_Townsend,CC(C)C[C@@H]1NC(=O)[C@H]2CCCN2C(=O)CN(Cc2ccccc2)C(=O)[C@@H](CC(C)C)N(C)C(=O)[C@@H](C)NC(=O)[C@H]2CCCN2C(=O)[C@H](Cc2ccccc2)NC1=O,hepta_368,3945,-10.0,7,7,Circle,0.230003,0.117974,-36.8616,9.164,7.997,1.167,0.143889,0.0422628,9.014,7.862,1.152,27,100,train,train,train,train,val,test,train,train,train,train
3943,2020_Townsend,CC(C)C[C@H]1C(=O)N(C)[C@H](CC(C)C)C(=O)N2CCC[C@@H]2C(=O)N(C)[C@@H](CC(C)C)C(=O)N[C@@H](Cc2ccccc2)C(=O)N2CCC[C@@H]2C(=O)N[C@H](C)C(=O)N1C,hepta_366,3943,-5.74,7,7,Circle,0.143609,0.0637932,-22.5307,8.918,7.88,1.038,0.126311,0.0332659,9.138,8.078,1.06,63,35,train,train,train,train,train,train,train,train,train,val
3942,2020_Townsend,CC(C)C[C@H]1C(=O)N2CCC[C@@H]2C(=O)N(C)[C@@H](CC(C)C)C(=O)N[C@@H](Cc2ccccc2)C(=O)N2CCC[C@@H]2C(=O)N[C@H](C)C(=O)N(C)[C@H](CC(C)C)C(=O)N1C,hepta_365,3942,-5.5,7,7,Circle,0.157464,0.0726086,-20.5401,9.115,8.046,1.069,0.0928027,0.0365716,8.92,7.857,1.063,79,56,train,val,train,train,train,val,train,test,train,train
3941,2020_Townsend,CC(C)C[C@H]1NC(=O)[C@@H](C)NC(=O)[C@H]2CCCN2C(=O)[C@H](Cc2ccccc2)NC(=O)[C@@H](CC(C)C)N(C)C(=O)[C@H]2CCCN2C(=O)CN(Cc2ccccc2)C1=O,hepta_364,3941,-6.02,7,7,Circle,0.15825,0.0619078,-38.737,9.221,7.868,1.353,0.145891,0.0488499,9.139,8.071,1.068,67,36,train,val,test,val,train,val,train,train,train,train
3940,2020_Townsend,CC(C)C[C@H]1NC(=O)[C@H]2CCCN2C(=O)CN(Cc2ccccc2)C(=O)[C@@H](CC(C)C)N(C)C(=O)[C@@H](C)NC(=O)[C@H]2CCCN2C(=O)[C@H](Cc2ccccc2)NC1=O,hepta_363,3940,-5.86,7,7,Circle,0.160542,0.051336,-24.7685,8.773,7.762,1.011,0.142798,0.0520058,8.673,7.7,0.973,84,23,train,train,test,train,train,train,train,train,train,test
3939,2020_Townsend,CC(C)C[C@H]1NC(=O)[C@@H](C)NC(=O)[C@H]2CCCN2C(=O)[C@H](Cc2ccccc2)NC(=O)CN(Cc2ccccc2)C(=O)[C@H]2CCCN2C(=O)[C@@H](CC(C)C)N(C)C1=O,hepta_362,3939,-6.28,7,7,Circle,0.131483,0.0410234,-22.7188,8.824,7.648,1.176,0.122375,0.0338829,8.856,7.656,1.2,67,91,train,val,train,test,train,train,train,val,train,train
3938,2020_Townsend,CC(C)C[C@H]1C(=O)N(C)[C@H](CC(C)C)C(=O)N2CCC[C@@H]2C(=O)N(C)[C@H](CC(C)C)C(=O)N[C@@H](Cc2ccccc2)C(=O)N2CCC[C@@H]2C(=O)N[C@H](C)C(=O)N1C,hepta_361,3938,-5.6,7,7,Circle,0.14277,0.0533368,-27.8104,9.385,8.103,1.282,0.0982233,0.0344666,9.067,7.996,1.071,84,85,train,train,val,train,train,train,train,train,test,test
3937,2020_Townsend,CC(C)C[C@H]1C(=O)N2CCC[C@@H]2C(=O)N(C)[C@H](CC(C)C)C(=O)N[C@@H](Cc2ccccc2)C(=O)N2CCC[C@@H]2C(=O)N[C@H](C)C(=O)N(C)[C@H](CC(C)C)C(=O)N1C,hepta_360,3937,-5.01,7,7,Circle,0.123719,0.0469338,-19.2051,9.126,7.998,1.128,0.13725,0.0406193,9.026,8.023,1.003,81,37,train,train,train,test,train,val,train,train,test,train
3935,2020_Townsend,CC(C)C[C@@H]1NC(=O)[C@@H](C)NC(=O)[C@H]2CCCN2C(=O)[C@H](Cc2ccccc2)NC(=O)CN(Cc2ccccc2)C(=O)[C@H]2CCCN2C(=O)[C@H](CC(C)C)NC1=O,hepta_358,3935,-5.53,7,7,Circle,0.171261,0.0762385,-40.3047,9.015,7.685,1.33,0.129343,0.0441366,8.531,7.419,1.112,92,41,train,val,train,train,train,train,val,train,train,train
3934,2020_Townsend,CC(C)C[C@@H]1NC(=O)[C@H]2CCCN2C(=O)CN(Cc2ccccc2)C(=O)[C@H](CC(C)C)NC(=O)[C@@H](C)NC(=O)[C@H]2CCCN2C(=O)[C@H](Cc2ccccc2)NC1=O,hepta_357,3934,-6.14,7,7,Circle,0.196383,0.0881494,-26.491,8.622,7.335,1.287,0.19047,0.059167,8.57,7.442,1.128,100,86,val,train,train,train,test,test,train,train,train,train
3933,2020_Townsend,CC(C)C[C@@H]1NC(=O)[C@H](CC(C)C)N(C)C(=O)[C@@H](C)NC(=O)[C@H]2CCCN2C(=O)[C@H](Cc2ccccc2)NC(=O)[C@H](CC(C)C)N(C)C(=O)[C@H]2CCCN2C1=O,hepta_356,3933,-5.72,7,7,Circle,0.156932,0.066458,-30.5734,9.191,7.953,1.238,0.136947,0.0458994,8.861,7.847,1.014,74,16,val,train,train,train,train,train,test,train,train,train
3932,2020_Townsend,CC(C)C[C@@H]1NC(=O)[C@@H](C)NC(=O)[C@H]2CCCN2C(=O)[C@H](Cc2ccccc2)NC(=O)[C@H](CC(C)C)N(C)C(=O)[C@H]2CCCN2C(=O)[C@H](CC(C)C)N(C)C1=O,hepta_355,3932,-5.48,7,7,Circle,0.175998,0.0752009,-26.5247,8.988,7.92,1.068,0.113035,0.0461956,8.857,7.793,1.064,27,45,train,train,train,train,train,train,train,test,train,train
3931,2020_Townsend,CC(C)C[C@@H]1NC(=O)[C@@H](CC(C)C)NC(=O)[C@@H](C)NC(=O)[C@H]2CCCN2C(=O)[C@H](Cc2ccccc2)NC(=O)CN(Cc2ccccc2)C(=O)[C@H]2CCCN2C1=O,hepta_354,3931,-6.04,7,7,Circle,0.159402,0.0473735,-34.5527,9.035,7.77,1.265,0.132822,0.0441936,8.678,7.501,1.177,25,93,train,train,train,train,train,train,train,train,train,train
3930,2020_Townsend,CC(C)C[C@@H]1NC(=O)[C@@H](C)NC(=O)[C@H]2CCCN2C(=O)[C@H](Cc2ccccc2)NC(=O)[C@@H](CC(C)C)NC(=O)[C@H]2CCCN2C(=O)CN(Cc2ccccc2)C1=O,hepta_353,3930,-10.0,7,7,Circle,0.192478,0.0648611,-45.4868,9.541,8.027,1.514,0.122386,0.0340371,8.653,7.468,1.185,34,18,train,train,test,test,train,train,train,train,test,train
3928,2020_Townsend,CC(C)C[C@@H]1NC(=O)[C@H]2CCCN2C(=O)CN(Cc2ccccc2)C(=O)[C@@H](CC(C)C)NC(=O)[C@@H](C)NC(=O)[C@H]2CCCN2C(=O)[C@H](Cc2ccccc2)NC1=O,hepta_351,3928,-10.0,7,7,Circle,0.158013,0.0586091,-45.6957,9.318,7.882,1.436,0.127083,0.0516003,8.847,7.639,1.208,24,14,train,train,train,train,train,val,train,train,train,train
3927,2020_Townsend,CC(C)C[C@@H]1NC(=O)[C@@H](CC(C)C)N(C)C(=O)[C@@H](C)NC(=O)[C@H]2CCCN2C(=O)[C@H](Cc2ccccc2)NC(=O)[C@H](CC(C)C)N(C)C(=O)[C@H]2CCCN2C1=O,hepta_350,3927,-4.88,7,7,Circle,0.157905,0.0647444,-23.5031,9.293,8.121,1.172,0.0959404,0.0319,8.947,7.867,1.08,84,79,train,train,train,train,train,train,train,train,train,val
3926,2020_Townsend,CC(C)C[C@@H]1NC(=O)[C@@H](C)NC(=O)[C@H]2CCCN2C(=O)[C@H](Cc2ccccc2)NC(=O)[C@H](CC(C)C)N(C)C(=O)[C@H]2CCCN2C(=O)[C@@H](CC(C)C)N(C)C1=O,hepta_349,3926,-5.76,7,7,Circle,0.10956,0.0331108,-27.8788,9.061,7.69,1.371,0.1366,0.0477452,8.916,7.651,1.265,20,37,train,test,train,train,test,val,val,train,test,test
3925,2020_Townsend,CC(C)C[C@H]1C(=O)N[C@H](CC(C)C)C(=O)N2CCC[C@@H]2C(=O)N(C)[C@@H](CC(C)C)C(=O)N[C@@H](Cc2ccccc2)C(=O)N2CCC[C@@H]2C(=O)N[C@H](C)C(=O)N1C,hepta_348,3925,-5.79,7,7,Circle,0.168136,0.0553856,-32.0597,9.549,8.217,1.332,0.091473,0.0367936,8.703,7.628,1.075,56,61,train,train,test,train,train,train,test,train,train,train
3924,2020_Townsend,CC(C)C[C@H]1C(=O)N2CCC[C@@H]2C(=O)N(C)[C@@H](CC(C)C)C(=O)N[C@@H](Cc2ccccc2)C(=O)N2CCC[C@@H]2C(=O)N[C@H](C)C(=O)N[C@H](CC(C)C)C(=O)N1C,hepta_347,3924,-5.86,7,7,Circle,0.162126,0.0662996,-35.6887,9.288,7.945,1.343,0.10521,0.040622,8.731,7.608,1.123,81,65,val,train,train,train,test,train,train,val,train,train
3923,2020_Townsend,CC(C)C[C@@H]1NC(=O)[C@H](CC(C)C)N(C)C(=O)[C@@H](C)NC(=O)[C@H]2CCCN2C(=O)[C@H](Cc2ccccc2)NC(=O)[C@@H](CC(C)C)N(C)C(=O)[C@H]2CCCN2C1=O,hepta_346,3923,-5.38,7,7,Circle,0.151878,0.0581676,-29.1279,9.201,7.89,1.311,0.125037,0.043907,8.752,7.643,1.109,40,8,val,test,train,test,test,train,train,train,train,train
3922,2020_Townsend,CC(C)C[C@@H]1NC(=O)[C@@H](C)NC(=O)[C@H]2CCCN2C(=O)[C@H](Cc2ccccc2)NC(=O)[C@@H](CC(C)C)N(C)C(=O)[C@H]2CCCN2C(=O)[C@H](CC(C)C)N(C)C1=O,hepta_345,3922,-5.75,7,7,Circle,0.158486,0.057643,-32.2716,9.41,8.125,1.285,0.138753,0.0443302,8.847,7.824,1.023,88,38,train,train,train,train,test,train,test,val,train,train
3921,2020_Townsend,CC(C)C[C@H]1C(=O)N2CCC[C@@H]2C(=O)N[C@H](CC(C)C)C(=O)N[C@@H](Cc2ccccc2)C(=O)N2CCC[C@@H]2C(=O)N[C@H](C)C(=O)N(C)[C@@H](CC(C)C)C(=O)N1C,hepta_344,3921,-10.0,7,7,Circle,0.144315,0.0475747,-37.3361,9.293,8.03,1.263,0.140881,0.0468024,9.146,7.968,1.178,89,88,test,train,test,train,val,train,train,train,train,test
3919,2020_Townsend,CC(C)C[C@H]1NC(=O)[C@@H](C)NC(=O)[C@H]2CCCN2C(=O)[C@H](Cc2ccccc2)NC(=O)CN(Cc2ccccc2)C(=O)[C@H]2CCCN2C(=O)[C@@H](CC(C)C)NC1=O,hepta_342,3919,-6.48,7,7,Circle,0.227982,0.119178,-41.099,8.978,7.572,1.406,0.117811,0.0372745,8.779,7.543,1.236,42,77,train,val,train,train,train,val,train,train,train,train
3918,2020_Townsend,CC(C)C[C@H]1C(=O)N(C)[C@H](CC(C)C)C(=O)N2CCC[C@@H]2C(=O)N[C@H](CC(C)C)C(=O)N[C@@H](Cc2ccccc2)C(=O)N2CCC[C@@H]2C(=O)N[C@H](C)C(=O)N1C,hepta_341,3918,-5.98,7,7,Circle,0.148998,0.0458157,-32.693,9.08,7.712,1.368,0.1375,0.0782757,8.957,7.7,1.257,96,13,train,train,train,val,test,train,train,train,train,test
3917,2020_Townsend,CC(C)C[C@H]1C(=O)N[C@@H](Cc2ccccc2)C(=O)N2CCC[C@@H]2C(=O)N[C@H](C)C(=O)N(C)[C@H](CC(C)C)C(=O)N[C@H](CC(C)C)C(=O)N2CCC[C@@H]2C(=O)N1C,hepta_340,3917,-5.82,7,7,Circle,0.164247,0.0621478,-26.8295,9.298,7.958,1.34,0.131471,0.056474,9.32,8.102,1.218,74,54,val,train,train,val,val,train,test,val,val,train
3916,2020_Townsend,CC(C)C[C@H]1C(=O)N[C@@H](Cc2ccccc2)C(=O)N2CCC[C@@H]2C(=O)N[C@H](C)C(=O)N[C@H](CC(C)C)C(=O)N(C)[C@H](CC(C)C)C(=O)N2CCC[C@@H]2C(=O)N1C,hepta_339,3916,-6.11,7,7,Circle,0.141807,0.0419729,-20.8022,8.675,7.759,0.916,0.105235,0.0385402,9.013,8.017,0.996,2,67,val,train,train,train,train,train,train,train,val,train
3915,2020_Townsend,CC(C)C[C@H]1C(=O)N[C@H](CC(C)C)C(=O)N2CCC[C@@H]2C(=O)N(C)[C@H](CC(C)C)C(=O)N[C@@H](Cc2ccccc2)C(=O)N2CCC[C@@H]2C(=O)N[C@H](C)C(=O)N1C,hepta_338,3915,-6.85,7,7,Circle,0.157272,0.0551183,-30.0121,9.429,7.999,1.43,0.129728,0.0551345,9.214,7.893,1.321,25,44,train,train,train,train,train,test,train,test,train,val
3914,2020_Townsend,CC(C)C[C@H]1C(=O)N2CCC[C@@H]2C(=O)N(C)[C@H](CC(C)C)C(=O)N[C@@H](Cc2ccccc2)C(=O)N2CCC[C@@H]2C(=O)N[C@H](C)C(=O)N[C@H](CC(C)C)C(=O)N1C,hepta_337,3914,-10.0,7,7,Circle,0.126409,0.0521976,-43.3523,8.992,7.446,1.546,0.110224,0.03883,8.748,7.664,1.084,17,80,test,train,train,train,train,test,val,train,train,train
3913,2020_Townsend,CC(C)C[C@H]1NC(=O)[C@@H](CC(C)C)N(C)C(=O)[C@@H](C)NC(=O)[C@H]2CCCN2C(=O)[C@H](Cc2ccccc2)NC(=O)[C@@H](CC(C)C)N(C)C(=O)[C@H]2CCCN2C1=O,hepta_336,3913,-5.71,7,7,Circle,0.128188,0.0423716,-36.73,9.25,7.72,1.53,0.146978,0.0452284,9.212,7.657,1.555,4,100,train,train,train,val,train,train,train,train,train,train
3912,2020_Townsend,CC(C)C[C@H]1NC(=O)[C@@H](C)NC(=O)[C@H]2CCCN2C(=O)[C@H](Cc2ccccc2)NC(=O)[C@@H](CC(C)C)N(C)C(=O)[C@H]2CCCN2C(=O)[C@@H](CC(C)C)N(C)C1=O,hepta_335,3912,-6.66,7,7,Circle,0.178364,0.0968384,-30.8245,9.191,7.929,1.262,0.112479,0.0332092,8.806,7.837,0.969,38,97,test,train,train,train,train,train,train,train,test,train
3911,2020_Townsend,CC(C)C[C@@H]1NC(=O)[C@@H](C)NC(=O)[C@H]2CCCN2C(=O)[C@H](Cc2ccccc2)NC(=O)[C@H](CC(C)C)N(C)C(=O)[C@H]2CCCN2C(=O)[C@H](CC(C)C)NC1=O,hepta_334,3911,-5.3,7,7,Circle,0.116164,0.0524671,-41.9383,9.3,7.951,1.349,0.160545,0.0606689,8.607,7.515,1.092,92,68,train,train,test,train,train,train,train,train,train,train
3910,2020_Townsend,CC(C)C[C@@H]1NC(=O)[C@H]2CCCN2C(=O)[C@H](CC(C)C)N(C)C(=O)[C@H](CC(C)C)NC(=O)[C@@H](C)NC(=O)[C@H]2CCCN2C(=O)[C@H](Cc2ccccc2)NC1=O,hepta_333,3910,-5.98,7,7,Circle,0.135256,0.0395758,-19.39,8.709,7.641,1.068,0.115925,0.0351643,8.681,7.632,1.049,69,85,train,train,test,train,train,val,train,train,train,train
3909,2020_Townsend,CC(C)C[C@@H]1NC(=O)[C@@H](CC(C)C)NC(=O)[C@@H](C)NC(=O)[C@H]2CCCN2C(=O)[C@H](Cc2ccccc2)NC(=O)[C@H](CC(C)C)N(C)C(=O)[C@H]2CCCN2C1=O,hepta_332,3909,-6.0,7,7,Circle,0.208636,0.0816616,-29.5709,9.227,7.844,1.383,0.182295,0.0618224,8.959,7.712,1.247,75,76,train,train,train,train,train,val,train,test,test,train
3908,2020_Townsend,CC(C)C[C@@H]1NC(=O)[C@@H](C)NC(=O)[C@H]2CCCN2C(=O)[C@H](Cc2ccccc2)NC(=O)[C@H](CC(C)C)N(C)C(=O)[C@H]2CCCN2C(=O)[C@@H](CC(C)C)NC1=O,hepta_331,3908,-5.68,7,7,Circle,0.124244,0.0380085,-25.45,8.784,7.596,1.188,0.125779,0.0375924,8.851,7.734,1.117,44,67,train,train,val,train,train,train,val,train,val,val
3907,2020_Townsend,CC(C)C[C@@H]1NC(=O)[C@H]2CCCN2C(=O)[C@H](CC(C)C)NC(=O)[C@@H](CC(C)C)N(C)C(=O)[C@@H](C)NC(=O)[C@H]2CCCN2C(=O)[C@H](Cc2ccccc2)NC1=O,hepta_330,3907,-5.85,7,7,Circle,0.152918,0.0495277,-37.8912,9.492,8.009,1.483,0.120724,0.0392392,8.724,7.491,1.233,54,84,train,train,train,train,train,test,train,train,train,train
3906,2020_Townsend,CC(C)C[C@@H]1NC(=O)[C@H]2CCCN2C(=O)[C@@H](CC(C)C)N(C)C(=O)[C@H](CC(C)C)NC(=O)[C@@H](C)NC(=O)[C@H]2CCCN2C(=O)[C@H](Cc2ccccc2)NC1=O,hepta_329,3906,-4.0,7,7,Circle,0.185862,0.0749224,-33.2926,9.247,7.837,1.41,0.119628,0.0349492,8.69,7.583,1.107,56,32,train,train,train,train,train,val,train,train,train,train
3904,2020_Townsend,CC(C)C[C@@H]1NC(=O)[C@@H](C)NC(=O)[C@H]2CCCN2C(=O)[C@H](Cc2ccccc2)NC(=O)[C@@H](CC(C)C)N(C)C(=O)[C@H]2CCCN2C(=O)[C@H](CC(C)C)NC1=O,hepta_327,3904,-10.0,7,7,Circle,0.140221,0.0616767,-30.3242,9.074,7.922,1.152,0.145315,0.0496147,8.684,7.685,0.999,93,28,train,train,train,train,train,train,train,train,train,train
3903,2020_Townsend,CC(C)C[C@@H]1NC(=O)[C@H]2CCCN2C(=O)[C@@H](CC(C)C)NC(=O)[C@H](CC(C)C)N(C)C(=O)[C@@H](C)NC(=O)[C@H]2CCCN2C(=O)[C@H](Cc2ccccc2)NC1=O,hepta_326,3903,-4.0,7,7,Circle,0.153971,0.0668515,-37.3142,9.47,8.063,1.407,0.273694,0.121527,8.651,7.451,1.2,82,31,train,test,train,train,train,val,train,train,test,train
3902,2020_Townsend,CC(C)C[C@@H]1NC(=O)[C@@H](CC(C)C)N(C)C(=O)[C@@H](C)NC(=O)[C@H]2CCCN2C(=O)[C@H](Cc2ccccc2)NC(=O)[C@@H](CC(C)C)NC(=O)[C@H]2CCCN2C1=O,hepta_325,3902,-5.3,7,7,Circle,0.139199,0.0470613,-32.7911,8.944,7.635,1.309,0.18567,0.0742687,8.662,7.669,0.993,30,75,train,train,train,train,train,train,test,train,train,train
3901,2020_Townsend,CC(C)C[C@@H]1NC(=O)[C@@H](CC(C)C)NC(=O)[C@@H](C)NC(=O)[C@H]2CCCN2C(=O)[C@H](Cc2ccccc2)NC(=O)[C@@H](CC(C)C)N(C)C(=O)[C@H]2CCCN2C1=O,hepta_324,3901,-5.79,7,7,Circle,0.165694,0.0620451,-23.1564,8.59,7.319,1.271,0.12315,0.0356442,8.741,7.571,1.17,66,41,train,train,train,test,train,val,train,train,train,train
3900,2020_Townsend,CC(C)C[C@@H]1NC(=O)[C@@H](C)NC(=O)[C@H]2CCCN2C(=O)[C@H](Cc2ccccc2)NC(=O)[C@@H](CC(C)C)NC(=O)[C@H]2CCCN2C(=O)[C@@H](CC(C)C)N(C)C1=O,hepta_323,3900,-5.87,7,7,Circle,0.177197,0.0646252,-37.3802,9.307,7.915,1.392,0.108003,0.045855,9.135,7.824,1.311,26,7,train,train,train,train,train,train,train,test,train,train
3898,2020_Townsend,CC(C)C[C@@H]1NC(=O)[C@H]2CCCN2C(=O)[C@@H](CC(C)C)NC(=O)[C@@H](CC(C)C)N(C)C(=O)[C@@H](C)NC(=O)[C@H]2CCCN2C(=O)[C@H](Cc2ccccc2)NC1=O,hepta_321,3898,-10.0,7,7,Circle,0.117631,0.053681,-29.6574,8.97,7.6,1.37,0.276843,0.137621,8.96,7.631,1.329,50,44,val,train,train,train,train,train,train,train,train,train
3897,2020_Townsend,CC(C)C[C@H]1NC(=O)[C@@H](C)NC(=O)[C@H]2CCCN2C(=O)[C@H](Cc2ccccc2)NC(=O)[C@@H](CC(C)C)N(C)C(=O)[C@H]2CCCN2C(=O)[C@@H](CC(C)C)NC1=O,hepta_320,3897,-5.83,7,7,Circle,0.127445,0.0432689,-33.3971,9.109,7.801,1.308,0.115985,0.0481126,8.973,7.725,1.248,56,42,train,test,test,val,train,train,train,train,test,train
3895,2020_Townsend,CC(C)C[C@H]1NC(=O)[C@H]2CCCN2C(=O)[C@@H](CC(C)C)N(C)C(=O)[C@@H](CC(C)C)NC(=O)[C@@H](C)NC(=O)[C@H]2CCCN2C(=O)[C@H](Cc2ccccc2)NC1=O,hepta_318,3895,-6.62,7,7,Circle,0.173582,0.0672075,-34.8018,9.243,7.978,1.265,0.161638,0.0549274,8.93,7.651,1.279,6,9,train,train,train,train,train,train,train,train,train,val
3894,2020_Townsend,CC(C)C[C@@H]1NC(=O)[C@@H](C)NC(=O)[C@H]2CCCN2C(=O)[C@H](Cc2ccccc2)NC(=O)[C@H](CC(C)C)NC(=O)[C@H]2CCCN2C(=O)[C@H](CC(C)C)NC1=O,hepta_317,3894,-5.92,7,7,Circle,0.130494,0.0603687,-30.7407,8.709,7.366,1.343,0.152252,0.0642849,8.511,7.411,1.1,29,13,train,train,train,train,val,train,train,val,train,train
3893,2020_Townsend,CC(C)C[C@@H]1NC(=O)[C@@H](C)NC(=O)[C@H]2CCCN2C(=O)[C@H](Cc2ccccc2)NC(=O)[C@@H](CC(C)C)NC(=O)[C@H]2CCCN2C(=O)[C@H](CC(C)C)NC1=O,hepta_316,3893,-5.34,7,7,Circle,0.0810185,0.0321095,-31.5832,8.55,7.307,1.243,0.113349,0.0372752,8.544,7.421,1.123,24,43,test,train,train,train,train,test,train,val,train,train
3892,2020_Townsend,CC(C)C[C@@H]1NC(=O)[C@H]2CCCN2C(=O)[C@H](CC(C)C)NC(=O)[C@@H](CC(C)C)NC(=O)[C@@H](C)NC(=O)[C@H]2CCCN2C(=O)[C@H](Cc2ccccc2)NC1=O,hepta_315,3892,-10.0,7,7,Circle,0.170903,0.0668462,-31.9503,9.033,7.641,1.392,0.115241,0.0374261,8.671,7.331,1.34,56,17,val,train,train,train,train,train,train,train,train,test
3891,2020_Townsend,CC(C)C[C@@H]1NC(=O)[C@@H](C)NC(=O)[C@H]2CCCN2C(=O)[C@H](Cc2ccccc2)NC(=O)[C@H](CC(C)C)NC(=O)[C@H]2CCCN2C(=O)[C@@H](CC(C)C)NC1=O,hepta_314,3891,-7.85,7,7,Circle,0.200378,0.0834753,-34.7801,9.164,7.644,1.52,0.089107,0.0403833,8.395,7.195,1.2,34,90,train,train,train,train,train,train,train,train,val,train
3890,2020_Townsend,CC(C)C[C@@H]1NC(=O)[C@@H](CC(C)C)NC(=O)[C@@H](C)NC(=O)[C@H]2CCCN2C(=O)[C@H](Cc2ccccc2)NC(=O)[C@@H](CC(C)C)NC(=O)[C@H]2CCCN2C1=O,hepta_313,3890,-6.07,7,7,Circle,0.155941,0.059959,-34.8407,9.017,7.643,1.374,0.122277,0.0382471,8.541,7.275,1.266,99,3,train,test,test,train,train,test,train,train,val,train
3889,2020_Townsend,CC(C)C[C@@H]1NC(=O)[C@@H](C)NC(=O)[C@H]2CCCN2C(=O)[C@H](Cc2ccccc2)NC(=O)[C@@H](CC(C)C)NC(=O)[C@H]2CCCN2C(=O)[C@@H](CC(C)C)NC1=O,hepta_312,3889,-6.01,7,7,Circle,0.147044,0.0516547,-31.7818,8.868,7.355,1.513,0.141867,0.0573511,8.737,7.483,1.254,52,70,train,train,train,train,train,train,train,val,train,train
3888,2020_Townsend,CC(C)C[C@@H]1NC(=O)[C@H]2CCCN2C(=O)[C@@H](CC(C)C)NC(=O)[C@@H](CC(C)C)NC(=O)[C@@H](C)NC(=O)[C@H]2CCCN2C(=O)[C@H](Cc2ccccc2)NC1=O,hepta_311,3888,-6.96,7,7,Circle,0.136355,0.0543631,-30.0483,8.686,7.389,1.297,0.11399,0.0426903,8.497,7.421,1.076,30,49,train,train,train,train,train,train,val,train,train,train
3887,2020_Townsend,CC(C)C[C@H]1NC(=O)[C@@H](C)NC(=O)[C@H]2CCCN2C(=O)[C@H](Cc2ccccc2)NC(=O)[C@@H](CC(C)C)NC(=O)[C@H]2CCCN2C(=O)[C@@H](CC(C)C)NC1=O,hepta_310,3887,-6.79,7,7,Circle,0.137208,0.0418729,-35.7222,8.845,7.376,1.469,0.160142,0.0535691,8.573,7.358,1.215,22,85,train,test,train,train,train,test,train,val,train,train
3884,2020_Townsend,CC(C)C[C@H]1C(=O)N2CCC[C@@H]2C(=O)N(Cc2ccccc2)CC(=O)N[C@@H](Cc2ccccc2)C(=O)N2CCC[C@@H]2C(=O)N[C@@H](C)C(=O)N(Cc2ccccc2)CC(=O)N1C,hepta_307,3884,-5.96,7,7,Circle,0.14905,0.0531562,-39.8307,9.312,8.071,1.241,0.173211,0.0683859,9.238,8.169,1.069,37,17,val,train,test,train,train,train,test,train,val,train
3883,2020_Townsend,CC(C)C[C@@H]1C(=O)N(Cc2ccccc2)CC(=O)N2CCC[C@@H]2C(=O)N(Cc2ccccc2)CC(=O)N[C@@H](Cc2ccccc2)C(=O)N2CCC[C@@H]2C(=O)N[C@@H](C)C(=O)N1C,hepta_306,3883,-10.0,7,7,Circle,0.201116,0.078097,-31.7532,9.282,8.102,1.18,0.259492,0.111242,9.207,7.995,1.212,68,42,train,train,train,train,train,train,train,train,train,train
3880,2020_Townsend,CC(C)C[C@@H]1NC(=O)[C@H](C)NC(=O)[C@H]2CCCN2C(=O)[C@H](Cc2ccccc2)NC(=O)CN(Cc2ccccc2)C(=O)[C@H]2CCCN2C(=O)CN(Cc2ccccc2)C1=O,hepta_303,3880,-6.22,7,7,Circle,0.160047,0.0683256,-34.1634,8.877,7.656,1.221,0.157839,0.0388769,9.331,8.146,1.185,80,32,train,train,val,train,train,train,train,train,train,train
3879,2020_Townsend,CC(C)C[C@@H]1NC(=O)[C@H]2CCCN2C(=O)CN(Cc2ccccc2)C(=O)CN(Cc2ccccc2)C(=O)[C@H](C)NC(=O)[C@H]2CCCN2C(=O)[C@H](Cc2ccccc2)NC1=O,hepta_302,3879,-6.76,7,7,Circle,0.13976,0.0427215,-37.1758,8.871,7.543,1.328,0.179537,0.0441053,8.857,7.636,1.221,46,85,train,test,train,train,train,train,train,test,train,train
3878,2020_Townsend,CC(C)C[C@H]1C(=O)N2CCC[C@@H]2C(=O)N(C)[C@@H](CC(C)C)C(=O)N[C@@H](Cc2ccccc2)C(=O)N2CCC[C@@H]2C(=O)N[C@@H](C)C(=O)N(Cc2ccccc2)CC(=O)N1C,hepta_301,3878,-5.07,7,7,Circle,0.170508,0.0530914,-35.9526,9.437,8.253,1.184,0.151043,0.0535287,8.599,7.516,1.083,42,28,train,train,train,train,train,train,train,train,train,val
3877,2020_Townsend,CC(C)C[C@H]1C(=O)N(Cc2ccccc2)CC(=O)N2CCC[C@@H]2C(=O)N(C)[C@@H](CC(C)C)C(=O)N[C@@H](Cc2ccccc2)C(=O)N2CCC[C@@H]2C(=O)N[C@@H](C)C(=O)N1C,hepta_300,3877,-5.6,7,7,Circle,0.167603,0.0575495,-34.289,9.576,8.27,1.306,0.114334,0.0422466,8.971,7.822,1.149,74,78,train,train,train,test,train,train,train,train,train,test
3875,2020_Townsend,CC(C)C[C@H]1NC(=O)[C@H](C)NC(=O)[C@H]2CCCN2C(=O)[C@H](Cc2ccccc2)NC(=O)CN(Cc2ccccc2)C(=O)[C@H]2CCCN2C(=O)CN(Cc2ccccc2)C1=O,hepta_298,3875,-5.79,7,7,Circle,0.174259,0.059521,-49.2565,9.317,7.95,1.367,0.150853,0.0456748,8.864,7.674,1.19,52,22,train,val,train,train,train,train,train,train,train,train
3874,2020_Townsend,CC(C)C[C@H]1C(=O)N2CCC[C@@H]2C(=O)N(Cc2ccccc2)CC(=O)N[C@@H](Cc2ccccc2)C(=O)N2CCC[C@@H]2C(=O)N[C@@H](C)C(=O)N(C)[C@H](CC(C)C)C(=O)N1C,hepta_297,3874,-5.34,7,7,Circle,0.156429,0.0356162,-29.1299,9.747,8.474,1.273,0.160911,0.0485952,9.494,8.23,1.264,31,14,train,test,train,train,train,test,train,train,train,train
3873,2020_Townsend,CC(C)C[C@H]1C(=O)N(Cc2ccccc2)CC(=O)N2CCC[C@@H]2C(=O)N(C)[C@H](CC(C)C)C(=O)N[C@@H](Cc2ccccc2)C(=O)N2CCC[C@@H]2C(=O)N[C@@H](C)C(=O)N1C,hepta_296,3873,-6.43,7,7,Circle,0.145923,0.0405743,-28.0539,9.208,7.968,1.24,0.128137,0.037257,9.323,8.074,1.249,91,23,val,test,train,train,train,train,test,val,train,train
3871,2020_Townsend,CC(C)C[C@@H]1NC(=O)[C@H](C)NC(=O)[C@H]2CCCN2C(=O)[C@H](Cc2ccccc2)NC(=O)[C@H](CC(C)C)N(C)C(=O)[C@H]2CCCN2C(=O)CN(Cc2ccccc2)C1=O,hepta_294,3871,-6.12,7,7,Circle,0.14392,0.0416456,-32.1492,9.014,7.817,1.197,0.150767,0.0447111,8.506,7.446,1.06,49,29,train,test,train,val,train,val,train,train,train,train
3870,2020_Townsend,CC(C)C[C@@H]1NC(=O)[C@H]2CCCN2C(=O)CN(Cc2ccccc2)C(=O)[C@H](CC(C)C)N(C)C(=O)[C@H](C)NC(=O)[C@H]2CCCN2C(=O)[C@H](Cc2ccccc2)NC1=O,hepta_293,3870,-10.0,7,7,Circle,0.146729,0.037323,-28.4701,8.955,7.638,1.317,0.144016,0.0384475,8.919,7.596,1.323,38,94,train,train,train,train,train,train,train,train,train,train
3869,2020_Townsend,CC(C)C[C@@H]1NC(=O)[C@@H](CC(C)C)N(C)C(=O)[C@H](C)NC(=O)[C@H]2CCCN2C(=O)[C@H](Cc2ccccc2)NC(=O)CN(Cc2ccccc2)C(=O)[C@H]2CCCN2C1=O,hepta_292,3869,-5.51,7,7,Circle,0.144135,0.0460778,-31.8543,8.712,7.602,1.11,0.160315,0.0743191,8.891,7.802,1.089,65,57,train,train,train,test,test,val,train,train,train,train
3867,2020_Townsend,CC(C)C[C@H]1C(=O)N(Cc2ccccc2)CC(=O)N2CCC[C@@H]2C(=O)N[C@H](CC(C)C)C(=O)N[C@@H](Cc2ccccc2)C(=O)N2CCC[C@@H]2C(=O)N[C@@H](C)C(=O)N1C,hepta_290,3867,-6.15,7,7,Circle,0.148926,0.0401366,-34.6708,9.223,7.851,1.372,0.155459,0.0457405,8.723,7.62,1.103,99,70,train,test,train,val,train,train,train,train,train,train
3864,2020_Townsend,CC(C)C[C@H]1C(=O)N2CCC[C@@H]2C(=O)N(C)[C@@H](CC(C)C)C(=O)N[C@@H](Cc2ccccc2)C(=O)N2CCC[C@@H]2C(=O)N[C@@H](C)C(=O)N(C)[C@H](CC(C)C)C(=O)N1C,hepta_287,3864,-4.93,7,7,Circle,0.192193,0.0959662,-28.288,9.206,8.017,1.189,0.111337,0.0404971,8.926,8.005,0.921,11,69,train,test,train,train,test,train,train,val,train,train
3863,2020_Townsend,CC(C)C[C@H]1NC(=O)[C@H]2CCCN2C(=O)CN(Cc2ccccc2)C(=O)[C@@H](CC(C)C)N(C)C(=O)[C@H](C)NC(=O)[C@H]2CCCN2C(=O)[C@H](Cc2ccccc2)NC1=O,hepta_286,3863,-5.86,7,7,Circle,0.150637,0.0585235,-32.2974,8.773,7.559,1.214,0.123734,0.0722725,8.665,7.359,1.306,29,91,train,train,train,train,train,train,test,train,test,train
3862,2020_Townsend,CC(C)C[C@H]1NC(=O)[C@H](C)NC(=O)[C@H]2CCCN2C(=O)[C@H](Cc2ccccc2)NC(=O)[C@@H](CC(C)C)N(C)C(=O)[C@H]2CCCN2C(=O)CN(Cc2ccccc2)C1=O,hepta_285,3862,-5.62,7,7,Circle,0.136013,0.0437581,-43.1071,9.625,8.307,1.318,0.129908,0.0391385,8.969,7.83,1.139,86,35,test,train,train,val,train,train,train,test,train,train
3861,2020_Townsend,CC(C)C[C@H]1NC(=O)[C@H](C)NC(=O)[C@H]2CCCN2C(=O)[C@H](Cc2ccccc2)NC(=O)CN(Cc2ccccc2)C(=O)[C@H]2CCCN2C(=O)[C@@H](CC(C)C)N(C)C1=O,hepta_284,3861,-6.16,7,7,Circle,0.150568,0.0472348,-36.2845,9.092,7.813,1.279,0.113149,0.0336422,8.694,7.553,1.141,53,65,test,val,test,train,test,train,train,train,train,train
3860,2020_Townsend,CC(C)C[C@H]1C(=O)N2CCC[C@@H]2C(=O)N(C)[C@H](CC(C)C)C(=O)N[C@@H](Cc2ccccc2)C(=O)N2CCC[C@@H]2C(=O)N[C@@H](C)C(=O)N(C)[C@H](CC(C)C)C(=O)N1C,hepta_283,3860,-5.01,7,7,Circle,0.123402,0.038031,-24.7099,8.665,7.558,1.107,0.135819,0.0426716,8.984,8.051,0.933,35,83,train,train,train,train,train,train,train,train,train,val
3859,2020_Townsend,CC(C)C[C@H]1C(=O)N[C@@H](Cc2ccccc2)C(=O)N2CCC[C@@H]2C(=O)N[C@@H](C)C(=O)N(C)[C@H](CC(C)C)C(=O)N(C)[C@H](CC(C)C)C(=O)N2CCC[C@@H]2C(=O)N1C,hepta_282,3859,-4.79,7,7,Circle,0.143006,0.0522417,-28.6438,9.266,8.106,1.16,0.0927624,0.0343257,8.791,7.819,0.972,31,7,train,train,train,train,val,train,train,train,train,train
3858,2020_Townsend,CC(C)C[C@@H]1C(=O)N(C)[C@H](CC(C)C)C(=O)N2CCC[C@@H]2C(=O)N(C)[C@H](CC(C)C)C(=O)N[C@@H](Cc2ccccc2)C(=O)N2CCC[C@@H]2C(=O)N[C@@H](C)C(=O)N1C,hepta_281,3858,-6.07,7,7,Circle,0.114692,0.0392207,-33.1769,8.736,7.639,1.097,0.143494,0.0432123,8.996,7.769,1.227,66,4,train,train,test,train,train,train,train,train,train,train
3857,2020_Townsend,CC(C)C[C@@H]1NC(=O)[C@H](C)NC(=O)[C@H]2CCCN2C(=O)[C@H](Cc2ccccc2)NC(=O)CN(Cc2ccccc2)C(=O)[C@H]2CCCN2C(=O)[C@H](CC(C)C)NC1=O,hepta_280,3857,-5.76,7,7,Circle,0.212301,0.0910348,-39.3703,9.128,7.685,1.443,0.142519,0.0429591,9.189,7.92,1.269,76,61,train,train,train,train,val,train,train,test,test,test
3856,2020_Townsend,CC(C)C[C@@H]1NC(=O)[C@H]2CCCN2C(=O)CN(Cc2ccccc2)C(=O)[C@H](CC(C)C)NC(=O)[C@H](C)NC(=O)[C@H]2CCCN2C(=O)[C@H](Cc2ccccc2)NC1=O,hepta_279,3856,-6.22,7,7,Circle,0.148313,0.04289,-31.9118,8.724,7.462,1.262,0.111009,0.0390822,8.272,7.036,1.236,49,72,train,train,val,train,train,train,val,train,train,val
3855,2020_Townsend,CC(C)C[C@@H]1NC(=O)[C@H]2CCCN2C(=O)[C@H](CC(C)C)NC(=O)CN(Cc2ccccc2)C(=O)[C@H](C)NC(=O)[C@H]2CCCN2C(=O)[C@H](Cc2ccccc2)NC1=O,hepta_278,3855,-10.0,7,7,Circle,0.148675,0.0695311,-36.9802,9.015,7.669,1.346,0.153051,0.0695053,8.599,7.521,1.078,55,91,val,val,val,train,train,train,test,train,train,test
3854,2020_Townsend,CC(C)C[C@@H]1NC(=O)[C@H](C)NC(=O)[C@H]2CCCN2C(=O)[C@H](Cc2ccccc2)NC(=O)[C@H](CC(C)C)N(C)C(=O)[C@H]2CCCN2C(=O)[C@H](CC(C)C)N(C)C1=O,hepta_277,3854,-5.57,7,7,Circle,0.144523,0.0643429,-21.0186,8.925,7.868,1.057,0.123129,0.0458625,8.834,7.836,0.998,99,58,train,train,train,train,train,train,train,train,train,test
3853,2020_Townsend,CC(C)C[C@@H]1NC(=O)[C@@H](CC(C)C)NC(=O)[C@H](C)NC(=O)[C@H]2CCCN2C(=O)[C@H](Cc2ccccc2)NC(=O)CN(Cc2ccccc2)C(=O)[C@H]2CCCN2C1=O,hepta_276,3853,-6.81,7,7,Circle,0.218924,0.0866406,-43.1644,9.439,7.861,1.578,0.154628,0.0487276,9.101,7.959,1.142,74,82,train,train,train,train,test,train,train,train,train,train
3851,2020_Townsend,CC(C)C[C@@H]1NC(=O)[C@H](C)NC(=O)[C@H]2CCCN2C(=O)[C@H](Cc2ccccc2)NC(=O)[C@@H](CC(C)C)NC(=O)[C@H]2CCCN2C(=O)CN(Cc2ccccc2)C1=O,hepta_274,3851,-10.0,7,7,Circle,0.185551,0.0614147,-43.5989,9.286,7.868,1.418,0.130341,0.0349233,8.56,7.332,1.228,44,21,test,train,train,train,test,train,train,train,train,train
3850,2020_Townsend,CC(C)C[C@@H]1NC(=O)[C@H]2CCCN2C(=O)CN(Cc2ccccc2)C(=O)[C@@H](CC(C)C)NC(=O)[C@H](C)NC(=O)[C@H]2CCCN2C(=O)[C@H](Cc2ccccc2)NC1=O,hepta_273,3850,-6.07,7,7,Circle,0.172381,0.0584269,-40.5233,9.359,8.017,1.342,0.150787,0.0442859,8.601,7.47,1.131,97,68,test,train,train,test,train,train,train,train,train,test
3849,2020_Townsend,CC(C)C[C@H]1C(=O)N2CCC[C@@H]2C(=O)N(C)[C@@H](CC(C)C)C(=O)N[C@@H](Cc2ccccc2)C(=O)N2CCC[C@@H]2C(=O)N[C@@H](C)C(=O)N[C@H](CC(C)C)C(=O)N1C,hepta_272,3849,-5.73,7,7,Circle,0.137866,0.0455954,-33.7465,9.284,8.055,1.229,0.104729,0.0349129,8.72,7.646,1.074,61,36,train,train,train,train,train,train,train,train,train,test
3848,2020_Townsend,CC(C)C[C@@H]1NC(=O)[C@H](C)NC(=O)[C@H]2CCCN2C(=O)[C@H](Cc2ccccc2)NC(=O)[C@H](CC(C)C)N(C)C(=O)[C@H]2CCCN2C(=O)[C@@H](CC(C)C)N(C)C1=O,hepta_271,3848,-6.24,7,7,Circle,0.131396,0.0540757,-34.6321,9.186,7.967,1.219,0.109372,0.0327475,8.751,7.684,1.067,99,98,train,val,val,train,train,train,train,train,train,val
3847,2020_Townsend,CC(C)C[C@@H]1NC(=O)[C@H]2CCCN2C(=O)[C@H](CC(C)C)N(C)C(=O)[C@@H](CC(C)C)N(C)C(=O)[C@H](C)NC(=O)[C@H]2CCCN2C(=O)[C@H](Cc2ccccc2)NC1=O,hepta_270,3847,-6.17,7,7,Circle,0.166598,0.0732827,-31.3609,9.22,8.055,1.165,0.153637,0.0599396,8.961,7.902,1.059,60,79,train,train,train,train,train,train,train,train,test,test
3846,2020_Townsend,CC(C)C[C@H]1NC(=O)[C@H](C)NC(=O)[C@H]2CCCN2C(=O)[C@H](Cc2ccccc2)NC(=O)CN(Cc2ccccc2)C(=O)[C@H]2CCCN2C(=O)[C@@H](CC(C)C)NC1=O,hepta_269,3846,-6.67,7,7,Circle,0.180619,0.0663941,-30.9888,8.824,7.59,1.234,0.123255,0.0370439,8.621,7.438,1.183,26,55,train,train,train,train,train,train,train,val,train,train
3845,2020_Townsend,CC(C)C[C@@H]1NC(=O)[C@@H](CC(C)C)N(C)C(=O)[C@H](C)NC(=O)[C@H]2CCCN2C(=O)[C@H](Cc2ccccc2)NC(=O)[C@@H](CC(C)C)N(C)C(=O)[C@H]2CCCN2C1=O,hepta_268,3845,-4.92,7,7,Circle,0.137082,0.0468203,-28.8179,9.203,7.951,1.252,0.154981,0.0549827,9.085,7.86,1.225,51,8,train,train,val,train,train,train,val,train,train,train
3844,2020_Townsend,CC(C)C[C@@H]1NC(=O)[C@H]2CCCN2C(=O)[C@@H](CC(C)C)N(C)C(=O)[C@@H](CC(C)C)N(C)C(=O)[C@H](C)NC(=O)[C@H]2CCCN2C(=O)[C@H](Cc2ccccc2)NC1=O,hepta_267,3844,-5.61,7,7,Circle,0.153963,0.0513454,-34.4754,9.463,8.049,1.414,0.149429,0.0550168,8.816,7.721,1.095,66,95,train,train,train,train,train,train,train,val,train,train
3843,2020_Townsend,CC(C)C[C@@H]1NC(=O)[C@H](C)NC(=O)[C@H]2CCCN2C(=O)[C@H](Cc2ccccc2)NC(=O)[C@@H](CC(C)C)N(C)C(=O)[C@H]2CCCN2C(=O)[C@@H](CC(C)C)N(C)C1=O,hepta_266,3843,-5.98,7,7,Circle,0.144885,0.0550302,-30.5755,9.419,8.095,1.324,0.14968,0.0609502,9.066,7.974,1.092,26,10,val,train,test,train,train,train,train,train,train,test
3842,2020_Townsend,CC(C)C[C@H]1C(=O)N2CCC[C@@H]2C(=O)N(C)[C@H](CC(C)C)C(=O)N[C@@H](Cc2ccccc2)C(=O)N2CCC[C@@H]2C(=O)N[C@@H](C)C(=O)N[C@H](CC(C)C)C(=O)N1C,hepta_265,3842,-5.73,7,7,Circle,0.166847,0.059742,-27.8455,9.334,8.019,1.315,0.176315,0.0656322,8.95,7.712,1.238,77,10,train,train,train,train,train,train,test,train,train,val
3841,2020_Townsend,CC(C)C[C@H]1C(=O)N[C@@H](Cc2ccccc2)C(=O)N2CCC[C@@H]2C(=O)N[C@@H](C)C(=O)N(C)[C@H](CC(C)C)C(=O)N[C@H](CC(C)C)C(=O)N2CCC[C@@H]2C(=O)N1C,hepta_264,3841,-5.55,7,7,Circle,0.148502,0.0495393,-31.8624,9.47,8.042,1.428,0.0895453,0.039439,8.736,7.545,1.191,45,62,val,val,train,train,train,train,test,train,train,train
3839,2020_Townsend,CC(C)C[C@H]1C(=O)N[C@@H](Cc2ccccc2)C(=O)N2CCC[C@@H]2C(=O)N[C@@H](C)C(=O)N[C@H](CC(C)C)C(=O)N(C)[C@H](CC(C)C)C(=O)N2CCC[C@@H]2C(=O)N1C,hepta_262,3839,-5.75,7,7,Circle,0.0931558,0.044036,-29.6139,8.954,7.808,1.146,0.142031,0.0351838,8.62,7.587,1.033,52,24,train,train,train,train,train,train,test,train,train,train
3838,2020_Townsend,CC(C)C[C@H]1NC(=O)[C@@H](CC(C)C)N(C)C(=O)[C@H](C)NC(=O)[C@H]2CCCN2C(=O)[C@H](Cc2ccccc2)NC(=O)[C@@H](CC(C)C)N(C)C(=O)[C@H]2CCCN2C1=O,hepta_261,3838,-5.31,7,7,Circle,0.128222,0.0481389,-27.3257,8.991,7.725,1.266,0.158225,0.0512883,8.944,7.867,1.077,50,53,train,val,train,train,train,train,train,test,train,train
3836,2020_Townsend,CC(C)C[C@@H]1NC(=O)[C@H](C)NC(=O)[C@H]2CCCN2C(=O)[C@H](Cc2ccccc2)NC(=O)[C@H](CC(C)C)N(C)C(=O)[C@H]2CCCN2C(=O)[C@H](CC(C)C)NC1=O,hepta_259,3836,-5.83,7,7,Circle,0.232402,0.116311,-29.5208,9.11,7.772,1.338,0.156983,0.0739512,9.095,7.857,1.238,27,38,train,train,train,train,train,train,train,val,train,train
3835,2020_Townsend,CC(C)C[C@@H]1NC(=O)[C@H]2CCCN2C(=O)[C@H](CC(C)C)N(C)C(=O)[C@H](CC(C)C)NC(=O)[C@H](C)NC(=O)[C@H]2CCCN2C(=O)[C@H](Cc2ccccc2)NC1=O,hepta_258,3835,-6.6,7,7,Circle,0.141547,0.0562203,-45.7521,9.503,8.046,1.457,0.107005,0.0399549,8.852,7.661,1.191,52,92,train,train,train,train,train,train,train,train,train,test
3834,2020_Townsend,CC(C)C[C@@H]1NC(=O)[C@@H](CC(C)C)NC(=O)[C@H](C)NC(=O)[C@H]2CCCN2C(=O)[C@H](Cc2ccccc2)NC(=O)[C@H](CC(C)C)N(C)C(=O)[C@H]2CCCN2C1=O,hepta_257,3834,-6.25,7,7,Circle,0.116851,0.0396725,-21.5317,8.554,7.347,1.207,0.122591,0.039134,8.676,7.507,1.169,39,53,train,val,train,train,train,train,test,train,train,train
3833,2020_Townsend,CC(C)C[C@@H]1NC(=O)[C@H](C)NC(=O)[C@H]2CCCN2C(=O)[C@H](Cc2ccccc2)NC(=O)[C@@H](CC(C)C)N(C)C(=O)[C@H]2CCCN2C(=O)[C@H](CC(C)C)NC1=O,hepta_256,3833,-5.96,7,7,Circle,0.16744,0.0841973,-33.9192,9.078,7.716,1.362,0.101681,0.0374862,8.579,7.468,1.111,76,8,train,train,val,train,test,train,train,train,val,test
3832,2020_Townsend,CC(C)C[C@@H]1NC(=O)[C@H](C)NC(=O)[C@H]2CCCN2C(=O)[C@H](Cc2ccccc2)NC(=O)[C@H](CC(C)C)N(C)C(=O)[C@H]2CCCN2C(=O)[C@@H](CC(C)C)NC1=O,hepta_255,3832,-6.68,7,7,Circle,0.125203,0.042207,-24.5444,8.846,7.674,1.172,0.124854,0.0401067,8.873,7.756,1.117,35,100,val,train,train,train,train,test,train,test,test,train
3831,2020_Townsend,CC(C)C[C@@H]1NC(=O)[C@H]2CCCN2C(=O)[C@@H](CC(C)C)NC(=O)[C@H](CC(C)C)N(C)C(=O)[C@H](C)NC(=O)[C@H]2CCCN2C(=O)[C@H](Cc2ccccc2)NC1=O,hepta_254,3831,-6.06,7,7,Circle,0.156395,0.05554,-36.7429,9.389,7.906,1.483,0.0998723,0.0383721,8.533,7.303,1.23,27,90,train,train,train,test,train,train,train,train,train,train
3830,2020_Townsend,CC(C)C[C@@H]1NC(=O)[C@H]2CCCN2C(=O)[C@@H](CC(C)C)N(C)C(=O)[C@H](CC(C)C)NC(=O)[C@H](C)NC(=O)[C@H]2CCCN2C(=O)[C@H](Cc2ccccc2)NC1=O,hepta_253,3830,-5.98,7,7,Circle,0.184585,0.0798713,-40.7499,9.387,7.952,1.435,0.112421,0.036657,8.882,7.646,1.236,79,61,test,train,train,val,train,train,val,train,train,train
3829,2020_Townsend,CC(C)C[C@@H]1NC(=O)[C@H]2CCCN2C(=O)[C@H](CC(C)C)NC(=O)[C@@H](CC(C)C)N(C)C(=O)[C@H](C)NC(=O)[C@H]2CCCN2C(=O)[C@H](Cc2ccccc2)NC1=O,hepta_252,3829,-5.69,7,7,Circle,0.170071,0.0651798,-39.2632,9.302,7.904,1.398,0.108883,0.0359302,8.493,7.322,1.171,64,40,train,train,train,test,train,train,train,train,train,train
3828,2020_Townsend,CC(C)C[C@@H]1NC(=O)[C@H]2CCCN2C(=O)[C@H](CC(C)C)N(C)C(=O)[C@@H](CC(C)C)NC(=O)[C@H](C)NC(=O)[C@H]2CCCN2C(=O)[C@H](Cc2ccccc2)NC1=O,hepta_251,3828,-6.95,7,7,Circle,0.140413,0.0572936,-29.6209,9.154,7.702,1.452,0.101332,0.038187,8.419,7.18,1.239,49,39,val,train,train,val,train,train,train,test,train,val
3827,2020_Townsend,CC(C)C[C@@H]1NC(=O)[C@@H](CC(C)C)NC(=O)[C@H](C)NC(=O)[C@H]2CCCN2C(=O)[C@H](Cc2ccccc2)NC(=O)[C@@H](CC(C)C)N(C)C(=O)[C@H]2CCCN2C1=O,hepta_250,3827,-5.89,7,7,Circle,0.173629,0.0608789,-47.1817,9.542,8.008,1.534,0.115781,0.0384132,8.813,7.625,1.188,51,52,train,train,train,train,test,train,train,train,train,val
3826,2020_Townsend,CC(C)C[C@H]1C(=O)N[C@@H](Cc2ccccc2)C(=O)N2CCC[C@@H]2C(=O)N[C@@H](C)C(=O)N[C@H](CC(C)C)C(=O)N[C@H](CC(C)C)C(=O)N2CCC[C@@H]2C(=O)N1C,hepta_249,3826,-6.54,7,7,Circle,0.135772,0.0561662,-37.7944,9.187,7.77,1.417,0.162996,0.0502457,8.578,7.433,1.145,92,43,train,test,train,test,train,test,train,val,train,train
3825,2020_Townsend,CC(C)C[C@@H]1NC(=O)[C@H](C)NC(=O)[C@H]2CCCN2C(=O)[C@H](Cc2ccccc2)NC(=O)[C@@H](CC(C)C)N(C)C(=O)[C@H]2CCCN2C(=O)[C@@H](CC(C)C)NC1=O,hepta_248,3825,-6.6,7,7,Circle,0.144364,0.0535716,-30.2776,8.836,7.518,1.318,0.0945572,0.037091,8.563,7.423,1.14,87,83,val,train,train,train,train,train,val,train,train,test
3823,2020_Townsend,CC(C)C[C@H]1NC(=O)[C@H]2CCCN2C(=O)[C@@H](CC(C)C)NC(=O)[C@@H](CC(C)C)N(C)C(=O)[C@H](C)NC(=O)[C@H]2CCCN2C(=O)[C@H](Cc2ccccc2)NC1=O,hepta_246,3823,-5.93,7,7,Circle,0.166604,0.0594527,-25.8333,8.988,7.74,1.248,0.143596,0.0468558,8.843,7.707,1.136,61,50,train,test,test,train,val,train,train,train,train,train
3822,2020_Townsend,CC(C)C[C@H]1NC(=O)[C@H](C)NC(=O)[C@H]2CCCN2C(=O)[C@H](Cc2ccccc2)NC(=O)[C@@H](CC(C)C)N(C)C(=O)[C@H]2CCCN2C(=O)[C@@H](CC(C)C)NC1=O,hepta_245,3822,-6.51,7,7,Circle,0.126928,0.0521461,-31.6506,8.856,7.647,1.209,0.122909,0.0402672,8.756,7.507,1.249,44,15,train,train,train,train,train,train,test,train,train,val
3820,2020_Townsend,CC(C)C[C@@H]1NC(=O)[C@H](C)NC(=O)[C@H]2CCCN2C(=O)[C@H](Cc2ccccc2)NC(=O)[C@H](CC(C)C)NC(=O)[C@H]2CCCN2C(=O)[C@H](CC(C)C)NC1=O,hepta_243,3820,-6.57,7,7,Circle,0.163963,0.0743765,-33.3971,8.931,7.587,1.344,0.141381,0.0586817,8.88,7.626,1.254,83,99,train,train,train,train,train,val,test,train,val,train
3819,2020_Townsend,CC(C)C[C@@H]1NC(=O)[C@H](C)NC(=O)[C@H]2CCCN2C(=O)[C@H](Cc2ccccc2)NC(=O)[C@@H](CC(C)C)NC(=O)[C@H]2CCCN2C(=O)[C@H](CC(C)C)NC1=O,hepta_242,3819,-5.92,7,7,Circle,0.237051,0.111201,-29.7235,8.858,7.509,1.349,0.183977,0.0809149,8.752,7.519,1.233,51,22,train,train,train,val,train,train,train,train,train,test
3818,2020_Townsend,CC(C)C[C@@H]1NC(=O)[C@H]2CCCN2C(=O)[C@H](CC(C)C)NC(=O)[C@@H](CC(C)C)NC(=O)[C@H](C)NC(=O)[C@H]2CCCN2C(=O)[C@H](Cc2ccccc2)NC1=O,hepta_241,3818,-10.0,7,7,Circle,0.128484,0.0447724,-33.9586,8.733,7.565,1.168,0.152215,0.0560869,8.878,7.71,1.168,88,74,train,train,test,train,train,val,train,train,train,train
3817,2020_Townsend,CC(C)C[C@@H]1NC(=O)[C@H](C)NC(=O)[C@H]2CCCN2C(=O)[C@H](Cc2ccccc2)NC(=O)[C@H](CC(C)C)NC(=O)[C@H]2CCCN2C(=O)[C@@H](CC(C)C)NC1=O,hepta_240,3817,-10.0,7,7,Circle,0.173044,0.0697756,-29.323,8.863,7.546,1.317,0.156762,0.0472589,8.611,7.412,1.199,100,53,test,train,train,train,train,train,test,train,test,val
3816,2020_Townsend,CC(C)C[C@@H]1NC(=O)[C@@H](CC(C)C)NC(=O)[C@H](C)NC(=O)[C@H]2CCCN2C(=O)[C@H](Cc2ccccc2)NC(=O)[C@@H](CC(C)C)NC(=O)[C@H]2CCCN2C1=O,hepta_239,3816,-6.37,7,7,Circle,0.170168,0.0768255,-47.2128,9.331,7.692,1.639,0.1401,0.0354945,8.538,7.471,1.067,64,29,train,train,train,train,train,train,train,train,train,train
3814,2020_Townsend,CC(C)C[C@H]1NC(=O)[C@H](C)NC(=O)[C@H]2CCCN2C(=O)[C@H](Cc2ccccc2)NC(=O)[C@@H](CC(C)C)NC(=O)[C@H]2CCCN2C(=O)[C@@H](CC(C)C)NC1=O,hepta_237,3814,-6.76,7,7,Circle,0.10858,0.041029,-46.7206,8.894,7.424,1.47,0.142326,0.0519019,8.484,7.227,1.257,77,27,train,train,val,train,train,train,train,train,test,train
3813,2020_Townsend,C[C@H]1NC(=O)[C@H]2CCCN2C(=O)[C@H](Cc2ccccc2)NC(=O)CN(Cc2ccccc2)C(=O)[C@@H]2CCCN2C(=O)CN(Cc2ccccc2)C(=O)CN(Cc2ccccc2)C1=O,hepta_236,3813,-6.19,7,7,Circle,0.21947,0.0806184,-46.5426,9.5,8.154,1.346,0.206757,0.116869,8.816,7.474,1.342,5,17,train,test,val,train,train,train,train,train,train,train
3811,2020_Townsend,CC(C)C[C@H]1C(=O)N(Cc2ccccc2)CC(=O)N2CCC[C@H]2C(=O)N(Cc2ccccc2)CC(=O)N[C@@H](Cc2ccccc2)C(=O)N2CCC[C@@H]2C(=O)N[C@H](C)C(=O)N1C,hepta_234,3811,-10.0,7,7,Circle,0.182856,0.0508233,-33.1755,9.461,8.256,1.205,0.160882,0.03823,9.021,7.819,1.202,96,100,val,val,train,train,train,train,train,train,test,train
3805,2020_Townsend,CC(C)C[C@@H]1NC(=O)[C@@H](C)NC(=O)[C@H]2CCCN2C(=O)[C@H](Cc2ccccc2)NC(=O)CN(Cc2ccccc2)C(=O)[C@@H]2CCCN2C(=O)CN(Cc2ccccc2)C1=O,hepta_228,3805,-5.49,7,7,Circle,0.208242,0.0941088,-45.1316,9.347,8.024,1.323,0.155798,0.0524572,8.892,7.858,1.034,26,99,train,train,train,train,train,train,train,train,train,val
3804,2020_Townsend,CC(C)C[C@@H]1NC(=O)CN(Cc2ccccc2)C(=O)[C@@H](C)NC(=O)[C@H]2CCCN2C(=O)[C@H](Cc2ccccc2)NC(=O)CN(Cc2ccccc2)C(=O)[C@@H]2CCCN2C1=O,hepta_227,3804,-6.24,7,7,Circle,0.191593,0.0602851,-40.457,8.935,7.724,1.211,0.270452,0.121923,9.007,7.888,1.119,39,87,train,val,train,train,train,test,test,test,train,test
3803,2020_Townsend,CC(C)C[C@@H]1NC(=O)[C@@H]2CCCN2C(=O)CN(Cc2ccccc2)C(=O)CN(Cc2ccccc2)C(=O)[C@@H](C)NC(=O)[C@H]2CCCN2C(=O)[C@H](Cc2ccccc2)NC1=O,hepta_226,3803,-6.73,7,7,Circle,0.175725,0.0805598,-38.7267,9.328,7.984,1.344,0.196386,0.0831261,8.988,7.738,1.25,49,3,train,train,train,train,train,train,train,train,train,val
3802,2020_Townsend,CC(C)C[C@H]1C(=O)N[C@@H](Cc2ccccc2)C(=O)N2CCC[C@@H]2C(=O)N[C@H](C)C(=O)N(C)[C@@H](CC(C)C)C(=O)N(Cc2ccccc2)CC(=O)N2CCC[C@H]2C(=O)N1C,hepta_225,3802,-6.04,7,7,Circle,0.152688,0.0503067,-32.0052,9.02,7.729,1.291,0.121284,0.0389114,9.009,7.8,1.209,71,93,train,train,train,train,train,train,train,val,val,train
3801,2020_Townsend,CC(C)C[C@H]1NC(=O)[C@@H](C)NC(=O)[C@H]2CCCN2C(=O)[C@H](Cc2ccccc2)NC(=O)CN(Cc2ccccc2)C(=O)[C@@H]2CCCN2C(=O)CN(Cc2ccccc2)C1=O,hepta_224,3801,-6.54,7,7,Circle,0.19385,0.0817791,-40.7764,9.275,7.896,1.379,0.146704,0.0369268,9.275,7.89,1.385,50,100,train,train,train,train,val,train,train,test,train,test
3800,2020_Townsend,CC(C)C[C@H]1C(=O)N(Cc2ccccc2)CC(=O)N2CCC[C@H]2C(=O)N(C)[C@H](CC(C)C)C(=O)N[C@@H](Cc2ccccc2)C(=O)N2CCC[C@@H]2C(=O)N[C@H](C)C(=O)N1C,hepta_223,3800,-6.38,7,7,Circle,0.215372,0.106909,-25.8384,8.969,7.942,1.027,0.148487,0.0466766,8.885,7.919,0.966,22,96,train,train,val,train,train,train,train,train,train,train
3798,2020_Townsend,CC(C)C[C@H]1C(=O)N(C)[C@H](CC(C)C)C(=O)N2CCC[C@H]2C(=O)N(Cc2ccccc2)CC(=O)N[C@@H](Cc2ccccc2)C(=O)N2CCC[C@@H]2C(=O)N[C@H](C)C(=O)N1C,hepta_221,3798,-5.91,7,7,Circle,0.159208,0.0377676,-38.7102,9.599,8.429,1.17,0.142265,0.037405,8.949,7.773,1.176,83,8,train,train,train,train,train,train,val,train,val,train
3797,2020_Townsend,CC(C)C[C@H]1C(=O)N2CCC[C@H]2C(=O)N(Cc2ccccc2)CC(=O)N[C@@H](Cc2ccccc2)C(=O)N2CCC[C@@H]2C(=O)N[C@H](C)C(=O)N(C)[C@H](CC(C)C)C(=O)N1C,hepta_220,3797,-5.79,7,7,Circle,0.172335,0.0416793,-31.2037,9.414,8.069,1.345,0.136247,0.0330956,9.385,8.162,1.223,37,26,val,train,train,train,train,train,train,train,train,train
3796,2020_Townsend,CC(C)C[C@H]1C(=O)N[C@@H](Cc2ccccc2)C(=O)N2CCC[C@@H]2C(=O)N[C@H](C)C(=O)N(C)[C@H](CC(C)C)C(=O)N(Cc2ccccc2)CC(=O)N2CCC[C@H]2C(=O)N1C,hepta_219,3796,-5.82,7,7,Circle,0.138689,0.0481029,-26.2017,8.809,7.682,1.127,0.102362,0.0366182,8.686,7.422,1.264,4,53,train,train,train,train,train,train,train,val,val,train
3794,2020_Townsend,CC(C)C[C@@H]1C(=O)N[C@@H](Cc2ccccc2)C(=O)N2CCC[C@@H]2C(=O)N[C@H](C)C(=O)N(C)[C@H](CC(C)C)C(=O)N(Cc2ccccc2)CC(=O)N2CCC[C@H]2C(=O)N1C,hepta_217,3794,-5.45,7,7,Circle,0.167407,0.0567242,-41.5985,9.652,8.33,1.322,0.165025,0.0531224,9.164,8.153,1.011,41,49,train,train,train,train,train,test,train,train,test,train
3792,2020_Townsend,CC(C)C[C@@H]1NC(=O)[C@@H](C)NC(=O)[C@H]2CCCN2C(=O)[C@H](Cc2ccccc2)NC(=O)[C@H](CC(C)C)N(C)C(=O)[C@@H]2CCCN2C(=O)CN(Cc2ccccc2)C1=O,hepta_215,3792,-5.9,7,7,Circle,0.138115,0.045938,-46.0557,9.698,8.38,1.318,0.128279,0.0462975,9.109,7.848,1.261,4,80,train,train,train,train,train,train,test,test,val,train
3791,2020_Townsend,CC(C)C[C@@H]1NC(=O)[C@@H]2CCCN2C(=O)CN(Cc2ccccc2)C(=O)[C@H](CC(C)C)N(C)C(=O)[C@@H](C)NC(=O)[C@H]2CCCN2C(=O)[C@H](Cc2ccccc2)NC1=O,hepta_214,3791,-6.23,7,7,Circle,0.175415,0.0750164,-29.8022,9.07,7.739,1.331,0.111832,0.036852,8.769,7.481,1.288,75,4,train,train,train,test,val,train,train,train,val,train
3789,2020_Townsend,CC(C)C[C@H]1C(=O)N(Cc2ccccc2)CC(=O)N2CCC[C@H]2C(=O)N[C@H](CC(C)C)C(=O)N[C@@H](Cc2ccccc2)C(=O)N2CCC[C@@H]2C(=O)N[C@H](C)C(=O)N1C,hepta_212,3789,-5.26,7,7,Circle,0.20165,0.0883477,-35.077,9.003,7.703,1.3,0.177224,0.0697558,8.948,7.659,1.289,90,94,test,test,test,train,train,train,test,train,val,train
3788,2020_Townsend,CC(C)C[C@@H]1NC(=O)[C@@H](C)NC(=O)[C@H]2CCCN2C(=O)[C@H](Cc2ccccc2)NC(=O)CN(Cc2ccccc2)C(=O)[C@@H]2CCCN2C(=O)[C@@H](CC(C)C)N(C)C1=O,hepta_211,3788,-5.72,7,7,Circle,0.205902,0.0745343,-35.3047,9.557,8.259,1.298,0.184825,0.0793223,9.221,7.851,1.37,41,49,train,test,train,val,train,train,val,train,train,train
3787,2020_Townsend,CC(C)C[C@@H]1NC(=O)[C@@H](C)NC(=O)[C@H]2CCCN2C(=O)[C@H](Cc2ccccc2)NC(=O)[C@@H](CC(C)C)N(C)C(=O)[C@@H]2CCCN2C(=O)CN(Cc2ccccc2)C1=O,hepta_210,3787,-5.75,7,7,Circle,0.167184,0.0704507,-41.0716,9.24,7.834,1.406,0.144209,0.0632972,8.851,7.463,1.388,2,71,test,train,train,train,train,train,train,test,train,train
3786,2020_Townsend,CC(C)C[C@@H]1NC(=O)[C@@H](CC(C)C)N(C)C(=O)[C@@H](C)NC(=O)[C@H]2CCCN2C(=O)[C@H](Cc2ccccc2)NC(=O)CN(Cc2ccccc2)C(=O)[C@@H]2CCCN2C1=O,hepta_209,3786,-5.85,7,7,Circle,0.178498,0.0679596,-29.6071,9.225,7.971,1.254,0.135809,0.0386152,9.386,8.075,1.311,56,81,train,train,train,val,train,test,train,train,train,train
3785,2020_Townsend,CC(C)C[C@H]1C(=O)N[C@H](CC(C)C)C(=O)N2CCC[C@H]2C(=O)N(Cc2ccccc2)CC(=O)N[C@@H](Cc2ccccc2)C(=O)N2CCC[C@@H]2C(=O)N[C@H](C)C(=O)N1C,hepta_208,3785,-6.02,7,7,Circle,0.156903,0.0523809,-39.47,9.304,7.964,1.34,0.145888,0.045078,8.935,7.945,0.99,5,45,train,train,val,train,train,train,train,train,train,train
3784,2020_Townsend,CC(C)C[C@H]1C(=O)N[C@@H](Cc2ccccc2)C(=O)N2CCC[C@@H]2C(=O)N[C@H](C)C(=O)N[C@H](CC(C)C)C(=O)N(Cc2ccccc2)CC(=O)N2CCC[C@H]2C(=O)N1C,hepta_207,3784,-6.05,7,7,Circle,0.118347,0.0441908,-29.0144,8.778,7.587,1.191,0.185386,0.0636373,8.736,7.586,1.15,6,3,train,train,train,train,train,train,train,train,train,train
3783,2020_Townsend,CC(C)C[C@H]1C(=O)N2CCC[C@H]2C(=O)N(Cc2ccccc2)CC(=O)N[C@@H](Cc2ccccc2)C(=O)N2CCC[C@@H]2C(=O)N[C@H](C)C(=O)N[C@H](CC(C)C)C(=O)N1C,hepta_206,3783,-6.18,7,7,Circle,0.124536,0.043609,-45.2961,9.094,7.852,1.242,0.129137,0.0404878,8.797,7.563,1.234,80,35,train,train,train,train,train,train,train,train,val,train
3782,2020_Townsend,CC(C)C[C@@H]1NC(=O)[C@@H]2CCCN2C(=O)CN(Cc2ccccc2)C(=O)[C@@H](CC(C)C)N(C)C(=O)[C@@H](C)NC(=O)[C@H]2CCCN2C(=O)[C@H](Cc2ccccc2)NC1=O,hepta_205,3782,-10.0,7,7,Circle,0.136636,0.0580185,-27.0206,8.884,7.739,1.145,0.110654,0.0457624,9.022,7.791,1.231,99,46,test,train,train,train,train,train,test,train,val,train
3780,2020_Townsend,CC(C)C[C@H]1C(=O)N[C@@H](Cc2ccccc2)C(=O)N2CCC[C@@H]2C(=O)N[C@H](C)C(=O)N(C)[C@@H](CC(C)C)C(=O)N(C)[C@H](CC(C)C)C(=O)N2CCC[C@H]2C(=O)N1C,hepta_203,3780,-5.23,7,7,Circle,0.225353,0.0655565,-23.8255,9.472,8.243,1.229,0.128934,0.0576797,9.244,8.04,1.204,38,88,train,train,train,train,train,test,train,train,test,train
3779,2020_Townsend,CC(C)C[C@H]1C(=O)N2CCC[C@H]2C(=O)N(C)[C@H](CC(C)C)C(=O)N[C@@H](Cc2ccccc2)C(=O)N2CCC[C@@H]2C(=O)N[C@H](C)C(=O)N(C)[C@@H](CC(C)C)C(=O)N1C,hepta_202,3779,-5.5,7,7,Circle,0.0961818,0.0401191,-33.4801,9.405,8.168,1.237,0.165214,0.056742,9.193,8.1,1.093,51,38,train,train,train,train,train,train,train,train,train,val
3778,2020_Townsend,CC(C)C[C@H]1C(=O)N[C@@H](Cc2ccccc2)C(=O)N2CCC[C@@H]2C(=O)N[C@H](C)C(=O)N(C)[C@H](CC(C)C)C(=O)N(C)[C@@H](CC(C)C)C(=O)N2CCC[C@H]2C(=O)N1C,hepta_201,3778,-5.3,7,7,Circle,0.113547,0.0426036,-33.7951,9.247,8.145,1.102,0.156149,0.04491,9.227,8.054,1.173,24,30,train,train,train,val,train,val,train,train,val,train
3777,2020_Townsend,CC(C)C[C@H]1NC(=O)[C@@H]2CCCN2C(=O)CN(Cc2ccccc2)C(=O)[C@@H](CC(C)C)N(C)C(=O)[C@@H](C)NC(=O)[C@H]2CCCN2C(=O)[C@H](Cc2ccccc2)NC1=O,hepta_200,3777,-5.49,7,7,Circle,0.147588,0.0445162,-33.79,9.104,7.97,1.134,0.0948374,0.0383992,8.562,7.202,1.36,75,98,val,train,train,val,val,test,train,train,train,train
3776,2020_Townsend,CC(C)C[C@H]1NC(=O)[C@@H](C)NC(=O)[C@H]2CCCN2C(=O)[C@H](Cc2ccccc2)NC(=O)[C@@H](CC(C)C)N(C)C(=O)[C@@H]2CCCN2C(=O)CN(Cc2ccccc2)C1=O,hepta_199,3776,-6.21,7,7,Circle,0.149386,0.0683267,-44.6828,9.262,7.844,1.418,0.125384,0.038399,8.043,6.819,1.224,63,93,test,train,train,train,train,train,train,train,train,train
3775,2020_Townsend,CC(C)C[C@H]1NC(=O)[C@@H](C)NC(=O)[C@H]2CCCN2C(=O)[C@H](Cc2ccccc2)NC(=O)CN(Cc2ccccc2)C(=O)[C@@H]2CCCN2C(=O)[C@@H](CC(C)C)N(C)C1=O,hepta_198,3775,-6.42,7,7,Circle,0.224744,0.111703,-30.6872,8.9,7.583,1.317,0.164346,0.0599492,8.848,7.808,1.04,56,71,train,train,train,train,val,train,train,train,test,train
3774,2020_Townsend,CC(C)C[C@H]1C(=O)N(C)[C@H](CC(C)C)C(=O)N2CCC[C@H]2C(=O)N(C)[C@H](CC(C)C)C(=O)N[C@@H](Cc2ccccc2)C(=O)N2CCC[C@@H]2C(=O)N[C@H](C)C(=O)N1C,hepta_197,3774,-5.14,7,7,Circle,0.151106,0.0392405,-25.6263,9.421,8.271,1.15,0.150243,0.0547322,9.55,8.355,1.195,51,79,train,train,train,train,train,train,train,train,train,train
3773,2020_Townsend,CC(C)C[C@H]1C(=O)N2CCC[C@H]2C(=O)N(C)[C@H](CC(C)C)C(=O)N[C@@H](Cc2ccccc2)C(=O)N2CCC[C@@H]2C(=O)N[C@H](C)C(=O)N(C)[C@H](CC(C)C)C(=O)N1C,hepta_196,3773,-5.13,7,7,Circle,0.152394,0.0763106,-21.4503,9.31,8.21,1.1,0.121311,0.0468609,9.196,7.895,1.301,70,98,train,train,val,train,train,train,train,train,train,test
3772,2020_Townsend,CC(C)C[C@@H]1NC(=O)[C@@H](C)NC(=O)[C@H]2CCCN2C(=O)[C@H](Cc2ccccc2)NC(=O)CN(Cc2ccccc2)C(=O)[C@@H]2CCCN2C(=O)[C@H](CC(C)C)NC1=O,hepta_195,3772,-6.4,7,7,Circle,0.154846,0.0750435,-30.1149,8.908,7.708,1.2,0.112002,0.0438896,8.85,7.596,1.254,77,8,test,train,train,train,train,train,train,train,train,train
3771,2020_Townsend,CC(C)C[C@@H]1NC(=O)[C@H](CC(C)C)N(C)C(=O)[C@@H](C)NC(=O)[C@H]2CCCN2C(=O)[C@H](Cc2ccccc2)NC(=O)[C@H](CC(C)C)N(C)C(=O)[C@@H]2CCCN2C1=O,hepta_194,3771,-5.72,7,7,Circle,0.254343,0.0973913,-33.8771,9.389,8.045,1.344,0.125089,0.0461654,8.948,7.807,1.141,4,80,train,train,train,train,train,train,test,test,train,test
3770,2020_Townsend,CC(C)C[C@@H]1NC(=O)[C@@H](C)NC(=O)[C@H]2CCCN2C(=O)[C@H](Cc2ccccc2)NC(=O)[C@H](CC(C)C)N(C)C(=O)[C@@H]2CCCN2C(=O)[C@H](CC(C)C)N(C)C1=O,hepta_193,3770,-5.58,7,7,Circle,0.126314,0.046478,-25.9354,8.857,7.497,1.36,0.156975,0.069209,8.8,7.656,1.144,18,14,train,train,train,train,train,train,train,train,train,train
3769,2020_Townsend,CC(C)C[C@@H]1NC(=O)[C@@H]2CCCN2C(=O)[C@H](CC(C)C)N(C)C(=O)[C@H](CC(C)C)N(C)C(=O)[C@@H](C)NC(=O)[C@H]2CCCN2C(=O)[C@H](Cc2ccccc2)NC1=O,hepta_192,3769,-5.61,7,7,Circle,0.143797,0.0517478,-27.6821,9.059,7.722,1.337,0.134138,0.0373977,9.284,7.906,1.378,13,51,test,val,train,test,test,val,train,train,train,train
3768,2020_Townsend,CC(C)C[C@@H]1NC(=O)[C@@H](C)NC(=O)[C@H]2CCCN2C(=O)[C@H](Cc2ccccc2)NC(=O)CN(Cc2ccccc2)C(=O)[C@@H]2CCCN2C(=O)[C@@H](CC(C)C)NC1=O,hepta_191,3768,-6.25,7,7,Circle,0.155356,0.0542813,-29.3828,8.644,7.396,1.248,0.115313,0.0348027,8.904,7.818,1.086,10,90,train,test,train,train,train,train,train,train,train,train
3767,2020_Townsend,CC(C)C[C@@H]1NC(=O)[C@@H](CC(C)C)NC(=O)[C@@H](C)NC(=O)[C@H]2CCCN2C(=O)[C@H](Cc2ccccc2)NC(=O)CN(Cc2ccccc2)C(=O)[C@@H]2CCCN2C1=O,hepta_190,3767,-6.61,7,7,Circle,0.175774,0.0614635,-38.0181,9.071,7.765,1.306,0.230486,0.102575,8.852,7.722,1.13,12,83,train,train,train,train,train,val,train,train,train,train
3766,2020_Townsend,CC(C)C[C@@H]1NC(=O)[C@@H](C)NC(=O)[C@H]2CCCN2C(=O)[C@H](Cc2ccccc2)NC(=O)[C@@H](CC(C)C)NC(=O)[C@@H]2CCCN2C(=O)CN(Cc2ccccc2)C1=O,hepta_189,3766,-6.69,7,7,Circle,0.16941,0.0577773,-46.6468,9.581,8.053,1.528,0.1413,0.052404,8.496,7.377,1.119,30,18,train,train,test,train,test,train,train,train,test,train
3765,2020_Townsend,CC(C)C[C@@H]1NC(=O)[C@@H]2CCCN2C(=O)CN(Cc2ccccc2)C(=O)[C@@H](CC(C)C)NC(=O)[C@@H](C)NC(=O)[C@H]2CCCN2C(=O)[C@H](Cc2ccccc2)NC1=O,hepta_188,3765,-10.0,7,7,Circle,0.120556,0.0454166,-34.8669,8.827,7.406,1.421,0.10946,0.0442708,8.576,7.279,1.297,85,15,train,train,train,train,train,train,val,train,val,test
3764,2020_Townsend,CC(C)C[C@@H]1NC(=O)[C@@H](C)NC(=O)[C@H]2CCCN2C(=O)[C@H](Cc2ccccc2)NC(=O)[C@H](CC(C)C)N(C)C(=O)[C@@H]2CCCN2C(=O)[C@@H](CC(C)C)N(C)C1=O,hepta_187,3764,-5.61,7,7,Circle,0.152346,0.0486634,-29.7013,9.639,8.263,1.376,0.118281,0.0490222,9.417,8.122,1.295,34,7,train,train,val,train,val,train,train,train,train,train
3763,2020_Townsend,CC(C)C[C@@H]1NC(=O)[C@H](CC(C)C)N(C)C(=O)[C@@H](C)NC(=O)[C@H]2CCCN2C(=O)[C@H](Cc2ccccc2)NC(=O)[C@@H](CC(C)C)N(C)C(=O)[C@@H]2CCCN2C1=O,hepta_186,3763,-5.38,7,7,Circle,0.109973,0.0455691,-26.8801,9.246,7.873,1.373,0.133167,0.0464482,8.93,7.658,1.272,96,43,test,train,train,train,train,train,val,train,test,train
3762,2020_Townsend,CC(C)C[C@H]1C(=O)N[C@@H](Cc2ccccc2)C(=O)N2CCC[C@@H]2C(=O)N[C@H](C)C(=O)N(C)[C@@H](CC(C)C)C(=O)N[C@H](CC(C)C)C(=O)N2CCC[C@H]2C(=O)N1C,hepta_185,3762,-5.91,7,7,Circle,0.153171,0.0643794,-36.8874,9.596,8.304,1.292,0.117668,0.0417206,8.931,7.72,1.211,69,78,train,train,train,train,train,val,train,train,train,train
3761,2020_Townsend,CC(C)C[C@@H]1NC(=O)[C@@H](CC(C)C)N(C)C(=O)[C@@H](C)NC(=O)[C@H]2CCCN2C(=O)[C@H](Cc2ccccc2)NC(=O)[C@H](CC(C)C)N(C)C(=O)[C@@H]2CCCN2C1=O,hepta_184,3761,-5.58,7,7,Circle,0.152767,0.0541487,-32.4988,9.544,8.296,1.248,0.122656,0.0400476,9.01,7.849,1.161,35,40,train,train,train,train,train,train,train,train,train,train
3760,2020_Townsend,CC(C)C[C@H]1C(=O)N[C@@H](Cc2ccccc2)C(=O)N2CCC[C@@H]2C(=O)N[C@H](C)C(=O)N[C@H](CC(C)C)C(=O)N(C)[C@@H](CC(C)C)C(=O)N2CCC[C@H]2C(=O)N1C,hepta_183,3760,-5.78,7,7,Circle,0.121026,0.0414336,-24.1545,8.842,7.769,1.073,0.135965,0.0507135,8.666,7.488,1.178,46,78,train,train,train,train,train,val,train,test,train,train
3759,2020_Townsend,CC(C)C[C@@H]1NC(=O)[C@@H]2CCCN2C(=O)[C@@H](CC(C)C)N(C)C(=O)[C@H](CC(C)C)N(C)C(=O)[C@@H](C)NC(=O)[C@H]2CCCN2C(=O)[C@H](Cc2ccccc2)NC1=O,hepta_182,3759,-5.87,7,7,Circle,0.127571,0.0401947,-26.8864,9.067,7.754,1.313,0.141111,0.0639452,9.045,7.742,1.303,2,68,train,test,train,val,train,val,train,train,test,train
3758,2020_Townsend,CC(C)C[C@@H]1NC(=O)[C@@H](C)NC(=O)[C@H]2CCCN2C(=O)[C@H](Cc2ccccc2)NC(=O)[C@@H](CC(C)C)N(C)C(=O)[C@@H]2CCCN2C(=O)[C@H](CC(C)C)N(C)C1=O,hepta_181,3758,-10.0,7,7,Circle,0.0973159,0.0416849,-33.017,9.145,7.772,1.373,0.0998055,0.0353332,8.707,7.74,0.967,66,9,train,test,train,train,train,train,val,val,val,train
3757,2020_Townsend,CC(C)C[C@H]1NC(=O)[C@@H](C)NC(=O)[C@H]2CCCN2C(=O)[C@H](Cc2ccccc2)NC(=O)CN(Cc2ccccc2)C(=O)[C@@H]2CCCN2C(=O)[C@@H](CC(C)C)NC1=O,hepta_180,3757,-6.3,7,7,Circle,0.161787,0.0667101,-29.7438,8.727,7.487,1.24,0.146575,0.0503236,8.685,7.463,1.222,72,54,train,train,train,train,train,train,train,train,train,train
3756,2020_Townsend,CC(C)C[C@H]1NC(=O)[C@@H]2CCCN2C(=O)CN(Cc2ccccc2)C(=O)[C@@H](CC(C)C)NC(=O)[C@@H](C)NC(=O)[C@H]2CCCN2C(=O)[C@H](Cc2ccccc2)NC1=O,hepta_179,3756,-7.35,7,7,Circle,0.134798,0.0429713,-21.467,8.6,7.518,1.082,0.126079,0.0325988,8.519,7.485,1.034,16,17,train,test,train,train,train,test,train,val,train,train
3755,2020_Townsend,CC(C)C[C@H]1C(=O)N[C@H](CC(C)C)C(=O)N2CCC[C@H]2C(=O)N(C)[C@H](CC(C)C)C(=O)N[C@@H](Cc2ccccc2)C(=O)N2CCC[C@@H]2C(=O)N[C@H](C)C(=O)N1C,hepta_178,3755,-5.11,7,7,Circle,0.148892,0.0582705,-29.38,9.459,8.062,1.397,0.197461,0.0836858,9.216,8.036,1.18,76,94,train,train,train,train,train,train,train,train,train,train
3754,2020_Townsend,CC(C)C[C@@H]1NC(=O)[C@@H](C)NC(=O)[C@H]2CCCN2C(=O)[C@H](Cc2ccccc2)NC(=O)[C@@H](CC(C)C)N(C)C(=O)[C@@H]2CCCN2C(=O)[C@@H](CC(C)C)N(C)C1=O,hepta_177,3754,-10.0,7,7,Circle,0.149829,0.0498621,-27.9817,9.118,7.795,1.323,0.135195,0.049008,9.073,7.727,1.346,45,95,train,train,train,train,train,train,train,train,test,train
3753,2020_Townsend,CC(C)C[C@@H]1NC(=O)[C@@H](CC(C)C)N(C)C(=O)[C@@H](C)NC(=O)[C@H]2CCCN2C(=O)[C@H](Cc2ccccc2)NC(=O)[C@@H](CC(C)C)N(C)C(=O)[C@@H]2CCCN2C1=O,hepta_176,3753,-5.18,7,7,Circle,0.153615,0.0557267,-26.389,9.328,8.147,1.181,0.11637,0.04821,8.778,7.703,1.075,31,73,train,test,train,train,train,train,train,train,train,train
3752,2020_Townsend,CC(C)C[C@H]1C(=O)N2CCC[C@H]2C(=O)N(C)[C@H](CC(C)C)C(=O)N[C@@H](Cc2ccccc2)C(=O)N2CCC[C@@H]2C(=O)N[C@H](C)C(=O)N[C@H](CC(C)C)C(=O)N1C,hepta_175,3752,-5.96,7,7,Circle,0.103163,0.0406632,-29.0896,9.164,7.819,1.345,0.121924,0.0396534,9.083,7.726,1.357,38,12,val,val,val,train,train,train,train,train,train,train
3751,2020_Townsend,CC(C)C[C@H]1C(=O)N[C@@H](Cc2ccccc2)C(=O)N2CCC[C@@H]2C(=O)N[C@H](C)C(=O)N(C)[C@H](CC(C)C)C(=O)N[C@H](CC(C)C)C(=O)N2CCC[C@H]2C(=O)N1C,hepta_174,3751,-6.2,7,7,Circle,0.126217,0.0397747,-27.018,9.004,7.819,1.185,0.119844,0.045378,8.764,7.63,1.134,72,55,train,train,train,train,val,train,train,test,train,train
3750,2020_Townsend,CC(C)C[C@H]1C(=O)N2CCC[C@H]2C(=O)N[C@H](CC(C)C)C(=O)N[C@@H](Cc2ccccc2)C(=O)N2CCC[C@@H]2C(=O)N[C@H](C)C(=O)N(C)[C@H](CC(C)C)C(=O)N1C,hepta_173,3750,-6.45,7,7,Circle,0.143012,0.0512215,-42.3069,9.299,7.988,1.311,0.114572,0.0372053,8.918,7.655,1.263,38,46,test,train,train,train,train,test,train,train,train,val
3749,2020_Townsend,CC(C)C[C@H]1C(=O)N[C@@H](Cc2ccccc2)C(=O)N2CCC[C@@H]2C(=O)N[C@H](C)C(=O)N[C@H](CC(C)C)C(=O)N(C)[C@H](CC(C)C)C(=O)N2CCC[C@H]2C(=O)N1C,hepta_172,3749,-6.12,7,7,Circle,0.140198,0.0466989,-23.7762,8.887,7.766,1.121,0.127198,0.0495045,9.227,7.902,1.325,70,51,train,val,test,train,val,train,train,train,train,train
3748,2020_Townsend,CC(C)C[C@H]1NC(=O)[C@@H](CC(C)C)N(C)C(=O)[C@@H](C)NC(=O)[C@H]2CCCN2C(=O)[C@H](Cc2ccccc2)NC(=O)[C@@H](CC(C)C)N(C)C(=O)[C@@H]2CCCN2C1=O,hepta_171,3748,-5.24,7,7,Circle,0.161669,0.0580735,-30.8349,9.573,8.199,1.374,0.16277,0.0661174,9.143,7.822,1.321,4,82,train,train,val,train,train,train,val,train,test,train
3747,2020_Townsend,CC(C)C[C@H]1NC(=O)[C@@H](C)NC(=O)[C@H]2CCCN2C(=O)[C@H](Cc2ccccc2)NC(=O)[C@@H](CC(C)C)N(C)C(=O)[C@@H]2CCCN2C(=O)[C@@H](CC(C)C)N(C)C1=O,hepta_170,3747,-6.11,7,7,Circle,0.119893,0.0453247,-38.1461,9.21,7.961,1.249,0.102894,0.0399346,8.823,7.847,0.976,73,58,train,train,test,train,train,train,val,train,train,test
3746,2020_Townsend,CC(C)C[C@@H]1NC(=O)[C@@H](C)NC(=O)[C@H]2CCCN2C(=O)[C@H](Cc2ccccc2)NC(=O)[C@H](CC(C)C)N(C)C(=O)[C@@H]2CCCN2C(=O)[C@H](CC(C)C)NC1=O,hepta_169,3746,-6.31,7,7,Circle,0.115169,0.0518057,-32.7456,9.276,7.941,1.335,0.145218,0.0586088,8.86,7.715,1.145,28,7,train,train,train,test,val,train,train,train,train,train
3745,2020_Townsend,CC(C)C[C@@H]1NC(=O)[C@@H]2CCCN2C(=O)[C@@H](CC(C)C)N(C)C(=O)[C@H](CC(C)C)NC(=O)[C@@H](C)NC(=O)[C@H]2CCCN2C(=O)[C@H](Cc2ccccc2)NC1=O,hepta_168,3745,-5.9,7,7,Circle,0.123458,0.0542881,-30.9831,9.35,7.897,1.453,0.12914,0.0331015,8.658,7.621,1.037,42,18,test,test,train,val,train,train,train,train,train,train
3744,2020_Townsend,CC(C)C[C@@H]1NC(=O)[C@@H](C)NC(=O)[C@H]2CCCN2C(=O)[C@H](Cc2ccccc2)NC(=O)[C@@H](CC(C)C)N(C)C(=O)[C@@H]2CCCN2C(=O)[C@H](CC(C)C)NC1=O,hepta_167,3744,-6.38,7,7,Circle,0.271057,0.13038,-35.257,9.235,7.87,1.365,0.106335,0.0374407,8.204,7.191,1.013,93,49,train,train,train,train,val,val,train,val,train,train
3743,2020_Townsend,CC(C)C[C@@H]1NC(=O)[C@@H](C)NC(=O)[C@H]2CCCN2C(=O)[C@H](Cc2ccccc2)NC(=O)[C@H](CC(C)C)N(C)C(=O)[C@@H]2CCCN2C(=O)[C@@H](CC(C)C)NC1=O,hepta_166,3743,-6.54,7,7,Circle,0.141371,0.0486801,-29.8597,9.023,7.82,1.203,0.131539,0.0420802,8.464,7.457,1.007,90,43,train,train,test,train,train,train,test,train,train,test
3742,2020_Townsend,CC(C)C[C@@H]1NC(=O)[C@@H]2CCCN2C(=O)[C@H](CC(C)C)N(C)C(=O)[C@@H](CC(C)C)NC(=O)[C@@H](C)NC(=O)[C@H]2CCCN2C(=O)[C@H](Cc2ccccc2)NC1=O,hepta_165,3742,-5.66,7,7,Circle,0.145003,0.065077,-25.9108,8.751,7.501,1.25,0.161978,0.0515022,8.471,7.413,1.058,16,93,train,train,train,train,train,train,test,train,train,train
3741,2020_Townsend,CC(C)C[C@@H]1NC(=O)[C@@H](C)NC(=O)[C@H]2CCCN2C(=O)[C@H](Cc2ccccc2)NC(=O)[C@@H](CC(C)C)NC(=O)[C@@H]2CCCN2C(=O)[C@H](CC(C)C)N(C)C1=O,hepta_164,3741,-10.0,7,7,Circle,0.110974,0.0465234,-32.3763,8.978,7.461,1.517,0.135438,0.0475271,8.688,7.586,1.102,72,24,train,train,train,train,val,train,train,train,train,train
3740,2020_Townsend,CC(C)C[C@@H]1NC(=O)[C@@H](C)NC(=O)[C@H]2CCCN2C(=O)[C@H](Cc2ccccc2)NC(=O)[C@@H](CC(C)C)N(C)C(=O)[C@@H]2CCCN2C(=O)[C@@H](CC(C)C)NC1=O,hepta_163,3740,-6.38,7,7,Circle,0.147559,0.0611238,-41.4725,9.403,7.942,1.461,0.192277,0.0955027,8.849,7.647,1.202,42,4,train,train,test,val,test,train,test,train,train,train
3739,2020_Townsend,CC(C)C[C@@H]1NC(=O)[C@@H](C)NC(=O)[C@H]2CCCN2C(=O)[C@H](Cc2ccccc2)NC(=O)[C@@H](CC(C)C)NC(=O)[C@@H]2CCCN2C(=O)[C@@H](CC(C)C)N(C)C1=O,hepta_162,3739,-5.98,7,7,Circle,0.191786,0.101685,-20.483,8.645,7.378,1.267,0.118625,0.0359979,8.231,7.17,1.061,27,42,train,train,train,val,train,test,train,train,train,train
3738,2020_Townsend,CC(C)C[C@@H]1NC(=O)[C@@H](CC(C)C)NC(=O)[C@@H](C)NC(=O)[C@H]2CCCN2C(=O)[C@H](Cc2ccccc2)NC(=O)[C@@H](CC(C)C)N(C)C(=O)[C@@H]2CCCN2C1=O,hepta_161,3738,-6.54,7,7,Circle,0.158041,0.0744187,-31.2468,8.952,7.763,1.189,0.100281,0.0372484,8.555,7.513,1.042,71,10,train,train,train,train,test,train,train,train,val,train
3737,2020_Townsend,CC(C)C[C@H]1C(=O)N[C@@H](Cc2ccccc2)C(=O)N2CCC[C@@H]2C(=O)N[C@H](C)C(=O)N[C@H](CC(C)C)C(=O)N[C@H](CC(C)C)C(=O)N2CCC[C@H]2C(=O)N1C,hepta_160,3737,-6.43,7,7,Circle,0.162049,0.0527074,-23.2392,8.552,7.543,1.009,0.105914,0.0390316,8.653,7.659,0.994,61,61,train,train,train,test,train,train,train,train,test,train
3736,2020_Townsend,CC(C)C[C@H]1NC(=O)[C@@H](C)NC(=O)[C@H]2CCCN2C(=O)[C@H](Cc2ccccc2)NC(=O)[C@@H](CC(C)C)N(C)C(=O)[C@@H]2CCCN2C(=O)[C@@H](CC(C)C)NC1=O,hepta_159,3736,-6.41,7,7,Circle,0.163415,0.0687946,-35.302,9.068,7.746,1.322,0.133047,0.0462269,8.605,7.55,1.055,53,55,train,train,val,test,train,train,train,train,train,val
3735,2020_Townsend,CC(C)C[C@H]1NC(=O)[C@@H]2CCCN2C(=O)[C@@H](CC(C)C)N(C)C(=O)[C@@H](CC(C)C)NC(=O)[C@@H](C)NC(=O)[C@H]2CCCN2C(=O)[C@H](Cc2ccccc2)NC1=O,hepta_158,3735,-6.28,7,7,Circle,0.155295,0.0615698,-33.3545,9.181,7.729,1.452,0.125168,0.035849,8.533,7.488,1.045,84,26,train,train,train,test,train,train,test,train,test,train
3734,2020_Townsend,CC(C)C[C@@H]1NC(=O)[C@@H]2CCCN2C(=O)[C@H](CC(C)C)NC(=O)[C@H](CC(C)C)NC(=O)[C@@H](C)NC(=O)[C@H]2CCCN2C(=O)[C@H](Cc2ccccc2)NC1=O,hepta_157,3734,-10.0,7,7,Circle,0.186437,0.0966544,-32.5927,8.798,7.366,1.432,0.127749,0.0400834,8.56,7.341,1.219,3,77,train,test,val,train,train,train,test,train,train,test
3733,2020_Townsend,CC(C)C[C@@H]1NC(=O)[C@@H]2CCCN2C(=O)[C@@H](CC(C)C)NC(=O)[C@H](CC(C)C)NC(=O)[C@@H](C)NC(=O)[C@H]2CCCN2C(=O)[C@H](Cc2ccccc2)NC1=O,hepta_156,3733,-5.9,7,7,Circle,0.204894,0.0912364,-26.2377,8.49,7.236,1.254,0.154985,0.0585667,8.335,7.259,1.076,82,89,train,train,train,test,train,train,train,train,train,train
3732,2020_Townsend,CC(C)C[C@@H]1NC(=O)[C@@H](C)NC(=O)[C@H]2CCCN2C(=O)[C@H](Cc2ccccc2)NC(=O)[C@@H](CC(C)C)NC(=O)[C@@H]2CCCN2C(=O)[C@H](CC(C)C)NC1=O,hepta_155,3732,-10.0,7,7,Circle,0.145083,0.0524,-27.664,8.678,7.395,1.283,0.149042,0.0446694,8.545,7.325,1.22,30,21,val,train,train,train,train,train,train,val,train,train
3730,2020_Townsend,CC(C)C[C@@H]1NC(=O)[C@@H](C)NC(=O)[C@H]2CCCN2C(=O)[C@H](Cc2ccccc2)NC(=O)[C@@H](CC(C)C)NC(=O)[C@@H]2CCCN2C(=O)[C@@H](CC(C)C)NC1=O,hepta_153,3730,-6.51,7,7,Circle,0.149098,0.0531565,-26.0539,8.664,7.449,1.215,0.202898,0.0672486,8.641,7.417,1.224,9,4,train,train,train,train,train,test,test,train,train,train
3727,2020_Townsend,C[C@@H]1NC(=O)[C@H]2CCCN2C(=O)[C@H](Cc2ccccc2)NC(=O)CN(Cc2ccccc2)C(=O)[C@@H]2CCCN2C(=O)CN(Cc2ccccc2)C(=O)CN(Cc2ccccc2)C1=O,hepta_150,3727,-6.03,7,7,Circle,0.188167,0.0586893,-42.9324,9.65,8.353,1.297,0.13275,0.0384744,9.142,8.073,1.069,4,25,train,train,train,train,train,train,train,train,train,train
3724,2020_Townsend,CC(C)C[C@H]1C(=O)N2CCC[C@H]2C(=O)N(Cc2ccccc2)CC(=O)N[C@@H](Cc2ccccc2)C(=O)N2CCC[C@@H]2C(=O)N[C@@H](C)C(=O)N(Cc2ccccc2)CC(=O)N1C,hepta_147,3724,-5.89,7,7,Circle,0.184371,0.049347,-43.9055,9.702,8.499,1.203,0.153445,0.0473152,9.389,8.104,1.285,56,58,train,train,train,test,train,val,train,train,test,train
3723,2020_Townsend,CC(C)C[C@H]1C(=O)N(Cc2ccccc2)CC(=O)N2CCC[C@H]2C(=O)N(Cc2ccccc2)CC(=O)N[C@@H](Cc2ccccc2)C(=O)N2CCC[C@@H]2C(=O)N[C@@H](C)C(=O)N1C,hepta_146,3723,-6.05,7,7,Circle,0.198912,0.0667131,-37.0692,9.614,8.362,1.252,0.149945,0.0460198,8.895,7.775,1.12,41,7,val,test,train,train,train,train,train,val,val,train
3722,2020_Townsend,CC(C)C[C@@H]1C(=O)N[C@@H](Cc2ccccc2)C(=O)N2CCC[C@@H]2C(=O)N[C@@H](C)C(=O)N(Cc2ccccc2)CC(=O)N(Cc2ccccc2)CC(=O)N2CCC[C@H]2C(=O)N1C,hepta_145,3722,-6.3,7,7,Circle,0.246489,0.0878468,-40.3847,9.441,8.155,1.286,0.131449,0.047872,8.477,7.365,1.112,70,52,test,train,train,train,train,train,val,train,train,train
3716,2020_Townsend,CC(C)C[C@@H]1NC(=O)[C@@H]2CCCN2C(=O)CN(Cc2ccccc2)C(=O)CN(Cc2ccccc2)C(=O)[C@H](C)NC(=O)[C@H]2CCCN2C(=O)[C@H](Cc2ccccc2)NC1=O,hepta_139,3716,-6.37,7,7,Circle,0.145454,0.0540685,-44.8827,8.903,7.568,1.335,0.183961,0.0902201,8.909,7.532,1.377,55,14,train,train,train,test,train,train,val,train,train,train
3714,2020_Townsend,CC(C)C[C@H]1C(=O)N(C)[C@@H](CC(C)C)C(=O)N2CCC[C@H]2C(=O)N(Cc2ccccc2)CC(=O)N[C@@H](Cc2ccccc2)C(=O)N2CCC[C@@H]2C(=O)N[C@@H](C)C(=O)N1C,hepta_137,3714,-5.81,7,7,Circle,0.165236,0.0668426,-36.9515,9.429,8.24,1.189,0.153005,0.0608268,8.999,7.896,1.103,49,50,train,train,train,train,train,val,train,train,train,train
3712,2020_Townsend,CC(C)C[C@H]1NC(=O)[C@H](C)NC(=O)[C@H]2CCCN2C(=O)[C@H](Cc2ccccc2)NC(=O)CN(Cc2ccccc2)C(=O)[C@@H]2CCCN2C(=O)CN(Cc2ccccc2)C1=O,hepta_135,3712,-5.66,7,7,Circle,0.177793,0.0565245,-37.4695,9.359,7.982,1.377,0.142123,0.0460084,9.203,7.876,1.327,100,88,train,val,train,train,train,train,train,train,train,train
3711,2020_Townsend,CC(C)C[C@H]1C(=O)N[C@@H](Cc2ccccc2)C(=O)N2CCC[C@@H]2C(=O)N[C@@H](C)C(=O)N(C)[C@H](CC(C)C)C(=O)N(Cc2ccccc2)CC(=O)N2CCC[C@H]2C(=O)N1C,hepta_134,3711,-5.56,7,7,Circle,0.17197,0.0651076,-34.2457,9.341,8.219,1.122,0.112346,0.0401503,8.709,7.538,1.171,16,54,train,val,train,train,train,train,train,test,train,val
3710,2020_Townsend,CC(C)C[C@H]1C(=O)N(Cc2ccccc2)CC(=O)N2CCC[C@H]2C(=O)N(C)[C@H](CC(C)C)C(=O)N[C@@H](Cc2ccccc2)C(=O)N2CCC[C@@H]2C(=O)N[C@@H](C)C(=O)N1C,hepta_133,3710,-6.03,7,7,Circle,0.176322,0.0676123,-31.7399,9.615,8.312,1.303,0.150049,0.0461117,8.861,7.803,1.058,62,7,train,train,test,train,train,train,train,train,train,train
3709,2020_Townsend,CC(C)C[C@@H]1C(=O)N(Cc2ccccc2)CC(=O)N2CCC[C@H]2C(=O)N(C)[C@H](CC(C)C)C(=O)N[C@@H](Cc2ccccc2)C(=O)N2CCC[C@@H]2C(=O)N[C@@H](C)C(=O)N1C,hepta_132,3709,-5.81,7,7,Circle,0.197382,0.0835868,-38.4677,9.466,8.122,1.344,0.149577,0.0619208,8.682,7.487,1.195,12,53,train,train,test,train,train,train,train,test,train,train
3707,2020_Townsend,CC(C)C[C@@H]1NC(=O)[C@H](C)NC(=O)[C@H]2CCCN2C(=O)[C@H](Cc2ccccc2)NC(=O)[C@H](CC(C)C)N(C)C(=O)[C@@H]2CCCN2C(=O)CN(Cc2ccccc2)C1=O,hepta_130,3707,-5.93,7,7,Circle,0.140466,0.0437954,-33.9597,9.173,7.767,1.406,0.128775,0.0437178,8.501,7.37,1.131,68,70,train,train,train,train,train,train,train,train,train,train
3705,2020_Townsend,CC(C)C[C@@H]1NC(=O)[C@@H]2CCCN2C(=O)CN(Cc2ccccc2)C(=O)[C@@H](CC(C)C)N(C)C(=O)[C@H](C)NC(=O)[C@H]2CCCN2C(=O)[C@H](Cc2ccccc2)NC1=O,hepta_128,3705,-5.79,7,7,Circle,0.171086,0.0609402,-30.951,9.23,7.935,1.295,0.132124,0.0367178,8.808,7.628,1.18,52,35,train,val,train,train,train,train,train,train,train,test
3704,2020_Townsend,CC(C)C[C@H]1C(=O)N[C@H](CC(C)C)C(=O)N2CCC[C@H]2C(=O)N(Cc2ccccc2)CC(=O)N[C@@H](Cc2ccccc2)C(=O)N2CCC[C@@H]2C(=O)N[C@@H](C)C(=O)N1C,hepta_127,3704,-5.6,7,7,Circle,0.153007,0.0462157,-37.3309,9.048,7.65,1.398,0.136283,0.0430549,8.914,7.886,1.028,12,20,train,train,train,train,train,train,train,train,test,train
3703,2020_Townsend,CC(C)C[C@H]1C(=O)N2CCC[C@H]2C(=O)N(Cc2ccccc2)CC(=O)N[C@@H](Cc2ccccc2)C(=O)N2CCC[C@@H]2C(=O)N[C@@H](C)C(=O)N[C@H](CC(C)C)C(=O)N1C,hepta_126,3703,-6.02,7,7,Circle,0.161489,0.0408636,-30.9317,8.911,7.635,1.276,0.141196,0.044118,8.738,7.487,1.251,88,3,train,train,train,train,test,train,train,train,train,val
3702,2020_Townsend,CC(C)C[C@H]1C(=O)N(Cc2ccccc2)CC(=O)N2CCC[C@H]2C(=O)N[C@H](CC(C)C)C(=O)N[C@@H](Cc2ccccc2)C(=O)N2CCC[C@@H]2C(=O)N[C@@H](C)C(=O)N1C,hepta_125,3702,-6.04,7,7,Circle,0.157617,0.0475944,-38.4006,9.484,8.09,1.394,0.195918,0.094429,8.922,7.639,1.283,13,58,train,val,train,train,test,train,train,train,train,train
3701,2020_Townsend,CC(C)C[C@@H]1NC(=O)[C@H](C)NC(=O)[C@H]2CCCN2C(=O)[C@H](Cc2ccccc2)NC(=O)[C@@H](CC(C)C)N(C)C(=O)[C@@H]2CCCN2C(=O)CN(Cc2ccccc2)C1=O,hepta_124,3701,-6.31,7,7,Circle,0.191399,0.0660124,-37.1063,9.406,8.037,1.369,0.120005,0.0477376,8.909,7.367,1.542,3,36,train,val,train,train,train,train,train,train,train,train
3699,2020_Townsend,CC(C)C[C@H]1C(=O)N(C)[C@H](CC(C)C)C(=O)N2CCC[C@H]2C(=O)N(C)[C@@H](CC(C)C)C(=O)N[C@@H](Cc2ccccc2)C(=O)N2CCC[C@@H]2C(=O)N[C@@H](C)C(=O)N1C,hepta_122,3699,-5.19,7,7,Circle,0.145675,0.0457937,-25.3725,9.244,8.012,1.232,0.117751,0.04498,8.714,7.511,1.203,2,41,train,train,test,train,train,train,train,train,train,train
3698,2020_Townsend,CC(C)C[C@H]1C(=O)N[C@@H](Cc2ccccc2)C(=O)N2CCC[C@@H]2C(=O)N[C@@H](C)C(=O)N(C)[C@H](CC(C)C)C(=O)N(C)[C@@H](CC(C)C)C(=O)N2CCC[C@H]2C(=O)N1C,hepta_121,3698,-6.03,7,7,Circle,0.156636,0.0647671,-21.8356,9.307,8.168,1.139,0.154079,0.0561669,9.148,8.151,0.997,100,12,train,train,train,train,val,train,train,train,train,train
3697,2020_Townsend,CC(C)C[C@H]1C(=O)N(C)[C@@H](CC(C)C)C(=O)N2CCC[C@H]2C(=O)N(C)[C@H](CC(C)C)C(=O)N[C@@H](Cc2ccccc2)C(=O)N2CCC[C@@H]2C(=O)N[C@@H](C)C(=O)N1C,hepta_120,3697,-6.06,7,7,Circle,0.225712,0.128802,-30.7352,9.034,7.906,1.128,0.10386,0.0366006,8.764,7.769,0.995,66,4,train,train,train,train,train,val,train,train,train,train
3696,2020_Townsend,CC(C)C[C@H]1NC(=O)[C@H](C)NC(=O)[C@H]2CCCN2C(=O)[C@H](Cc2ccccc2)NC(=O)[C@@H](CC(C)C)N(C)C(=O)[C@@H]2CCCN2C(=O)CN(Cc2ccccc2)C1=O,hepta_119,3696,-5.25,7,7,Circle,0.186287,0.0775753,-48.3644,9.409,8.068,1.341,0.152572,0.0347415,8.226,6.932,1.294,3,49,train,test,train,train,train,test,train,train,train,train
3695,2020_Townsend,CC(C)C[C@H]1NC(=O)[C@@H](CC(C)C)N(C)C(=O)[C@H](C)NC(=O)[C@H]2CCCN2C(=O)[C@H](Cc2ccccc2)NC(=O)CN(Cc2ccccc2)C(=O)[C@@H]2CCCN2C1=O,hepta_118,3695,-5.75,7,7,Circle,0.150202,0.0524946,-33.0924,9.143,7.866,1.277,0.162994,0.060253,9.185,7.863,1.322,66,23,train,train,train,train,train,val,test,train,train,train
3694,2020_Townsend,CC(C)C[C@H]1NC(=O)[C@H](C)NC(=O)[C@H]2CCCN2C(=O)[C@H](Cc2ccccc2)NC(=O)CN(Cc2ccccc2)C(=O)[C@@H]2CCCN2C(=O)[C@@H](CC(C)C)N(C)C1=O,hepta_117,3694,-5.91,7,7,Circle,0.187893,0.0629846,-32.7943,9.474,8.143,1.331,0.131994,0.0399658,8.992,7.724,1.268,29,72,train,train,test,val,train,train,train,val,train,train
3693,2020_Townsend,CC(C)C[C@H]1C(=O)N2CCC[C@H]2C(=O)N(C)[C@H](CC(C)C)C(=O)N[C@@H](Cc2ccccc2)C(=O)N2CCC[C@@H]2C(=O)N[C@@H](C)C(=O)N(C)[C@H](CC(C)C)C(=O)N1C,hepta_116,3693,-5.17,7,7,Circle,0.0809938,0.0321211,-31.3718,9.028,7.803,1.225,0.162765,0.0490087,9.148,8.089,1.059,61,80,train,train,train,train,train,train,train,val,test,train
3692,2020_Townsend,CC(C)C[C@H]1C(=O)N(C)[C@H](CC(C)C)C(=O)N2CCC[C@H]2C(=O)N(C)[C@H](CC(C)C)C(=O)N[C@@H](Cc2ccccc2)C(=O)N2CCC[C@@H]2C(=O)N[C@@H](C)C(=O)N1C,hepta_115,3692,-5.23,7,7,Circle,0.124066,0.0436724,-21.6504,9.193,7.792,1.401,0.137869,0.0407024,9.134,7.913,1.221,16,87,test,test,train,train,train,train,train,train,train,test
3691,2020_Townsend,CC(C)C[C@@H]1C(=O)N(C)[C@H](CC(C)C)C(=O)N2CCC[C@H]2C(=O)N(C)[C@H](CC(C)C)C(=O)N[C@@H](Cc2ccccc2)C(=O)N2CCC[C@@H]2C(=O)N[C@@H](C)C(=O)N1C,hepta_114,3691,-5.58,7,7,Circle,0.160219,0.0580438,-37.1499,9.774,8.326,1.448,0.130034,0.0505112,8.861,7.666,1.195,67,53,train,val,train,val,train,train,train,train,train,train
3690,2020_Townsend,CC(C)C[C@@H]1NC(=O)[C@@H]2CCCN2C(=O)CN(Cc2ccccc2)C(=O)[C@H](CC(C)C)NC(=O)[C@H](C)NC(=O)[C@H]2CCCN2C(=O)[C@H](Cc2ccccc2)NC1=O,hepta_113,3690,-6.17,7,7,Circle,0.213974,0.0921817,-32.6696,9.075,7.697,1.378,0.157314,0.0467644,8.405,7.321,1.084,13,33,train,train,train,val,train,train,train,test,train,train
3689,2020_Townsend,CC(C)C[C@@H]1NC(=O)[C@H](C)NC(=O)[C@H]2CCCN2C(=O)[C@H](Cc2ccccc2)NC(=O)CN(Cc2ccccc2)C(=O)[C@@H]2CCCN2C(=O)[C@@H](CC(C)C)NC1=O,hepta_112,3689,-6.39,7,7,Circle,0.139768,0.0509815,-27.9902,8.717,7.465,1.252,0.163167,0.0593656,8.626,7.497,1.129,15,19,val,train,train,train,train,val,train,train,val,val
3688,2020_Townsend,CC(C)C[C@@H]1NC(=O)[C@@H](CC(C)C)NC(=O)[C@H](C)NC(=O)[C@H]2CCCN2C(=O)[C@H](Cc2ccccc2)NC(=O)CN(Cc2ccccc2)C(=O)[C@@H]2CCCN2C1=O,hepta_111,3688,-6.68,7,7,Circle,0.180861,0.0450697,-39.9853,9.313,7.794,1.519,0.226012,0.110205,8.844,7.574,1.27,79,59,train,train,train,train,train,train,test,train,train,val
3687,2020_Townsend,CC(C)C[C@@H]1NC(=O)[C@@H]2CCCN2C(=O)CN(Cc2ccccc2)C(=O)[C@@H](CC(C)C)NC(=O)[C@H](C)NC(=O)[C@H]2CCCN2C(=O)[C@H](Cc2ccccc2)NC1=O,hepta_110,3687,-6.5,7,7,Circle,0.154103,0.0605318,-38.9693,9.182,7.71,1.472,0.183672,0.0636035,8.559,7.415,1.144,91,30,test,train,train,train,val,train,val,train,train,train
3686,2020_Townsend,CC(C)C[C@H]1C(=O)N[C@H](CC(C)C)C(=O)N2CCC[C@H]2C(=O)N(C)[C@@H](CC(C)C)C(=O)N[C@@H](Cc2ccccc2)C(=O)N2CCC[C@@H]2C(=O)N[C@@H](C)C(=O)N1C,hepta_109,3686,-5.22,7,7,Circle,0.163713,0.070506,-34.098,9.475,8.033,1.442,0.137047,0.0623898,8.775,7.61,1.165,53,49,train,train,train,train,train,train,train,train,train,train
3685,2020_Townsend,CC(C)C[C@@H]1NC(=O)[C@@H](CC(C)C)N(C)C(=O)[C@H](C)NC(=O)[C@H]2CCCN2C(=O)[C@H](Cc2ccccc2)NC(=O)[C@H](CC(C)C)N(C)C(=O)[C@@H]2CCCN2C1=O,hepta_108,3685,-5.36,7,7,Circle,0.161669,0.0602827,-39.1574,9.401,8.096,1.305,0.102426,0.0323996,8.35,7.404,0.946,26,57,train,train,train,train,test,train,train,train,train,train
3684,2020_Townsend,CC(C)C[C@@H]1NC(=O)[C@@H]2CCCN2C(=O)[C@H](CC(C)C)N(C)C(=O)[C@@H](CC(C)C)N(C)C(=O)[C@H](C)NC(=O)[C@H]2CCCN2C(=O)[C@H](Cc2ccccc2)NC1=O,hepta_107,3684,-5.9,7,7,Circle,0.161571,0.094458,-29.2546,9.097,7.86,1.237,0.120144,0.0418315,8.712,7.749,0.963,20,34,train,train,train,train,val,train,train,train,train,train
3683,2020_Townsend,CC(C)C[C@H]1C(=O)N[C@@H](Cc2ccccc2)C(=O)N2CCC[C@@H]2C(=O)N[C@@H](C)C(=O)N[C@H](CC(C)C)C(=O)N(C)[C@@H](CC(C)C)C(=O)N2CCC[C@H]2C(=O)N1C,hepta_106,3683,-5.73,7,7,Circle,0.127804,0.0407827,-44.3098,9.005,7.86,1.145,0.17749,0.0912175,8.811,7.722,1.089,41,5,train,train,train,train,train,train,train,train,train,train
3682,2020_Townsend,CC(C)C[C@@H]1NC(=O)[C@H](C)NC(=O)[C@H]2CCCN2C(=O)[C@H](Cc2ccccc2)NC(=O)[C@@H](CC(C)C)N(C)C(=O)[C@@H]2CCCN2C(=O)[C@H](CC(C)C)N(C)C1=O,hepta_105,3682,-6.17,7,7,Circle,0.147178,0.0443021,-37.7667,9.622,8.338,1.284,0.139749,0.0709576,8.795,7.779,1.016,73,74,val,train,train,train,train,train,train,train,train,train
3681,2020_Townsend,CC(C)C[C@@H]1NC(=O)[C@@H]2CCCN2C(=O)[C@@H](CC(C)C)N(C)C(=O)[C@H](CC(C)C)N(C)C(=O)[C@H](C)NC(=O)[C@H]2CCCN2C(=O)[C@H](Cc2ccccc2)NC1=O,hepta_104,3681,-6.34,7,7,Circle,0.161975,0.0512518,-31.2779,9.187,7.884,1.303,0.137443,0.0589213,9.027,7.727,1.3,12,28,train,train,test,train,val,train,train,train,test,train
3680,2020_Townsend,CC(C)C[C@H]1NC(=O)[C@@H]2CCCN2C(=O)CN(Cc2ccccc2)C(=O)[C@@H](CC(C)C)NC(=O)[C@H](C)NC(=O)[C@H]2CCCN2C(=O)[C@H](Cc2ccccc2)NC1=O,hepta_103,3680,-6.27,7,7,Circle,0.194001,0.109679,-36.0645,8.882,7.615,1.267,0.119608,0.0356286,8.54,7.456,1.084,76,58,train,train,train,train,train,train,test,train,train,train
3679,2020_Townsend,CC(C)C[C@@H]1NC(=O)[C@H](C)NC(=O)[C@H]2CCCN2C(=O)[C@H](Cc2ccccc2)NC(=O)[C@@H](CC(C)C)N(C)C(=O)[C@@H]2CCCN2C(=O)[C@@H](CC(C)C)N(C)C1=O,hepta_102,3679,-6.1,7,7,Circle,0.155363,0.0493567,-27.0605,9.259,7.941,1.318,0.141759,0.0406616,9.141,7.873,1.268,38,71,val,train,train,train,train,val,train,test,train,val
3678,2020_Townsend,CC(C)C[C@@H]1NC(=O)[C@@H](CC(C)C)N(C)C(=O)[C@H](C)NC(=O)[C@H]2CCCN2C(=O)[C@H](Cc2ccccc2)NC(=O)[C@@H](CC(C)C)N(C)C(=O)[C@@H]2CCCN2C1=O,hepta_101,3678,-5.4,7,7,Circle,0.15074,0.0455512,-32.6744,9.411,8.143,1.268,0.173559,0.0507702,8.59,7.743,0.847,61,32,train,train,test,train,train,train,test,train,train,val
3676,2020_Townsend,CC(C)C[C@H]1NC(=O)[C@@H](CC(C)C)N(C)C(=O)[C@H](C)NC(=O)[C@H]2CCCN2C(=O)[C@H](Cc2ccccc2)NC(=O)[C@@H](CC(C)C)N(C)C(=O)[C@@H]2CCCN2C1=O,hepta_99,3676,-5.74,7,7,Circle,0.155062,0.0541468,-42.0847,9.718,8.133,1.585,0.164347,0.0646229,9.501,8.133,1.368,50,59,train,train,train,train,train,train,train,train,val,train
3675,2020_Townsend,CC(C)C[C@H]1NC(=O)[C@@H]2CCCN2C(=O)[C@@H](CC(C)C)N(C)C(=O)[C@@H](CC(C)C)N(C)C(=O)[C@H](C)NC(=O)[C@H]2CCCN2C(=O)[C@H](Cc2ccccc2)NC1=O,hepta_98,3675,-6.22,7,7,Circle,0.167743,0.0682495,-21.5141,8.859,7.653,1.206,0.129695,0.0509063,9.1,7.867,1.233,49,14,test,train,train,test,test,train,test,test,train,train
3674,2020_Townsend,CC(C)C[C@@H]1NC(=O)[C@@H]2CCCN2C(=O)[C@H](CC(C)C)N(C)C(=O)[C@H](CC(C)C)NC(=O)[C@H](C)NC(=O)[C@H]2CCCN2C(=O)[C@H](Cc2ccccc2)NC1=O,hepta_97,3674,-6.21,7,7,Circle,0.192088,0.0949025,-32.0009,8.873,7.5,1.373,0.176915,0.0601239,8.419,7.265,1.154,84,31,train,train,train,train,test,train,train,val,val,train
3673,2020_Townsend,CC(C)C[C@@H]1NC(=O)[C@@H]2CCCN2C(=O)[C@H](CC(C)C)NC(=O)[C@H](CC(C)C)N(C)C(=O)[C@H](C)NC(=O)[C@H]2CCCN2C(=O)[C@H](Cc2ccccc2)NC1=O,hepta_96,3673,-6.56,7,7,Circle,0.100548,0.0362497,-26.4585,8.497,7.347,1.15,0.152673,0.0547791,8.453,7.416,1.037,51,82,train,train,train,train,val,train,train,train,train,train
3672,2020_Townsend,CC(C)C[C@@H]1NC(=O)[C@@H]2CCCN2C(=O)[C@H](CC(C)C)NC(=O)[C@@H](CC(C)C)N(C)C(=O)[C@H](C)NC(=O)[C@H]2CCCN2C(=O)[C@H](Cc2ccccc2)NC1=O,hepta_95,3672,-6.1,7,7,Circle,0.167108,0.0657065,-44.6271,9.338,7.969,1.369,0.152315,0.0603141,8.565,7.558,1.007,11,66,train,train,train,train,train,train,val,train,train,train
3671,2020_Townsend,CC(C)C[C@@H]1NC(=O)[C@H](C)NC(=O)[C@H]2CCCN2C(=O)[C@H](Cc2ccccc2)NC(=O)[C@@H](CC(C)C)N(C)C(=O)[C@@H]2CCCN2C(=O)[C@H](CC(C)C)NC1=O,hepta_94,3671,-6.11,7,7,Circle,0.150041,0.0545391,-39.4844,9.432,7.954,1.478,0.155343,0.0576913,8.773,7.57,1.203,67,17,train,train,train,train,train,test,train,train,train,test
3670,2020_Townsend,CC(C)C[C@@H]1NC(=O)[C@@H]2CCCN2C(=O)[C@@H](CC(C)C)N(C)C(=O)[C@H](CC(C)C)NC(=O)[C@H](C)NC(=O)[C@H]2CCCN2C(=O)[C@H](Cc2ccccc2)NC1=O,hepta_93,3670,-6.12,7,7,Circle,0.14873,0.0578024,-20.0806,8.809,7.532,1.277,0.144257,0.0350131,8.929,7.623,1.306,41,49,train,train,train,train,train,train,test,train,train,train
3669,2020_Townsend,CC(C)C[C@@H]1NC(=O)[C@@H](CC(C)C)NC(=O)[C@H](C)NC(=O)[C@H]2CCCN2C(=O)[C@H](Cc2ccccc2)NC(=O)[C@H](CC(C)C)N(C)C(=O)[C@@H]2CCCN2C1=O,hepta_92,3669,-6.34,7,7,Circle,0.146635,0.0453074,-37.7525,9.276,7.791,1.485,0.124751,0.03934,8.687,7.518,1.169,55,68,val,train,train,train,train,train,train,test,test,train
3668,2020_Townsend,CC(C)C[C@@H]1NC(=O)[C@@H](CC(C)C)NC(=O)[C@H](C)NC(=O)[C@H]2CCCN2C(=O)[C@H](Cc2ccccc2)NC(=O)[C@@H](CC(C)C)N(C)C(=O)[C@@H]2CCCN2C1=O,hepta_91,3668,-6.28,7,7,Circle,0.151007,0.0597904,-36.4755,9.482,7.968,1.514,0.144719,0.0532778,9.002,7.788,1.214,21,36,train,train,train,train,val,test,train,train,train,train
3667,2020_Townsend,CC(C)C[C@@H]1NC(=O)[C@@H]2CCCN2C(=O)[C@@H](CC(C)C)NC(=O)[C@@H](CC(C)C)N(C)C(=O)[C@H](C)NC(=O)[C@H]2CCCN2C(=O)[C@H](Cc2ccccc2)NC1=O,hepta_90,3667,-5.92,7,7,Circle,0.177361,0.0604678,-28.4856,9.203,7.959,1.244,0.150826,0.0711466,8.78,7.67,1.11,12,83,test,train,test,train,train,train,train,train,train,train
3666,2020_Townsend,CC(C)C[C@@H]1NC(=O)[C@@H](CC(C)C)N(C)C(=O)[C@H](C)NC(=O)[C@H]2CCCN2C(=O)[C@H](Cc2ccccc2)NC(=O)[C@@H](CC(C)C)NC(=O)[C@@H]2CCCN2C1=O,hepta_89,3666,-6.08,7,7,Circle,0.130932,0.0517835,-23.0409,8.675,7.422,1.253,0.129364,0.0408467,8.782,7.557,1.225,18,85,train,train,train,test,train,train,train,test,train,train
3665,2020_Townsend,CC(C)C[C@H]1C(=O)N[C@@H](Cc2ccccc2)C(=O)N2CCC[C@@H]2C(=O)N[C@@H](C)C(=O)N[C@H](CC(C)C)C(=O)N[C@H](CC(C)C)C(=O)N2CCC[C@H]2C(=O)N1C,hepta_88,3665,-6.29,7,7,Circle,0.156648,0.0502102,-24.107,8.758,7.576,1.182,0.0937088,0.0376181,8.544,7.464,1.08,22,18,train,test,train,val,train,train,test,train,val,val
3664,2020_Townsend,CC(C)C[C@@H]1NC(=O)[C@H](C)NC(=O)[C@H]2CCCN2C(=O)[C@H](Cc2ccccc2)NC(=O)[C@@H](CC(C)C)N(C)C(=O)[C@@H]2CCCN2C(=O)[C@@H](CC(C)C)NC1=O,hepta_87,3664,-6.44,7,7,Circle,0.168886,0.0733347,-28.0731,9.154,7.862,1.292,0.146951,0.0553447,8.619,7.533,1.086,90,8,train,train,train,train,test,test,train,train,test,train
3663,2020_Townsend,CC(C)C[C@H]1C(=O)N[C@H](CC(C)C)C(=O)N2CCC[C@H]2C(=O)N[C@H](CC(C)C)C(=O)N[C@@H](Cc2ccccc2)C(=O)N2CCC[C@@H]2C(=O)N[C@@H](C)C(=O)N1C,hepta_86,3663,-5.78,7,7,Circle,0.145683,0.0477967,-33.4585,9.361,7.865,1.496,0.19403,0.0858474,9.062,7.639,1.423,61,49,train,train,val,train,train,train,train,train,train,test
3661,2020_Townsend,CC(C)C[C@H]1NC(=O)[C@H](C)NC(=O)[C@H]2CCCN2C(=O)[C@H](Cc2ccccc2)NC(=O)[C@@H](CC(C)C)N(C)C(=O)[C@@H]2CCCN2C(=O)[C@@H](CC(C)C)NC1=O,hepta_84,3661,-6.06,7,7,Circle,0.127586,0.0507288,-41.965,9.661,8.109,1.552,0.135799,0.0486456,8.935,7.734,1.201,31,67,train,test,train,test,train,train,train,train,train,train
3660,2020_Townsend,CC(C)C[C@H]1NC(=O)[C@@H]2CCCN2C(=O)[C@@H](CC(C)C)NC(=O)[C@@H](CC(C)C)N(C)C(=O)[C@H](C)NC(=O)[C@H]2CCCN2C(=O)[C@H](Cc2ccccc2)NC1=O,hepta_83,3660,-6.28,7,7,Circle,0.16562,0.0584224,-39.9114,9.617,8.029,1.588,0.136821,0.0522766,8.615,7.526,1.089,32,19,train,test,train,train,train,val,train,train,train,val
3659,2020_Townsend,CC(C)C[C@@H]1NC(=O)[C@H](C)NC(=O)[C@H]2CCCN2C(=O)[C@H](Cc2ccccc2)NC(=O)[C@H](CC(C)C)NC(=O)[C@@H]2CCCN2C(=O)[C@H](CC(C)C)NC1=O,hepta_82,3659,-6.45,7,7,Circle,0.160038,0.0523347,-18.8583,8.396,7.233,1.163,0.147751,0.0444246,8.568,7.393,1.175,23,36,train,train,val,train,train,train,train,val,test,train
3658,2020_Townsend,CC(C)C[C@@H]1NC(=O)[C@H](C)NC(=O)[C@H]2CCCN2C(=O)[C@H](Cc2ccccc2)NC(=O)[C@H](CC(C)C)NC(=O)[C@@H]2CCCN2C(=O)[C@@H](CC(C)C)NC1=O,hepta_81,3658,-6.26,7,7,Circle,0.128124,0.0453847,-25.6763,8.68,7.482,1.198,0.120517,0.0447586,8.511,7.346,1.165,24,2,train,train,train,train,train,train,train,train,train,test
3657,2020_Townsend,CC(C)C[C@@H]1NC(=O)[C@H](C)NC(=O)[C@H]2CCCN2C(=O)[C@H](Cc2ccccc2)NC(=O)[C@@H](CC(C)C)NC(=O)[C@@H]2CCCN2C(=O)[C@H](CC(C)C)NC1=O,hepta_80,3657,-10.0,7,7,Circle,0.238249,0.112785,-23.5439,8.584,7.268,1.316,0.149845,0.0497379,8.519,7.34,1.179,40,73,test,train,train,train,val,test,train,train,train,test
3656,2020_Townsend,CC(C)C[C@@H]1NC(=O)[C@@H]2CCCN2C(=O)[C@H](CC(C)C)NC(=O)[C@@H](CC(C)C)NC(=O)[C@H](C)NC(=O)[C@H]2CCCN2C(=O)[C@H](Cc2ccccc2)NC1=O,hepta_79,3656,-10.0,7,7,Circle,0.182908,0.0777466,-28.5638,8.961,7.61,1.351,0.163109,0.045969,8.464,7.304,1.16,80,23,train,test,train,train,val,train,train,train,train,train
3655,2020_Townsend,CC(C)C[C@@H]1NC(=O)[C@@H](CC(C)C)NC(=O)[C@H](C)NC(=O)[C@H]2CCCN2C(=O)[C@H](Cc2ccccc2)NC(=O)[C@@H](CC(C)C)NC(=O)[C@@H]2CCCN2C1=O,hepta_78,3655,-10.0,7,7,Circle,0.150941,0.0579433,-26.4437,8.689,7.318,1.371,0.14757,0.0482748,8.354,7.091,1.263,82,48,train,train,train,train,train,val,train,test,val,train
3654,2020_Townsend,CC(C)C[C@@H]1NC(=O)[C@@H]2CCCN2C(=O)[C@@H](CC(C)C)NC(=O)[C@@H](CC(C)C)NC(=O)[C@H](C)NC(=O)[C@H]2CCCN2C(=O)[C@H](Cc2ccccc2)NC1=O,hepta_77,3654,-10.0,7,7,Circle,0.11802,0.0431894,-24.9475,8.498,7.06,1.438,0.201469,0.0969993,8.558,7.183,1.375,79,33,train,test,train,train,train,train,train,train,train,train
3653,2020_Townsend,CC(C)C[C@@H]1NC(=O)[C@H](C)NC(=O)[C@H]2CCCN2C(=O)[C@H](Cc2ccccc2)NC(=O)[C@@H](CC(C)C)NC(=O)[C@@H]2CCCN2C(=O)[C@@H](CC(C)C)NC1=O,hepta_76,3653,-10.0,7,7,Circle,0.152326,0.0526729,-26.8649,8.834,7.562,1.272,0.146697,0.0560781,8.689,7.522,1.167,83,56,train,train,train,train,train,train,val,train,train,train
3652,2020_Townsend,CC(C)C[C@H]1NC(=O)[C@H](C)NC(=O)[C@H]2CCCN2C(=O)[C@H](Cc2ccccc2)NC(=O)[C@@H](CC(C)C)NC(=O)[C@@H]2CCCN2C(=O)[C@@H](CC(C)C)NC1=O,hepta_75,3652,-6.46,7,7,Circle,0.151702,0.0712573,-48.1665,9.159,7.616,1.543,0.147791,0.0617917,8.509,7.31,1.199,48,6,val,train,train,train,val,train,val,val,train,train
3651,2020_Townsend,CCCN1CC(=O)N(Cc2ccccc2)CC(=O)N(Cc2ccccc2)CC(=O)N2CCC[C@H]2C(=O)N(Cc2ccccc2)CC(=O)N[C@@H](Cc2ccccc2)C(=O)N2CCC[C@@H]2C1=O,hepta_74,3651,-6.28,7,7,Circle,0.157635,0.0455669,-31.8903,9.212,7.94,1.272,0.136459,0.0376648,9.182,8.12,1.062,94,16,train,train,test,test,train,val,train,train,train,train
3642,2020_Townsend,CCCN1CC(=O)N[C@@H](CC(C)C)C(=O)N(Cc2ccccc2)CC(=O)N2CCC[C@H]2C(=O)N(Cc2ccccc2)CC(=O)N[C@@H](Cc2ccccc2)C(=O)N2CCC[C@@H]2C1=O,hepta_65,3642,-5.62,7,7,Circle,0.228815,0.090417,-34.4847,9.608,8.391,1.217,0.146063,0.0375267,8.832,7.648,1.184,68,61,train,train,train,train,train,train,train,train,test,val
3637,2020_Townsend,CCCN1CC(=O)N[C@H](CC(C)C)C(=O)N(Cc2ccccc2)CC(=O)N2CCC[C@H]2C(=O)N(Cc2ccccc2)CC(=O)N[C@@H](Cc2ccccc2)C(=O)N2CCC[C@@H]2C1=O,hepta_60,3637,-5.84,7,7,Circle,0.223729,0.0782971,-43.3725,9.787,8.531,1.256,0.148035,0.0422408,9.202,7.979,1.223,45,30,train,train,train,val,train,train,val,val,train,train
3635,2020_Townsend,CCCN1CC(=O)N(C)[C@H](CC(C)C)C(=O)N(Cc2ccccc2)CC(=O)N2CCC[C@H]2C(=O)N(C)[C@@H](CC(C)C)C(=O)N[C@@H](Cc2ccccc2)C(=O)N2CCC[C@@H]2C1=O,hepta_58,3635,-5.09,7,7,Circle,0.141712,0.043857,-43.3798,9.572,8.38,1.192,0.131258,0.0395344,9.509,8.478,1.031,66,10,train,train,train,val,train,val,train,train,train,val
3629,2020_Townsend,CCCN1CC(=O)N(C)[C@H](CC(C)C)C(=O)N(C)[C@H](CC(C)C)C(=O)N2CCC[C@H]2C(=O)N(Cc2ccccc2)CC(=O)N[C@@H](Cc2ccccc2)C(=O)N2CCC[C@@H]2C1=O,hepta_52,3629,-5.33,7,7,Circle,0.140936,0.0363162,-30.5399,9.042,7.729,1.313,0.137014,0.0347116,9.553,8.281,1.272,58,91,train,train,train,train,train,train,val,train,train,val
3628,2020_Townsend,CCCN1CC(=O)N[C@@H](CC(C)C)C(=O)N(C)[C@@H](CC(C)C)C(=O)N2CCC[C@H]2C(=O)N(Cc2ccccc2)CC(=O)N[C@@H](Cc2ccccc2)C(=O)N2CCC[C@@H]2C1=O,hepta_51,3628,-5.2,7,7,Circle,0.155993,0.0565461,-33.4502,9.108,7.839,1.269,0.110057,0.0490822,9.137,8.17,0.967,34,65,train,test,train,train,val,train,train,train,test,train
3627,2020_Townsend,CCCN1CC(=O)N(Cc2ccccc2)CC(=O)N[C@@H](CC(C)C)C(=O)N2CCC[C@H]2C(=O)N(C)[C@@H](CC(C)C)C(=O)N[C@@H](Cc2ccccc2)C(=O)N2CCC[C@@H]2C1=O,hepta_50,3627,-5.18,7,7,Circle,0.177634,0.0615528,-40.3639,9.955,8.727,1.228,0.176308,0.0703503,9.235,8.121,1.114,18,24,val,train,train,val,train,train,train,val,train,train
3625,2020_Townsend,CCCN1CC(=O)N[C@@H](CC(C)C)C(=O)N(C)[C@H](CC(C)C)C(=O)N2CCC[C@H]2C(=O)N(Cc2ccccc2)CC(=O)N[C@@H](Cc2ccccc2)C(=O)N2CCC[C@@H]2C1=O,hepta_48,3625,-5.64,7,7,Circle,0.15733,0.0540439,-32.363,9.629,8.359,1.27,0.145476,0.062197,9.358,8.077,1.281,59,35,train,train,train,train,train,val,train,train,train,test
3623,2020_Townsend,CCCN1CC(=O)N(Cc2ccccc2)CC(=O)N[C@@H](CC(C)C)C(=O)N2CCC[C@H]2C(=O)N(C)[C@H](CC(C)C)C(=O)N[C@@H](Cc2ccccc2)C(=O)N2CCC[C@@H]2C1=O,hepta_46,3623,-5.51,7,7,Circle,0.100584,0.0368035,-33.1417,9.48,8.205,1.275,0.12226,0.0381843,9.203,8.304,0.899,35,42,train,val,train,train,train,train,train,val,train,train
3622,2020_Townsend,CCCN1CC(=O)N[C@H](CC(C)C)C(=O)N(C)[C@@H](CC(C)C)C(=O)N2CCC[C@H]2C(=O)N(Cc2ccccc2)CC(=O)N[C@@H](Cc2ccccc2)C(=O)N2CCC[C@@H]2C1=O,hepta_45,3622,-5.36,7,7,Circle,0.253605,0.126821,-35.3465,9.724,8.489,1.235,0.1344,0.0415025,9.21,8.209,1.001,8,97,train,train,train,train,train,train,train,test,train,test
3621,2020_Townsend,CCCN1CC(=O)N(C)[C@@H](CC(C)C)C(=O)N[C@H](CC(C)C)C(=O)N2CCC[C@H]2C(=O)N(Cc2ccccc2)CC(=O)N[C@@H](Cc2ccccc2)C(=O)N2CCC[C@@H]2C1=O,hepta_44,3621,-6.36,7,7,Circle,0.171873,0.0495014,-34.0206,9.744,8.463,1.281,0.1694,0.0506483,9.708,8.452,1.256,48,39,train,val,train,train,train,train,train,train,train,val
3620,2020_Townsend,CCCN1CC(=O)N(C)[C@H](CC(C)C)C(=O)N(C)[C@@H](CC(C)C)C(=O)N2CCC[C@H]2C(=O)N(C)[C@@H](CC(C)C)C(=O)N[C@@H](Cc2ccccc2)C(=O)N2CCC[C@@H]2C1=O,hepta_43,3620,-4.96,7,7,Circle,0.131004,0.040666,-18.9916,9.193,8.161,1.032,0.126649,0.0492203,9.051,8.08,0.971,66,89,train,train,train,train,train,train,train,train,train,train
3619,2020_Townsend,CCCN1CC(=O)N(Cc2ccccc2)CC(=O)N(C)[C@H](CC(C)C)C(=O)N2CCC[C@H]2C(=O)N[C@H](CC(C)C)C(=O)N[C@@H](Cc2ccccc2)C(=O)N2CCC[C@@H]2C1=O,hepta_42,3619,-5.6,7,7,Circle,0.130847,0.0386414,-31.3054,9.691,8.536,1.155,0.126728,0.0407595,9.13,8.098,1.032,96,35,val,train,train,train,train,train,val,train,train,train
3618,2020_Townsend,CCCN1CC(=O)N[C@H](CC(C)C)C(=O)N(Cc2ccccc2)CC(=O)N2CCC[C@H]2C(=O)N(C)[C@H](CC(C)C)C(=O)N[C@@H](Cc2ccccc2)C(=O)N2CCC[C@@H]2C1=O,hepta_41,3618,-10.0,7,7,Circle,0.137339,0.0504853,-43.7457,9.248,7.936,1.312,0.155397,0.0456181,9.145,7.921,1.224,24,87,train,val,train,train,train,test,val,train,train,train
3617,2020_Townsend,CCCN1CC(=O)N(C)[C@H](CC(C)C)C(=O)N(C)[C@@H](CC(C)C)C(=O)N2CCC[C@H]2C(=O)N(C)[C@H](CC(C)C)C(=O)N[C@@H](Cc2ccccc2)C(=O)N2CCC[C@@H]2C1=O,hepta_40,3617,-4.94,7,7,Circle,0.155093,0.0593809,-18.4624,9.718,8.606,1.112,0.142904,0.0405336,9.147,8.026,1.121,60,23,test,val,train,train,train,train,train,test,train,train
3616,2020_Townsend,CCCN1CC(=O)N(C)[C@@H](CC(C)C)C(=O)N(C)[C@H](CC(C)C)C(=O)N2CCC[C@H]2C(=O)N(C)[C@H](CC(C)C)C(=O)N[C@@H](Cc2ccccc2)C(=O)N2CCC[C@@H]2C1=O,hepta_39,3616,-4.78,7,7,Circle,0.15096,0.040078,-23.6437,9.731,8.662,1.069,0.17819,0.0618627,9.747,8.667,1.08,4,96,test,val,train,train,train,train,train,train,val,train
3615,2020_Townsend,CCCN1CC(=O)N(C)[C@H](CC(C)C)C(=O)N(C)[C@H](CC(C)C)C(=O)N2CCC[C@H]2C(=O)N(C)[C@H](CC(C)C)C(=O)N[C@@H](Cc2ccccc2)C(=O)N2CCC[C@@H]2C1=O,hepta_38,3615,-5.11,7,7,Circle,0.125253,0.0431175,-18.4083,9.359,8.351,1.008,0.114441,0.0353271,9.333,8.367,0.966,86,32,train,train,train,train,train,train,train,val,train,val
3613,2020_Townsend,CCCN1CC(=O)N(Cc2ccccc2)CC(=O)N[C@@H](CC(C)C)C(=O)N2CCC[C@H]2C(=O)N[C@@H](CC(C)C)C(=O)N[C@@H](Cc2ccccc2)C(=O)N2CCC[C@@H]2C1=O,hepta_36,3613,-6.22,7,7,Circle,0.204465,0.0810922,-33.2203,9.43,8.056,1.374,0.143885,0.0417633,8.732,7.75,0.982,96,41,test,train,train,train,train,train,train,train,train,train
3612,2020_Townsend,CCCN1CC(=O)N[C@@H](CC(C)C)C(=O)N(C)[C@@H](CC(C)C)C(=O)N2CCC[C@H]2C(=O)N(C)[C@@H](CC(C)C)C(=O)N[C@@H](Cc2ccccc2)C(=O)N2CCC[C@@H]2C1=O,hepta_35,3612,-5.02,7,7,Circle,0.0948014,0.0370509,-28.9445,9.431,8.31,1.121,0.121443,0.0415521,9.095,8.066,1.029,8,86,train,train,test,train,train,train,train,train,test,train
3611,2020_Townsend,CCCN1CC(=O)N[C@@H](CC(C)C)C(=O)N[C@H](CC(C)C)C(=O)N2CCC[C@H]2C(=O)N(Cc2ccccc2)CC(=O)N[C@@H](Cc2ccccc2)C(=O)N2CCC[C@@H]2C1=O,hepta_34,3611,-5.69,7,7,Circle,0.160625,0.0473457,-46.8659,9.829,8.382,1.447,0.117716,0.0408459,8.767,7.784,0.983,91,99,train,train,train,test,train,train,train,train,train,val
3610,2020_Townsend,CCCN1CC(=O)N[C@H](CC(C)C)C(=O)N[C@@H](CC(C)C)C(=O)N2CCC[C@H]2C(=O)N(Cc2ccccc2)CC(=O)N[C@@H](Cc2ccccc2)C(=O)N2CCC[C@@H]2C1=O,hepta_33,3610,-5.79,7,7,Circle,0.197338,0.0628652,-27.7617,9.459,8.196,1.263,0.156795,0.0446032,9.128,8.145,0.983,9,86,train,train,train,train,train,test,train,train,test,train
3609,2020_Townsend,CCCN1CC(=O)N(Cc2ccccc2)CC(=O)N[C@@H](CC(C)C)C(=O)N2CCC[C@H]2C(=O)N[C@H](CC(C)C)C(=O)N[C@@H](Cc2ccccc2)C(=O)N2CCC[C@@H]2C1=O,hepta_32,3609,-6.14,7,7,Circle,0.180878,0.0590854,-24.572,9.289,7.968,1.321,0.126198,0.0415988,9.1,7.828,1.272,90,63,train,train,val,train,train,train,train,train,train,train
3608,2020_Townsend,CCCN1CC(=O)N[C@H](CC(C)C)C(=O)N(Cc2ccccc2)CC(=O)N2CCC[C@H]2C(=O)N[C@@H](CC(C)C)C(=O)N[C@@H](Cc2ccccc2)C(=O)N2CCC[C@@H]2C1=O,hepta_31,3608,-10.0,7,7,Circle,0.169506,0.0526072,-27.6798,9.329,7.956,1.373,0.176119,0.0525416,8.955,7.703,1.252,36,17,val,train,train,train,train,train,val,train,train,val
3607,2020_Townsend,CCCN1CC(=O)N(C)[C@@H](CC(C)C)C(=O)N[C@@H](CC(C)C)C(=O)N2CCC[C@H]2C(=O)N(C)[C@H](CC(C)C)C(=O)N[C@@H](Cc2ccccc2)C(=O)N2CCC[C@@H]2C1=O,hepta_30,3607,-5.17,7,7,Circle,0.15127,0.0469667,-29.8384,9.375,8.163,1.212,0.140873,0.0453701,9.392,8.174,1.218,6,100,train,train,train,train,train,test,val,train,train,train
3604,2020_Townsend,CCCN1CC(=O)N(C)[C@@H](CC(C)C)C(=O)N(C)[C@H](CC(C)C)C(=O)N2CCC[C@H]2C(=O)N[C@@H](CC(C)C)C(=O)N[C@@H](Cc2ccccc2)C(=O)N2CCC[C@@H]2C1=O,hepta_27,3604,-5.96,7,7,Circle,0.13421,0.0516101,-28.0064,9.58,8.367,1.213,0.113707,0.0370827,9.248,8.168,1.08,90,25,train,train,train,train,train,train,train,train,train,train
3603,2020_Townsend,CCCN1CC(=O)N[C@H](CC(C)C)C(=O)N[C@H](CC(C)C)C(=O)N2CCC[C@H]2C(=O)N(Cc2ccccc2)CC(=O)N[C@@H](Cc2ccccc2)C(=O)N2CCC[C@@H]2C1=O,hepta_26,3603,-5.98,7,7,Circle,0.158618,0.0600653,-42.0859,9.678,8.302,1.376,0.168529,0.0549517,8.994,7.831,1.163,96,80,train,train,train,train,test,train,train,train,train,train
3602,2020_Townsend,CCCN1CC(=O)N[C@H](CC(C)C)C(=O)N(Cc2ccccc2)CC(=O)N2CCC[C@H]2C(=O)N[C@H](CC(C)C)C(=O)N[C@@H](Cc2ccccc2)C(=O)N2CCC[C@@H]2C1=O,hepta_25,3602,-5.97,7,7,Circle,0.158359,0.0488773,-28.1589,9.177,7.826,1.351,0.173292,0.0696152,9.223,7.852,1.371,44,5,train,train,train,val,train,train,train,train,train,train
3600,2020_Townsend,CCCN1CC(=O)N(C)[C@H](CC(C)C)C(=O)N[C@@H](CC(C)C)C(=O)N2CCC[C@H]2C(=O)N(C)[C@H](CC(C)C)C(=O)N[C@@H](Cc2ccccc2)C(=O)N2CCC[C@@H]2C1=O,hepta_23,3600,-5.07,7,7,Circle,0.158516,0.0654131,-27.7977,9.377,8.139,1.238,0.193978,0.0739726,8.981,7.841,1.14,8,14,train,train,train,train,train,train,train,train,val,train
3599,2020_Townsend,CCCN1CC(=O)N[C@H](CC(C)C)C(=O)N(C)[C@@H](CC(C)C)C(=O)N2CCC[C@H]2C(=O)N(C)[C@H](CC(C)C)C(=O)N[C@@H](Cc2ccccc2)C(=O)N2CCC[C@@H]2C1=O,hepta_22,3599,-5.2,7,7,Circle,0.154855,0.0783962,-29.3913,9.475,8.312,1.163,0.136641,0.0483178,9.009,8.021,0.988,75,51,train,val,train,train,train,train,train,train,val,train
3597,2020_Townsend,CCCN1CC(=O)N[C@H](CC(C)C)C(=O)N(C)[C@H](CC(C)C)C(=O)N2CCC[C@H]2C(=O)N(C)[C@H](CC(C)C)C(=O)N[C@@H](Cc2ccccc2)C(=O)N2CCC[C@@H]2C1=O,hepta_20,3597,-4.99,7,7,Circle,0.149693,0.0422064,-20.543,9.71,8.472,1.238,0.181162,0.05065,9.44,8.289,1.151,55,42,train,train,train,val,train,train,train,val,train,train
3596,2020_Townsend,CCCN1CC(=O)N(C)[C@H](CC(C)C)C(=O)N(C)[C@H](CC(C)C)C(=O)N2CCC[C@H]2C(=O)N[C@H](CC(C)C)C(=O)N[C@@H](Cc2ccccc2)C(=O)N2CCC[C@@H]2C1=O,hepta_19,3596,-5.81,7,7,Circle,0.17854,0.0579344,-42.587,10.019,8.785,1.234,0.139977,0.04614,9.55,8.564,0.986,13,3,train,train,train,train,train,train,train,test,train,test
3595,2020_Townsend,CCCN1CC(=O)N[C@@H](CC(C)C)C(=O)N(C)[C@@H](CC(C)C)C(=O)N2CCC[C@H]2C(=O)N[C@@H](CC(C)C)C(=O)N[C@@H](Cc2ccccc2)C(=O)N2CCC[C@@H]2C1=O,hepta_18,3595,-5.33,7,7,Circle,0.126745,0.0488098,-45.6786,9.737,8.408,1.329,0.142492,0.0471511,9.158,7.969,1.189,32,63,train,train,train,val,train,val,train,train,train,train
3594,2020_Townsend,CCCN1CC(=O)N[C@@H](CC(C)C)C(=O)N[C@@H](CC(C)C)C(=O)N2CCC[C@H]2C(=O)N(C)[C@@H](CC(C)C)C(=O)N[C@@H](Cc2ccccc2)C(=O)N2CCC[C@@H]2C1=O,hepta_17,3594,-5.68,7,7,Circle,0.13403,0.0424513,-44.2768,9.657,8.256,1.401,0.1093,0.0431347,9.175,7.911,1.264,62,73,test,train,train,train,train,test,val,train,train,train
3593,2020_Townsend,CCCN1CC(=O)N[C@@H](CC(C)C)C(=O)N[C@H](CC(C)C)C(=O)N2CCC[C@H]2C(=O)N(C)[C@@H](CC(C)C)C(=O)N[C@@H](Cc2ccccc2)C(=O)N2CCC[C@@H]2C1=O,hepta_16,3593,-5.46,7,7,Circle,0.130327,0.0452418,-16.0603,8.983,7.964,1.019,0.140367,0.0482026,9.358,8.244,1.114,28,38,train,train,val,train,train,train,test,train,train,train
3592,2020_Townsend,CCCN1CC(=O)N[C@H](CC(C)C)C(=O)N[C@@H](CC(C)C)C(=O)N2CCC[C@H]2C(=O)N(C)[C@@H](CC(C)C)C(=O)N[C@@H](Cc2ccccc2)C(=O)N2CCC[C@@H]2C1=O,hepta_15,3592,-5.2,7,7,Circle,0.16765,0.0661918,-36.7823,9.747,8.372,1.375,0.131769,0.0330566,8.739,7.832,0.907,91,72,train,test,train,train,train,train,train,train,train,train
3590,2020_Townsend,CCCN1CC(=O)N[C@@H](CC(C)C)C(=O)N(C)[C@@H](CC(C)C)C(=O)N2CCC[C@H]2C(=O)N[C@H](CC(C)C)C(=O)N[C@@H](Cc2ccccc2)C(=O)N2CCC[C@@H]2C1=O,hepta_13,3590,-6.15,7,7,Circle,0.148846,0.0681032,-32.5124,9.396,8.058,1.338,0.142852,0.0457796,8.865,7.777,1.088,8,18,train,test,train,train,train,train,train,train,train,train
3589,2020_Townsend,CCCN1CC(=O)N(C)[C@@H](CC(C)C)C(=O)N[C@H](CC(C)C)C(=O)N2CCC[C@H]2C(=O)N[C@@H](CC(C)C)C(=O)N[C@@H](Cc2ccccc2)C(=O)N2CCC[C@@H]2C1=O,hepta_12,3589,-6.69,7,7,Circle,0.191973,0.0654496,-32.8749,9.671,8.391,1.28,0.152779,0.0453635,9.285,8.068,1.217,26,55,train,train,train,train,train,train,test,test,val,train
3588,2020_Townsend,CCCN1CC(=O)N[C@@H](CC(C)C)C(=O)N(C)[C@H](CC(C)C)C(=O)N2CCC[C@H]2C(=O)N[C@H](CC(C)C)C(=O)N[C@@H](Cc2ccccc2)C(=O)N2CCC[C@@H]2C1=O,hepta_11,3588,-5.43,7,7,Circle,0.166831,0.0631387,-24.4045,9.213,7.903,1.31,0.169001,0.0570498,9.112,7.807,1.305,54,74,train,train,test,test,train,train,train,train,train,val
3587,2020_Townsend,CCCN1CC(=O)N[C@H](CC(C)C)C(=O)N[C@@H](CC(C)C)C(=O)N2CCC[C@H]2C(=O)N(C)[C@H](CC(C)C)C(=O)N[C@@H](Cc2ccccc2)C(=O)N2CCC[C@@H]2C1=O,hepta_10,3587,-5.63,7,7,Circle,0.209376,0.0820441,-29.1274,9.388,8.083,1.305,0.210551,0.0886743,9.408,8.133,1.275,7,19,train,train,train,train,test,train,train,train,val,train
3586,2020_Townsend,CCCN1CC(=O)N[C@H](CC(C)C)C(=O)N(C)[C@@H](CC(C)C)C(=O)N2CCC[C@H]2C(=O)N[C@H](CC(C)C)C(=O)N[C@@H](Cc2ccccc2)C(=O)N2CCC[C@@H]2C1=O,hepta_9,3586,-5.67,7,7,Circle,0.145518,0.0577304,-38.711,9.402,8.1,1.302,0.117415,0.0356008,8.925,7.689,1.236,53,32,train,train,train,train,train,train,train,train,val,val
3585,2020_Townsend,CCCN1CC(=O)N[C@H](CC(C)C)C(=O)N[C@H](CC(C)C)C(=O)N2CCC[C@H]2C(=O)N(C)[C@H](CC(C)C)C(=O)N[C@@H](Cc2ccccc2)C(=O)N2CCC[C@@H]2C1=O,hepta_8,3585,-5.97,7,7,Circle,0.156934,0.0563467,-21.71,9.157,7.919,1.238,0.16768,0.0627448,9.037,7.892,1.145,15,18,train,train,test,train,train,train,val,train,train,val
3583,2020_Townsend,CCCN1CC(=O)N[C@H](CC(C)C)C(=O)N(C)[C@H](CC(C)C)C(=O)N2CCC[C@H]2C(=O)N[C@H](CC(C)C)C(=O)N[C@@H](Cc2ccccc2)C(=O)N2CCC[C@@H]2C1=O,hepta_6,3583,-10.0,7,7,Circle,0.153341,0.054752,-26.5704,9.507,8.114,1.393,0.15647,0.0485239,9.432,8.064,1.368,31,45,val,train,test,train,train,train,train,train,train,train
3582,2020_Townsend,CCCN1CC(=O)N[C@@H](CC(C)C)C(=O)N[C@@H](CC(C)C)C(=O)N2CCC[C@H]2C(=O)N[C@@H](CC(C)C)C(=O)N[C@@H](Cc2ccccc2)C(=O)N2CCC[C@@H]2C1=O,hepta_5,3582,-5.82,7,7,Circle,0.143054,0.0557962,-24.5139,9.086,7.815,1.271,0.129162,0.0470463,9.181,8.007,1.174,3,89,train,train,train,val,train,train,train,train,train,train
3581,2020_Townsend,CCCN1CC(=O)N[C@@H](CC(C)C)C(=O)N[C@@H](CC(C)C)C(=O)N2CCC[C@H]2C(=O)N[C@H](CC(C)C)C(=O)N[C@@H](Cc2ccccc2)C(=O)N2CCC[C@@H]2C1=O,hepta_4,3581,-6.09,7,7,Circle,0.151691,0.0450669,-22.1753,8.794,7.634,1.16,0.118901,0.0352329,8.871,7.685,1.186,59,41,train,train,train,train,val,test,val,val,train,train
3580,2020_Townsend,CCCN1CC(=O)N[C@H](CC(C)C)C(=O)N[C@@H](CC(C)C)C(=O)N2CCC[C@H]2C(=O)N[C@@H](CC(C)C)C(=O)N[C@@H](Cc2ccccc2)C(=O)N2CCC[C@@H]2C1=O,hepta_3,3580,-6.05,7,7,Circle,0.166432,0.049081,-33.7822,9.339,7.913,1.426,0.145869,0.0436828,8.634,7.565,1.069,46,35,train,train,train,train,train,train,val,train,train,val
3579,2020_Townsend,CCCN1CC(=O)N[C@@H](CC(C)C)C(=O)N[C@H](CC(C)C)C(=O)N2CCC[C@H]2C(=O)N[C@H](CC(C)C)C(=O)N[C@@H](Cc2ccccc2)C(=O)N2CCC[C@@H]2C1=O,hepta_2,3579,-6.21,7,7,Circle,0.135468,0.0376449,-16.1165,8.686,7.719,0.967,0.132309,0.0295345,8.795,7.763,1.032,41,71,train,train,train,train,train,train,val,train,train,train
3578,2020_Townsend,CCCN1CC(=O)N[C@H](CC(C)C)C(=O)N[C@@H](CC(C)C)C(=O)N2CCC[C@H]2C(=O)N[C@H](CC(C)C)C(=O)N[C@@H](Cc2ccccc2)C(=O)N2CCC[C@@H]2C1=O,hepta_1,3578,-6.26,7,7,Circle,0.233066,0.102856,-39.1887,9.592,8.185,1.407,0.211463,0.0713416,9.033,7.933,1.1,67,32,train,test,train,train,train,train,test,train,train,train
3577,2020_Townsend,CCCN1CC(=O)N[C@H](CC(C)C)C(=O)N[C@H](CC(C)C)C(=O)N2CCC[C@H]2C(=O)N[C@H](CC(C)C)C(=O)N[C@@H](Cc2ccccc2)C(=O)N2CCC[C@@H]2C1=O,hepta_0,3577,-6.56,7,7,Circle,0.171265,0.0690464,-28.4834,9.239,7.968,1.271,0.107198,0.0440956,8.722,7.473,1.249,58,93,train,train,train,train,train,train,train,train,train,test
3576,2020_Townsend,C[C@@H]1C(=O)N(Cc2ccccc2)CC(=O)N(Cc2ccccc2)CC(=O)N2CCC[C@@H]2C(=O)N(Cc2ccccc2)CC(=O)N[C@@H](Cc2ccccc2)C(=O)N1C,hexa_1062,3576,-6.28,6,6,Circle,0.203356,0.0601596,-32.8218,8.585,7.573,1.012,0.158838,0.0388464,8.356,7.436,0.92,45,92,train,train,train,val,test,train,test,train,test,train
3573,2020_Townsend,CC(C)C[C@H]1C(=O)N(Cc2ccccc2)CC(=O)N2CCC[C@@H]2C(=O)N(Cc2ccccc2)CC(=O)N[C@@H](Cc2ccccc2)C(=O)N(C)[C@H](C)C(=O)N1C,hexa_1059,3573,-5.45,6,6,Circle,0.18766,0.0521494,-31.777,8.534,7.586,0.948,0.131363,0.0296467,8.453,7.495,0.958,5,28,train,val,train,val,train,train,train,train,train,train
3571,2020_Townsend,CC(C)C[C@@H]1C(=O)N(Cc2ccccc2)CC(=O)N2CCC[C@@H]2C(=O)N(Cc2ccccc2)CC(=O)N[C@@H](Cc2ccccc2)C(=O)N(C)[C@H](C)C(=O)N1C,hexa_1057,3571,-5.31,6,6,Circle,0.134552,0.0344336,-24.8388,8.371,7.469,0.902,0.160591,0.032123,8.588,7.472,1.116,53,30,train,train,train,train,train,train,train,train,train,train
3566,2020_Townsend,CC(C)C[C@@H]1NC(=O)[C@@H](C)N(C)C(=O)[C@H](Cc2ccccc2)NC(=O)CN(Cc2ccccc2)C(=O)[C@H]2CCCN2C(=O)CN(Cc2ccccc2)C1=O,hexa_1052,3566,-5.72,6,6,Circle,0.169779,0.0643523,-24.9217,8.322,7.313,1.009,0.166287,0.0472875,8.421,7.257,1.164,71,37,val,val,train,train,train,train,train,test,train,val
3565,2020_Townsend,CC(C)C[C@H]1NC(=O)[C@@H](C)N(C)C(=O)[C@H](Cc2ccccc2)NC(=O)CN(Cc2ccccc2)C(=O)[C@H]2CCCN2C(=O)CN(Cc2ccccc2)C1=O,hexa_1051,3565,-6.22,6,6,Circle,0.192174,0.0689133,-28.8339,8.336,7.328,1.008,0.17266,0.0377824,8.445,7.376,1.069,88,10,test,train,train,train,train,train,test,train,train,train
3564,2020_Townsend,CC(C)C[C@H]1C(=O)N2CCC[C@@H]2C(=O)N(Cc2ccccc2)CC(=O)N[C@@H](Cc2ccccc2)C(=O)N(C)[C@H](C)C(=O)N(C)[C@H](CC(C)C)C(=O)N1C,hexa_1050,3564,-5.43,6,6,Circle,0.141887,0.0361044,-20.2518,8.499,7.518,0.981,0.135287,0.0386272,8.349,7.468,0.881,30,33,train,train,train,train,train,val,train,test,train,train
3563,2020_Townsend,CC(C)C[C@H]1C(=O)N[C@@H](Cc2ccccc2)C(=O)N(C)[C@H](C)C(=O)N(C)[C@H](CC(C)C)C(=O)N(Cc2ccccc2)CC(=O)N2CCC[C@@H]2C(=O)N1C,hexa_1049,3563,-5.09,6,6,Circle,0.155173,0.0404257,-22.0726,8.563,7.531,1.032,0.126949,0.0282413,8.252,7.24,1.012,43,26,test,test,val,train,val,train,val,train,train,val
3562,2020_Townsend,CC(C)C[C@H]1C(=O)N(Cc2ccccc2)CC(=O)N2CCC[C@@H]2C(=O)N(C)[C@H](CC(C)C)C(=O)N[C@@H](Cc2ccccc2)C(=O)N(C)[C@H](C)C(=O)N1C,hexa_1048,3562,-5.49,6,6,Circle,0.152108,0.0446229,-23.7583,8.443,7.295,1.148,0.221942,0.0969708,8.586,7.483,1.103,87,58,train,train,train,train,train,train,train,train,train,train
3560,2020_Townsend,CC(C)C[C@@H]1NC(=O)[C@H](CC(C)C)N(C)C(=O)[C@@H](C)N(C)C(=O)[C@H](Cc2ccccc2)NC(=O)CN(Cc2ccccc2)C(=O)[C@H]2CCCN2C1=O,hexa_1046,3560,-5.22,6,6,Circle,0.217517,0.102677,-24.1156,8.421,7.388,1.033,0.134323,0.0398369,8.33,7.338,0.992,12,70,val,test,test,train,val,train,test,train,train,train
3559,2020_Townsend,CC(C)C[C@@H]1NC(=O)[C@@H](C)N(C)C(=O)[C@H](Cc2ccccc2)NC(=O)CN(Cc2ccccc2)C(=O)[C@H]2CCCN2C(=O)[C@H](CC(C)C)N(C)C1=O,hexa_1045,3559,-4.9,6,6,Circle,0.153324,0.0355938,-27.9078,8.661,7.445,1.216,0.123423,0.0413356,8.212,7.195,1.017,88,60,train,train,train,train,train,train,test,val,train,train
3558,2020_Townsend,CC(C)C[C@@H]1NC(=O)[C@@H](C)N(C)C(=O)[C@H](Cc2ccccc2)NC(=O)[C@H](CC(C)C)N(C)C(=O)[C@H]2CCCN2C(=O)CN(Cc2ccccc2)C1=O,hexa_1044,3558,-5.14,6,6,Circle,0.166735,0.0572317,-23.1893,8.682,7.636,1.046,0.137991,0.0331327,8.543,7.596,0.947,81,42,train,train,test,train,train,val,train,train,train,train
3556,2020_Townsend,CC(C)C[C@H]1C(=O)N2CCC[C@@H]2C(=O)N(C)[C@@H](CC(C)C)C(=O)N[C@@H](Cc2ccccc2)C(=O)N(C)[C@H](C)C(=O)N(C)[C@@H](CC(C)C)C(=O)N1C,hexa_1042,3556,-4.81,6,6,Circle,0.12375,0.0319504,-19.4269,8.245,7.393,0.852,0.12787,0.0349565,8.645,7.666,0.979,30,70,train,train,train,val,train,train,train,val,train,train
3555,2020_Townsend,CC(C)C[C@@H]1NC(=O)[C@@H](CC(C)C)N(C)C(=O)[C@@H](C)N(C)C(=O)[C@H](Cc2ccccc2)NC(=O)CN(Cc2ccccc2)C(=O)[C@H]2CCCN2C1=O,hexa_1041,3555,-5.55,6,6,Circle,0.154871,0.0369195,-22.173,8.54,7.412,1.128,0.21265,0.0749939,8.378,7.419,0.959,93,85,train,test,train,train,train,train,train,train,train,train
3554,2020_Townsend,CC(C)C[C@H]1C(=O)N(Cc2ccccc2)CC(=O)N2CCC[C@@H]2C(=O)N[C@H](CC(C)C)C(=O)N[C@@H](Cc2ccccc2)C(=O)N(C)[C@H](C)C(=O)N1C,hexa_1040,3554,-5.52,6,6,Circle,0.184846,0.0667946,-33.2993,8.421,7.287,1.134,0.257414,0.118396,8.404,7.287,1.117,59,66,train,train,train,train,train,train,val,train,train,train
3553,2020_Townsend,CC(C)C[C@H]1C(=O)N2CCC[C@@H]2C(=O)N(Cc2ccccc2)CC(=O)N[C@@H](Cc2ccccc2)C(=O)N(C)[C@H](C)C(=O)N[C@H](CC(C)C)C(=O)N1C,hexa_1039,3553,-5.25,6,6,Circle,0.147095,0.051159,-29.2418,8.275,7.259,1.016,0.129623,0.0342636,8.375,7.355,1.02,24,48,train,train,val,train,test,train,test,train,train,train
3552,2020_Townsend,CC(C)C[C@H]1C(=O)N[C@@H](Cc2ccccc2)C(=O)N(C)[C@H](C)C(=O)N[C@H](CC(C)C)C(=O)N(Cc2ccccc2)CC(=O)N2CCC[C@@H]2C(=O)N1C,hexa_1038,3552,-5.21,6,6,Circle,0.185269,0.0599877,-22.3862,8.34,7.462,0.878,0.173641,0.0528873,8.496,7.623,0.873,15,25,test,train,train,train,train,train,train,train,test,train
3551,2020_Townsend,CC(C)C[C@@H]1NC(=O)[C@@H](C)N(C)C(=O)[C@H](Cc2ccccc2)NC(=O)[C@@H](CC(C)C)N(C)C(=O)[C@H]2CCCN2C(=O)CN(Cc2ccccc2)C1=O,hexa_1037,3551,-5.21,6,6,Circle,0.158782,0.0506513,-28.4493,8.356,7.153,1.203,0.169698,0.0387787,8.309,7.294,1.015,18,90,train,train,train,test,train,train,test,train,val,val
3550,2020_Townsend,CC(C)C[C@@H]1NC(=O)[C@@H](C)N(C)C(=O)[C@H](Cc2ccccc2)NC(=O)CN(Cc2ccccc2)C(=O)[C@H]2CCCN2C(=O)[C@@H](CC(C)C)N(C)C1=O,hexa_1036,3550,-5.3,6,6,Circle,0.148742,0.0338263,-31.8766,8.658,7.486,1.172,0.165852,0.0413732,8.481,7.371,1.11,46,12,train,train,train,train,train,train,train,train,train,test
3549,2020_Townsend,CC(C)C[C@@H]1NC(=O)[C@H]2CCCN2C(=O)CN(Cc2ccccc2)C(=O)[C@@H](CC(C)C)N(C)C(=O)[C@@H](C)N(C)C(=O)[C@H](Cc2ccccc2)NC1=O,hexa_1035,3549,-5.95,6,6,Circle,0.147645,0.036719,-27.4282,8.415,7.301,1.114,0.206657,0.0761719,8.291,7.282,1.009,44,62,train,val,train,train,train,train,train,train,val,train
3546,2020_Townsend,CC(C)C[C@H]1C(=O)N2CCC[C@@H]2C(=O)N(C)[C@@H](CC(C)C)C(=O)N[C@@H](Cc2ccccc2)C(=O)N(C)[C@H](C)C(=O)N(C)[C@H](CC(C)C)C(=O)N1C,hexa_1032,3546,-4.97,6,6,Circle,0.144534,0.0358728,-15.3022,8.476,7.445,1.031,0.113937,0.0306689,8.285,7.273,1.012,65,59,val,train,train,test,train,train,train,train,train,train
3545,2020_Townsend,CC(C)C[C@H]1C(=O)N(C)[C@H](CC(C)C)C(=O)N2CCC[C@@H]2C(=O)N(C)[C@@H](CC(C)C)C(=O)N[C@@H](Cc2ccccc2)C(=O)N(C)[C@H](C)C(=O)N1C,hexa_1031,3545,-4.87,6,6,Circle,0.118988,0.0376728,-19.9879,8.473,7.44,1.033,0.129268,0.0385528,8.49,7.572,0.918,34,42,train,train,train,val,test,train,test,train,test,train
3544,2020_Townsend,CC(C)C[C@H]1NC(=O)[C@H]2CCCN2C(=O)CN(Cc2ccccc2)C(=O)[C@@H](CC(C)C)N(C)C(=O)[C@@H](C)N(C)C(=O)[C@H](Cc2ccccc2)NC1=O,hexa_1030,3544,-5.26,6,6,Circle,0.151685,0.0336568,-26.7558,8.323,7.244,1.079,0.139069,0.0322645,8.222,7.143,1.079,40,82,train,train,train,train,train,train,train,train,train,train
3543,2020_Townsend,CC(C)C[C@H]1NC(=O)[C@@H](C)N(C)C(=O)[C@H](Cc2ccccc2)NC(=O)[C@@H](CC(C)C)N(C)C(=O)[C@H]2CCCN2C(=O)CN(Cc2ccccc2)C1=O,hexa_1029,3543,-5.09,6,6,Circle,0.155957,0.0498399,-24.2392,8.393,7.416,0.977,0.164208,0.0445347,8.361,7.399,0.962,85,11,train,train,train,test,train,train,train,val,test,train
3542,2020_Townsend,CC(C)C[C@H]1C(=O)N2CCC[C@@H]2C(=O)N(C)[C@H](CC(C)C)C(=O)N[C@@H](Cc2ccccc2)C(=O)N(C)[C@H](C)C(=O)N(C)[C@H](CC(C)C)C(=O)N1C,hexa_1028,3542,-5.06,6,6,Circle,0.197716,0.0945422,-21.1397,8.379,7.283,1.096,0.113665,0.0333033,8.409,7.317,1.092,39,74,test,train,train,train,train,train,train,train,train,val
3541,2020_Townsend,CC(C)C[C@H]1C(=O)N(C)[C@H](CC(C)C)C(=O)N2CCC[C@@H]2C(=O)N(C)[C@H](CC(C)C)C(=O)N[C@@H](Cc2ccccc2)C(=O)N(C)[C@H](C)C(=O)N1C,hexa_1027,3541,-4.9,6,6,Circle,0.10298,0.0395251,-26.7084,8.458,7.437,1.021,0.145452,0.0329811,8.28,7.491,0.789,41,100,train,train,train,train,train,train,train,train,train,train
3540,2020_Townsend,CC(C)C[C@@H]1NC(=O)[C@H]2CCCN2C(=O)[C@H](CC(C)C)NC(=O)CN(Cc2ccccc2)C(=O)[C@@H](C)N(C)C(=O)[C@H](Cc2ccccc2)NC1=O,hexa_1026,3540,-5.83,6,6,Circle,0.128604,0.0378944,-29.8485,8.515,7.446,1.069,0.152205,0.0502304,8.335,7.255,1.08,3,95,train,train,train,val,train,train,train,train,test,train
3539,2020_Townsend,CC(C)C[C@@H]1NC(=O)[C@H]2CCCN2C(=O)CN(Cc2ccccc2)C(=O)[C@H](CC(C)C)NC(=O)[C@@H](C)N(C)C(=O)[C@H](Cc2ccccc2)NC1=O,hexa_1025,3539,-6.46,6,6,Circle,0.189839,0.0712931,-33.4518,8.583,7.282,1.301,0.133115,0.0303283,8.111,7.205,0.906,41,58,train,test,train,train,train,train,test,train,train,train
3538,2020_Townsend,CC(C)C[C@@H]1NC(=O)[C@H](CC(C)C)N(C)C(=O)[C@@H](C)N(C)C(=O)[C@H](Cc2ccccc2)NC(=O)[C@H](CC(C)C)N(C)C(=O)[C@H]2CCCN2C1=O,hexa_1024,3538,-4.85,6,6,Circle,0.148353,0.0498359,-20.9557,8.431,7.481,0.95,0.194683,0.10047,8.244,7.31,0.934,76,56,train,train,train,train,train,train,train,train,train,train
3537,2020_Townsend,CC(C)C[C@@H]1NC(=O)[C@@H](C)N(C)C(=O)[C@H](Cc2ccccc2)NC(=O)[C@H](CC(C)C)N(C)C(=O)[C@H]2CCCN2C(=O)[C@H](CC(C)C)N(C)C1=O,hexa_1023,3537,-4.87,6,6,Circle,0.135933,0.0486409,-21.1719,8.455,7.39,1.065,0.110865,0.0415242,8.368,7.369,0.999,66,97,test,test,train,train,train,train,test,test,train,train
3536,2020_Townsend,CC(C)C[C@@H]1NC(=O)[C@H]2CCCN2C(=O)[C@H](CC(C)C)N(C)C(=O)[C@H](CC(C)C)N(C)C(=O)[C@@H](C)N(C)C(=O)[C@H](Cc2ccccc2)NC1=O,hexa_1022,3536,-5.47,6,6,Circle,0.178001,0.0710271,-18.4168,8.463,7.329,1.134,0.133695,0.0327411,8.454,7.597,0.857,49,9,train,test,train,test,train,train,train,train,train,train
3535,2020_Townsend,CC(C)C[C@@H]1NC(=O)[C@@H](C)N(C)C(=O)[C@H](Cc2ccccc2)NC(=O)CN(Cc2ccccc2)C(=O)[C@H]2CCCN2C(=O)[C@@H](CC(C)C)NC1=O,hexa_1021,3535,-5.69,6,6,Circle,0.142813,0.0355992,-25.2743,8.412,7.326,1.086,0.121074,0.035064,8.205,7.146,1.059,29,9,train,train,train,train,train,train,train,train,val,val
3534,2020_Townsend,CC(C)C[C@@H]1NC(=O)[C@@H](CC(C)C)NC(=O)[C@@H](C)N(C)C(=O)[C@H](Cc2ccccc2)NC(=O)CN(Cc2ccccc2)C(=O)[C@H]2CCCN2C1=O,hexa_1020,3534,-5.28,6,6,Circle,0.161189,0.0497083,-28.3495,8.424,7.22,1.204,0.16893,0.0456131,8.399,7.247,1.152,9,71,val,test,val,train,test,test,train,train,train,train
3533,2020_Townsend,CC(C)C[C@@H]1NC(=O)[C@H]2CCCN2C(=O)CN(Cc2ccccc2)C(=O)[C@@H](CC(C)C)NC(=O)[C@@H](C)N(C)C(=O)[C@H](Cc2ccccc2)NC1=O,hexa_1019,3533,-10.0,6,6,Circle,0.168762,0.0410147,-37.0839,8.324,7.212,1.112,0.131884,0.0305204,8.497,7.322,1.175,92,32,test,train,train,train,train,train,train,val,train,train
3532,2020_Townsend,CC(C)C[C@@H]1NC(=O)[C@@H](CC(C)C)N(C)C(=O)[C@@H](C)N(C)C(=O)[C@H](Cc2ccccc2)NC(=O)[C@H](CC(C)C)N(C)C(=O)[C@H]2CCCN2C1=O,hexa_1018,3532,-5.04,6,6,Circle,0.137094,0.036542,-22.8869,8.495,7.47,1.025,0.12337,0.0414051,8.298,7.177,1.121,68,69,train,train,train,test,train,train,train,train,test,test
3531,2020_Townsend,CC(C)C[C@@H]1NC(=O)[C@H](CC(C)C)N(C)C(=O)[C@@H](C)N(C)C(=O)[C@H](Cc2ccccc2)NC(=O)[C@@H](CC(C)C)N(C)C(=O)[C@H]2CCCN2C1=O,hexa_1017,3531,-4.89,6,6,Circle,0.16685,0.061641,-22.1341,8.468,7.456,1.012,0.138673,0.0487523,8.367,7.54,0.827,22,91,train,train,test,train,train,train,train,train,train,train
3530,2020_Townsend,CC(C)C[C@@H]1NC(=O)[C@@H](C)N(C)C(=O)[C@H](Cc2ccccc2)NC(=O)[C@H](CC(C)C)N(C)C(=O)[C@H]2CCCN2C(=O)[C@@H](CC(C)C)N(C)C1=O,hexa_1016,3530,-4.82,6,6,Circle,0.142392,0.043187,-27.4152,8.417,7.397,1.02,0.119355,0.0350858,8.535,7.478,1.057,44,26,train,train,train,train,train,test,train,train,train,train
3529,2020_Townsend,CC(C)C[C@H]1C(=O)N2CCC[C@@H]2C(=O)N(C)[C@@H](CC(C)C)C(=O)N[C@@H](Cc2ccccc2)C(=O)N(C)[C@H](C)C(=O)N[C@H](CC(C)C)C(=O)N1C,hexa_1015,3529,-4.91,6,6,Circle,0.126021,0.0402113,-17.1836,8.357,7.332,1.025,0.131178,0.0367174,8.429,7.373,1.056,80,30,train,train,train,test,train,train,test,train,train,train
3528,2020_Townsend,CC(C)C[C@@H]1NC(=O)[C@@H](C)N(C)C(=O)[C@H](Cc2ccccc2)NC(=O)[C@@H](CC(C)C)N(C)C(=O)[C@H]2CCCN2C(=O)[C@H](CC(C)C)N(C)C1=O,hexa_1014,3528,-4.84,6,6,Circle,0.162817,0.0550408,-25.7481,8.651,7.58,1.071,0.148327,0.046575,8.42,7.307,1.113,31,80,train,val,test,train,train,train,train,train,train,train
3527,2020_Townsend,CC(C)C[C@H]1C(=O)N[C@H](CC(C)C)C(=O)N2CCC[C@@H]2C(=O)N(C)[C@@H](CC(C)C)C(=O)N[C@@H](Cc2ccccc2)C(=O)N(C)[C@H](C)C(=O)N1C,hexa_1013,3527,-4.96,6,6,Circle,0.131812,0.0405171,-19.5684,8.261,7.348,0.913,0.139687,0.0409822,8.455,7.54,0.915,56,8,val,train,train,test,train,val,train,train,train,train
3526,2020_Townsend,CC(C)C[C@@H]1NC(=O)[C@H]2CCCN2C(=O)[C@H](CC(C)C)N(C)C(=O)[C@@H](CC(C)C)N(C)C(=O)[C@@H](C)N(C)C(=O)[C@H](Cc2ccccc2)NC1=O,hexa_1012,3526,-5.55,6,6,Circle,0.178632,0.0654896,-22.2402,8.4,7.288,1.112,0.149913,0.0374866,8.373,7.295,1.078,74,84,train,train,train,train,train,train,train,test,test,train
3525,2020_Townsend,CC(C)C[C@H]1NC(=O)[C@@H](C)N(C)C(=O)[C@H](Cc2ccccc2)NC(=O)CN(Cc2ccccc2)C(=O)[C@H]2CCCN2C(=O)[C@@H](CC(C)C)NC1=O,hexa_1011,3525,-5.63,6,6,Circle,0.142326,0.0468172,-23.742,8.264,7.2,1.064,0.108453,0.0353858,8.197,7.167,1.03,54,68,train,train,train,test,train,train,train,train,train,test
3524,2020_Townsend,CC(C)C[C@H]1NC(=O)[C@H]2CCCN2C(=O)[C@@H](CC(C)C)NC(=O)CN(Cc2ccccc2)C(=O)[C@@H](C)N(C)C(=O)[C@H](Cc2ccccc2)NC1=O,hexa_1010,3524,-6.04,6,6,Circle,0.185611,0.0653489,-32.6237,8.652,7.402,1.25,0.172434,0.0538989,8.316,7.139,1.177,24,99,train,train,train,train,val,train,train,train,train,train
3523,2020_Townsend,CC(C)C[C@@H]1NC(=O)[C@@H](CC(C)C)N(C)C(=O)[C@@H](C)N(C)C(=O)[C@H](Cc2ccccc2)NC(=O)[C@@H](CC(C)C)N(C)C(=O)[C@H]2CCCN2C1=O,hexa_1009,3523,-5.06,6,6,Circle,0.161573,0.0629513,-27.9457,8.431,7.29,1.141,0.116759,0.0393448,8.328,7.152,1.176,45,35,test,train,train,train,test,train,train,test,train,test
3522,2020_Townsend,CC(C)C[C@H]1C(=O)N2CCC[C@@H]2C(=O)N[C@H](CC(C)C)C(=O)N[C@@H](Cc2ccccc2)C(=O)N(C)[C@H](C)C(=O)N(C)[C@H](CC(C)C)C(=O)N1C,hexa_1008,3522,-5.04,6,6,Circle,0.17245,0.0624618,-21.0086,8.49,7.364,1.126,0.183071,0.079277,8.458,7.277,1.181,4,15,train,train,train,val,train,train,train,test,val,train
3521,2020_Townsend,CC(C)C[C@H]1C(=O)N(C)[C@H](CC(C)C)C(=O)N2CCC[C@@H]2C(=O)N[C@H](CC(C)C)C(=O)N[C@@H](Cc2ccccc2)C(=O)N(C)[C@H](C)C(=O)N1C,hexa_1007,3521,-5.09,6,6,Circle,0.12537,0.0384349,-21.4074,8.352,7.215,1.137,0.156821,0.0387554,8.395,7.279,1.116,75,51,train,train,train,train,train,train,val,train,train,train
3520,2020_Townsend,CC(C)C[C@H]1C(=O)N[C@H](CC(C)C)C(=O)N2CCC[C@@H]2C(=O)N(C)[C@H](CC(C)C)C(=O)N[C@@H](Cc2ccccc2)C(=O)N(C)[C@H](C)C(=O)N1C,hexa_1006,3520,-5.05,6,6,Circle,0.124762,0.0314969,-19.6122,8.359,7.343,1.016,0.152731,0.0446465,8.406,7.44,0.966,49,96,train,train,train,train,train,train,train,train,train,train
3519,2020_Townsend,CC(C)C[C@H]1C(=O)N[C@@H](Cc2ccccc2)C(=O)N(C)[C@H](C)C(=O)N[C@H](CC(C)C)C(=O)N(C)[C@H](CC(C)C)C(=O)N2CCC[C@@H]2C(=O)N1C,hexa_1005,3519,-4.95,6,6,Circle,0.134473,0.0336001,-16.8486,8.124,7.129,0.995,0.154668,0.05159,8.301,7.352,0.949,14,25,train,train,train,train,train,train,train,train,train,train
3518,2020_Townsend,CC(C)C[C@@H]1NC(=O)[C@@H](C)N(C)C(=O)[C@H](Cc2ccccc2)NC(=O)[C@@H](CC(C)C)N(C)C(=O)[C@H]2CCCN2C(=O)[C@@H](CC(C)C)N(C)C1=O,hexa_1004,3518,-5.25,6,6,Circle,0.125623,0.0363744,-19.9342,8.373,7.334,1.039,0.125997,0.0406371,8.458,7.424,1.034,49,90,train,train,train,test,train,train,test,val,train,train
3517,2020_Townsend,CC(C)C[C@H]1NC(=O)[C@@H](CC(C)C)N(C)C(=O)[C@@H](C)N(C)C(=O)[C@H](Cc2ccccc2)NC(=O)[C@@H](CC(C)C)N(C)C(=O)[C@H]2CCCN2C1=O,hexa_1003,3517,-4.83,6,6,Circle,0.157464,0.0586307,-29.5384,8.403,7.381,1.022,0.104491,0.0288797,8.223,7.305,0.918,60,28,train,train,train,train,test,train,val,train,train,train
3516,2020_Townsend,CC(C)C[C@@H]1NC(=O)[C@@H](C)N(C)C(=O)[C@H](Cc2ccccc2)NC(=O)[C@H](CC(C)C)N(C)C(=O)[C@H]2CCCN2C(=O)[C@H](CC(C)C)NC1=O,hexa_1002,3516,-5.41,6,6,Circle,0.12027,0.036453,-23.8273,8.325,7.254,1.071,0.114463,0.0400107,8.097,7.175,0.922,27,19,test,train,train,train,train,train,train,val,test,train
3515,2020_Townsend,CC(C)C[C@@H]1NC(=O)[C@H]2CCCN2C(=O)[C@H](CC(C)C)NC(=O)[C@H](CC(C)C)N(C)C(=O)[C@@H](C)N(C)C(=O)[C@H](Cc2ccccc2)NC1=O,hexa_1001,3515,-5.4,6,6,Circle,0.154847,0.0592887,-23.792,8.371,7.39,0.981,0.16794,0.0595404,8.308,7.27,1.038,10,36,train,train,train,val,test,train,train,train,train,train
3514,2020_Townsend,CC(C)C[C@@H]1NC(=O)[C@H]2CCCN2C(=O)[C@H](CC(C)C)N(C)C(=O)[C@H](CC(C)C)NC(=O)[C@@H](C)N(C)C(=O)[C@H](Cc2ccccc2)NC1=O,hexa_1000,3514,-5.29,6,6,Circle,0.152427,0.0500645,-21.2749,8.214,7.099,1.115,0.141048,0.040977,8.021,6.875,1.146,95,78,train,train,train,val,val,train,train,train,test,val
3513,2020_Townsend,CC(C)C[C@@H]1NC(=O)[C@H]2CCCN2C(=O)[C@H](CC(C)C)NC(=O)[C@@H](CC(C)C)N(C)C(=O)[C@@H](C)N(C)C(=O)[C@H](Cc2ccccc2)NC1=O,hexa_999,3513,-5.1,6,6,Circle,0.131336,0.0439542,-27.6329,8.466,7.349,1.117,0.1668,0.0509467,8.185,7.155,1.03,92,24,train,train,train,test,train,train,test,train,train,train
3512,2020_Townsend,CC(C)C[C@@H]1NC(=O)[C@@H](CC(C)C)NC(=O)[C@@H](C)N(C)C(=O)[C@H](Cc2ccccc2)NC(=O)[C@H](CC(C)C)N(C)C(=O)[C@H]2CCCN2C1=O,hexa_998,3512,-4.96,6,6,Circle,0.110619,0.0357362,-16.2049,8.047,7.061,0.986,0.10752,0.039889,7.994,7.071,0.923,61,35,train,train,test,train,train,train,train,train,train,val
3511,2020_Townsend,CC(C)C[C@@H]1NC(=O)[C@@H](C)N(C)C(=O)[C@H](Cc2ccccc2)NC(=O)[C@@H](CC(C)C)N(C)C(=O)[C@H]2CCCN2C(=O)[C@H](CC(C)C)NC1=O,hexa_997,3511,-5.46,6,6,Circle,0.161484,0.0526327,-19.5419,8.268,7.238,1.03,0.111547,0.0295317,8.419,7.379,1.04,82,7,train,test,train,test,train,train,test,train,train,train
3510,2020_Townsend,CC(C)C[C@@H]1NC(=O)[C@H]2CCCN2C(=O)[C@@H](CC(C)C)N(C)C(=O)[C@H](CC(C)C)NC(=O)[C@@H](C)N(C)C(=O)[C@H](Cc2ccccc2)NC1=O,hexa_996,3510,-5.41,6,6,Circle,0.157272,0.0436094,-24.7126,8.523,7.296,1.227,0.123384,0.0312791,8.41,7.358,1.052,47,48,train,train,train,train,test,test,train,train,train,train
3509,2020_Townsend,CC(C)C[C@@H]1NC(=O)[C@H]2CCCN2C(=O)[C@H](CC(C)C)N(C)C(=O)[C@@H](CC(C)C)NC(=O)[C@@H](C)N(C)C(=O)[C@H](Cc2ccccc2)NC1=O,hexa_995,3509,-5.53,6,6,Circle,0.141779,0.0504126,-21.0355,8.231,7.189,1.042,0.120387,0.0482904,8.202,7.119,1.083,51,66,train,train,test,train,test,train,train,train,train,train
3508,2020_Townsend,CC(C)C[C@@H]1NC(=O)[C@@H](C)N(C)C(=O)[C@H](Cc2ccccc2)NC(=O)[C@@H](CC(C)C)NC(=O)[C@H]2CCCN2C(=O)[C@H](CC(C)C)N(C)C1=O,hexa_994,3508,-5.72,6,6,Circle,0.153297,0.0482809,-23.1061,8.399,7.173,1.226,0.115807,0.0359906,8.302,7.177,1.125,13,33,train,train,train,train,train,train,train,train,train,train
3507,2020_Townsend,CC(C)C[C@H]1C(=O)N2CCC[C@@H]2C(=O)N[C@H](CC(C)C)C(=O)N[C@@H](Cc2ccccc2)C(=O)N(C)[C@H](C)C(=O)N[C@H](CC(C)C)C(=O)N1C,hexa_993,3507,-5.2,6,6,Circle,0.149677,0.0415614,-22.5242,8.428,7.33,1.098,0.118583,0.0411048,8.219,7.156,1.063,27,9,val,train,train,train,train,train,train,val,train,val
3506,2020_Townsend,CC(C)C[C@H]1C(=O)N[C@H](CC(C)C)C(=O)N2CCC[C@@H]2C(=O)N[C@H](CC(C)C)C(=O)N[C@@H](Cc2ccccc2)C(=O)N(C)[C@H](C)C(=O)N1C,hexa_992,3506,-5.18,6,6,Circle,0.147925,0.0483256,-24.5527,8.176,7.127,1.049,0.135474,0.0357895,8.343,7.283,1.06,63,14,train,train,train,train,train,train,train,train,train,train
3505,2020_Townsend,CC(C)C[C@@H]1NC(=O)[C@@H](CC(C)C)N(C)C(=O)[C@@H](C)N(C)C(=O)[C@H](Cc2ccccc2)NC(=O)[C@@H](CC(C)C)NC(=O)[C@H]2CCCN2C1=O,hexa_991,3505,-5.51,6,6,Circle,0.169579,0.080246,-33.7234,8.504,7.365,1.139,0.151415,0.0551878,8.254,7.034,1.22,14,18,train,train,train,val,train,train,val,train,train,train
3504,2020_Townsend,CC(C)C[C@@H]1NC(=O)[C@@H](CC(C)C)NC(=O)[C@@H](C)N(C)C(=O)[C@H](Cc2ccccc2)NC(=O)[C@@H](CC(C)C)N(C)C(=O)[C@H]2CCCN2C1=O,hexa_990,3504,-5.18,6,6,Circle,0.20301,0.0742924,-23.0532,8.28,7.066,1.214,0.137267,0.0415788,8.432,7.369,1.063,96,36,train,train,train,train,train,train,train,train,val,train
3503,2020_Townsend,CC(C)C[C@@H]1NC(=O)[C@@H](C)N(C)C(=O)[C@H](Cc2ccccc2)NC(=O)[C@@H](CC(C)C)NC(=O)[C@H]2CCCN2C(=O)[C@@H](CC(C)C)N(C)C1=O,hexa_989,3503,-5.25,6,6,Circle,0.161375,0.0448812,-26.2169,8.502,7.31,1.192,0.157598,0.0438988,8.213,7.129,1.084,100,38,train,val,test,train,train,val,train,train,train,train
3502,2020_Townsend,CC(C)C[C@H]1C(=O)N[C@@H](Cc2ccccc2)C(=O)N(C)[C@H](C)C(=O)N[C@H](CC(C)C)C(=O)N[C@H](CC(C)C)C(=O)N2CCC[C@@H]2C(=O)N1C,hexa_988,3502,-5.76,6,6,Circle,0.126568,0.0582991,-25.7054,8.343,7.192,1.151,0.144539,0.0391639,8.18,7.111,1.069,82,6,train,test,train,test,train,train,test,train,train,train
3501,2020_Townsend,CC(C)C[C@@H]1NC(=O)[C@@H](C)N(C)C(=O)[C@H](Cc2ccccc2)NC(=O)[C@@H](CC(C)C)N(C)C(=O)[C@H]2CCCN2C(=O)[C@@H](CC(C)C)NC1=O,hexa_987,3501,-5.52,6,6,Circle,0.159996,0.0505136,-22.4764,8.332,7.309,1.023,0.145362,0.0399348,8.32,7.258,1.062,5,46,test,train,test,train,train,train,train,train,train,train
3500,2020_Townsend,CC(C)C[C@H]1NC(=O)[C@H]2CCCN2C(=O)[C@@H](CC(C)C)NC(=O)[C@@H](CC(C)C)N(C)C(=O)[C@@H](C)N(C)C(=O)[C@H](Cc2ccccc2)NC1=O,hexa_986,3500,-5.86,6,6,Circle,0.156413,0.0542209,-22.4854,8.171,7.083,1.088,0.144904,0.0537799,8.073,7.082,0.991,21,43,train,val,train,train,val,train,train,train,train,train
3499,2020_Townsend,CC(C)C[C@H]1NC(=O)[C@@H](C)N(C)C(=O)[C@H](Cc2ccccc2)NC(=O)[C@@H](CC(C)C)N(C)C(=O)[C@H]2CCCN2C(=O)[C@@H](CC(C)C)NC1=O,hexa_985,3499,-5.97,6,6,Circle,0.151872,0.0498776,-24.4292,8.319,7.186,1.133,0.134347,0.0329393,8.371,7.342,1.029,60,26,train,val,train,test,train,train,train,train,train,test
3498,2020_Townsend,CC(C)C[C@@H]1NC(=O)[C@@H](C)N(C)C(=O)[C@H](Cc2ccccc2)NC(=O)[C@H](CC(C)C)NC(=O)[C@H]2CCCN2C(=O)[C@H](CC(C)C)NC1=O,hexa_984,3498,-7.2,6,6,Circle,0.145396,0.044139,-26.045,8.271,7.103,1.168,0.132355,0.0292588,7.941,7.022,0.919,76,95,train,train,train,train,train,val,val,test,train,train
3497,2020_Townsend,CC(C)C[C@@H]1NC(=O)[C@@H](C)N(C)C(=O)[C@H](Cc2ccccc2)NC(=O)[C@@H](CC(C)C)NC(=O)[C@H]2CCCN2C(=O)[C@H](CC(C)C)NC1=O,hexa_983,3497,-6.41,6,6,Circle,0.193978,0.0809981,-22.4693,8.291,7.142,1.149,0.18201,0.0772214,7.975,6.967,1.008,70,78,train,train,train,train,train,train,train,train,train,train
3496,2020_Townsend,CC(C)C[C@@H]1NC(=O)[C@H]2CCCN2C(=O)[C@H](CC(C)C)NC(=O)[C@@H](CC(C)C)NC(=O)[C@@H](C)N(C)C(=O)[C@H](Cc2ccccc2)NC1=O,hexa_982,3496,-6.12,6,6,Circle,0.134366,0.0408929,-21.062,8.058,6.951,1.107,0.136052,0.0450557,8.304,7.151,1.153,94,35,train,val,train,test,train,train,val,train,train,train
3495,2020_Townsend,CC(C)C[C@@H]1NC(=O)[C@@H](C)N(C)C(=O)[C@H](Cc2ccccc2)NC(=O)[C@H](CC(C)C)NC(=O)[C@H]2CCCN2C(=O)[C@@H](CC(C)C)NC1=O,hexa_981,3495,-6.39,6,6,Circle,0.127767,0.0366665,-32.4739,8.369,7.19,1.179,0.173723,0.0802438,8.086,6.994,1.092,49,47,train,train,train,train,train,val,val,train,train,test
3494,2020_Townsend,CC(C)C[C@@H]1NC(=O)[C@@H](CC(C)C)NC(=O)[C@@H](C)N(C)C(=O)[C@H](Cc2ccccc2)NC(=O)[C@@H](CC(C)C)NC(=O)[C@H]2CCCN2C1=O,hexa_980,3494,-5.26,6,6,Circle,0.180809,0.0568609,-26.3463,8.485,7.104,1.381,0.146307,0.0580044,8.115,7.001,1.114,61,83,train,train,train,train,train,train,train,train,train,train
3493,2020_Townsend,CC(C)C[C@@H]1NC(=O)[C@@H](C)N(C)C(=O)[C@H](Cc2ccccc2)NC(=O)[C@@H](CC(C)C)NC(=O)[C@H]2CCCN2C(=O)[C@@H](CC(C)C)NC1=O,hexa_979,3493,-6.13,6,6,Circle,0.169079,0.085109,-37.8545,8.27,6.962,1.308,0.156215,0.0561883,8.149,7.12,1.029,72,98,train,val,val,train,train,train,train,test,train,train
3492,2020_Townsend,CC(C)C[C@@H]1NC(=O)[C@H]2CCCN2C(=O)[C@@H](CC(C)C)NC(=O)[C@@H](CC(C)C)NC(=O)[C@@H](C)N(C)C(=O)[C@H](Cc2ccccc2)NC1=O,hexa_978,3492,-6.55,6,6,Circle,0.101296,0.0321907,-23.692,8.322,7.155,1.167,0.125695,0.0381257,8.253,7.178,1.075,87,35,train,train,test,val,train,train,train,val,train,val
3491,2020_Townsend,CC(C)C[C@H]1NC(=O)[C@@H](C)N(C)C(=O)[C@H](Cc2ccccc2)NC(=O)[C@@H](CC(C)C)NC(=O)[C@H]2CCCN2C(=O)[C@@H](CC(C)C)NC1=O,hexa_977,3491,-5.23,6,6,Circle,0.157556,0.0672631,-27.3054,8.177,6.953,1.224,0.119189,0.0309455,7.965,6.827,1.138,16,35,train,test,train,train,train,train,train,train,train,train
3490,2020_Townsend,C[C@H]1C(=O)N(Cc2ccccc2)CC(=O)N(Cc2ccccc2)CC(=O)N2CCC[C@@H]2C(=O)N(Cc2ccccc2)CC(=O)N[C@@H](Cc2ccccc2)C(=O)N1C,hexa_976,3490,-6.22,6,6,Circle,0.242553,0.0751756,-29.1966,8.639,7.664,0.975,0.164777,0.0334675,8.776,7.654,1.122,59,100,train,train,train,train,train,train,train,train,val,train
3488,2020_Townsend,CC(C)C[C@H]1C(=O)N(Cc2ccccc2)CC(=O)N2CCC[C@@H]2C(=O)N(Cc2ccccc2)CC(=O)N[C@@H](Cc2ccccc2)C(=O)N(C)[C@@H](C)C(=O)N1C,hexa_974,3488,-5.43,6,6,Circle,0.143629,0.0547788,-28.952,8.483,7.451,1.032,0.140462,0.0362974,8.348,7.18,1.168,51,56,val,train,train,train,train,train,train,train,val,val
3482,2020_Townsend,CC(C)C[C@@H]1C(=O)N(Cc2ccccc2)CC(=O)N2CCC[C@@H]2C(=O)N(Cc2ccccc2)CC(=O)N[C@@H](Cc2ccccc2)C(=O)N(C)[C@@H](C)C(=O)N1C,hexa_968,3482,-5.89,6,6,Circle,0.134206,0.0496613,-28.4363,8.264,7.233,1.031,0.142469,0.0337621,8.381,7.358,1.023,81,95,train,train,val,train,train,train,val,train,train,train
3480,2020_Townsend,CC(C)C[C@@H]1NC(=O)[C@H](C)N(C)C(=O)[C@H](Cc2ccccc2)NC(=O)CN(Cc2ccccc2)C(=O)[C@H]2CCCN2C(=O)CN(Cc2ccccc2)C1=O,hexa_966,3480,-10.0,6,6,Circle,0.153308,0.0573919,-39.457,8.207,7.005,1.202,0.204825,0.0718047,8.456,7.223,1.233,40,60,train,train,train,train,test,train,test,train,train,train
3479,2020_Townsend,CC(C)C[C@H]1C(=O)N2CCC[C@@H]2C(=O)N(C)[C@@H](CC(C)C)C(=O)N[C@@H](Cc2ccccc2)C(=O)N(C)[C@@H](C)C(=O)N(Cc2ccccc2)CC(=O)N1C,hexa_965,3479,-5.1,6,6,Circle,0.142242,0.0394577,-21.3939,8.633,7.599,1.034,0.139549,0.0344914,8.601,7.593,1.008,9,56,train,train,val,train,train,train,train,train,train,train
3478,2020_Townsend,CC(C)C[C@H]1NC(=O)[C@H](C)N(C)C(=O)[C@H](Cc2ccccc2)NC(=O)CN(Cc2ccccc2)C(=O)[C@H]2CCCN2C(=O)CN(Cc2ccccc2)C1=O,hexa_964,3478,-5.72,6,6,Circle,0.169427,0.0533839,-36.9416,8.387,7.17,1.217,0.152719,0.0376713,8.438,7.459,0.979,9,57,train,train,train,train,train,test,train,train,train,train
3477,2020_Townsend,CC(C)C[C@H]1C(=O)N2CCC[C@@H]2C(=O)N(Cc2ccccc2)CC(=O)N[C@@H](Cc2ccccc2)C(=O)N(C)[C@@H](C)C(=O)N(C)[C@H](CC(C)C)C(=O)N1C,hexa_963,3477,-5.22,6,6,Circle,0.130255,0.0410867,-30.9603,8.381,7.444,0.937,0.149831,0.0598171,8.388,7.531,0.857,19,71,test,train,train,train,val,train,train,train,train,train
3476,2020_Townsend,CC(C)C[C@H]1C(=O)N[C@@H](Cc2ccccc2)C(=O)N(C)[C@@H](C)C(=O)N(C)[C@H](CC(C)C)C(=O)N(Cc2ccccc2)CC(=O)N2CCC[C@@H]2C(=O)N1C,hexa_962,3476,-4.99,6,6,Circle,0.144773,0.0417569,-17.2948,8.482,7.517,0.965,0.149462,0.0301249,8.488,7.379,1.109,6,97,train,train,train,train,val,train,train,train,train,train
3474,2020_Townsend,CC(C)C[C@H]1C(=O)N(Cc2ccccc2)CC(=O)N2CCC[C@@H]2C(=O)N(C)[C@H](CC(C)C)C(=O)N[C@@H](Cc2ccccc2)C(=O)N(C)[C@@H](C)C(=O)N1C,hexa_960,3474,-5.44,6,6,Circle,0.159961,0.0405049,-21.9724,8.613,7.513,1.1,0.128148,0.0352897,8.602,7.558,1.044,44,87,train,train,train,train,train,train,train,test,train,train
3471,2020_Townsend,CC(C)C[C@@H]1C(=O)N(Cc2ccccc2)CC(=O)N2CCC[C@@H]2C(=O)N(C)[C@H](CC(C)C)C(=O)N[C@@H](Cc2ccccc2)C(=O)N(C)[C@@H](C)C(=O)N1C,hexa_957,3471,-5.18,6,6,Circle,0.173205,0.0471266,-26.55,8.531,7.508,1.023,0.170259,0.0429511,8.333,7.493,0.84,21,19,train,train,train,train,train,train,train,train,train,val
3468,2020_Townsend,CC(C)C[C@@H]1NC(=O)[C@H](CC(C)C)N(C)C(=O)[C@H](C)N(C)C(=O)[C@H](Cc2ccccc2)NC(=O)CN(Cc2ccccc2)C(=O)[C@H]2CCCN2C1=O,hexa_954,3468,-5.23,6,6,Circle,0.150868,0.0481044,-22.1564,8.311,7.309,1.002,0.120896,0.0311912,8.382,7.391,0.991,60,77,val,test,val,train,train,train,train,train,train,train
3467,2020_Townsend,CC(C)C[C@@H]1NC(=O)[C@H](C)N(C)C(=O)[C@H](Cc2ccccc2)NC(=O)[C@H](CC(C)C)N(C)C(=O)[C@H]2CCCN2C(=O)CN(Cc2ccccc2)C1=O,hexa_953,3467,-5.56,6,6,Circle,0.145995,0.0433961,-31.6797,8.642,7.45,1.192,0.181386,0.0621256,8.425,7.269,1.156,80,40,train,train,train,train,val,train,train,train,train,train
3466,2020_Townsend,CC(C)C[C@@H]1NC(=O)[C@H](C)N(C)C(=O)[C@H](Cc2ccccc2)NC(=O)CN(Cc2ccccc2)C(=O)[C@H]2CCCN2C(=O)[C@H](CC(C)C)N(C)C1=O,hexa_952,3466,-5.31,6,6,Circle,0.146529,0.0442907,-28.0324,8.348,7.228,1.12,0.131639,0.0501973,8.233,7.172,1.061,11,3,val,train,val,train,train,train,train,train,train,train
3464,2020_Townsend,CC(C)C[C@@H]1NC(=O)[C@@H](CC(C)C)N(C)C(=O)[C@H](C)N(C)C(=O)[C@H](Cc2ccccc2)NC(=O)CN(Cc2ccccc2)C(=O)[C@H]2CCCN2C1=O,hexa_950,3464,-5.19,6,6,Circle,0.158657,0.0627126,-34.4908,8.401,7.257,1.144,0.13411,0.0421575,8.507,7.523,0.984,32,56,train,train,train,train,train,train,train,train,train,train
3463,2020_Townsend,CC(C)C[C@H]1C(=O)N[C@@H](Cc2ccccc2)C(=O)N(C)[C@@H](C)C(=O)N[C@H](CC(C)C)C(=O)N(Cc2ccccc2)CC(=O)N2CCC[C@@H]2C(=O)N1C,hexa_949,3463,-5.11,6,6,Circle,0.173148,0.0539852,-22.9345,8.407,7.324,1.083,0.151056,0.0433198,8.426,7.261,1.165,47,39,train,train,train,train,train,train,train,train,train,train
3462,2020_Townsend,CC(C)C[C@@H]1NC(=O)[C@H]2CCCN2C(=O)CN(Cc2ccccc2)C(=O)[C@@H](CC(C)C)N(C)C(=O)[C@H](C)N(C)C(=O)[C@H](Cc2ccccc2)NC1=O,hexa_948,3462,-5.61,6,6,Circle,0.151238,0.041782,-21.9084,8.358,7.48,0.878,0.151026,0.05182,7.998,6.927,1.071,22,78,train,train,train,train,train,val,train,train,train,train
3461,2020_Townsend,CC(C)C[C@@H]1NC(=O)[C@H](C)N(C)C(=O)[C@H](Cc2ccccc2)NC(=O)[C@@H](CC(C)C)N(C)C(=O)[C@H]2CCCN2C(=O)CN(Cc2ccccc2)C1=O,hexa_947,3461,-5.68,6,6,Circle,0.135712,0.0445795,-30.924,8.566,7.308,1.258,0.144679,0.0378402,8.449,7.256,1.193,11,48,train,train,train,train,train,train,train,train,train,train
3460,2020_Townsend,CC(C)C[C@H]1C(=O)N[C@H](CC(C)C)C(=O)N2CCC[C@@H]2C(=O)N(Cc2ccccc2)CC(=O)N[C@@H](Cc2ccccc2)C(=O)N(C)[C@@H](C)C(=O)N1C,hexa_946,3460,-5.7,6,6,Circle,0.189468,0.0694747,-24.6084,8.354,7.299,1.055,0.143376,0.0345453,8.386,7.347,1.039,57,94,train,train,train,train,train,val,train,train,train,train
3457,2020_Townsend,CC(C)C[C@H]1C(=O)N2CCC[C@@H]2C(=O)N(C)[C@@H](CC(C)C)C(=O)N[C@@H](Cc2ccccc2)C(=O)N(C)[C@@H](C)C(=O)N(C)[C@H](CC(C)C)C(=O)N1C,hexa_943,3457,-4.91,6,6,Circle,0.143367,0.0371574,-14.2711,8.521,7.562,0.959,0.132234,0.0302949,8.359,7.483,0.876,41,29,train,train,train,train,train,train,train,train,train,train
3456,2020_Townsend,CC(C)C[C@H]1NC(=O)[C@H](C)N(C)C(=O)[C@H](Cc2ccccc2)NC(=O)[C@@H](CC(C)C)N(C)C(=O)[C@H]2CCCN2C(=O)CN(Cc2ccccc2)C1=O,hexa_942,3456,-5.35,6,6,Circle,0.165218,0.0514224,-25.9318,8.458,7.233,1.225,0.169306,0.0506068,8.403,7.231,1.172,11,79,train,train,train,train,val,train,train,train,train,train
3455,2020_Townsend,CC(C)C[C@H]1NC(=O)[C@H](C)N(C)C(=O)[C@H](Cc2ccccc2)NC(=O)CN(Cc2ccccc2)C(=O)[C@H]2CCCN2C(=O)[C@@H](CC(C)C)N(C)C1=O,hexa_941,3455,-5.2,6,6,Circle,0.158069,0.044966,-24.1206,8.683,7.492,1.191,0.148968,0.0350558,8.703,7.539,1.164,45,39,train,train,train,train,train,train,train,train,train,train
3454,2020_Townsend,CC(C)C[C@H]1C(=O)N2CCC[C@@H]2C(=O)N(C)[C@H](CC(C)C)C(=O)N[C@@H](Cc2ccccc2)C(=O)N(C)[C@@H](C)C(=O)N(C)[C@H](CC(C)C)C(=O)N1C,hexa_940,3454,-5.02,6,6,Circle,0.141328,0.0353549,-18.9688,8.457,7.263,1.194,0.1291,0.0394204,8.357,7.275,1.082,100,100,train,test,train,val,train,train,val,train,train,val
3453,2020_Townsend,CC(C)C[C@H]1C(=O)N(C)[C@H](CC(C)C)C(=O)N2CCC[C@@H]2C(=O)N(C)[C@H](CC(C)C)C(=O)N[C@@H](Cc2ccccc2)C(=O)N(C)[C@@H](C)C(=O)N1C,hexa_939,3453,-4.84,6,6,Circle,0.203503,0.0850461,-19.2603,8.516,7.518,0.998,0.131935,0.037826,8.453,7.54,0.913,71,96,train,train,train,train,train,train,train,train,val,train
3452,2020_Townsend,CC(C)C[C@@H]1C(=O)N(C)[C@H](CC(C)C)C(=O)N2CCC[C@@H]2C(=O)N(C)[C@H](CC(C)C)C(=O)N[C@@H](Cc2ccccc2)C(=O)N(C)[C@@H](C)C(=O)N1C,hexa_938,3452,-4.84,6,6,Circle,0.148152,0.060243,-25.5954,8.45,7.474,0.976,0.155718,0.042082,8.588,7.741,0.847,75,13,train,train,train,val,train,train,train,train,train,train
3451,2020_Townsend,CC(C)C[C@@H]1NC(=O)[C@H]2CCCN2C(=O)[C@H](CC(C)C)NC(=O)CN(Cc2ccccc2)C(=O)[C@H](C)N(C)C(=O)[C@H](Cc2ccccc2)NC1=O,hexa_937,3451,-5.22,6,6,Circle,0.168627,0.0590061,-26.9157,8.312,7.36,0.952,0.145129,0.029453,8.305,7.44,0.865,59,6,train,test,test,train,train,val,val,train,train,train
3450,2020_Townsend,CC(C)C[C@@H]1NC(=O)[C@H]2CCCN2C(=O)CN(Cc2ccccc2)C(=O)[C@H](CC(C)C)NC(=O)[C@H](C)N(C)C(=O)[C@H](Cc2ccccc2)NC1=O,hexa_936,3450,-10.0,6,6,Circle,0.198811,0.0639173,-35.0028,8.518,7.312,1.206,0.142107,0.0314244,8.253,7.24,1.013,5,30,train,train,train,train,train,train,train,train,train,train
3449,2020_Townsend,CC(C)C[C@@H]1NC(=O)[C@H](CC(C)C)N(C)C(=O)[C@H](C)N(C)C(=O)[C@H](Cc2ccccc2)NC(=O)[C@H](CC(C)C)N(C)C(=O)[C@H]2CCCN2C1=O,hexa_935,3449,-4.92,6,6,Circle,0.155996,0.05657,-15.6256,8.444,7.342,1.102,0.145544,0.0342598,8.232,7.157,1.075,55,41,train,train,train,val,val,val,train,train,train,train
3448,2020_Townsend,CC(C)C[C@@H]1NC(=O)[C@@H](CC(C)C)NC(=O)[C@H](C)N(C)C(=O)[C@H](Cc2ccccc2)NC(=O)CN(Cc2ccccc2)C(=O)[C@H]2CCCN2C1=O,hexa_934,3448,-5.79,6,6,Circle,0.126594,0.0518441,-32.8034,8.297,6.975,1.322,0.132936,0.0474654,8.341,7.257,1.084,79,28,train,test,val,train,train,test,train,train,train,train
3447,2020_Townsend,CC(C)C[C@@H]1NC(=O)[C@H](C)N(C)C(=O)[C@H](Cc2ccccc2)NC(=O)CN(Cc2ccccc2)C(=O)[C@H]2CCCN2C(=O)[C@@H](CC(C)C)NC1=O,hexa_933,3447,-6.08,6,6,Circle,0.221862,0.0884714,-37.3897,8.3,7.005,1.295,0.156523,0.0464265,8.414,7.253,1.161,40,84,train,train,train,train,train,val,train,train,train,train
3446,2020_Townsend,CC(C)C[C@@H]1NC(=O)[C@@H](CC(C)C)N(C)C(=O)[C@H](C)N(C)C(=O)[C@H](Cc2ccccc2)NC(=O)[C@H](CC(C)C)N(C)C(=O)[C@H]2CCCN2C1=O,hexa_932,3446,-4.87,6,6,Circle,0.141698,0.0445524,-17.948,8.528,7.375,1.153,0.10906,0.0330724,8.266,7.219,1.047,82,95,train,train,train,train,train,train,train,train,val,train
3445,2020_Townsend,CC(C)C[C@H]1C(=O)N2CCC[C@@H]2C(=O)N(C)[C@@H](CC(C)C)C(=O)N[C@@H](Cc2ccccc2)C(=O)N(C)[C@@H](C)C(=O)N[C@H](CC(C)C)C(=O)N1C,hexa_931,3445,-4.96,6,6,Circle,0.125116,0.0474024,-21.0976,8.453,7.221,1.232,0.157795,0.0646833,8.297,7.276,1.021,89,40,train,train,train,test,test,train,val,train,train,train
3444,2020_Townsend,CC(C)C[C@@H]1NC(=O)[C@H](CC(C)C)N(C)C(=O)[C@H](C)N(C)C(=O)[C@H](Cc2ccccc2)NC(=O)[C@@H](CC(C)C)N(C)C(=O)[C@H]2CCCN2C1=O,hexa_930,3444,-4.92,6,6,Circle,0.168006,0.0519262,-19.3497,8.366,7.246,1.12,0.139175,0.0377842,8.388,7.331,1.057,60,4,test,train,train,train,train,train,train,train,val,train
3443,2020_Townsend,CC(C)C[C@@H]1NC(=O)[C@H]2CCCN2C(=O)[C@H](CC(C)C)N(C)C(=O)[C@@H](CC(C)C)N(C)C(=O)[C@H](C)N(C)C(=O)[C@H](Cc2ccccc2)NC1=O,hexa_929,3443,-5.26,6,6,Circle,0.221596,0.0856772,-18.1146,8.32,7.342,0.978,0.143928,0.0379767,8.319,7.234,1.085,98,62,train,train,test,train,train,train,train,val,train,train
3442,2020_Townsend,CC(C)C[C@H]1C(=O)N[C@H](CC(C)C)C(=O)N2CCC[C@@H]2C(=O)N(C)[C@@H](CC(C)C)C(=O)N[C@@H](Cc2ccccc2)C(=O)N(C)[C@@H](C)C(=O)N1C,hexa_928,3442,-5.08,6,6,Circle,0.141443,0.0509349,-20.5471,8.415,7.417,0.998,0.129363,0.045664,8.315,7.291,1.024,88,31,train,train,train,val,train,train,train,val,train,val
3441,2020_Townsend,CC(C)C[C@H]1NC(=O)[C@H]2CCCN2C(=O)CN(Cc2ccccc2)C(=O)[C@@H](CC(C)C)NC(=O)[C@H](C)N(C)C(=O)[C@H](Cc2ccccc2)NC1=O,hexa_927,3441,-5.2,6,6,Circle,0.260815,0.127524,-34.4673,8.478,7.217,1.261,0.140434,0.031226,8.143,7.129,1.014,56,98,train,train,train,train,train,train,train,train,train,train
3440,2020_Townsend,CC(C)C[C@H]1NC(=O)[C@H](C)N(C)C(=O)[C@H](Cc2ccccc2)NC(=O)CN(Cc2ccccc2)C(=O)[C@H]2CCCN2C(=O)[C@@H](CC(C)C)NC1=O,hexa_926,3440,-6.02,6,6,Circle,0.173846,0.0521748,-30.9546,8.338,7.017,1.321,0.138258,0.0443756,8.159,6.873,1.286,35,27,train,val,val,train,train,train,train,test,train,val
3439,2020_Townsend,CC(C)C[C@H]1C(=O)N[C@@H](Cc2ccccc2)C(=O)N(C)[C@@H](C)C(=O)N(C)[C@H](CC(C)C)C(=O)N[C@H](CC(C)C)C(=O)N2CCC[C@@H]2C(=O)N1C,hexa_925,3439,-4.86,6,6,Circle,0.156624,0.0440898,-27.1087,8.44,7.314,1.126,0.109294,0.0335772,8.287,7.485,0.802,64,95,train,train,train,train,train,train,train,train,train,train
3438,2020_Townsend,CC(C)C[C@H]1C(=O)N2CCC[C@@H]2C(=O)N[C@H](CC(C)C)C(=O)N[C@@H](Cc2ccccc2)C(=O)N(C)[C@@H](C)C(=O)N(C)[C@H](CC(C)C)C(=O)N1C,hexa_924,3438,-5.37,6,6,Circle,0.148637,0.0417187,-20.3968,8.466,7.302,1.164,0.164428,0.075185,8.402,7.309,1.093,97,58,train,train,train,val,train,train,val,train,train,train
3437,2020_Townsend,CC(C)C[C@H]1C(=O)N[C@@H](Cc2ccccc2)C(=O)N(C)[C@@H](C)C(=O)N[C@H](CC(C)C)C(=O)N(C)[C@H](CC(C)C)C(=O)N2CCC[C@@H]2C(=O)N1C,hexa_923,3437,-5.15,6,6,Circle,0.132996,0.0418345,-22.6771,8.506,7.36,1.146,0.13988,0.0415184,8.628,7.575,1.053,19,99,val,val,train,train,train,train,train,train,train,test
3436,2020_Townsend,CC(C)C[C@H]1NC(=O)[C@@H](CC(C)C)N(C)C(=O)[C@H](C)N(C)C(=O)[C@H](Cc2ccccc2)NC(=O)[C@@H](CC(C)C)N(C)C(=O)[C@H]2CCCN2C1=O,hexa_922,3436,-5.19,6,6,Circle,0.120281,0.0521588,-42.4891,8.351,7.167,1.184,0.169,0.065949,8.33,7.443,0.887,91,49,train,train,train,train,train,val,train,train,train,train
3435,2020_Townsend,CC(C)C[C@@H]1NC(=O)[C@H]2CCCN2C(=O)[C@H](CC(C)C)N(C)C(=O)[C@H](CC(C)C)NC(=O)[C@H](C)N(C)C(=O)[C@H](Cc2ccccc2)NC1=O,hexa_921,3435,-5.04,6,6,Circle,0.14845,0.0494863,-38.5814,8.403,7.101,1.302,0.150687,0.045777,8.225,7.042,1.183,50,20,train,test,train,val,test,train,train,train,train,test
3434,2020_Townsend,CC(C)C[C@@H]1NC(=O)[C@H](C)N(C)C(=O)[C@H](Cc2ccccc2)NC(=O)[C@H](CC(C)C)N(C)C(=O)[C@H]2CCCN2C(=O)[C@H](CC(C)C)NC1=O,hexa_920,3434,-5.43,6,6,Circle,0.139851,0.0352998,-17.0514,8.137,7.03,1.107,0.122359,0.0372175,8.474,7.352,1.122,11,3,train,train,train,test,test,train,train,train,train,train
3433,2020_Townsend,CC(C)C[C@@H]1NC(=O)[C@H]2CCCN2C(=O)[C@H](CC(C)C)NC(=O)[C@H](CC(C)C)N(C)C(=O)[C@H](C)N(C)C(=O)[C@H](Cc2ccccc2)NC1=O,hexa_919,3433,-5.29,6,6,Circle,0.163847,0.0584692,-23.9677,8.354,7.177,1.177,0.154401,0.0550818,8.327,7.153,1.174,73,72,train,train,train,train,train,test,train,train,train,train
3432,2020_Townsend,CC(C)C[C@@H]1NC(=O)[C@@H](CC(C)C)NC(=O)[C@H](C)N(C)C(=O)[C@H](Cc2ccccc2)NC(=O)[C@H](CC(C)C)N(C)C(=O)[C@H]2CCCN2C1=O,hexa_918,3432,-4.89,6,6,Circle,0.16942,0.0626091,-19.5157,8.295,7.128,1.167,0.110896,0.0376512,7.981,6.979,1.002,55,85,train,val,val,train,train,train,test,train,test,train
3431,2020_Townsend,CC(C)C[C@@H]1NC(=O)[C@H](C)N(C)C(=O)[C@H](Cc2ccccc2)NC(=O)[C@@H](CC(C)C)N(C)C(=O)[C@H]2CCCN2C(=O)[C@H](CC(C)C)NC1=O,hexa_917,3431,-5.43,6,6,Circle,0.164904,0.0490593,-20.9495,8.33,7.102,1.228,0.165834,0.0528567,8.324,7.167,1.157,5,35,train,val,val,train,train,train,train,train,train,test
3430,2020_Townsend,CC(C)C[C@@H]1NC(=O)[C@H]2CCCN2C(=O)[C@H](CC(C)C)N(C)C(=O)[C@@H](CC(C)C)NC(=O)[C@H](C)N(C)C(=O)[C@H](Cc2ccccc2)NC1=O,hexa_916,3430,-5.49,6,6,Circle,0.107584,0.0344631,-20.826,8.313,7.185,1.128,0.110262,0.0336126,8.223,7.143,1.08,79,50,train,train,test,train,train,train,train,train,val,train
3429,2020_Townsend,CC(C)C[C@@H]1NC(=O)[C@H](CC(C)C)N(C)C(=O)[C@H](C)N(C)C(=O)[C@H](Cc2ccccc2)NC(=O)[C@@H](CC(C)C)NC(=O)[C@H]2CCCN2C1=O,hexa_915,3429,-5.34,6,6,Circle,0.173541,0.0617324,-20.9586,8.216,7.132,1.084,0.135957,0.0393665,8.416,7.217,1.199,91,28,train,train,train,train,train,train,train,train,train,train
3428,2020_Townsend,CC(C)C[C@@H]1NC(=O)[C@H](C)N(C)C(=O)[C@H](Cc2ccccc2)NC(=O)[C@@H](CC(C)C)NC(=O)[C@H]2CCCN2C(=O)[C@H](CC(C)C)N(C)C1=O,hexa_914,3428,-6.19,6,6,Circle,0.148881,0.0446266,-30.5125,8.331,7.132,1.199,0.135517,0.0589518,8.275,7.088,1.187,38,83,train,train,train,train,train,train,val,train,train,train
3427,2020_Townsend,CC(C)C[C@@H]1NC(=O)[C@H]2CCCN2C(=O)[C@@H](CC(C)C)NC(=O)[C@H](CC(C)C)N(C)C(=O)[C@H](C)N(C)C(=O)[C@H](Cc2ccccc2)NC1=O,hexa_913,3427,-5.88,6,6,Circle,0.158829,0.0419701,-34.5027,8.485,7.249,1.236,0.148797,0.0413551,8.439,7.208,1.231,6,95,train,train,train,train,train,train,train,train,train,train
3426,2020_Townsend,CC(C)C[C@H]1C(=O)N2CCC[C@@H]2C(=O)N[C@H](CC(C)C)C(=O)N[C@@H](Cc2ccccc2)C(=O)N(C)[C@@H](C)C(=O)N[C@H](CC(C)C)C(=O)N1C,hexa_912,3426,-5.05,6,6,Circle,0.15753,0.047392,-20.5999,8.177,7.038,1.139,0.117157,0.0408602,8.324,7.142,1.182,56,50,test,test,test,train,train,train,train,train,train,train
3425,2020_Townsend,CC(C)C[C@@H]1NC(=O)[C@@H](CC(C)C)NC(=O)[C@H](C)N(C)C(=O)[C@H](Cc2ccccc2)NC(=O)[C@@H](CC(C)C)N(C)C(=O)[C@H]2CCCN2C1=O,hexa_911,3425,-5.06,6,6,Circle,0.165109,0.0535845,-24.1365,8.41,7.108,1.302,0.156972,0.0562026,8.204,7.073,1.131,62,33,train,train,train,train,train,train,train,train,train,test
3424,2020_Townsend,CC(C)C[C@@H]1NC(=O)[C@@H](CC(C)C)N(C)C(=O)[C@H](C)N(C)C(=O)[C@H](Cc2ccccc2)NC(=O)[C@@H](CC(C)C)NC(=O)[C@H]2CCCN2C1=O,hexa_910,3424,-5.51,6,6,Circle,0.177013,0.0631062,-23.2923,8.241,7.065,1.176,0.172802,0.0516622,8.312,7.291,1.021,60,32,train,test,train,train,train,train,train,val,train,train
3423,2020_Townsend,CC(C)C[C@H]1C(=O)N[C@@H](Cc2ccccc2)C(=O)N(C)[C@@H](C)C(=O)N[C@H](CC(C)C)C(=O)N[C@H](CC(C)C)C(=O)N2CCC[C@@H]2C(=O)N1C,hexa_909,3423,-6.18,6,6,Circle,0.167947,0.0680049,-25.0814,8.509,7.237,1.272,0.155447,0.0665208,8.494,7.26,1.234,4,97,train,train,train,train,train,test,train,test,test,train
3422,2020_Townsend,CC(C)C[C@@H]1NC(=O)[C@H]2CCCN2C(=O)[C@@H](CC(C)C)NC(=O)[C@@H](CC(C)C)N(C)C(=O)[C@H](C)N(C)C(=O)[C@H](Cc2ccccc2)NC1=O,hexa_908,3422,-5.59,6,6,Circle,0.145678,0.038723,-32.2737,8.603,7.375,1.228,0.238872,0.112821,8.364,7.049,1.315,2,8,train,train,train,train,train,train,train,test,train,train
3421,2020_Townsend,CC(C)C[C@@H]1NC(=O)[C@H]2CCCN2C(=O)[C@@H](CC(C)C)N(C)C(=O)[C@@H](CC(C)C)NC(=O)[C@H](C)N(C)C(=O)[C@H](Cc2ccccc2)NC1=O,hexa_907,3421,-5.71,6,6,Circle,0.129419,0.0394841,-27.2743,8.504,7.309,1.195,0.114698,0.0314301,8.068,7.103,0.965,5,19,train,train,test,train,train,train,train,train,train,val
3420,2020_Townsend,CC(C)C[C@H]1NC(=O)[C@H]2CCCN2C(=O)[C@@H](CC(C)C)N(C)C(=O)[C@@H](CC(C)C)NC(=O)[C@H](C)N(C)C(=O)[C@H](Cc2ccccc2)NC1=O,hexa_906,3420,-4.99,6,6,Circle,0.182961,0.0689945,-23.8413,8.166,7.127,1.039,0.145062,0.0454378,8.12,7.2,0.92,96,50,train,val,train,train,val,train,test,val,train,train
3419,2020_Townsend,CC(C)C[C@H]1NC(=O)[C@H]2CCCN2C(=O)[C@@H](CC(C)C)NC(=O)[C@@H](CC(C)C)N(C)C(=O)[C@H](C)N(C)C(=O)[C@H](Cc2ccccc2)NC1=O,hexa_905,3419,-5.7,6,6,Circle,0.153328,0.0396639,-31.4566,8.428,7.153,1.275,0.164977,0.0354817,8.191,7.161,1.03,34,19,test,test,train,train,train,val,train,val,train,train
3418,2020_Townsend,CC(C)C[C@H]1NC(=O)[C@H](C)N(C)C(=O)[C@H](Cc2ccccc2)NC(=O)[C@@H](CC(C)C)N(C)C(=O)[C@H]2CCCN2C(=O)[C@@H](CC(C)C)NC1=O,hexa_904,3418,-10.0,6,6,Circle,0.146368,0.0558087,-25.0905,8.399,7.096,1.303,0.169411,0.0604439,8.26,7.064,1.196,35,86,train,val,train,test,train,val,train,train,train,train
3417,2020_Townsend,CC(C)C[C@@H]1NC(=O)[C@H](C)N(C)C(=O)[C@H](Cc2ccccc2)NC(=O)[C@H](CC(C)C)NC(=O)[C@H]2CCCN2C(=O)[C@H](CC(C)C)NC1=O,hexa_903,3417,-6.68,6,6,Circle,0.152535,0.0497639,-38.5368,8.47,6.995,1.475,0.167725,0.0582027,8.138,7.002,1.136,29,88,train,train,train,train,train,train,train,train,train,train
3416,2020_Townsend,CC(C)C[C@@H]1NC(=O)[C@H]2CCCN2C(=O)[C@H](CC(C)C)NC(=O)[C@@H](CC(C)C)NC(=O)[C@H](C)N(C)C(=O)[C@H](Cc2ccccc2)NC1=O,hexa_902,3416,-6.01,6,6,Circle,0.162822,0.045459,-22.5533,8.212,7.028,1.184,0.169569,0.0752233,8.293,7.024,1.269,8,88,test,val,train,train,train,train,test,train,train,train
3415,2020_Townsend,CC(C)C[C@@H]1NC(=O)[C@H](C)N(C)C(=O)[C@H](Cc2ccccc2)NC(=O)[C@@H](CC(C)C)NC(=O)[C@H]2CCCN2C(=O)[C@H](CC(C)C)NC1=O,hexa_901,3415,-6.06,6,6,Circle,0.20256,0.081391,-22.7731,8.299,7.097,1.202,0.17572,0.0642511,8.085,7.016,1.069,77,9,train,train,train,train,train,train,test,train,val,test
3414,2020_Townsend,CC(C)C[C@@H]1NC(=O)[C@@H](CC(C)C)NC(=O)[C@H](C)N(C)C(=O)[C@H](Cc2ccccc2)NC(=O)[C@@H](CC(C)C)NC(=O)[C@H]2CCCN2C1=O,hexa_900,3414,-5.15,6,6,Circle,0.18167,0.0634587,-22.9104,8.195,6.987,1.208,0.135724,0.0388301,7.899,6.96,0.939,21,63,test,train,train,train,train,test,train,train,train,train
3413,2020_Townsend,CC(C)C[C@@H]1NC(=O)[C@H](C)N(C)C(=O)[C@H](Cc2ccccc2)NC(=O)[C@@H](CC(C)C)NC(=O)[C@H]2CCCN2C(=O)[C@@H](CC(C)C)NC1=O,hexa_899,3413,-10.0,6,6,Circle,0.143171,0.0381664,-35.7972,8.526,7.238,1.288,0.121483,0.0351613,7.912,6.918,0.994,59,77,train,train,train,train,train,train,train,val,train,train
3412,2020_Townsend,CC(C)C[C@@H]1NC(=O)[C@H]2CCCN2C(=O)[C@@H](CC(C)C)NC(=O)[C@@H](CC(C)C)NC(=O)[C@H](C)N(C)C(=O)[C@H](Cc2ccccc2)NC1=O,hexa_898,3412,-6.11,6,6,Circle,0.115213,0.0379062,-25.4348,8.24,7.014,1.226,0.114024,0.0366502,8.238,7.014,1.224,86,39,train,test,train,test,train,val,test,train,train,train
3411,2020_Townsend,CC(C)C[C@H]1NC(=O)[C@H](C)N(C)C(=O)[C@H](Cc2ccccc2)NC(=O)[C@@H](CC(C)C)NC(=O)[C@H]2CCCN2C(=O)[C@@H](CC(C)C)NC1=O,hexa_897,3411,-5.06,6,6,Circle,0.168446,0.0704409,-30.2541,8.33,7.066,1.264,0.12058,0.027982,7.917,6.854,1.063,83,42,train,train,train,train,train,train,train,test,train,train
3410,2020_Townsend,C[C@@H]1C(=O)N(Cc2ccccc2)CC(=O)N(Cc2ccccc2)CC(=O)N2CCC[C@H]2C(=O)N(Cc2ccccc2)CC(=O)N[C@@H](Cc2ccccc2)C(=O)N1C,hexa_896,3410,-6.11,6,6,Circle,0.185348,0.04135,-38.7182,8.659,7.673,0.986,0.150421,0.0354222,8.542,7.465,1.077,87,5,train,train,train,train,train,train,train,train,train,train
3407,2020_Townsend,CC(C)C[C@H]1C(=O)N(Cc2ccccc2)CC(=O)N2CCC[C@H]2C(=O)N(Cc2ccccc2)CC(=O)N[C@@H](Cc2ccccc2)C(=O)N(C)[C@H](C)C(=O)N1C,hexa_893,3407,-5.3,6,6,Circle,0.166016,0.0507053,-40.3198,8.768,7.7,1.068,0.181025,0.0582112,8.382,7.386,0.996,71,76,test,train,train,test,train,test,test,train,train,val
3403,2020_Townsend,CC(C)C[C@@H]1C(=O)N(Cc2ccccc2)CC(=O)N2CCC[C@H]2C(=O)N(Cc2ccccc2)CC(=O)N[C@@H](Cc2ccccc2)C(=O)N(C)[C@H](C)C(=O)N1C,hexa_889,3403,-5.42,6,6,Circle,0.177603,0.0399182,-32.1965,8.772,7.728,1.044,0.205209,0.0607542,8.471,7.523,0.948,13,67,train,train,train,train,train,train,train,train,train,train
3400,2020_Townsend,CC(C)C[C@@H]1NC(=O)[C@@H](C)N(C)C(=O)[C@H](Cc2ccccc2)NC(=O)CN(Cc2ccccc2)C(=O)[C@@H]2CCCN2C(=O)CN(Cc2ccccc2)C1=O,hexa_886,3400,-5.49,6,6,Circle,0.191298,0.0676772,-28.7141,8.586,7.498,1.088,0.164549,0.0485576,8.48,7.351,1.129,70,47,train,train,train,train,train,train,train,train,train,test
3399,2020_Townsend,CC(C)C[C@H]1C(=O)N[C@@H](Cc2ccccc2)C(=O)N(C)[C@H](C)C(=O)N(C)[C@@H](CC(C)C)C(=O)N(Cc2ccccc2)CC(=O)N2CCC[C@H]2C(=O)N1C,hexa_885,3399,-4.94,6,6,Circle,0.162994,0.0382264,-16.9079,8.472,7.46,1.012,0.121705,0.0418361,8.177,7.095,1.082,34,89,train,train,train,val,train,train,test,train,train,train
3398,2020_Townsend,CC(C)C[C@H]1C(=O)N2CCC[C@H]2C(=O)N(C)[C@@H](CC(C)C)C(=O)N[C@@H](Cc2ccccc2)C(=O)N(C)[C@H](C)C(=O)N(Cc2ccccc2)CC(=O)N1C,hexa_884,3398,-4.85,6,6,Circle,0.113591,0.0306495,-26.0196,8.601,7.697,0.904,0.133911,0.0317168,8.393,7.45,0.943,87,12,train,train,train,train,train,val,train,train,train,train
3397,2020_Townsend,CC(C)C[C@H]1C(=O)N2CCC[C@H]2C(=O)N(Cc2ccccc2)CC(=O)N[C@@H](Cc2ccccc2)C(=O)N(C)[C@H](C)C(=O)N(C)[C@@H](CC(C)C)C(=O)N1C,hexa_883,3397,-4.85,6,6,Circle,0.15237,0.04249,-23.4117,8.682,7.692,0.99,0.149359,0.0353764,8.759,7.772,0.987,57,56,test,train,train,val,train,train,train,train,train,train
3396,2020_Townsend,CC(C)C[C@H]1NC(=O)[C@@H](C)N(C)C(=O)[C@H](Cc2ccccc2)NC(=O)CN(Cc2ccccc2)C(=O)[C@@H]2CCCN2C(=O)CN(Cc2ccccc2)C1=O,hexa_882,3396,-5.43,6,6,Circle,0.225145,0.0757223,-31.2937,8.621,7.55,1.071,0.186514,0.0552181,8.498,7.507,0.991,43,76,train,test,train,train,val,train,train,train,train,test
3395,2020_Townsend,CC(C)C[C@H]1C(=O)N2CCC[C@H]2C(=O)N(Cc2ccccc2)CC(=O)N[C@@H](Cc2ccccc2)C(=O)N(C)[C@H](C)C(=O)N(C)[C@H](CC(C)C)C(=O)N1C,hexa_881,3395,-4.94,6,6,Circle,0.162247,0.0567713,-44.1466,8.465,7.366,1.099,0.187664,0.0613948,8.524,7.583,0.941,22,47,val,train,train,test,train,train,val,train,test,train
3393,2020_Townsend,CC(C)C[C@H]1C(=O)N(Cc2ccccc2)CC(=O)N2CCC[C@H]2C(=O)N(C)[C@H](CC(C)C)C(=O)N[C@@H](Cc2ccccc2)C(=O)N(C)[C@H](C)C(=O)N1C,hexa_879,3393,-5.3,6,6,Circle,0.167977,0.0627304,-23.3159,8.653,7.595,1.058,0.164457,0.0568703,8.31,7.294,1.016,76,38,train,train,train,test,test,train,train,train,test,train
3391,2020_Townsend,CC(C)C[C@@H]1C(=O)N[C@@H](Cc2ccccc2)C(=O)N(C)[C@H](C)C(=O)N(C)[C@H](CC(C)C)C(=O)N(Cc2ccccc2)CC(=O)N2CCC[C@H]2C(=O)N1C,hexa_877,3391,-5.01,6,6,Circle,0.155723,0.0440509,-23.3967,8.5,7.485,1.015,0.166299,0.058881,8.513,7.529,0.984,97,45,train,train,train,train,train,train,train,train,train,test
3390,2020_Townsend,CC(C)C[C@@H]1C(=O)N2CCC[C@H]2C(=O)N(C)[C@H](CC(C)C)C(=O)N[C@@H](Cc2ccccc2)C(=O)N(C)[C@H](C)C(=O)N(Cc2ccccc2)CC(=O)N1C,hexa_876,3390,-4.97,6,6,Circle,0.184248,0.0534013,-17.6152,8.579,7.531,1.048,0.175022,0.0457854,8.347,7.358,0.989,64,11,train,test,train,val,test,train,train,train,train,test
3387,2020_Townsend,CC(C)C[C@@H]1NC(=O)[C@H](CC(C)C)N(C)C(=O)[C@@H](C)N(C)C(=O)[C@H](Cc2ccccc2)NC(=O)CN(Cc2ccccc2)C(=O)[C@@H]2CCCN2C1=O,hexa_873,3387,-4.93,6,6,Circle,0.185242,0.062299,-27.9957,8.336,7.185,1.151,0.104359,0.0317473,8.449,7.39,1.059,31,2,test,train,train,train,val,val,train,train,train,test
3386,2020_Townsend,CC(C)C[C@@H]1NC(=O)[C@@H](C)N(C)C(=O)[C@H](Cc2ccccc2)NC(=O)[C@H](CC(C)C)N(C)C(=O)[C@@H]2CCCN2C(=O)CN(Cc2ccccc2)C1=O,hexa_872,3386,-5.07,6,6,Circle,0.176121,0.0646008,-24.8488,8.487,7.418,1.069,0.179095,0.0624309,8.443,7.345,1.098,54,5,val,train,test,train,train,train,train,train,train,test
3385,2020_Townsend,CC(C)C[C@@H]1NC(=O)[C@@H](C)N(C)C(=O)[C@H](Cc2ccccc2)NC(=O)CN(Cc2ccccc2)C(=O)[C@@H]2CCCN2C(=O)[C@H](CC(C)C)N(C)C1=O,hexa_871,3385,-5.07,6,6,Circle,0.197538,0.0938348,-27.3588,8.525,7.446,1.079,0.179038,0.0417279,8.388,7.289,1.099,54,20,val,test,train,train,test,train,train,train,test,train
3383,2020_Townsend,CC(C)C[C@H]1C(=O)N2CCC[C@H]2C(=O)N(C)[C@@H](CC(C)C)C(=O)N[C@@H](Cc2ccccc2)C(=O)N(C)[C@H](C)C(=O)N(C)[C@@H](CC(C)C)C(=O)N1C,hexa_869,3383,-4.77,6,6,Circle,0.147996,0.0416557,-13.6872,8.559,7.628,0.931,0.124677,0.0327836,8.676,7.655,1.021,25,92,train,train,train,train,val,test,train,train,train,train
3382,2020_Townsend,CC(C)C[C@@H]1NC(=O)[C@@H](CC(C)C)N(C)C(=O)[C@@H](C)N(C)C(=O)[C@H](Cc2ccccc2)NC(=O)CN(Cc2ccccc2)C(=O)[C@@H]2CCCN2C1=O,hexa_868,3382,-4.73,6,6,Circle,0.115353,0.0314866,-23.5765,8.305,7.279,1.026,0.200206,0.0631722,8.453,7.331,1.122,57,21,train,train,train,train,train,train,train,train,train,train
3381,2020_Townsend,CC(C)C[C@@H]1NC(=O)[C@@H](C)N(C)C(=O)[C@H](Cc2ccccc2)NC(=O)CN(Cc2ccccc2)C(=O)[C@@H]2CCCN2C(=O)[C@@H](CC(C)C)N(C)C1=O,hexa_867,3381,-5.14,6,6,Circle,0.173878,0.0474957,-25.2275,8.797,7.595,1.202,0.117194,0.0289861,8.299,7.486,0.813,28,85,train,train,train,train,train,train,train,val,train,train
3380,2020_Townsend,CC(C)C[C@@H]1NC(=O)[C@@H](C)N(C)C(=O)[C@H](Cc2ccccc2)NC(=O)[C@@H](CC(C)C)N(C)C(=O)[C@@H]2CCCN2C(=O)CN(Cc2ccccc2)C1=O,hexa_866,3380,-5.09,6,6,Circle,0.171718,0.0573533,-27.5716,8.561,7.406,1.155,0.225792,0.0791475,8.594,7.475,1.119,59,99,train,train,train,test,train,test,train,train,train,train
3379,2020_Townsend,CC(C)C[C@H]1C(=O)N[C@H](CC(C)C)C(=O)N2CCC[C@H]2C(=O)N(Cc2ccccc2)CC(=O)N[C@@H](Cc2ccccc2)C(=O)N(C)[C@H](C)C(=O)N1C,hexa_865,3379,-5.26,6,6,Circle,0.212042,0.0633969,-23.2427,8.775,7.654,1.121,0.202656,0.0510713,8.664,7.563,1.101,43,19,train,train,train,train,train,train,train,train,train,train
3377,2020_Townsend,CC(C)C[C@H]1C(=O)N[C@@H](Cc2ccccc2)C(=O)N(C)[C@H](C)C(=O)N(C)[C@@H](CC(C)C)C(=O)N(C)[C@H](CC(C)C)C(=O)N2CCC[C@H]2C(=O)N1C,hexa_863,3377,-4.85,6,6,Circle,0.12973,0.0368317,-13.7695,8.45,7.599,0.851,0.131114,0.0326172,8.562,7.689,0.873,2,47,train,val,train,train,train,train,val,train,train,train
3376,2020_Townsend,CC(C)C[C@H]1C(=O)N[C@@H](Cc2ccccc2)C(=O)N(C)[C@H](C)C(=O)N(C)[C@H](CC(C)C)C(=O)N(C)[C@@H](CC(C)C)C(=O)N2CCC[C@H]2C(=O)N1C,hexa_862,3376,-4.77,6,6,Circle,0.158939,0.0561602,-18.6225,8.659,7.55,1.109,0.165717,0.0499795,8.567,7.522,1.045,58,55,train,train,train,train,train,train,val,train,val,train
3375,2020_Townsend,CC(C)C[C@H]1NC(=O)[C@@H](CC(C)C)N(C)C(=O)[C@@H](C)N(C)C(=O)[C@H](Cc2ccccc2)NC(=O)CN(Cc2ccccc2)C(=O)[C@@H]2CCCN2C1=O,hexa_861,3375,-4.94,6,6,Circle,0.162386,0.0317071,-29.4857,8.796,7.66,1.136,0.143421,0.0447653,8.446,7.557,0.889,30,78,train,train,val,train,test,train,val,train,train,train
3373,2020_Townsend,CC(C)C[C@H]1NC(=O)[C@@H](C)N(C)C(=O)[C@H](Cc2ccccc2)NC(=O)[C@@H](CC(C)C)N(C)C(=O)[C@@H]2CCCN2C(=O)CN(Cc2ccccc2)C1=O,hexa_859,3373,-5.3,6,6,Circle,0.211374,0.0842484,-25.2002,8.393,7.366,1.027,0.196331,0.0723781,8.436,7.429,1.007,15,74,train,train,val,train,test,train,train,train,train,train
3372,2020_Townsend,CC(C)C[C@H]1NC(=O)[C@@H](C)N(C)C(=O)[C@H](Cc2ccccc2)NC(=O)CN(Cc2ccccc2)C(=O)[C@@H]2CCCN2C(=O)[C@@H](CC(C)C)N(C)C1=O,hexa_858,3372,-5.13,6,6,Circle,0.193161,0.0644058,-27.1601,8.714,7.634,1.08,0.175992,0.0455265,8.31,7.303,1.007,13,32,train,train,train,train,train,train,test,val,train,train
3371,2020_Townsend,CC(C)C[C@H]1NC(=O)[C@@H]2CCCN2C(=O)CN(Cc2ccccc2)C(=O)[C@@H](CC(C)C)N(C)C(=O)[C@@H](C)N(C)C(=O)[C@H](Cc2ccccc2)NC1=O,hexa_857,3371,-6.22,6,6,Circle,0.132254,0.0339188,-28.9055,8.472,7.318,1.154,0.155122,0.0496907,8.239,7.159,1.08,2,24,train,train,train,train,train,train,train,test,train,train
3370,2020_Townsend,CC(C)C[C@H]1C(=O)N(C)[C@H](CC(C)C)C(=O)N2CCC[C@H]2C(=O)N(C)[C@H](CC(C)C)C(=O)N[C@@H](Cc2ccccc2)C(=O)N(C)[C@H](C)C(=O)N1C,hexa_856,3370,-4.76,6,6,Circle,0.110027,0.0317738,-16.4972,8.457,7.565,0.892,0.139469,0.0312138,8.609,7.771,0.838,84,11,train,train,train,train,train,train,train,train,train,train
3369,2020_Townsend,CC(C)C[C@H]1C(=O)N2CCC[C@H]2C(=O)N(C)[C@H](CC(C)C)C(=O)N[C@@H](Cc2ccccc2)C(=O)N(C)[C@H](C)C(=O)N(C)[C@H](CC(C)C)C(=O)N1C,hexa_855,3369,-4.8,6,6,Circle,0.143293,0.0503687,-17.4007,8.423,7.461,0.962,0.168725,0.0590772,8.661,7.722,0.939,95,57,train,train,train,train,train,train,train,val,train,test
3368,2020_Townsend,CC(C)C[C@@H]1NC(=O)[C@@H]2CCCN2C(=O)CN(Cc2ccccc2)C(=O)[C@H](CC(C)C)NC(=O)[C@@H](C)N(C)C(=O)[C@H](Cc2ccccc2)NC1=O,hexa_854,3368,-5.22,6,6,Circle,0.158982,0.0580248,-29.6662,8.356,7.205,1.151,0.228741,0.0964445,8.327,7.215,1.112,100,70,val,train,train,train,val,train,train,val,train,test
3367,2020_Townsend,CC(C)C[C@@H]1NC(=O)[C@@H](C)N(C)C(=O)[C@H](Cc2ccccc2)NC(=O)CN(Cc2ccccc2)C(=O)[C@@H]2CCCN2C(=O)[C@H](CC(C)C)NC1=O,hexa_853,3367,-5.77,6,6,Circle,0.179454,0.0571412,-29.4785,8.4,7.112,1.288,0.159419,0.0487018,8.439,7.201,1.238,83,83,train,val,train,train,train,train,train,val,train,val
3366,2020_Townsend,CC(C)C[C@@H]1NC(=O)[C@@H]2CCCN2C(=O)[C@H](CC(C)C)NC(=O)CN(Cc2ccccc2)C(=O)[C@@H](C)N(C)C(=O)[C@H](Cc2ccccc2)NC1=O,hexa_852,3366,-5.78,6,6,Circle,0.12676,0.046087,-30.832,8.18,6.966,1.214,0.162867,0.0515783,8.281,7.036,1.245,91,47,test,train,train,train,train,train,train,train,train,train
3365,2020_Townsend,CC(C)C[C@@H]1NC(=O)[C@H](CC(C)C)N(C)C(=O)[C@@H](C)N(C)C(=O)[C@H](Cc2ccccc2)NC(=O)[C@H](CC(C)C)N(C)C(=O)[C@@H]2CCCN2C1=O,hexa_851,3365,-4.77,6,6,Circle,0.145851,0.0406805,-16.6119,8.388,7.4,0.988,0.153327,0.0490838,8.34,7.382,0.958,18,55,train,test,test,train,train,train,train,train,train,test
3364,2020_Townsend,CC(C)C[C@@H]1NC(=O)[C@@H](CC(C)C)NC(=O)[C@@H](C)N(C)C(=O)[C@H](Cc2ccccc2)NC(=O)CN(Cc2ccccc2)C(=O)[C@@H]2CCCN2C1=O,hexa_850,3364,-5.69,6,6,Circle,0.156702,0.0517138,-26.7105,8.309,7.043,1.266,0.15318,0.0539378,8.164,7.008,1.156,100,31,val,val,train,train,train,train,train,train,train,val
3363,2020_Townsend,CC(C)C[C@@H]1NC(=O)[C@@H](C)N(C)C(=O)[C@H](Cc2ccccc2)NC(=O)CN(Cc2ccccc2)C(=O)[C@@H]2CCCN2C(=O)[C@@H](CC(C)C)NC1=O,hexa_849,3363,-5.97,6,6,Circle,0.187002,0.0713106,-33.055,8.7,7.496,1.204,0.194852,0.049065,8.457,7.307,1.15,8,36,val,train,train,val,train,train,train,train,train,train
3362,2020_Townsend,CC(C)C[C@@H]1NC(=O)[C@@H]2CCCN2C(=O)CN(Cc2ccccc2)C(=O)[C@@H](CC(C)C)NC(=O)[C@@H](C)N(C)C(=O)[C@H](Cc2ccccc2)NC1=O,hexa_848,3362,-10.0,6,6,Circle,0.166668,0.0535193,-28.7319,8.392,7.216,1.176,0.173519,0.0492227,8.213,7.096,1.117,83,89,train,train,train,train,train,val,train,train,train,train
3361,2020_Townsend,CC(C)C[C@@H]1NC(=O)[C@H](CC(C)C)N(C)C(=O)[C@@H](C)N(C)C(=O)[C@H](Cc2ccccc2)NC(=O)[C@@H](CC(C)C)N(C)C(=O)[C@@H]2CCCN2C1=O,hexa_847,3361,-4.81,6,6,Circle,0.120067,0.054406,-27.0435,8.411,7.39,1.021,0.135645,0.037535,8.562,7.52,1.042,53,74,train,test,train,val,train,train,train,train,train,train
3360,2020_Townsend,CC(C)C[C@@H]1NC(=O)[C@@H](CC(C)C)N(C)C(=O)[C@@H](C)N(C)C(=O)[C@H](Cc2ccccc2)NC(=O)[C@H](CC(C)C)N(C)C(=O)[C@@H]2CCCN2C1=O,hexa_846,3360,-4.73,6,6,Circle,0.162792,0.0554748,-14.188,8.365,7.421,0.944,0.108084,0.037866,8.252,7.344,0.908,78,39,train,train,train,test,train,train,train,train,train,train
3359,2020_Townsend,CC(C)C[C@H]1C(=O)N[C@@H](Cc2ccccc2)C(=O)N(C)[C@H](C)C(=O)N(C)[C@@H](CC(C)C)C(=O)N[C@H](CC(C)C)C(=O)N2CCC[C@H]2C(=O)N1C,hexa_845,3359,-4.8,6,6,Circle,0.111262,0.0366248,-23.258,8.601,7.633,0.968,0.131208,0.0340842,8.366,7.531,0.835,84,88,train,val,train,test,train,train,train,train,train,test
3358,2020_Townsend,CC(C)C[C@@H]1NC(=O)[C@@H]2CCCN2C(=O)[C@@H](CC(C)C)N(C)C(=O)[C@H](CC(C)C)N(C)C(=O)[C@@H](C)N(C)C(=O)[C@H](Cc2ccccc2)NC1=O,hexa_844,3358,-4.81,6,6,Circle,0.126082,0.0369696,-18.5061,8.058,7.142,0.916,0.120416,0.0340689,8.414,7.37,1.044,52,35,val,val,train,train,train,train,train,train,train,train
3357,2020_Townsend,CC(C)C[C@@H]1NC(=O)[C@@H](C)N(C)C(=O)[C@H](Cc2ccccc2)NC(=O)[C@H](CC(C)C)N(C)C(=O)[C@@H]2CCCN2C(=O)[C@@H](CC(C)C)N(C)C1=O,hexa_843,3357,-4.85,6,6,Circle,0.150175,0.041852,-17.9808,8.6,7.447,1.153,0.131593,0.0424671,8.638,7.489,1.149,91,64,train,test,train,train,train,train,train,val,test,test
3356,2020_Townsend,CC(C)C[C@@H]1NC(=O)[C@@H](C)N(C)C(=O)[C@H](Cc2ccccc2)NC(=O)[C@@H](CC(C)C)N(C)C(=O)[C@@H]2CCCN2C(=O)[C@H](CC(C)C)N(C)C1=O,hexa_842,3356,-4.75,6,6,Circle,0.101222,0.0316998,-23.1978,8.222,7.194,1.028,0.13713,0.0478976,8.503,7.413,1.09,26,67,train,test,val,train,train,train,train,train,train,train
3355,2020_Townsend,CC(C)C[C@H]1C(=O)N[C@@H](Cc2ccccc2)C(=O)N(C)[C@H](C)C(=O)N[C@H](CC(C)C)C(=O)N(C)[C@@H](CC(C)C)C(=O)N2CCC[C@H]2C(=O)N1C,hexa_841,3355,-4.86,6,6,Circle,0.137512,0.0390099,-16.4345,8.467,7.49,0.977,0.123439,0.0324328,8.438,7.516,0.922,6,5,train,train,train,train,test,train,train,train,train,train
3354,2020_Townsend,CC(C)C[C@H]1NC(=O)[C@@H]2CCCN2C(=O)[C@@H](CC(C)C)NC(=O)CN(Cc2ccccc2)C(=O)[C@@H](C)N(C)C(=O)[C@H](Cc2ccccc2)NC1=O,hexa_840,3354,-5.07,6,6,Circle,0.154666,0.0657756,-31.3317,8.212,7.044,1.168,0.171243,0.0510431,8.221,7.089,1.132,91,92,test,train,train,train,train,train,val,train,train,test
3353,2020_Townsend,CC(C)C[C@H]1NC(=O)[C@@H](C)N(C)C(=O)[C@H](Cc2ccccc2)NC(=O)CN(Cc2ccccc2)C(=O)[C@@H]2CCCN2C(=O)[C@@H](CC(C)C)NC1=O,hexa_839,3353,-5.77,6,6,Circle,0.199004,0.0730395,-43.5191,8.689,7.608,1.081,0.173907,0.047164,8.6,7.455,1.145,25,20,val,train,val,train,train,train,train,train,train,train
3352,2020_Townsend,CC(C)C[C@H]1C(=O)N[C@@H](Cc2ccccc2)C(=O)N(C)[C@H](C)C(=O)N(C)[C@H](CC(C)C)C(=O)N[C@H](CC(C)C)C(=O)N2CCC[C@H]2C(=O)N1C,hexa_838,3352,-4.85,6,6,Circle,0.118043,0.0358086,-13.4662,8.37,7.461,0.909,0.131139,0.0379167,8.627,7.393,1.234,54,96,train,train,train,train,test,train,train,test,test,test
3351,2020_Townsend,CC(C)C[C@H]1C(=O)N2CCC[C@H]2C(=O)N(C)[C@H](CC(C)C)C(=O)N[C@@H](Cc2ccccc2)C(=O)N(C)[C@H](C)C(=O)N[C@H](CC(C)C)C(=O)N1C,hexa_837,3351,-5.21,6,6,Circle,0.111617,0.0379086,-15.6359,8.507,7.465,1.042,0.140667,0.0363741,8.46,7.498,0.962,42,42,train,train,train,train,train,train,train,train,train,train
3350,2020_Townsend,CC(C)C[C@H]1C(=O)N(C)[C@H](CC(C)C)C(=O)N2CCC[C@H]2C(=O)N[C@H](CC(C)C)C(=O)N[C@@H](Cc2ccccc2)C(=O)N(C)[C@H](C)C(=O)N1C,hexa_836,3350,-4.78,6,6,Circle,0.179626,0.0637131,-17.8369,8.26,7.262,0.998,0.154419,0.03727,8.275,7.336,0.939,37,85,train,train,train,train,train,train,train,val,train,test
3349,2020_Townsend,CC(C)C[C@@H]1NC(=O)[C@@H](C)N(C)C(=O)[C@H](Cc2ccccc2)NC(=O)[C@@H](CC(C)C)N(C)C(=O)[C@@H]2CCCN2C(=O)[C@@H](CC(C)C)N(C)C1=O,hexa_835,3349,-4.86,6,6,Circle,0.171129,0.0652678,-22.967,8.5,7.386,1.114,0.153135,0.0468726,8.478,7.348,1.13,19,20,train,train,val,train,train,train,train,train,train,train
3348,2020_Townsend,CC(C)C[C@H]1C(=O)N[C@H](CC(C)C)C(=O)N2CCC[C@H]2C(=O)N(C)[C@H](CC(C)C)C(=O)N[C@@H](Cc2ccccc2)C(=O)N(C)[C@H](C)C(=O)N1C,hexa_834,3348,-4.96,6,6,Circle,0.125405,0.0340335,-22.9247,8.52,7.472,1.048,0.172927,0.0489272,8.578,7.446,1.132,46,29,train,train,train,train,train,train,train,train,val,train
3347,2020_Townsend,CC(C)C[C@H]1C(=O)N2CCC[C@H]2C(=O)N[C@H](CC(C)C)C(=O)N[C@@H](Cc2ccccc2)C(=O)N(C)[C@H](C)C(=O)N(C)[C@H](CC(C)C)C(=O)N1C,hexa_833,3347,-5.7,6,6,Circle,0.125282,0.0322521,-24.7279,8.542,7.335,1.207,0.152053,0.0367216,8.477,7.435,1.042,74,89,train,train,train,train,train,val,test,train,train,val
3346,2020_Townsend,CC(C)C[C@H]1NC(=O)[C@@H]2CCCN2C(=O)[C@@H](CC(C)C)N(C)C(=O)[C@@H](CC(C)C)N(C)C(=O)[C@@H](C)N(C)C(=O)[C@H](Cc2ccccc2)NC1=O,hexa_832,3346,-4.82,6,6,Circle,0.123207,0.0396688,-24.5213,8.514,7.372,1.142,0.153027,0.0532172,8.262,7.216,1.046,98,37,test,train,train,test,train,val,train,train,train,test
3345,2020_Townsend,CC(C)C[C@H]1NC(=O)[C@@H](CC(C)C)N(C)C(=O)[C@@H](C)N(C)C(=O)[C@H](Cc2ccccc2)NC(=O)[C@@H](CC(C)C)N(C)C(=O)[C@@H]2CCCN2C1=O,hexa_831,3345,-4.79,6,6,Circle,0.144295,0.0542875,-28.8313,8.439,7.34,1.099,0.182712,0.0531756,8.493,7.484,1.009,83,89,train,train,train,train,val,train,train,train,train,train
3344,2020_Townsend,CC(C)C[C@@H]1NC(=O)[C@@H]2CCCN2C(=O)[C@H](CC(C)C)NC(=O)[C@H](CC(C)C)N(C)C(=O)[C@@H](C)N(C)C(=O)[C@H](Cc2ccccc2)NC1=O,hexa_830,3344,-5.79,6,6,Circle,0.134837,0.0521871,-20.1775,8.309,7.213,1.096,0.140984,0.0452567,8.358,7.235,1.123,60,97,train,train,train,val,train,train,val,train,train,train
3343,2020_Townsend,CC(C)C[C@@H]1NC(=O)[C@@H](C)N(C)C(=O)[C@H](Cc2ccccc2)NC(=O)[C@H](CC(C)C)N(C)C(=O)[C@@H]2CCCN2C(=O)[C@H](CC(C)C)NC1=O,hexa_829,3343,-5.4,6,6,Circle,0.151932,0.0746774,-22.5604,8.318,7.244,1.074,0.123916,0.0327511,8.116,7.043,1.073,14,15,train,train,train,val,test,train,val,train,train,train
3342,2020_Townsend,CC(C)C[C@@H]1NC(=O)[C@@H]2CCCN2C(=O)[C@H](CC(C)C)NC(=O)[C@@H](CC(C)C)N(C)C(=O)[C@@H](C)N(C)C(=O)[C@H](Cc2ccccc2)NC1=O,hexa_828,3342,-5.16,6,6,Circle,0.153932,0.0479328,-20.6156,8.21,7.053,1.157,0.134184,0.0436539,8.305,7.092,1.213,64,42,train,train,train,train,train,train,train,train,test,train
3341,2020_Townsend,CC(C)C[C@@H]1NC(=O)[C@@H]2CCCN2C(=O)[C@@H](CC(C)C)N(C)C(=O)[C@H](CC(C)C)NC(=O)[C@@H](C)N(C)C(=O)[C@H](Cc2ccccc2)NC1=O,hexa_827,3341,-5.02,6,6,Circle,0.174917,0.0464688,-21.9094,8.4,7.224,1.176,0.156625,0.0397505,8.242,7.148,1.094,93,21,train,val,train,train,train,train,train,train,val,test
3340,2020_Townsend,CC(C)C[C@@H]1NC(=O)[C@H](CC(C)C)N(C)C(=O)[C@@H](C)N(C)C(=O)[C@H](Cc2ccccc2)NC(=O)[C@@H](CC(C)C)NC(=O)[C@@H]2CCCN2C1=O,hexa_826,3340,-5.13,6,6,Circle,0.143966,0.0506057,-21.5085,8.279,7.111,1.168,0.156626,0.0463546,8.37,7.223,1.147,43,29,val,train,train,train,train,val,train,train,train,train
3339,2020_Townsend,CC(C)C[C@@H]1NC(=O)[C@@H](C)N(C)C(=O)[C@H](Cc2ccccc2)NC(=O)[C@H](CC(C)C)N(C)C(=O)[C@@H]2CCCN2C(=O)[C@@H](CC(C)C)NC1=O,hexa_825,3339,-5.02,6,6,Circle,0.163973,0.0675385,-19.2894,8.307,7.272,1.035,0.141215,0.0385067,8.287,7.204,1.083,80,9,train,train,train,train,train,train,train,train,train,train
3338,2020_Townsend,CC(C)C[C@@H]1NC(=O)[C@@H](C)N(C)C(=O)[C@H](Cc2ccccc2)NC(=O)[C@@H](CC(C)C)N(C)C(=O)[C@@H]2CCCN2C(=O)[C@H](CC(C)C)NC1=O,hexa_824,3338,-5.37,6,6,Circle,0.134105,0.0478425,-18.2865,8.397,7.288,1.109,0.120231,0.0421154,8.492,7.376,1.116,37,51,train,train,train,train,test,train,val,train,train,train
3337,2020_Townsend,CC(C)C[C@@H]1NC(=O)[C@@H](CC(C)C)NC(=O)[C@@H](C)N(C)C(=O)[C@H](Cc2ccccc2)NC(=O)[C@H](CC(C)C)N(C)C(=O)[C@@H]2CCCN2C1=O,hexa_823,3337,-5.28,6,6,Circle,0.142584,0.0520153,-18.1042,8.105,7.043,1.062,0.114251,0.030436,8.239,7.153,1.086,74,87,train,test,train,test,train,train,train,train,train,test
3336,2020_Townsend,CC(C)C[C@@H]1NC(=O)[C@@H](C)N(C)C(=O)[C@H](Cc2ccccc2)NC(=O)[C@@H](CC(C)C)NC(=O)[C@@H]2CCCN2C(=O)[C@H](CC(C)C)N(C)C1=O,hexa_822,3336,-5.38,6,6,Circle,0.145003,0.0509479,-34.6474,8.487,7.262,1.225,0.133517,0.0538779,8.474,7.377,1.097,34,84,train,train,test,train,val,train,train,train,train,train
3335,2020_Townsend,CC(C)C[C@@H]1NC(=O)[C@@H](CC(C)C)N(C)C(=O)[C@@H](C)N(C)C(=O)[C@H](Cc2ccccc2)NC(=O)[C@@H](CC(C)C)NC(=O)[C@@H]2CCCN2C1=O,hexa_821,3335,-4.97,6,6,Circle,0.204273,0.0760261,-22.9172,8.435,7.248,1.187,0.126788,0.0413504,8.297,7.184,1.113,77,81,train,train,val,train,train,test,test,train,train,train
3334,2020_Townsend,CC(C)C[C@H]1C(=O)N2CCC[C@H]2C(=O)N[C@H](CC(C)C)C(=O)N[C@@H](Cc2ccccc2)C(=O)N(C)[C@H](C)C(=O)N[C@H](CC(C)C)C(=O)N1C,hexa_820,3334,-5.05,6,6,Circle,0.149569,0.0407333,-22.9708,8.308,7.256,1.052,0.192477,0.089762,8.19,7.139,1.051,36,100,test,train,train,train,train,train,train,train,train,train
3333,2020_Townsend,CC(C)C[C@@H]1NC(=O)[C@@H](CC(C)C)NC(=O)[C@@H](C)N(C)C(=O)[C@H](Cc2ccccc2)NC(=O)[C@@H](CC(C)C)N(C)C(=O)[C@@H]2CCCN2C1=O,hexa_819,3333,-5.16,6,6,Circle,0.147597,0.0531663,-19.8254,8.525,7.369,1.156,0.159185,0.0534586,8.238,7.149,1.089,93,63,test,val,train,train,val,train,train,train,train,train
3332,2020_Townsend,CC(C)C[C@@H]1NC(=O)[C@@H](C)N(C)C(=O)[C@H](Cc2ccccc2)NC(=O)[C@@H](CC(C)C)NC(=O)[C@@H]2CCCN2C(=O)[C@@H](CC(C)C)N(C)C1=O,hexa_818,3332,-5.14,6,6,Circle,0.158367,0.0466579,-24.3753,8.508,7.204,1.304,0.145689,0.0472624,8.281,7.185,1.096,65,49,train,train,val,train,train,train,val,test,train,train
3331,2020_Townsend,CC(C)C[C@@H]1NC(=O)[C@@H](C)N(C)C(=O)[C@H](Cc2ccccc2)NC(=O)[C@@H](CC(C)C)N(C)C(=O)[C@@H]2CCCN2C(=O)[C@@H](CC(C)C)NC1=O,hexa_817,3331,-5.19,6,6,Circle,0.12404,0.042937,-32.607,8.573,7.328,1.245,0.147572,0.051222,8.412,7.28,1.132,48,70,train,val,test,train,train,train,train,train,train,test
3330,2020_Townsend,CC(C)C[C@H]1C(=O)N[C@H](CC(C)C)C(=O)N2CCC[C@H]2C(=O)N[C@H](CC(C)C)C(=O)N[C@@H](Cc2ccccc2)C(=O)N(C)[C@H](C)C(=O)N1C,hexa_816,3330,-5.55,6,6,Circle,0.162624,0.051416,-28.3926,8.512,7.379,1.133,0.134264,0.038513,8.192,7.19,1.002,5,28,train,val,train,train,train,train,test,train,train,val
3329,2020_Townsend,CC(C)C[C@H]1NC(=O)[C@@H]2CCCN2C(=O)[C@@H](CC(C)C)N(C)C(=O)[C@@H](CC(C)C)NC(=O)[C@@H](C)N(C)C(=O)[C@H](Cc2ccccc2)NC1=O,hexa_815,3329,-4.94,6,6,Circle,0.128577,0.0375858,-23.4132,8.295,7.02,1.275,0.147947,0.0393288,8.152,7.092,1.06,97,39,val,train,train,train,train,train,train,train,train,train
3328,2020_Townsend,CC(C)C[C@H]1NC(=O)[C@@H]2CCCN2C(=O)[C@@H](CC(C)C)NC(=O)[C@@H](CC(C)C)N(C)C(=O)[C@@H](C)N(C)C(=O)[C@H](Cc2ccccc2)NC1=O,hexa_814,3328,-5.25,6,6,Circle,0.128431,0.0397747,-24.3813,8.367,7.159,1.208,0.160641,0.056394,8.437,7.099,1.338,63,70,train,train,val,val,train,train,train,val,train,train
3327,2020_Townsend,CC(C)C[C@H]1NC(=O)[C@@H](C)N(C)C(=O)[C@H](Cc2ccccc2)NC(=O)[C@@H](CC(C)C)N(C)C(=O)[C@@H]2CCCN2C(=O)[C@@H](CC(C)C)NC1=O,hexa_813,3327,-5.8,6,6,Circle,0.189867,0.0797419,-24.4916,8.508,7.198,1.31,0.154895,0.0435551,8.186,7.146,1.04,100,33,train,val,train,train,train,val,train,train,train,test
3326,2020_Townsend,CC(C)C[C@@H]1NC(=O)[C@@H]2CCCN2C(=O)[C@H](CC(C)C)NC(=O)[C@H](CC(C)C)NC(=O)[C@@H](C)N(C)C(=O)[C@H](Cc2ccccc2)NC1=O,hexa_812,3326,-6.26,6,6,Circle,0.122874,0.0325984,-24.4975,8.156,6.963,1.193,0.153729,0.0508799,8.292,7.029,1.263,84,7,train,train,test,train,test,test,test,test,train,test
3325,2020_Townsend,CC(C)C[C@@H]1NC(=O)[C@@H]2CCCN2C(=O)[C@@H](CC(C)C)NC(=O)[C@H](CC(C)C)NC(=O)[C@@H](C)N(C)C(=O)[C@H](Cc2ccccc2)NC1=O,hexa_811,3325,-5.08,6,6,Circle,0.169177,0.0730826,-23.9396,8.276,7.124,1.152,0.145525,0.0463266,8.125,7.027,1.098,11,11,train,val,train,train,train,train,train,train,train,train
3324,2020_Townsend,CC(C)C[C@@H]1NC(=O)[C@@H](C)N(C)C(=O)[C@H](Cc2ccccc2)NC(=O)[C@@H](CC(C)C)NC(=O)[C@@H]2CCCN2C(=O)[C@H](CC(C)C)NC1=O,hexa_810,3324,-6.36,6,6,Circle,0.142039,0.0329841,-28.8313,8.391,6.993,1.398,0.13152,0.0442025,8.345,7.098,1.247,97,48,val,train,train,train,train,train,val,train,train,train
3323,2020_Townsend,CC(C)C[C@@H]1NC(=O)[C@@H]2CCCN2C(=O)[C@H](CC(C)C)NC(=O)[C@@H](CC(C)C)NC(=O)[C@@H](C)N(C)C(=O)[C@H](Cc2ccccc2)NC1=O,hexa_809,3323,-10.0,6,6,Circle,0.133522,0.0394472,-22.5181,8.15,6.91,1.24,0.139787,0.0617988,8.275,6.95,1.325,33,28,train,train,train,train,val,train,train,train,train,train
3322,2020_Townsend,CC(C)C[C@@H]1NC(=O)[C@@H](CC(C)C)NC(=O)[C@@H](C)N(C)C(=O)[C@H](Cc2ccccc2)NC(=O)[C@@H](CC(C)C)NC(=O)[C@@H]2CCCN2C1=O,hexa_808,3322,-5.49,6,6,Circle,0.143399,0.0439389,-21.8377,8.234,7.016,1.218,0.1355,0.0428471,8.277,7.078,1.199,28,78,train,val,train,train,train,train,train,train,train,train
3321,2020_Townsend,CC(C)C[C@@H]1NC(=O)[C@@H](C)N(C)C(=O)[C@H](Cc2ccccc2)NC(=O)[C@@H](CC(C)C)NC(=O)[C@@H]2CCCN2C(=O)[C@@H](CC(C)C)NC1=O,hexa_807,3321,-6.12,6,6,Circle,0.151266,0.0487918,-34.4926,8.468,7.182,1.286,0.152559,0.0422666,7.957,7.035,0.922,12,19,train,test,train,train,train,train,train,train,train,train
3320,2020_Townsend,CC(C)C[C@@H]1NC(=O)[C@@H]2CCCN2C(=O)[C@@H](CC(C)C)NC(=O)[C@@H](CC(C)C)NC(=O)[C@@H](C)N(C)C(=O)[C@H](Cc2ccccc2)NC1=O,hexa_806,3320,-5.4,6,6,Circle,0.179243,0.084808,-22.2933,8.232,7.118,1.114,0.180567,0.0699944,7.895,6.84,1.055,79,88,train,train,train,train,train,train,train,train,val,train
3319,2020_Townsend,CC(C)C[C@H]1NC(=O)[C@@H]2CCCN2C(=O)[C@@H](CC(C)C)NC(=O)[C@@H](CC(C)C)NC(=O)[C@@H](C)N(C)C(=O)[C@H](Cc2ccccc2)NC1=O,hexa_805,3319,-10.0,6,6,Circle,0.181458,0.0818994,-23.8115,8.216,7.057,1.159,0.170338,0.063565,8.06,6.992,1.068,76,30,train,train,train,train,train,test,train,train,train,train
3318,2020_Townsend,C[C@H]1C(=O)N(Cc2ccccc2)CC(=O)N(Cc2ccccc2)CC(=O)N2CCC[C@H]2C(=O)N(Cc2ccccc2)CC(=O)N[C@@H](Cc2ccccc2)C(=O)N1C,hexa_804,3318,-5.71,6,6,Circle,0.175018,0.0339164,-32.8542,8.763,7.63,1.133,0.167176,0.055013,8.317,7.095,1.222,55,51,train,train,test,train,train,test,train,train,val,train
3315,2020_Townsend,CC(C)C[C@H]1C(=O)N(Cc2ccccc2)CC(=O)N2CCC[C@H]2C(=O)N(Cc2ccccc2)CC(=O)N[C@@H](Cc2ccccc2)C(=O)N(C)[C@@H](C)C(=O)N1C,hexa_801,3315,-5.14,6,6,Circle,0.163314,0.0353802,-25.274,8.496,7.342,1.154,0.174442,0.0358971,8.667,7.525,1.142,70,43,val,train,val,train,train,train,train,train,train,train
3311,2020_Townsend,CC(C)C[C@@H]1C(=O)N(Cc2ccccc2)CC(=O)N2CCC[C@H]2C(=O)N(Cc2ccccc2)CC(=O)N[C@@H](Cc2ccccc2)C(=O)N(C)[C@@H](C)C(=O)N1C,hexa_797,3311,-5.03,6,6,Circle,0.163151,0.0342078,-28.3309,8.458,7.319,1.139,0.165946,0.0367303,8.351,7.342,1.009,21,54,val,train,train,train,val,train,train,train,train,test
3305,2020_Townsend,CC(C)C[C@@H]1NC(=O)[C@H](C)N(C)C(=O)[C@H](Cc2ccccc2)NC(=O)CN(Cc2ccccc2)C(=O)[C@@H]2CCCN2C(=O)CN(Cc2ccccc2)C1=O,hexa_791,3305,-5.48,6,6,Circle,0.199604,0.0673176,-26.194,8.479,7.448,1.031,0.149546,0.0402211,8.399,7.265,1.134,77,45,train,val,train,val,test,train,train,train,train,train
3304,2020_Townsend,CC(C)C[C@H]1C(=O)N(Cc2ccccc2)CC(=O)N2CCC[C@H]2C(=O)N(C)[C@@H](CC(C)C)C(=O)N[C@@H](Cc2ccccc2)C(=O)N(C)[C@@H](C)C(=O)N1C,hexa_790,3304,-4.81,6,6,Circle,0.183881,0.0505871,-20.5181,8.451,7.372,1.079,0.140298,0.0487524,8.124,7.113,1.011,55,62,val,val,train,train,test,train,train,train,train,train
3303,2020_Townsend,CC(C)C[C@H]1C(=O)N(C)[C@@H](CC(C)C)C(=O)N2CCC[C@H]2C(=O)N(Cc2ccccc2)CC(=O)N[C@@H](Cc2ccccc2)C(=O)N(C)[C@@H](C)C(=O)N1C,hexa_789,3303,-5.75,6,6,Circle,0.171238,0.0389496,-24.2243,8.444,7.387,1.057,0.130993,0.0363419,8.197,7.335,0.862,72,59,train,train,train,train,train,train,train,test,train,train
3302,2020_Townsend,CC(C)C[C@H]1NC(=O)[C@H](C)N(C)C(=O)[C@H](Cc2ccccc2)NC(=O)CN(Cc2ccccc2)C(=O)[C@@H]2CCCN2C(=O)CN(Cc2ccccc2)C1=O,hexa_788,3302,-5.48,6,6,Circle,0.158515,0.0396888,-34.7467,8.376,7.115,1.261,0.224803,0.0856173,8.487,7.387,1.1,19,96,test,train,train,test,train,train,train,train,train,train
3301,2020_Townsend,CC(C)C[C@H]1C(=O)N2CCC[C@H]2C(=O)N(Cc2ccccc2)CC(=O)N[C@@H](Cc2ccccc2)C(=O)N(C)[C@@H](C)C(=O)N(C)[C@H](CC(C)C)C(=O)N1C,hexa_787,3301,-4.76,6,6,Circle,0.171863,0.0344856,-23.3766,8.573,7.402,1.171,0.136355,0.0368762,8.339,7.453,0.886,10,66,test,train,train,val,train,train,train,train,train,train
3300,2020_Townsend,CC(C)C[C@H]1C(=O)N(C)[C@H](CC(C)C)C(=O)N2CCC[C@H]2C(=O)N(Cc2ccccc2)CC(=O)N[C@@H](Cc2ccccc2)C(=O)N(C)[C@@H](C)C(=O)N1C,hexa_786,3300,-4.82,6,6,Circle,0.169885,0.0308309,-20.668,8.479,7.397,1.082,0.16324,0.0545521,8.558,7.567,0.991,8,43,train,train,val,train,train,train,test,train,train,test
3299,2020_Townsend,CC(C)C[C@H]1C(=O)N[C@@H](Cc2ccccc2)C(=O)N(C)[C@@H](C)C(=O)N(C)[C@H](CC(C)C)C(=O)N(Cc2ccccc2)CC(=O)N2CCC[C@H]2C(=O)N1C,hexa_785,3299,-4.0,6,6,Circle,0.159925,0.0472681,-20.7061,8.564,7.549,1.015,0.163687,0.0580256,8.455,7.599,0.856,40,72,train,train,test,train,train,train,train,val,train,test
3295,2020_Townsend,CC(C)C[C@@H]1C(=O)N(Cc2ccccc2)CC(=O)N2CCC[C@H]2C(=O)N(C)[C@H](CC(C)C)C(=O)N[C@@H](Cc2ccccc2)C(=O)N(C)[C@@H](C)C(=O)N1C,hexa_781,3295,-4.67,6,6,Circle,0.148936,0.0480636,-29.1985,8.537,7.399,1.138,0.154784,0.0402616,8.45,7.393,1.057,66,60,val,train,train,test,test,train,train,train,train,train
3294,2020_Townsend,CC(C)C[C@@H]1C(=O)N(C)[C@H](CC(C)C)C(=O)N2CCC[C@H]2C(=O)N(Cc2ccccc2)CC(=O)N[C@@H](Cc2ccccc2)C(=O)N(C)[C@@H](C)C(=O)N1C,hexa_780,3294,-4.67,6,6,Circle,0.163479,0.0329172,-23.1996,8.555,7.499,1.056,0.143226,0.0342033,8.412,7.67,0.742,3,18,train,train,train,train,test,train,train,train,train,train
3291,2020_Townsend,CC(C)C[C@@H]1NC(=O)[C@H](CC(C)C)N(C)C(=O)[C@H](C)N(C)C(=O)[C@H](Cc2ccccc2)NC(=O)CN(Cc2ccccc2)C(=O)[C@@H]2CCCN2C1=O,hexa_777,3291,-4.77,6,6,Circle,0.13999,0.0497036,-31.3582,8.469,7.27,1.199,0.143472,0.0392734,8.391,7.168,1.223,76,58,train,train,train,train,train,val,train,test,train,train
3290,2020_Townsend,CC(C)C[C@@H]1NC(=O)[C@H](C)N(C)C(=O)[C@H](Cc2ccccc2)NC(=O)[C@H](CC(C)C)N(C)C(=O)[C@@H]2CCCN2C(=O)CN(Cc2ccccc2)C1=O,hexa_776,3290,-5.15,6,6,Circle,0.198661,0.0650495,-27.4956,8.652,7.514,1.138,0.17873,0.0649068,8.454,7.424,1.03,45,6,test,train,train,val,train,train,train,train,train,train
3288,2020_Townsend,CC(C)C[C@H]1C(=O)N2CCC[C@H]2C(=O)N(Cc2ccccc2)CC(=O)N[C@@H](Cc2ccccc2)C(=O)N(C)[C@@H](C)C(=O)N[C@H](CC(C)C)C(=O)N1C,hexa_774,3288,-4.98,6,6,Circle,0.177731,0.0512208,-31.7937,8.393,7.146,1.247,0.178307,0.0382267,8.236,7.204,1.032,82,77,val,train,test,train,val,train,train,train,test,train
3287,2020_Townsend,CC(C)C[C@@H]1NC(=O)[C@@H](CC(C)C)N(C)C(=O)[C@H](C)N(C)C(=O)[C@H](Cc2ccccc2)NC(=O)CN(Cc2ccccc2)C(=O)[C@@H]2CCCN2C1=O,hexa_773,3287,-4.94,6,6,Circle,0.146,0.0429327,-39.8602,8.482,7.196,1.286,0.136581,0.0354033,8.516,7.258,1.258,95,36,train,test,train,train,test,train,train,train,val,train
3286,2020_Townsend,CC(C)C[C@@H]1NC(=O)[C@H](C)N(C)C(=O)[C@H](Cc2ccccc2)NC(=O)[C@@H](CC(C)C)N(C)C(=O)[C@@H]2CCCN2C(=O)CN(Cc2ccccc2)C1=O,hexa_772,3286,-4.99,6,6,Circle,0.194422,0.0599438,-30.9218,8.633,7.43,1.203,0.111687,0.0404011,8.291,7.163,1.128,8,30,train,val,train,train,train,train,train,train,test,test
3285,2020_Townsend,CC(C)C[C@H]1C(=O)N[C@H](CC(C)C)C(=O)N2CCC[C@H]2C(=O)N(Cc2ccccc2)CC(=O)N[C@@H](Cc2ccccc2)C(=O)N(C)[C@@H](C)C(=O)N1C,hexa_771,3285,-4.9,6,6,Circle,0.174373,0.0431794,-27.238,8.421,7.309,1.112,0.158565,0.0747234,8.428,7.486,0.942,2,41,test,train,train,train,train,val,train,train,val,train
3284,2020_Townsend,CC(C)C[C@@H]1NC(=O)[C@H](C)N(C)C(=O)[C@H](Cc2ccccc2)NC(=O)CN(Cc2ccccc2)C(=O)[C@@H]2CCCN2C(=O)[C@@H](CC(C)C)N(C)C1=O,hexa_770,3284,-4.88,6,6,Circle,0.17332,0.0503853,-32.9042,8.507,7.413,1.094,0.183697,0.0525224,8.618,7.496,1.122,66,40,train,train,test,train,train,test,train,val,train,train
3283,2020_Townsend,CC(C)C[C@H]1C(=O)N(Cc2ccccc2)CC(=O)N2CCC[C@H]2C(=O)N[C@H](CC(C)C)C(=O)N[C@@H](Cc2ccccc2)C(=O)N(C)[C@@H](C)C(=O)N1C,hexa_769,3283,-5.27,6,6,Circle,0.228477,0.0861416,-27.9571,8.42,7.292,1.128,0.135738,0.0347317,8.028,6.948,1.08,71,9,train,train,train,train,val,train,train,test,train,train
3282,2020_Townsend,CC(C)C[C@@H]1NC(=O)[C@@H]2CCCN2C(=O)CN(Cc2ccccc2)C(=O)[C@@H](CC(C)C)N(C)C(=O)[C@H](C)N(C)C(=O)[C@H](Cc2ccccc2)NC1=O,hexa_768,3282,-10.0,6,6,Circle,0.198122,0.0638909,-22.6211,8.102,7.134,0.968,0.151319,0.033578,8.342,7.517,0.825,39,59,val,train,train,train,train,val,train,test,val,train
3279,2020_Townsend,CC(C)C[C@H]1C(=O)N(C)[C@H](CC(C)C)C(=O)N2CCC[C@H]2C(=O)N(C)[C@@H](CC(C)C)C(=O)N[C@@H](Cc2ccccc2)C(=O)N(C)[C@@H](C)C(=O)N1C,hexa_765,3279,-4.72,6,6,Circle,0.192918,0.073539,-13.9742,8.446,7.469,0.977,0.141862,0.0457385,8.278,7.297,0.981,63,33,train,train,train,train,train,train,train,test,test,train
3278,2020_Townsend,CC(C)C[C@H]1C(=O)N[C@@H](Cc2ccccc2)C(=O)N(C)[C@@H](C)C(=O)N(C)[C@H](CC(C)C)C(=O)N(C)[C@@H](CC(C)C)C(=O)N2CCC[C@H]2C(=O)N1C,hexa_764,3278,-4.0,6,6,Circle,0.147672,0.0356787,-15.8845,8.342,7.504,0.838,0.136123,0.034222,8.65,7.571,1.079,28,66,train,train,train,train,train,train,train,train,train,train
3277,2020_Townsend,CC(C)C[C@H]1C(=O)N(C)[C@@H](CC(C)C)C(=O)N2CCC[C@H]2C(=O)N(C)[C@H](CC(C)C)C(=O)N[C@@H](Cc2ccccc2)C(=O)N(C)[C@@H](C)C(=O)N1C,hexa_763,3277,-4.84,6,6,Circle,0.151936,0.0508789,-27.471,8.763,7.85,0.913,0.186248,0.0529854,8.454,7.606,0.848,14,59,train,train,train,train,train,train,train,test,train,train
3276,2020_Townsend,CC(C)C[C@H]1NC(=O)[C@H](C)N(C)C(=O)[C@H](Cc2ccccc2)NC(=O)[C@@H](CC(C)C)N(C)C(=O)[C@@H]2CCCN2C(=O)CN(Cc2ccccc2)C1=O,hexa_762,3276,-5.17,6,6,Circle,0.181958,0.0648018,-26.736,8.521,7.276,1.245,0.201049,0.0634208,8.569,7.395,1.174,32,32,train,val,train,train,train,train,train,val,train,val
3275,2020_Townsend,CC(C)C[C@H]1NC(=O)[C@@H](CC(C)C)N(C)C(=O)[C@H](C)N(C)C(=O)[C@H](Cc2ccccc2)NC(=O)CN(Cc2ccccc2)C(=O)[C@@H]2CCCN2C1=O,hexa_761,3275,-5.16,6,6,Circle,0.167454,0.037044,-28.4777,8.452,7.251,1.201,0.179693,0.0418573,8.682,7.509,1.173,97,33,train,val,train,test,train,val,train,train,train,val
3274,2020_Townsend,CC(C)C[C@H]1NC(=O)[C@@H]2CCCN2C(=O)CN(Cc2ccccc2)C(=O)[C@@H](CC(C)C)N(C)C(=O)[C@H](C)N(C)C(=O)[C@H](Cc2ccccc2)NC1=O,hexa_760,3274,-5.84,6,6,Circle,0.165125,0.0490697,-26.5676,8.462,7.373,1.089,0.165686,0.0661201,8.135,7.247,0.888,76,61,train,train,test,train,train,test,val,train,val,train
3273,2020_Townsend,CC(C)C[C@H]1C(=O)N(C)[C@H](CC(C)C)C(=O)N2CCC[C@H]2C(=O)N(C)[C@H](CC(C)C)C(=O)N[C@@H](Cc2ccccc2)C(=O)N(C)[C@@H](C)C(=O)N1C,hexa_759,3273,-4.0,6,6,Circle,0.176943,0.0656168,-19.4647,8.634,7.607,1.027,0.186331,0.0644979,8.592,7.614,0.978,5,67,train,val,train,train,train,train,train,train,train,train
3272,2020_Townsend,CC(C)C[C@H]1C(=O)N2CCC[C@H]2C(=O)N(C)[C@H](CC(C)C)C(=O)N[C@@H](Cc2ccccc2)C(=O)N(C)[C@@H](C)C(=O)N(C)[C@H](CC(C)C)C(=O)N1C,hexa_758,3272,-4.0,6,6,Circle,0.142542,0.0386346,-16.4109,8.551,7.5,1.051,0.141119,0.036705,8.661,7.653,1.008,51,3,train,train,train,train,test,train,train,test,train,train
3271,2020_Townsend,CC(C)C[C@H]1C(=O)N[C@@H](Cc2ccccc2)C(=O)N(C)[C@@H](C)C(=O)N(C)[C@H](CC(C)C)C(=O)N(C)[C@H](CC(C)C)C(=O)N2CCC[C@H]2C(=O)N1C,hexa_757,3271,-4.4,6,6,Circle,0.13083,0.0340414,-18.7879,8.545,7.485,1.06,0.176972,0.0642703,8.456,7.618,0.838,66,25,train,train,test,train,train,train,train,train,train,train
3270,2020_Townsend,CC(C)C[C@@H]1C(=O)N(C)[C@H](CC(C)C)C(=O)N2CCC[C@H]2C(=O)N(C)[C@H](CC(C)C)C(=O)N[C@@H](Cc2ccccc2)C(=O)N(C)[C@@H](C)C(=O)N1C,hexa_756,3270,-4.0,6,6,Circle,0.141723,0.0437051,-14.5797,8.594,7.579,1.015,0.145566,0.0368597,8.621,7.581,1.04,3,93,train,val,train,train,train,train,train,train,train,train
3269,2020_Townsend,CC(C)C[C@@H]1NC(=O)[C@@H]2CCCN2C(=O)CN(Cc2ccccc2)C(=O)[C@H](CC(C)C)NC(=O)[C@H](C)N(C)C(=O)[C@H](Cc2ccccc2)NC1=O,hexa_755,3269,-5.36,6,6,Circle,0.175054,0.0665365,-24.7816,8.046,6.876,1.17,0.167609,0.0576088,7.979,6.809,1.17,50,58,val,val,train,train,train,train,train,train,test,train
3268,2020_Townsend,CC(C)C[C@@H]1NC(=O)[C@@H]2CCCN2C(=O)[C@H](CC(C)C)NC(=O)CN(Cc2ccccc2)C(=O)[C@H](C)N(C)C(=O)[C@H](Cc2ccccc2)NC1=O,hexa_754,3268,-5.88,6,6,Circle,0.174795,0.0717793,-28.1165,8.229,7.047,1.182,0.154173,0.0333974,8.218,7.139,1.079,63,4,train,train,train,test,train,train,test,train,train,train
3267,2020_Townsend,CC(C)C[C@@H]1NC(=O)[C@H](C)N(C)C(=O)[C@H](Cc2ccccc2)NC(=O)CN(Cc2ccccc2)C(=O)[C@@H]2CCCN2C(=O)[C@H](CC(C)C)NC1=O,hexa_753,3267,-10.0,6,6,Circle,0.140288,0.0515664,-35.4978,8.349,7.028,1.321,0.166811,0.0479166,8.346,7.214,1.132,80,81,train,train,train,train,train,train,train,train,test,train
3266,2020_Townsend,CC(C)C[C@@H]1NC(=O)[C@H](CC(C)C)N(C)C(=O)[C@H](C)N(C)C(=O)[C@H](Cc2ccccc2)NC(=O)[C@H](CC(C)C)N(C)C(=O)[C@@H]2CCCN2C1=O,hexa_752,3266,-4.0,6,6,Circle,0.129058,0.0361122,-15.0526,8.402,7.445,0.957,0.150671,0.0434773,8.426,7.53,0.896,29,47,train,test,train,train,train,train,train,train,train,train
3265,2020_Townsend,CC(C)C[C@@H]1NC(=O)[C@@H](CC(C)C)NC(=O)[C@H](C)N(C)C(=O)[C@H](Cc2ccccc2)NC(=O)CN(Cc2ccccc2)C(=O)[C@@H]2CCCN2C1=O,hexa_751,3265,-5.35,6,6,Circle,0.140402,0.0532166,-34.1061,8.444,7.075,1.369,0.147708,0.0474464,8.463,7.175,1.288,71,90,train,train,train,test,train,train,train,train,test,train
3264,2020_Townsend,CC(C)C[C@@H]1NC(=O)[C@H](C)N(C)C(=O)[C@H](Cc2ccccc2)NC(=O)CN(Cc2ccccc2)C(=O)[C@@H]2CCCN2C(=O)[C@@H](CC(C)C)NC1=O,hexa_750,3264,-5.73,6,6,Circle,0.169943,0.0470989,-38.9871,8.49,7.207,1.283,0.171737,0.0403138,8.543,7.283,1.26,25,100,train,train,train,val,train,train,train,train,train,val
3263,2020_Townsend,CC(C)C[C@@H]1NC(=O)[C@H](C)N(C)C(=O)[C@H](Cc2ccccc2)NC(=O)[C@@H](CC(C)C)NC(=O)[C@@H]2CCCN2C(=O)CN(Cc2ccccc2)C1=O,hexa_749,3263,-5.83,6,6,Circle,0.186826,0.0525958,-37.0266,8.563,7.334,1.229,0.139515,0.0395489,8.082,6.954,1.128,75,97,train,train,train,train,train,train,test,train,val,train
3262,2020_Townsend,CC(C)C[C@@H]1NC(=O)[C@@H]2CCCN2C(=O)CN(Cc2ccccc2)C(=O)[C@@H](CC(C)C)NC(=O)[C@H](C)N(C)C(=O)[C@H](Cc2ccccc2)NC1=O,hexa_748,3262,-5.44,6,6,Circle,0.170771,0.0446951,-25.6333,8.258,7.045,1.213,0.141639,0.0395207,8.312,7.241,1.071,50,71,train,val,train,train,train,val,train,train,train,train
3261,2020_Townsend,CC(C)C[C@H]1C(=O)N[C@H](CC(C)C)C(=O)N2CCC[C@H]2C(=O)N(C)[C@@H](CC(C)C)C(=O)N[C@@H](Cc2ccccc2)C(=O)N(C)[C@@H](C)C(=O)N1C,hexa_747,3261,-4.69,6,6,Circle,0.157194,0.0503221,-17.4198,8.487,7.371,1.116,0.160072,0.0502794,8.435,7.413,1.022,40,59,train,train,train,train,train,train,train,val,train,train
3260,2020_Townsend,CC(C)C[C@@H]1NC(=O)[C@H](C)N(C)C(=O)[C@H](Cc2ccccc2)NC(=O)[C@H](CC(C)C)N(C)C(=O)[C@@H]2CCCN2C(=O)[C@@H](CC(C)C)N(C)C1=O,hexa_746,3260,-4.67,6,6,Circle,0.140903,0.0436851,-29.291,8.418,7.247,1.171,0.199625,0.0720756,8.386,7.353,1.033,47,94,train,train,test,train,train,train,train,train,train,train
3259,2020_Townsend,CC(C)C[C@@H]1NC(=O)[C@@H](CC(C)C)N(C)C(=O)[C@H](C)N(C)C(=O)[C@H](Cc2ccccc2)NC(=O)[C@H](CC(C)C)N(C)C(=O)[C@@H]2CCCN2C1=O,hexa_745,3259,-4.0,6,6,Circle,0.113698,0.0376573,-26.8531,8.536,7.299,1.237,0.13349,0.0363877,8.495,7.329,1.166,94,95,val,train,train,val,train,train,train,train,train,train
3258,2020_Townsend,CC(C)C[C@H]1C(=O)N[C@@H](Cc2ccccc2)C(=O)N(C)[C@@H](C)C(=O)N[C@H](CC(C)C)C(=O)N(C)[C@@H](CC(C)C)C(=O)N2CCC[C@H]2C(=O)N1C,hexa_744,3258,-4.5,6,6,Circle,0.113105,0.0363031,-18.3044,8.446,7.421,1.025,0.110092,0.0342946,8.258,7.377,0.881,100,3,train,train,train,train,train,val,train,train,train,train
3257,2020_Townsend,CC(C)C[C@H]1C(=O)N(C)[C@@H](CC(C)C)C(=O)N2CCC[C@H]2C(=O)N[C@H](CC(C)C)C(=O)N[C@@H](Cc2ccccc2)C(=O)N(C)[C@@H](C)C(=O)N1C,hexa_743,3257,-5.08,6,6,Circle,0.130103,0.0437046,-32.2481,8.662,7.622,1.04,0.128474,0.0383052,8.735,7.627,1.108,46,38,val,train,train,train,train,train,train,train,train,train
3256,2020_Townsend,CC(C)C[C@H]1NC(=O)[C@H](C)N(C)C(=O)[C@H](Cc2ccccc2)NC(=O)CN(Cc2ccccc2)C(=O)[C@@H]2CCCN2C(=O)[C@@H](CC(C)C)NC1=O,hexa_742,3256,-5.11,6,6,Circle,0.155893,0.0429557,-35.5919,8.448,7.132,1.316,0.193776,0.0559896,8.696,7.488,1.208,6,69,train,test,train,train,train,test,train,val,train,train
3255,2020_Townsend,CC(C)C[C@H]1NC(=O)[C@@H]2CCCN2C(=O)[C@@H](CC(C)C)NC(=O)CN(Cc2ccccc2)C(=O)[C@H](C)N(C)C(=O)[C@H](Cc2ccccc2)NC1=O,hexa_741,3255,-5.0,6,6,Circle,0.173625,0.054579,-32.3392,8.488,7.258,1.23,0.141006,0.0412446,7.77,6.648,1.122,93,43,train,train,train,train,train,val,train,train,test,train
3254,2020_Townsend,CC(C)C[C@@H]1NC(=O)[C@H](C)N(C)C(=O)[C@H](Cc2ccccc2)NC(=O)[C@@H](CC(C)C)N(C)C(=O)[C@@H]2CCCN2C(=O)[C@@H](CC(C)C)N(C)C1=O,hexa_740,3254,-4.0,6,6,Circle,0.14705,0.0511529,-28.8241,8.448,7.223,1.225,0.152042,0.0442633,8.428,7.342,1.086,64,76,train,train,train,train,train,train,val,train,train,train
3253,2020_Townsend,CC(C)C[C@@H]1NC(=O)[C@@H](CC(C)C)N(C)C(=O)[C@H](C)N(C)C(=O)[C@H](Cc2ccccc2)NC(=O)[C@@H](CC(C)C)N(C)C(=O)[C@@H]2CCCN2C1=O,hexa_739,3253,-4.0,6,6,Circle,0.147656,0.0412406,-17.4143,8.671,7.541,1.13,0.151982,0.0393595,8.621,7.499,1.122,72,12,train,test,train,train,train,train,train,test,train,val
3252,2020_Townsend,CC(C)C[C@H]1C(=O)N[C@@H](Cc2ccccc2)C(=O)N(C)[C@@H](C)C(=O)N[C@H](CC(C)C)C(=O)N(C)[C@H](CC(C)C)C(=O)N2CCC[C@H]2C(=O)N1C,hexa_738,3252,-4.0,6,6,Circle,0.184311,0.0621546,-16.6872,8.449,7.363,1.086,0.122982,0.0413353,8.313,7.312,1.001,65,94,train,train,train,train,train,train,train,train,train,train
3251,2020_Townsend,CC(C)C[C@H]1C(=O)N2CCC[C@H]2C(=O)N(C)[C@H](CC(C)C)C(=O)N[C@@H](Cc2ccccc2)C(=O)N(C)[C@@H](C)C(=O)N[C@H](CC(C)C)C(=O)N1C,hexa_737,3251,-4.98,6,6,Circle,0.180061,0.0668554,-22.4486,8.527,7.49,1.037,0.134109,0.0377301,8.467,7.479,0.988,73,13,train,val,val,train,train,val,train,train,train,train
3250,2020_Townsend,CC(C)C[C@@H]1NC(=O)[C@@H]2CCCN2C(=O)[C@@H](CC(C)C)N(C)C(=O)[C@@H](CC(C)C)N(C)C(=O)[C@H](C)N(C)C(=O)[C@H](Cc2ccccc2)NC1=O,hexa_736,3250,-4.62,6,6,Circle,0.155772,0.0451434,-28.6001,8.324,7.225,1.099,0.136046,0.0333819,8.264,7.423,0.841,87,93,val,train,train,test,train,train,train,train,train,train
3249,2020_Townsend,CC(C)C[C@H]1C(=O)N[C@H](CC(C)C)C(=O)N2CCC[C@H]2C(=O)N(C)[C@H](CC(C)C)C(=O)N[C@@H](Cc2ccccc2)C(=O)N(C)[C@@H](C)C(=O)N1C,hexa_735,3249,-4.72,6,6,Circle,0.156909,0.0500683,-18.6989,8.53,7.402,1.128,0.140264,0.0341754,8.436,7.348,1.088,22,23,train,train,train,train,train,test,train,train,test,train
3248,2020_Townsend,CC(C)C[C@H]1C(=O)N[C@@H](Cc2ccccc2)C(=O)N(C)[C@@H](C)C(=O)N(C)[C@H](CC(C)C)C(=O)N[C@H](CC(C)C)C(=O)N2CCC[C@H]2C(=O)N1C,hexa_734,3248,-4.74,6,6,Circle,0.162136,0.0589113,-19.5156,8.478,7.28,1.198,0.158636,0.0482987,8.485,7.275,1.21,65,43,train,train,test,train,train,train,train,test,train,test
3247,2020_Townsend,CC(C)C[C@H]1C(=O)N2CCC[C@H]2C(=O)N[C@H](CC(C)C)C(=O)N[C@@H](Cc2ccccc2)C(=O)N(C)[C@@H](C)C(=O)N(C)[C@H](CC(C)C)C(=O)N1C,hexa_733,3247,-6.07,6,6,Circle,0.127853,0.0417514,-21.7041,8.334,7.39,0.944,0.122347,0.0374056,8.229,7.305,0.924,66,61,train,train,test,train,train,train,train,train,train,train
3246,2020_Townsend,CC(C)C[C@H]1NC(=O)[C@@H]2CCCN2C(=O)[C@@H](CC(C)C)N(C)C(=O)[C@@H](CC(C)C)N(C)C(=O)[C@H](C)N(C)C(=O)[C@H](Cc2ccccc2)NC1=O,hexa_732,3246,-4.85,6,6,Circle,0.138357,0.0437104,-27.5792,8.413,7.31,1.103,0.139528,0.0293367,8.066,7.045,1.021,66,33,train,train,train,train,val,val,train,train,train,train
3245,2020_Townsend,CC(C)C[C@H]1NC(=O)[C@H](C)N(C)C(=O)[C@H](Cc2ccccc2)NC(=O)[C@@H](CC(C)C)N(C)C(=O)[C@@H]2CCCN2C(=O)[C@@H](CC(C)C)N(C)C1=O,hexa_731,3245,-4.86,6,6,Circle,0.147295,0.0450599,-23.7808,8.721,7.529,1.192,0.161537,0.039779,8.606,7.546,1.06,4,15,train,train,train,train,train,val,train,test,train,train
3244,2020_Townsend,CC(C)C[C@H]1NC(=O)[C@@H](CC(C)C)N(C)C(=O)[C@H](C)N(C)C(=O)[C@H](Cc2ccccc2)NC(=O)[C@@H](CC(C)C)N(C)C(=O)[C@@H]2CCCN2C1=O,hexa_730,3244,-4.79,6,6,Circle,0.163438,0.0584656,-21.5737,8.652,7.432,1.22,0.155251,0.0424594,8.538,7.35,1.188,34,91,train,val,train,train,train,test,train,train,train,val
3243,2020_Townsend,CC(C)C[C@@H]1NC(=O)[C@@H]2CCCN2C(=O)[C@H](CC(C)C)NC(=O)[C@H](CC(C)C)N(C)C(=O)[C@H](C)N(C)C(=O)[C@H](Cc2ccccc2)NC1=O,hexa_729,3243,-5.97,6,6,Circle,0.137828,0.0429903,-19.1456,8.365,7.334,1.031,0.144467,0.041404,8.226,7.227,0.999,85,91,train,train,train,train,test,train,train,train,train,train
3242,2020_Townsend,CC(C)C[C@@H]1NC(=O)[C@H](C)N(C)C(=O)[C@H](Cc2ccccc2)NC(=O)[C@H](CC(C)C)N(C)C(=O)[C@@H]2CCCN2C(=O)[C@H](CC(C)C)NC1=O,hexa_728,3242,-5.86,6,6,Circle,0.130679,0.0467699,-19.4139,8.349,7.287,1.062,0.149559,0.0437712,8.326,7.326,1.0,84,93,test,train,train,val,train,train,train,train,train,val
3241,2020_Townsend,CC(C)C[C@@H]1NC(=O)[C@@H]2CCCN2C(=O)[C@@H](CC(C)C)N(C)C(=O)[C@H](CC(C)C)NC(=O)[C@H](C)N(C)C(=O)[C@H](Cc2ccccc2)NC1=O,hexa_727,3241,-4.94,6,6,Circle,0.184515,0.0859555,-26.9216,8.155,7.017,1.138,0.149298,0.0343225,7.952,6.897,1.055,89,27,train,train,train,train,train,test,train,train,train,train
3240,2020_Townsend,CC(C)C[C@@H]1NC(=O)[C@H](C)N(C)C(=O)[C@H](Cc2ccccc2)NC(=O)[C@@H](CC(C)C)N(C)C(=O)[C@@H]2CCCN2C(=O)[C@H](CC(C)C)NC1=O,hexa_726,3240,-5.11,6,6,Circle,0.131097,0.0399199,-20.2998,8.428,7.35,1.078,0.150748,0.0361829,8.355,7.357,0.998,59,16,test,test,val,train,train,train,test,train,train,train
3239,2020_Townsend,CC(C)C[C@@H]1NC(=O)[C@H](C)N(C)C(=O)[C@H](Cc2ccccc2)NC(=O)[C@H](CC(C)C)N(C)C(=O)[C@@H]2CCCN2C(=O)[C@@H](CC(C)C)NC1=O,hexa_725,3239,-5.0,6,6,Circle,0.152244,0.0395931,-34.1586,8.453,7.154,1.299,0.117181,0.0374371,8.3,7.194,1.106,5,36,train,val,test,train,train,test,train,val,test,train
3238,2020_Townsend,CC(C)C[C@@H]1NC(=O)[C@@H](CC(C)C)NC(=O)[C@H](C)N(C)C(=O)[C@H](Cc2ccccc2)NC(=O)[C@H](CC(C)C)N(C)C(=O)[C@@H]2CCCN2C1=O,hexa_724,3238,-5.09,6,6,Circle,0.160701,0.051465,-15.9453,8.321,7.292,1.029,0.106808,0.0341609,8.252,7.242,1.01,31,71,train,train,train,train,train,train,train,train,train,val
3237,2020_Townsend,CC(C)C[C@@H]1NC(=O)[C@@H]2CCCN2C(=O)[C@H](CC(C)C)NC(=O)[C@@H](CC(C)C)N(C)C(=O)[C@H](C)N(C)C(=O)[C@H](Cc2ccccc2)NC1=O,hexa_723,3237,-5.76,6,6,Circle,0.146878,0.0397615,-24.047,8.425,7.127,1.298,0.133241,0.0398911,8.376,7.073,1.303,91,59,train,train,train,train,train,train,train,train,train,train
3236,2020_Townsend,CC(C)C[C@@H]1NC(=O)[C@H](CC(C)C)N(C)C(=O)[C@H](C)N(C)C(=O)[C@H](Cc2ccccc2)NC(=O)[C@@H](CC(C)C)NC(=O)[C@@H]2CCCN2C1=O,hexa_722,3236,-5.73,6,6,Circle,0.161965,0.0534371,-19.1525,8.349,7.254,1.095,0.15384,0.0414658,8.241,7.152,1.089,61,34,train,train,train,train,train,train,train,val,train,train
3235,2020_Townsend,CC(C)C[C@@H]1NC(=O)[C@@H]2CCCN2C(=O)[C@H](CC(C)C)N(C)C(=O)[C@@H](CC(C)C)NC(=O)[C@H](C)N(C)C(=O)[C@H](Cc2ccccc2)NC1=O,hexa_721,3235,-5.78,6,6,Circle,0.259005,0.122776,-26.4176,8.374,7.205,1.169,0.152386,0.0389073,8.219,7.315,0.904,11,12,train,train,test,train,train,train,train,train,train,train
3234,2020_Townsend,CC(C)C[C@@H]1NC(=O)[C@H](C)N(C)C(=O)[C@H](Cc2ccccc2)NC(=O)[C@@H](CC(C)C)NC(=O)[C@@H]2CCCN2C(=O)[C@H](CC(C)C)N(C)C1=O,hexa_720,3234,-6.0,6,6,Circle,0.178712,0.0659525,-33.5564,8.45,7.135,1.315,0.16178,0.0523949,8.387,7.306,1.081,39,4,train,train,train,val,train,train,train,train,train,train
3233,2020_Townsend,CC(C)C[C@H]1C(=O)N[C@H](CC(C)C)C(=O)N2CCC[C@H]2C(=O)N[C@H](CC(C)C)C(=O)N[C@@H](Cc2ccccc2)C(=O)N(C)[C@@H](C)C(=O)N1C,hexa_719,3233,-4.88,6,6,Circle,0.12329,0.0480256,-18.9398,7.963,6.833,1.13,0.132071,0.0326418,7.877,6.789,1.088,6,24,train,test,test,train,train,train,train,train,val,train
3232,2020_Townsend,CC(C)C[C@@H]1NC(=O)[C@H](C)N(C)C(=O)[C@H](Cc2ccccc2)NC(=O)[C@@H](CC(C)C)NC(=O)[C@@H]2CCCN2C(=O)[C@@H](CC(C)C)N(C)C1=O,hexa_718,3232,-4.83,6,6,Circle,0.186054,0.0642096,-24.0821,8.363,7.184,1.179,0.134628,0.0403209,7.993,6.994,0.999,42,31,train,train,train,test,train,train,train,train,train,train
3231,2020_Townsend,CC(C)C[C@@H]1NC(=O)[C@@H]2CCCN2C(=O)[C@@H](CC(C)C)N(C)C(=O)[C@@H](CC(C)C)NC(=O)[C@H](C)N(C)C(=O)[C@H](Cc2ccccc2)NC1=O,hexa_717,3231,-4.9,6,6,Circle,0.162556,0.0511875,-21.1495,8.114,6.877,1.237,0.127064,0.0399684,8.357,7.13,1.227,74,91,train,train,train,train,train,train,train,train,train,train
3230,2020_Townsend,CC(C)C[C@@H]1NC(=O)[C@@H](CC(C)C)NC(=O)[C@H](C)N(C)C(=O)[C@H](Cc2ccccc2)NC(=O)[C@@H](CC(C)C)N(C)C(=O)[C@@H]2CCCN2C1=O,hexa_716,3230,-5.13,6,6,Circle,0.151919,0.0490173,-19.2519,8.361,7.278,1.083,0.154894,0.0465016,8.323,7.285,1.038,44,37,train,val,test,train,train,train,train,train,train,train
3229,2020_Townsend,CC(C)C[C@@H]1NC(=O)[C@H](C)N(C)C(=O)[C@H](Cc2ccccc2)NC(=O)[C@@H](CC(C)C)N(C)C(=O)[C@@H]2CCCN2C(=O)[C@@H](CC(C)C)NC1=O,hexa_715,3229,-5.07,6,6,Circle,0.160713,0.045466,-32.571,8.361,7.014,1.347,0.188966,0.0584703,8.337,7.236,1.101,77,29,train,val,train,train,train,train,test,train,test,train
3228,2020_Townsend,CC(C)C[C@H]1C(=O)N2CCC[C@H]2C(=O)N[C@H](CC(C)C)C(=O)N[C@@H](Cc2ccccc2)C(=O)N(C)[C@@H](C)C(=O)N[C@H](CC(C)C)C(=O)N1C,hexa_714,3228,-5.12,6,6,Circle,0.221403,0.0850607,-25.6293,8.319,7.13,1.189,0.193537,0.068487,8.388,7.365,1.023,6,78,train,train,train,train,train,train,train,train,train,train
3227,2020_Townsend,CC(C)C[C@@H]1NC(=O)[C@@H]2CCCN2C(=O)[C@@H](CC(C)C)NC(=O)[C@@H](CC(C)C)N(C)C(=O)[C@H](C)N(C)C(=O)[C@H](Cc2ccccc2)NC1=O,hexa_713,3227,-6.01,6,6,Circle,0.200877,0.0833617,-26.2959,8.303,7.058,1.245,0.145203,0.0419135,8.073,6.865,1.208,10,53,train,train,train,test,train,train,train,test,train,train
3226,2020_Townsend,CC(C)C[C@H]1C(=O)N[C@@H](Cc2ccccc2)C(=O)N(C)[C@@H](C)C(=O)N[C@H](CC(C)C)C(=O)N[C@H](CC(C)C)C(=O)N2CCC[C@H]2C(=O)N1C,hexa_712,3226,-5.73,6,6,Circle,0.170847,0.0603984,-22.1836,8.655,7.338,1.317,0.157159,0.0440426,8.019,6.83,1.189,22,25,train,train,train,train,train,train,val,train,test,train
3225,2020_Townsend,CC(C)C[C@H]1NC(=O)[C@@H]2CCCN2C(=O)[C@@H](CC(C)C)N(C)C(=O)[C@@H](CC(C)C)NC(=O)[C@H](C)N(C)C(=O)[C@H](Cc2ccccc2)NC1=O,hexa_711,3225,-4.68,6,6,Circle,0.174714,0.0563664,-22.5734,8.307,7.166,1.141,0.142901,0.0419667,7.997,7.074,0.923,87,33,train,val,train,train,test,val,val,train,train,train
3224,2020_Townsend,CC(C)C[C@H]1NC(=O)[C@H](C)N(C)C(=O)[C@H](Cc2ccccc2)NC(=O)[C@@H](CC(C)C)N(C)C(=O)[C@@H]2CCCN2C(=O)[C@@H](CC(C)C)NC1=O,hexa_710,3224,-5.19,6,6,Circle,0.175393,0.0587091,-24.3729,8.545,7.226,1.319,0.179366,0.0517812,8.457,7.26,1.197,69,15,train,train,train,train,train,train,train,train,train,train
3223,2020_Townsend,CC(C)C[C@H]1NC(=O)[C@@H]2CCCN2C(=O)[C@@H](CC(C)C)NC(=O)[C@@H](CC(C)C)N(C)C(=O)[C@H](C)N(C)C(=O)[C@H](Cc2ccccc2)NC1=O,hexa_709,3223,-5.08,6,6,Circle,0.156755,0.0463776,-29.0641,8.514,7.212,1.302,0.149845,0.0500404,8.108,6.974,1.134,58,16,train,train,train,train,val,train,test,train,test,val
3222,2020_Townsend,CC(C)C[C@@H]1NC(=O)[C@H](C)N(C)C(=O)[C@H](Cc2ccccc2)NC(=O)[C@H](CC(C)C)NC(=O)[C@@H]2CCCN2C(=O)[C@@H](CC(C)C)NC1=O,hexa_708,3222,-5.42,6,6,Circle,0.145425,0.0433841,-39.2371,8.191,6.75,1.441,0.203103,0.0647066,8.168,6.971,1.197,95,60,train,train,test,train,train,train,train,test,train,train
3221,2020_Townsend,CC(C)C[C@@H]1NC(=O)[C@@H]2CCCN2C(=O)[C@H](CC(C)C)NC(=O)[C@@H](CC(C)C)NC(=O)[C@H](C)N(C)C(=O)[C@H](Cc2ccccc2)NC1=O,hexa_707,3221,-6.05,6,6,Circle,0.117852,0.0366079,-21.9155,8.219,7.068,1.151,0.14679,0.0467599,8.276,6.994,1.282,45,14,train,train,train,train,train,train,train,train,train,train
3220,2020_Townsend,CC(C)C[C@@H]1NC(=O)[C@H](C)N(C)C(=O)[C@H](Cc2ccccc2)NC(=O)[C@@H](CC(C)C)NC(=O)[C@@H]2CCCN2C(=O)[C@H](CC(C)C)NC1=O,hexa_706,3220,-6.33,6,6,Circle,0.163249,0.0531968,-22.9643,8.423,7.179,1.244,0.136644,0.0385238,8.328,7.118,1.21,38,72,train,val,train,train,val,train,train,train,train,train
3219,2020_Townsend,CC(C)C[C@@H]1NC(=O)[C@H](C)N(C)C(=O)[C@H](Cc2ccccc2)NC(=O)[C@@H](CC(C)C)NC(=O)[C@@H]2CCCN2C(=O)[C@@H](CC(C)C)NC1=O,hexa_705,3219,-5.61,6,6,Circle,0.173481,0.0639317,-34.7139,8.434,7.112,1.322,0.104493,0.0390986,7.917,6.661,1.256,2,82,train,train,train,train,train,train,train,test,train,val
3218,2020_Townsend,CC(C)C[C@@H]1NC(=O)[C@@H](CC(C)C)NC(=O)[C@H](C)N(C)C(=O)[C@H](Cc2ccccc2)NC(=O)[C@@H](CC(C)C)NC(=O)[C@@H]2CCCN2C1=O,hexa_704,3218,-10.0,6,6,Circle,0.150578,0.043209,-20.9578,8.32,7.134,1.186,0.132873,0.0458355,8.27,7.065,1.205,80,4,train,val,train,test,train,train,train,train,train,train
3217,2020_Townsend,CC(C)C[C@@H]1NC(=O)[C@@H]2CCCN2C(=O)[C@@H](CC(C)C)NC(=O)[C@@H](CC(C)C)NC(=O)[C@H](C)N(C)C(=O)[C@H](Cc2ccccc2)NC1=O,hexa_703,3217,-5.8,6,6,Circle,0.150923,0.0390598,-24.9873,8.078,6.811,1.267,0.161307,0.0715662,8.133,7.027,1.106,89,64,train,train,test,train,train,train,train,train,train,train
3216,2020_Townsend,CC(C)C[C@H]1NC(=O)[C@H](C)N(C)C(=O)[C@H](Cc2ccccc2)NC(=O)[C@@H](CC(C)C)NC(=O)[C@@H]2CCCN2C(=O)[C@@H](CC(C)C)NC1=O,hexa_702,3216,-5.29,6,6,Circle,0.191884,0.0762796,-28.9401,8.173,6.884,1.289,0.140217,0.0443792,8.048,6.937,1.111,20,2,train,train,train,test,train,train,train,train,train,train
3215,2020_Townsend,C[C@H]1NC(=O)[C@H](Cc2ccccc2)NC(=O)CN(Cc2ccccc2)C(=O)[C@H]2CCCN2C(=O)CN(Cc2ccccc2)C(=O)CN(Cc2ccccc2)C1=O,hexa_701,3215,-6.17,6,6,Circle,0.243944,0.0721689,-42.0009,8.622,7.455,1.167,0.150812,0.0467167,8.441,7.403,1.038,43,23,train,train,train,train,test,train,train,val,train,train
3213,2020_Townsend,CC(C)C[C@H]1C(=O)N(Cc2ccccc2)CC(=O)N2CCC[C@@H]2C(=O)N(Cc2ccccc2)CC(=O)N[C@@H](Cc2ccccc2)C(=O)N[C@H](C)C(=O)N1C,hexa_699,3213,-5.57,6,6,Circle,0.196021,0.0691138,-24.9784,8.248,7.268,0.98,0.114632,0.0404616,8.373,7.436,0.937,20,87,train,train,train,train,val,test,train,val,train,train
3208,2020_Townsend,CC(C)C[C@@H]1NC(=O)[C@@H](C)NC(=O)[C@H](Cc2ccccc2)NC(=O)CN(Cc2ccccc2)C(=O)[C@H]2CCCN2C(=O)CN(Cc2ccccc2)C1=O,hexa_694,3208,-5.74,6,6,Circle,0.215415,0.0890809,-27.3017,8.395,7.292,1.103,0.139763,0.0465211,8.206,7.015,1.191,45,88,train,val,train,train,train,train,train,test,train,train
3207,2020_Townsend,CC(C)C[C@H]1C(=O)N2CCC[C@@H]2C(=O)N(Cc2ccccc2)CC(=O)N[C@@H](Cc2ccccc2)C(=O)N[C@H](C)C(=O)N(C)[C@@H](CC(C)C)C(=O)N1C,hexa_693,3207,-5.37,6,6,Circle,0.176877,0.0408438,-25.2709,8.444,7.42,1.024,0.131679,0.0425613,8.217,7.215,1.002,50,90,train,train,train,train,test,train,train,train,test,train
3206,2020_Townsend,CC(C)C[C@H]1C(=O)N2CCC[C@@H]2C(=O)N(C)[C@@H](CC(C)C)C(=O)N[C@@H](Cc2ccccc2)C(=O)N[C@H](C)C(=O)N(Cc2ccccc2)CC(=O)N1C,hexa_692,3206,-5.27,6,6,Circle,0.17115,0.0444805,-25.1559,8.462,7.494,0.968,0.145428,0.0463955,8.55,7.55,1.0,5,73,train,val,test,val,train,test,train,train,train,test
3205,2020_Townsend,CC(C)C[C@H]1C(=O)N(Cc2ccccc2)CC(=O)N2CCC[C@@H]2C(=O)N(C)[C@@H](CC(C)C)C(=O)N[C@@H](Cc2ccccc2)C(=O)N[C@H](C)C(=O)N1C,hexa_691,3205,-5.34,6,6,Circle,0.151458,0.0496687,-24.0381,8.579,7.574,1.005,0.138531,0.0373349,7.702,6.623,1.079,95,7,train,train,train,train,test,train,train,test,train,train
3204,2020_Townsend,CC(C)C[C@H]1NC(=O)[C@@H](C)NC(=O)[C@H](Cc2ccccc2)NC(=O)CN(Cc2ccccc2)C(=O)[C@H]2CCCN2C(=O)CN(Cc2ccccc2)C1=O,hexa_690,3204,-6.15,6,6,Circle,0.21181,0.0732,-32.2869,8.437,7.285,1.152,0.152626,0.0430493,8.262,7.16,1.102,68,84,test,train,train,train,train,train,val,train,train,train
3203,2020_Townsend,CC(C)C[C@H]1C(=O)N2CCC[C@@H]2C(=O)N(Cc2ccccc2)CC(=O)N[C@@H](Cc2ccccc2)C(=O)N[C@H](C)C(=O)N(C)[C@H](CC(C)C)C(=O)N1C,hexa_689,3203,-5.26,6,6,Circle,0.133653,0.0417062,-22.5618,8.243,7.198,1.045,0.146681,0.0464796,8.304,7.172,1.132,62,46,train,val,test,val,train,train,train,train,test,train
3202,2020_Townsend,CC(C)C[C@H]1C(=O)N[C@@H](Cc2ccccc2)C(=O)N[C@H](C)C(=O)N(C)[C@H](CC(C)C)C(=O)N(Cc2ccccc2)CC(=O)N2CCC[C@@H]2C(=O)N1C,hexa_688,3202,-5.0,6,6,Circle,0.146358,0.0392331,-22.0472,8.468,7.391,1.077,0.153037,0.0368264,7.901,6.794,1.107,42,27,train,train,train,train,train,train,train,train,test,train
3201,2020_Townsend,CC(C)C[C@H]1C(=O)N(Cc2ccccc2)CC(=O)N2CCC[C@@H]2C(=O)N(C)[C@H](CC(C)C)C(=O)N[C@@H](Cc2ccccc2)C(=O)N[C@H](C)C(=O)N1C,hexa_687,3201,-5.25,6,6,Circle,0.147416,0.0451031,-28.7269,8.384,7.243,1.141,0.114811,0.0369797,8.268,7.366,0.902,61,46,val,train,train,train,val,train,train,test,val,train
3200,2020_Townsend,CC(C)C[C@H]1C(=O)N(C)[C@H](CC(C)C)C(=O)N2CCC[C@@H]2C(=O)N(Cc2ccccc2)CC(=O)N[C@@H](Cc2ccccc2)C(=O)N[C@H](C)C(=O)N1C,hexa_686,3200,-5.57,6,6,Circle,0.136381,0.0378452,-29.3419,8.228,7.072,1.156,0.151263,0.0440967,8.523,7.485,1.038,40,71,val,train,train,train,train,train,train,val,train,train
3198,2020_Townsend,CC(C)C[C@@H]1C(=O)N(Cc2ccccc2)CC(=O)N2CCC[C@@H]2C(=O)N(C)[C@H](CC(C)C)C(=O)N[C@@H](Cc2ccccc2)C(=O)N[C@H](C)C(=O)N1C,hexa_684,3198,-5.69,6,6,Circle,0.14555,0.0425019,-26.0122,8.489,7.374,1.115,0.129168,0.0458341,8.407,7.482,0.925,61,21,train,train,train,train,test,train,train,train,train,train
3197,2020_Townsend,CC(C)C[C@@H]1C(=O)N2CCC[C@@H]2C(=O)N(C)[C@H](CC(C)C)C(=O)N[C@@H](Cc2ccccc2)C(=O)N[C@H](C)C(=O)N(Cc2ccccc2)CC(=O)N1C,hexa_683,3197,-5.48,6,6,Circle,0.111286,0.0391204,-36.1966,8.471,7.239,1.232,0.176469,0.0422277,8.167,7.072,1.095,96,41,train,train,train,val,train,train,test,train,train,train
3195,2020_Townsend,CC(C)C[C@@H]1NC(=O)[C@H](CC(C)C)N(C)C(=O)[C@@H](C)NC(=O)[C@H](Cc2ccccc2)NC(=O)CN(Cc2ccccc2)C(=O)[C@H]2CCCN2C1=O,hexa_681,3195,-5.2,6,6,Circle,0.181556,0.0582056,-29.4515,8.422,7.281,1.141,0.124815,0.0347901,8.34,7.355,0.985,4,32,train,train,train,train,val,train,train,train,test,train
3194,2020_Townsend,CC(C)C[C@@H]1NC(=O)[C@@H](C)NC(=O)[C@H](Cc2ccccc2)NC(=O)CN(Cc2ccccc2)C(=O)[C@H]2CCCN2C(=O)[C@H](CC(C)C)N(C)C1=O,hexa_680,3194,-5.44,6,6,Circle,0.237094,0.0998467,-27.1577,8.201,7.019,1.182,0.150583,0.0527587,8.332,7.192,1.14,86,76,train,train,train,train,train,test,train,train,train,train
3193,2020_Townsend,CC(C)C[C@@H]1NC(=O)[C@@H](C)NC(=O)[C@H](Cc2ccccc2)NC(=O)[C@H](CC(C)C)N(C)C(=O)[C@H]2CCCN2C(=O)CN(Cc2ccccc2)C1=O,hexa_679,3193,-5.04,6,6,Circle,0.176784,0.068798,-31.135,8.494,7.294,1.2,0.136719,0.0542947,8.375,7.378,0.997,99,94,train,train,train,train,train,val,train,train,train,train
3192,2020_Townsend,CC(C)C[C@@H]1NC(=O)[C@H]2CCCN2C(=O)CN(Cc2ccccc2)C(=O)[C@H](CC(C)C)N(C)C(=O)[C@@H](C)NC(=O)[C@H](Cc2ccccc2)NC1=O,hexa_678,3192,-6.49,6,6,Circle,0.207027,0.0763673,-35.4956,8.426,7.238,1.188,0.131461,0.0329685,8.34,7.434,0.906,59,78,val,test,train,test,train,train,train,train,test,train
3190,2020_Townsend,CC(C)C[C@H]1C(=O)N2CCC[C@@H]2C(=O)N(C)[C@@H](CC(C)C)C(=O)N[C@@H](Cc2ccccc2)C(=O)N[C@H](C)C(=O)N(C)[C@@H](CC(C)C)C(=O)N1C,hexa_676,3190,-5.0,6,6,Circle,0.170547,0.0652159,-21.2562,8.437,7.43,1.007,0.136449,0.0446274,8.247,7.245,1.002,14,41,train,val,train,test,train,test,train,train,train,train
3189,2020_Townsend,CC(C)C[C@@H]1NC(=O)[C@@H](CC(C)C)N(C)C(=O)[C@@H](C)NC(=O)[C@H](Cc2ccccc2)NC(=O)CN(Cc2ccccc2)C(=O)[C@H]2CCCN2C1=O,hexa_675,3189,-5.18,6,6,Circle,0.18068,0.068363,-23.038,8.532,7.448,1.084,0.136279,0.0491304,8.491,7.432,1.059,49,14,train,val,val,train,train,train,train,train,train,train
3187,2020_Townsend,CC(C)C[C@H]1C(=O)N[C@@H](Cc2ccccc2)C(=O)N[C@H](C)C(=O)N[C@H](CC(C)C)C(=O)N(Cc2ccccc2)CC(=O)N2CCC[C@@H]2C(=O)N1C,hexa_673,3187,-5.89,6,6,Circle,0.176149,0.060657,-27.9907,8.507,7.421,1.086,0.153317,0.047819,7.951,7.033,0.918,18,56,train,train,train,train,test,train,test,train,train,train
3186,2020_Townsend,CC(C)C[C@H]1C(=O)N[C@H](CC(C)C)C(=O)N2CCC[C@@H]2C(=O)N(Cc2ccccc2)CC(=O)N[C@@H](Cc2ccccc2)C(=O)N[C@H](C)C(=O)N1C,hexa_672,3186,-5.48,6,6,Circle,0.172043,0.0372603,-34.5485,8.701,7.49,1.211,0.169487,0.0488252,8.629,7.43,1.199,9,6,train,train,test,train,train,train,val,train,train,train
3185,2020_Townsend,CC(C)C[C@@H]1NC(=O)[C@@H](C)NC(=O)[C@H](Cc2ccccc2)NC(=O)CN(Cc2ccccc2)C(=O)[C@H]2CCCN2C(=O)[C@@H](CC(C)C)N(C)C1=O,hexa_671,3185,-5.9,6,6,Circle,0.168078,0.0742704,-26.1569,8.284,7.066,1.218,0.148144,0.0404851,8.154,7.169,0.985,68,21,train,train,train,train,train,train,test,val,train,train
3184,2020_Townsend,CC(C)C[C@@H]1NC(=O)[C@H]2CCCN2C(=O)CN(Cc2ccccc2)C(=O)[C@@H](CC(C)C)N(C)C(=O)[C@@H](C)NC(=O)[C@H](Cc2ccccc2)NC1=O,hexa_670,3184,-6.1,6,6,Circle,0.213055,0.0776137,-34.602,8.468,7.334,1.134,0.122087,0.0346563,7.943,6.981,0.962,9,46,train,test,train,train,train,val,train,train,train,train
3182,2020_Townsend,CC(C)C[C@H]1C(=O)N2CCC[C@@H]2C(=O)N(C)[C@H](CC(C)C)C(=O)N[C@@H](Cc2ccccc2)C(=O)N[C@H](C)C(=O)N(C)[C@@H](CC(C)C)C(=O)N1C,hexa_668,3182,-5.01,6,6,Circle,0.0996507,0.0405836,-25.2964,8.258,7.063,1.195,0.110568,0.0321682,8.449,7.468,0.981,99,46,train,val,train,train,train,test,val,val,train,train
3181,2020_Townsend,CC(C)C[C@H]1C(=O)N2CCC[C@@H]2C(=O)N(C)[C@@H](CC(C)C)C(=O)N[C@@H](Cc2ccccc2)C(=O)N[C@H](C)C(=O)N(C)[C@H](CC(C)C)C(=O)N1C,hexa_667,3181,-4.99,6,6,Circle,0.124892,0.0345523,-19.0442,8.367,7.293,1.074,0.128747,0.0469295,8.284,7.314,0.97,68,55,val,train,train,train,train,train,train,val,val,test
3180,2020_Townsend,CC(C)C[C@H]1C(=O)N(C)[C@H](CC(C)C)C(=O)N2CCC[C@@H]2C(=O)N(C)[C@@H](CC(C)C)C(=O)N[C@@H](Cc2ccccc2)C(=O)N[C@H](C)C(=O)N1C,hexa_666,3180,-5.02,6,6,Circle,0.116686,0.0297818,-23.6398,8.366,7.314,1.052,0.0887491,0.0273257,8.172,7.23,0.942,41,83,train,train,train,train,train,val,train,train,train,train
3179,2020_Townsend,CC(C)C[C@H]1NC(=O)[C@H]2CCCN2C(=O)CN(Cc2ccccc2)C(=O)[C@@H](CC(C)C)N(C)C(=O)[C@@H](C)NC(=O)[C@H](Cc2ccccc2)NC1=O,hexa_665,3179,-5.2,6,6,Circle,0.188507,0.0920187,-24.6304,8.189,7.127,1.062,0.144919,0.0463174,8.388,7.346,1.042,8,24,train,train,train,train,test,train,test,train,train,train
3178,2020_Townsend,CC(C)C[C@H]1NC(=O)[C@@H](CC(C)C)N(C)C(=O)[C@@H](C)NC(=O)[C@H](Cc2ccccc2)NC(=O)CN(Cc2ccccc2)C(=O)[C@H]2CCCN2C1=O,hexa_664,3178,-5.66,6,6,Circle,0.160625,0.0429822,-25.7242,8.396,7.311,1.085,0.145011,0.0419367,8.491,7.377,1.114,80,3,test,train,train,train,train,train,val,train,train,train
3177,2020_Townsend,CC(C)C[C@H]1NC(=O)[C@@H](C)NC(=O)[C@H](Cc2ccccc2)NC(=O)[C@@H](CC(C)C)N(C)C(=O)[C@H]2CCCN2C(=O)CN(Cc2ccccc2)C1=O,hexa_663,3177,-6.09,6,6,Circle,0.160068,0.055051,-38.8913,8.633,7.468,1.165,0.11812,0.0296613,8.224,7.222,1.002,61,6,train,test,test,train,train,train,test,train,train,val
3175,2020_Townsend,CC(C)C[C@H]1NC(=O)[C@@H](C)NC(=O)[C@H](Cc2ccccc2)NC(=O)CN(Cc2ccccc2)C(=O)[C@H]2CCCN2C(=O)[C@@H](CC(C)C)N(C)C1=O,hexa_661,3175,-6.37,6,6,Circle,0.220862,0.0806146,-24.9767,8.159,7.006,1.153,0.150271,0.0370898,8.234,7.176,1.058,31,89,train,val,train,train,train,train,test,val,val,train
3174,2020_Townsend,CC(C)C[C@H]1C(=O)N2CCC[C@@H]2C(=O)N(C)[C@H](CC(C)C)C(=O)N[C@@H](Cc2ccccc2)C(=O)N[C@H](C)C(=O)N(C)[C@H](CC(C)C)C(=O)N1C,hexa_660,3174,-5.07,6,6,Circle,0.105089,0.0407415,-22.8359,8.242,7.036,1.206,0.123738,0.0466791,8.254,7.222,1.032,75,36,train,train,train,test,train,train,train,train,train,val
3173,2020_Townsend,CC(C)C[C@H]1C(=O)N(C)[C@H](CC(C)C)C(=O)N2CCC[C@@H]2C(=O)N(C)[C@H](CC(C)C)C(=O)N[C@@H](Cc2ccccc2)C(=O)N[C@H](C)C(=O)N1C,hexa_659,3173,-5.68,6,6,Circle,0.106464,0.0347636,-37.2696,8.278,7.24,1.038,0.153019,0.0471847,8.259,7.182,1.077,52,55,train,train,val,train,train,train,val,train,train,train
3172,2020_Townsend,CC(C)C[C@@H]1NC(=O)[C@@H](C)NC(=O)[C@H](Cc2ccccc2)NC(=O)CN(Cc2ccccc2)C(=O)[C@H]2CCCN2C(=O)[C@H](CC(C)C)NC1=O,hexa_658,3172,-5.68,6,6,Circle,0.17221,0.0657765,-30.2169,8.239,7.102,1.137,0.124171,0.0380312,8.395,7.321,1.074,92,87,train,train,val,train,train,train,train,train,train,train
3171,2020_Townsend,CC(C)C[C@@H]1NC(=O)[C@H]2CCCN2C(=O)CN(Cc2ccccc2)C(=O)[C@H](CC(C)C)NC(=O)[C@@H](C)NC(=O)[C@H](Cc2ccccc2)NC1=O,hexa_657,3171,-5.82,6,6,Circle,0.199427,0.0774612,-28.2479,8.414,7.231,1.183,0.125029,0.0508801,7.915,6.753,1.162,42,77,train,train,train,train,train,train,train,train,train,train
3170,2020_Townsend,CC(C)C[C@@H]1NC(=O)[C@H]2CCCN2C(=O)[C@H](CC(C)C)NC(=O)CN(Cc2ccccc2)C(=O)[C@@H](C)NC(=O)[C@H](Cc2ccccc2)NC1=O,hexa_656,3170,-6.06,6,6,Circle,0.179946,0.0558445,-34.5865,8.147,6.89,1.257,0.177656,0.0680269,8.018,6.926,1.092,78,22,test,train,train,val,train,train,train,train,test,train
3169,2020_Townsend,CC(C)C[C@@H]1NC(=O)[C@H](CC(C)C)N(C)C(=O)[C@@H](C)NC(=O)[C@H](Cc2ccccc2)NC(=O)[C@H](CC(C)C)N(C)C(=O)[C@H]2CCCN2C1=O,hexa_655,3169,-4.87,6,6,Circle,0.174205,0.0734841,-21.0442,8.166,7.195,0.971,0.144748,0.0426823,8.075,7.123,0.952,16,28,train,train,test,train,val,train,val,val,train,test
3168,2020_Townsend,CC(C)C[C@@H]1NC(=O)[C@@H](C)NC(=O)[C@H](Cc2ccccc2)NC(=O)[C@H](CC(C)C)N(C)C(=O)[C@H]2CCCN2C(=O)[C@H](CC(C)C)N(C)C1=O,hexa_654,3168,-4.81,6,6,Circle,0.198701,0.087216,-20.0323,8.058,6.856,1.202,0.132529,0.053398,8.192,7.199,0.993,22,65,train,val,train,train,train,train,train,train,train,test
3167,2020_Townsend,CC(C)C[C@@H]1NC(=O)[C@H]2CCCN2C(=O)[C@H](CC(C)C)N(C)C(=O)[C@H](CC(C)C)N(C)C(=O)[C@@H](C)NC(=O)[C@H](Cc2ccccc2)NC1=O,hexa_653,3167,-5.57,6,6,Circle,0.176022,0.0700012,-29.4214,8.306,7.196,1.11,0.122248,0.0464946,8.351,7.21,1.141,95,21,train,test,val,train,test,train,train,train,train,train
3166,2020_Townsend,CC(C)C[C@@H]1NC(=O)[C@@H](CC(C)C)NC(=O)[C@@H](C)NC(=O)[C@H](Cc2ccccc2)NC(=O)CN(Cc2ccccc2)C(=O)[C@H]2CCCN2C1=O,hexa_652,3166,-5.48,6,6,Circle,0.171682,0.0658105,-27.9254,8.225,7.011,1.214,0.170761,0.0652203,8.141,7.054,1.087,54,90,val,train,train,train,train,test,val,train,test,train
3165,2020_Townsend,CC(C)C[C@@H]1NC(=O)[C@@H](C)NC(=O)[C@H](Cc2ccccc2)NC(=O)[C@@H](CC(C)C)NC(=O)[C@H]2CCCN2C(=O)CN(Cc2ccccc2)C1=O,hexa_651,3165,-5.99,6,6,Circle,0.180426,0.0729426,-42.5295,8.215,6.898,1.317,0.132004,0.044287,7.719,6.562,1.157,29,53,train,train,test,val,val,train,train,train,val,train
3164,2020_Townsend,CC(C)C[C@@H]1NC(=O)[C@@H](C)NC(=O)[C@H](Cc2ccccc2)NC(=O)CN(Cc2ccccc2)C(=O)[C@H]2CCCN2C(=O)[C@@H](CC(C)C)NC1=O,hexa_650,3164,-5.89,6,6,Circle,0.14706,0.0343972,-29.7026,7.81,6.646,1.164,0.183522,0.0464702,8.444,7.167,1.277,22,87,train,train,train,test,test,val,train,test,train,train
3163,2020_Townsend,CC(C)C[C@@H]1NC(=O)[C@H]2CCCN2C(=O)CN(Cc2ccccc2)C(=O)[C@@H](CC(C)C)NC(=O)[C@@H](C)NC(=O)[C@H](Cc2ccccc2)NC1=O,hexa_649,3163,-6.75,6,6,Circle,0.197636,0.0689763,-27.1485,8.317,7.201,1.116,0.239619,0.0858967,8.25,7.046,1.204,31,12,train,train,train,train,val,test,train,train,test,train
3162,2020_Townsend,CC(C)C[C@@H]1NC(=O)[C@@H](CC(C)C)N(C)C(=O)[C@@H](C)NC(=O)[C@H](Cc2ccccc2)NC(=O)[C@H](CC(C)C)N(C)C(=O)[C@H]2CCCN2C1=O,hexa_648,3162,-4.91,6,6,Circle,0.135106,0.0379891,-24.6687,8.399,7.261,1.138,0.15836,0.045911,8.387,7.369,1.018,71,54,train,test,train,train,train,train,train,train,train,train
3161,2020_Townsend,CC(C)C[C@@H]1NC(=O)[C@@H](C)NC(=O)[C@H](Cc2ccccc2)NC(=O)[C@@H](CC(C)C)N(C)C(=O)[C@H]2CCCN2C(=O)[C@H](CC(C)C)N(C)C1=O,hexa_647,3161,-10.0,6,6,Circle,0.146412,0.0522415,-25.4749,8.292,7.045,1.247,0.125513,0.050218,8.217,7.104,1.113,51,52,train,val,train,train,test,train,train,train,train,train
3160,2020_Townsend,CC(C)C[C@@H]1NC(=O)[C@H](CC(C)C)N(C)C(=O)[C@@H](C)NC(=O)[C@H](Cc2ccccc2)NC(=O)[C@@H](CC(C)C)N(C)C(=O)[C@H]2CCCN2C1=O,hexa_646,3160,-4.88,6,6,Circle,0.147366,0.0475642,-23.5163,8.368,7.256,1.112,0.136689,0.0384573,8.298,7.307,0.991,88,44,train,train,train,train,test,test,train,test,val,train
3159,2020_Townsend,CC(C)C[C@H]1C(=O)N2CCC[C@@H]2C(=O)N(C)[C@@H](CC(C)C)C(=O)N[C@@H](Cc2ccccc2)C(=O)N[C@H](C)C(=O)N[C@H](CC(C)C)C(=O)N1C,hexa_645,3159,-5.5,6,6,Circle,0.12589,0.0367599,-25.5842,8.392,7.215,1.177,0.157864,0.0817954,8.326,7.353,0.973,12,32,test,train,train,train,train,train,train,train,train,train
3158,2020_Townsend,CC(C)C[C@@H]1NC(=O)[C@@H](C)NC(=O)[C@H](Cc2ccccc2)NC(=O)[C@H](CC(C)C)N(C)C(=O)[C@H]2CCCN2C(=O)[C@@H](CC(C)C)N(C)C1=O,hexa_644,3158,-5.47,6,6,Circle,0.136643,0.0417209,-24.4636,8.195,7.025,1.17,0.102462,0.0325116,8.251,7.181,1.07,35,91,train,train,train,train,train,train,train,test,val,train
3157,2020_Townsend,CC(C)C[C@H]1C(=O)N2CCC[C@@H]2C(=O)N[C@H](CC(C)C)C(=O)N[C@@H](Cc2ccccc2)C(=O)N[C@H](C)C(=O)N(C)[C@@H](CC(C)C)C(=O)N1C,hexa_643,3157,-5.94,6,6,Circle,0.15621,0.0445674,-36.2293,8.346,7.166,1.18,0.146044,0.0367635,8.361,7.108,1.253,26,2,train,train,train,train,val,train,train,train,train,train
3156,2020_Townsend,CC(C)C[C@H]1C(=O)N[C@H](CC(C)C)C(=O)N2CCC[C@@H]2C(=O)N(C)[C@@H](CC(C)C)C(=O)N[C@@H](Cc2ccccc2)C(=O)N[C@H](C)C(=O)N1C,hexa_642,3156,-5.23,6,6,Circle,0.123554,0.0407713,-26.177,8.243,7.02,1.223,0.0984175,0.0395542,8.129,7.184,0.945,27,8,train,train,val,train,train,train,train,train,train,train
3155,2020_Townsend,CC(C)C[C@@H]1NC(=O)[C@H]2CCCN2C(=O)[C@H](CC(C)C)N(C)C(=O)[C@@H](CC(C)C)N(C)C(=O)[C@@H](C)NC(=O)[C@H](Cc2ccccc2)NC1=O,hexa_641,3155,-5.82,6,6,Circle,0.167352,0.0592746,-22.7901,8.238,7.147,1.091,0.148159,0.0453031,8.361,7.137,1.224,50,6,train,train,train,val,train,val,train,train,train,train
3154,2020_Townsend,CC(C)C[C@H]1NC(=O)[C@H]2CCCN2C(=O)CN(Cc2ccccc2)C(=O)[C@@H](CC(C)C)NC(=O)[C@@H](C)NC(=O)[C@H](Cc2ccccc2)NC1=O,hexa_640,3154,-5.73,6,6,Circle,0.225765,0.0832374,-28.7174,8.277,7.042,1.235,0.164895,0.0480811,8.057,6.963,1.094,68,31,val,train,train,train,train,train,train,train,train,val
3153,2020_Townsend,CC(C)C[C@H]1NC(=O)[C@H]2CCCN2C(=O)[C@@H](CC(C)C)NC(=O)CN(Cc2ccccc2)C(=O)[C@@H](C)NC(=O)[C@H](Cc2ccccc2)NC1=O,hexa_639,3153,-6.42,6,6,Circle,0.136832,0.0381966,-42.1536,8.087,6.962,1.125,0.149083,0.0495548,8.166,7.05,1.116,28,84,train,train,train,train,val,train,train,train,val,train
3152,2020_Townsend,CC(C)C[C@H]1NC(=O)[C@@H](C)NC(=O)[C@H](Cc2ccccc2)NC(=O)CN(Cc2ccccc2)C(=O)[C@H]2CCCN2C(=O)[C@@H](CC(C)C)NC1=O,hexa_638,3152,-6.72,6,6,Circle,0.149185,0.037532,-35.0015,8.308,7.017,1.291,0.158072,0.0674317,8.113,6.918,1.195,48,85,val,train,test,test,val,test,train,train,train,train
3151,2020_Townsend,CC(C)C[C@@H]1NC(=O)[C@@H](CC(C)C)N(C)C(=O)[C@@H](C)NC(=O)[C@H](Cc2ccccc2)NC(=O)[C@@H](CC(C)C)N(C)C(=O)[C@H]2CCCN2C1=O,hexa_637,3151,-4.89,6,6,Circle,0.141176,0.0495699,-28.5503,8.335,7.013,1.322,0.152957,0.0645876,8.392,7.398,0.994,82,62,train,train,train,train,train,train,train,train,train,train
3150,2020_Townsend,CC(C)C[C@H]1C(=O)N2CCC[C@@H]2C(=O)N[C@H](CC(C)C)C(=O)N[C@@H](Cc2ccccc2)C(=O)N[C@H](C)C(=O)N(C)[C@H](CC(C)C)C(=O)N1C,hexa_636,3150,-5.07,6,6,Circle,0.161814,0.0740354,-24.4182,8.163,6.965,1.198,0.170769,0.0630505,8.172,7.043,1.129,74,85,train,train,train,train,train,train,train,train,train,train
3149,2020_Townsend,CC(C)C[C@H]1C(=O)N[C@@H](Cc2ccccc2)C(=O)N[C@H](C)C(=O)N(C)[C@H](CC(C)C)C(=O)N[C@H](CC(C)C)C(=O)N2CCC[C@@H]2C(=O)N1C,hexa_635,3149,-5.3,6,6,Circle,0.214852,0.079448,-15.2953,8.222,7.046,1.176,0.1464,0.0474653,8.152,7.176,0.976,73,40,val,test,test,val,train,train,val,train,test,train
3148,2020_Townsend,CC(C)C[C@H]1C(=O)N[C@H](CC(C)C)C(=O)N2CCC[C@@H]2C(=O)N(C)[C@H](CC(C)C)C(=O)N[C@@H](Cc2ccccc2)C(=O)N[C@H](C)C(=O)N1C,hexa_634,3148,-5.66,6,6,Circle,0.127754,0.0382622,-23.3489,8.482,7.305,1.177,0.141884,0.0481636,8.231,7.138,1.093,10,85,train,train,train,train,train,train,train,train,train,val
3147,2020_Townsend,CC(C)C[C@@H]1NC(=O)[C@@H](C)NC(=O)[C@H](Cc2ccccc2)NC(=O)[C@@H](CC(C)C)N(C)C(=O)[C@H]2CCCN2C(=O)[C@@H](CC(C)C)N(C)C1=O,hexa_633,3147,-6.27,6,6,Circle,0.10825,0.0380168,-34.6527,8.303,7.109,1.194,0.100438,0.0357273,8.236,7.184,1.052,61,39,train,train,train,train,test,train,train,train,train,train
3146,2020_Townsend,CC(C)C[C@H]1C(=O)N2CCC[C@@H]2C(=O)N(C)[C@H](CC(C)C)C(=O)N[C@@H](Cc2ccccc2)C(=O)N[C@H](C)C(=O)N[C@H](CC(C)C)C(=O)N1C,hexa_632,3146,-5.47,6,6,Circle,0.0957984,0.0380842,-25.3584,8.286,7.001,1.285,0.133416,0.05057,8.19,7.055,1.135,89,89,train,test,train,val,train,val,val,val,train,train
3145,2020_Townsend,CC(C)C[C@H]1C(=O)N[C@@H](Cc2ccccc2)C(=O)N[C@H](C)C(=O)N[C@H](CC(C)C)C(=O)N(C)[C@H](CC(C)C)C(=O)N2CCC[C@@H]2C(=O)N1C,hexa_631,3145,-6.25,6,6,Circle,0.135187,0.0420288,-26.065,8.316,7.194,1.122,0.215691,0.103518,8.252,7.209,1.043,26,18,train,train,train,train,train,val,train,val,train,train
3144,2020_Townsend,CC(C)C[C@H]1NC(=O)[C@@H](CC(C)C)N(C)C(=O)[C@@H](C)NC(=O)[C@H](Cc2ccccc2)NC(=O)[C@@H](CC(C)C)N(C)C(=O)[C@H]2CCCN2C1=O,hexa_630,3144,-5.43,6,6,Circle,0.147647,0.0438191,-21.8745,8.564,7.436,1.128,0.129097,0.0370554,8.355,7.439,0.916,100,35,train,train,train,train,train,train,train,train,test,train
3143,2020_Townsend,CC(C)C[C@@H]1NC(=O)[C@H]2CCCN2C(=O)[C@H](CC(C)C)N(C)C(=O)[C@H](CC(C)C)NC(=O)[C@@H](C)NC(=O)[C@H](Cc2ccccc2)NC1=O,hexa_629,3143,-5.16,6,6,Circle,0.162984,0.0606659,-26.9813,8.138,6.973,1.165,0.13478,0.0385734,7.914,6.797,1.117,15,54,train,test,train,train,train,train,test,train,train,train
3142,2020_Townsend,CC(C)C[C@@H]1NC(=O)[C@@H](C)NC(=O)[C@H](Cc2ccccc2)NC(=O)[C@H](CC(C)C)N(C)C(=O)[C@H]2CCCN2C(=O)[C@H](CC(C)C)NC1=O,hexa_628,3142,-5.64,6,6,Circle,0.166048,0.0667543,-25.2663,8.339,7.195,1.144,0.115258,0.0414447,7.942,6.782,1.16,70,46,train,train,test,val,train,train,val,train,train,val
3141,2020_Townsend,CC(C)C[C@@H]1NC(=O)[C@H]2CCCN2C(=O)[C@H](CC(C)C)NC(=O)[C@H](CC(C)C)N(C)C(=O)[C@@H](C)NC(=O)[C@H](Cc2ccccc2)NC1=O,hexa_627,3141,-5.99,6,6,Circle,0.157896,0.0666812,-24.0295,8.279,7.204,1.075,0.176883,0.0734514,8.103,7.025,1.078,87,41,test,train,test,train,train,train,train,train,train,train
3140,2020_Townsend,CC(C)C[C@@H]1NC(=O)[C@H]2CCCN2C(=O)[C@H](CC(C)C)NC(=O)[C@@H](CC(C)C)N(C)C(=O)[C@@H](C)NC(=O)[C@H](Cc2ccccc2)NC1=O,hexa_626,3140,-5.42,6,6,Circle,0.185294,0.0692379,-26.3647,8.289,7.047,1.242,0.138742,0.0450096,8.201,7.05,1.151,29,11,val,train,train,val,train,train,train,train,train,train
3139,2020_Townsend,CC(C)C[C@@H]1NC(=O)[C@@H](C)NC(=O)[C@H](Cc2ccccc2)NC(=O)[C@@H](CC(C)C)N(C)C(=O)[C@H]2CCCN2C(=O)[C@H](CC(C)C)NC1=O,hexa_625,3139,-5.2,6,6,Circle,0.158813,0.0530677,-28.6673,8.193,6.98,1.213,0.143781,0.0364606,8.115,7.081,1.034,49,19,train,train,val,val,train,train,val,train,train,train
3138,2020_Townsend,CC(C)C[C@@H]1NC(=O)[C@H](CC(C)C)N(C)C(=O)[C@@H](C)NC(=O)[C@H](Cc2ccccc2)NC(=O)[C@@H](CC(C)C)NC(=O)[C@H]2CCCN2C1=O,hexa_624,3138,-5.19,6,6,Circle,0.174111,0.072869,-22.0208,8.088,7.038,1.05,0.102641,0.0357778,8.228,7.183,1.045,100,100,train,train,train,train,train,val,train,train,train,val
3137,2020_Townsend,CC(C)C[C@@H]1NC(=O)[C@H]2CCCN2C(=O)[C@@H](CC(C)C)N(C)C(=O)[C@H](CC(C)C)NC(=O)[C@@H](C)NC(=O)[C@H](Cc2ccccc2)NC1=O,hexa_623,3137,-6.15,6,6,Circle,0.19159,0.0644079,-26.9659,8.359,7.175,1.184,0.107454,0.0449037,7.86,6.842,1.018,42,39,train,train,test,train,val,test,test,train,val,train
3136,2020_Townsend,CC(C)C[C@@H]1NC(=O)[C@H]2CCCN2C(=O)[C@@H](CC(C)C)NC(=O)[C@H](CC(C)C)N(C)C(=O)[C@@H](C)NC(=O)[C@H](Cc2ccccc2)NC1=O,hexa_622,3136,-6.61,6,6,Circle,0.145346,0.0419022,-30.8589,8.313,7.15,1.163,0.143025,0.0420342,8.036,6.945,1.091,5,45,train,train,train,val,train,test,train,train,train,test
3135,2020_Townsend,CC(C)C[C@@H]1NC(=O)[C@@H](CC(C)C)N(C)C(=O)[C@@H](C)NC(=O)[C@H](Cc2ccccc2)NC(=O)[C@@H](CC(C)C)NC(=O)[C@H]2CCCN2C1=O,hexa_621,3135,-5.24,6,6,Circle,0.205604,0.0787698,-27.6444,8.221,6.949,1.272,0.128308,0.0384925,8.234,7.265,0.969,76,21,train,train,train,val,test,val,train,train,train,train
3134,2020_Townsend,CC(C)C[C@H]1C(=O)N[C@H](CC(C)C)C(=O)N2CCC[C@@H]2C(=O)N[C@H](CC(C)C)C(=O)N[C@@H](Cc2ccccc2)C(=O)N[C@H](C)C(=O)N1C,hexa_620,3134,-5.49,6,6,Circle,0.157098,0.0511939,-28.3818,8.365,7.111,1.254,0.122596,0.0376117,8.258,7.193,1.065,49,93,test,train,train,val,val,train,train,train,test,train
3133,2020_Townsend,CC(C)C[C@@H]1NC(=O)[C@@H](CC(C)C)NC(=O)[C@@H](C)NC(=O)[C@H](Cc2ccccc2)NC(=O)[C@@H](CC(C)C)N(C)C(=O)[C@H]2CCCN2C1=O,hexa_619,3133,-5.38,6,6,Circle,0.181354,0.0730796,-27.5204,8.335,7.027,1.308,0.159877,0.0464367,8.076,6.969,1.107,89,99,train,train,test,val,train,train,train,train,train,train
3132,2020_Townsend,CC(C)C[C@@H]1NC(=O)[C@@H](C)NC(=O)[C@H](Cc2ccccc2)NC(=O)[C@@H](CC(C)C)NC(=O)[C@H]2CCCN2C(=O)[C@@H](CC(C)C)N(C)C1=O,hexa_618,3132,-5.93,6,6,Circle,0.115517,0.0343636,-16.2594,7.887,6.796,1.091,0.102999,0.0433314,8.034,6.901,1.133,81,9,train,train,train,train,train,train,train,train,train,train
3131,2020_Townsend,CC(C)C[C@@H]1NC(=O)[C@@H](C)NC(=O)[C@H](Cc2ccccc2)NC(=O)[C@@H](CC(C)C)N(C)C(=O)[C@H]2CCCN2C(=O)[C@@H](CC(C)C)NC1=O,hexa_617,3131,-5.85,6,6,Circle,0.150318,0.042467,-42.7808,8.306,6.927,1.379,0.117178,0.0377091,8.273,7.062,1.211,28,56,train,train,train,train,train,train,train,train,train,val
3130,2020_Townsend,CC(C)C[C@@H]1NC(=O)[C@H]2CCCN2C(=O)[C@@H](CC(C)C)NC(=O)[C@@H](CC(C)C)N(C)C(=O)[C@@H](C)NC(=O)[C@H](Cc2ccccc2)NC1=O,hexa_616,3130,-10.0,6,6,Circle,0.128948,0.0400555,-32.7773,8.517,7.344,1.173,0.160848,0.0623272,8.096,6.941,1.155,95,54,val,train,train,val,train,train,train,train,train,train
3129,2020_Townsend,CC(C)C[C@H]1C(=O)N[C@@H](Cc2ccccc2)C(=O)N[C@H](C)C(=O)N[C@H](CC(C)C)C(=O)N[C@H](CC(C)C)C(=O)N2CCC[C@@H]2C(=O)N1C,hexa_615,3129,-6.99,6,6,Circle,0.131133,0.0430404,-29.3398,8.137,6.791,1.346,0.176995,0.0681188,7.84,6.729,1.111,30,48,train,train,train,val,train,test,train,train,train,test
3128,2020_Townsend,CC(C)C[C@@H]1NC(=O)[C@H]2CCCN2C(=O)[C@@H](CC(C)C)N(C)C(=O)[C@@H](CC(C)C)NC(=O)[C@@H](C)NC(=O)[C@H](Cc2ccccc2)NC1=O,hexa_614,3128,-10.0,6,6,Circle,0.16717,0.0423641,-40.8928,8.48,7.185,1.295,0.113095,0.0517358,7.689,6.634,1.055,38,46,train,train,train,train,train,test,val,train,train,train
3127,2020_Townsend,CC(C)C[C@H]1NC(=O)[C@H]2CCCN2C(=O)[C@@H](CC(C)C)NC(=O)[C@@H](CC(C)C)N(C)C(=O)[C@@H](C)NC(=O)[C@H](Cc2ccccc2)NC1=O,hexa_613,3127,-6.2,6,6,Circle,0.161199,0.0499171,-19.7288,8.101,7.036,1.065,0.126839,0.0418001,8.112,7.134,0.978,49,9,train,train,train,train,test,train,train,val,test,train
3126,2020_Townsend,CC(C)C[C@H]1NC(=O)[C@H]2CCCN2C(=O)[C@@H](CC(C)C)N(C)C(=O)[C@@H](CC(C)C)NC(=O)[C@@H](C)NC(=O)[C@H](Cc2ccccc2)NC1=O,hexa_612,3126,-6.1,6,6,Circle,0.141733,0.0471176,-32.6313,8.369,7.046,1.323,0.0956374,0.0349344,8.114,6.857,1.257,92,29,train,test,train,train,train,test,train,train,train,val
3125,2020_Townsend,CC(C)C[C@H]1NC(=O)[C@@H](C)NC(=O)[C@H](Cc2ccccc2)NC(=O)[C@@H](CC(C)C)N(C)C(=O)[C@H]2CCCN2C(=O)[C@@H](CC(C)C)NC1=O,hexa_611,3125,-6.75,6,6,Circle,0.130674,0.0407075,-30.7985,8.272,7.071,1.201,0.129327,0.0522724,7.941,6.88,1.061,47,10,train,train,train,train,train,train,train,train,train,train
3124,2020_Townsend,CC(C)C[C@@H]1NC(=O)[C@@H](C)NC(=O)[C@H](Cc2ccccc2)NC(=O)[C@H](CC(C)C)NC(=O)[C@H]2CCCN2C(=O)[C@H](CC(C)C)NC1=O,hexa_610,3124,-6.61,6,6,Circle,0.165158,0.0637173,-27.1296,8.183,6.996,1.187,0.130384,0.033605,7.847,6.69,1.157,24,38,train,train,test,train,train,train,train,train,train,train
3123,2020_Townsend,CC(C)C[C@@H]1NC(=O)[C@@H](C)NC(=O)[C@H](Cc2ccccc2)NC(=O)[C@@H](CC(C)C)NC(=O)[C@H]2CCCN2C(=O)[C@H](CC(C)C)NC1=O,hexa_609,3123,-6.34,6,6,Circle,0.176182,0.0677346,-26.9756,8.196,6.944,1.252,0.123412,0.0547684,8.067,6.922,1.145,83,97,train,val,train,train,train,train,train,test,train,val
3122,2020_Townsend,CC(C)C[C@@H]1NC(=O)[C@H]2CCCN2C(=O)[C@H](CC(C)C)NC(=O)[C@@H](CC(C)C)NC(=O)[C@@H](C)NC(=O)[C@H](Cc2ccccc2)NC1=O,hexa_608,3122,-6.8,6,6,Circle,0.184029,0.0774196,-26.2125,8.232,6.975,1.257,0.143665,0.0397305,7.928,6.832,1.096,26,2,train,train,train,val,train,train,test,train,train,train
3121,2020_Townsend,CC(C)C[C@@H]1NC(=O)[C@@H](C)NC(=O)[C@H](Cc2ccccc2)NC(=O)[C@@H](CC(C)C)NC(=O)[C@H]2CCCN2C(=O)[C@@H](CC(C)C)NC1=O,hexa_607,3121,-6.34,6,6,Circle,0.140882,0.0427517,-40.7776,8.325,6.939,1.386,0.16609,0.0800131,7.928,6.756,1.172,100,19,train,train,train,val,train,test,train,train,train,train
3120,2020_Townsend,CC(C)C[C@@H]1NC(=O)[C@H]2CCCN2C(=O)[C@@H](CC(C)C)NC(=O)[C@@H](CC(C)C)NC(=O)[C@@H](C)NC(=O)[C@H](Cc2ccccc2)NC1=O,hexa_606,3120,-10.0,6,6,Circle,0.127812,0.0456752,-30.9949,8.324,7.001,1.323,0.1225,0.032272,7.85,6.7,1.15,72,37,train,train,train,train,train,train,val,train,train,train
3119,2020_Townsend,CC(C)C[C@H]1NC(=O)[C@@H](C)NC(=O)[C@H](Cc2ccccc2)NC(=O)[C@@H](CC(C)C)NC(=O)[C@H]2CCCN2C(=O)[C@@H](CC(C)C)NC1=O,hexa_605,3119,-6.43,6,6,Circle,0.183036,0.0488633,-24.8107,7.97,6.594,1.376,0.139419,0.0395059,7.907,6.836,1.071,35,9,test,train,train,train,train,train,train,train,train,train
3118,2020_Townsend,C[C@@H]1NC(=O)[C@H](Cc2ccccc2)NC(=O)CN(Cc2ccccc2)C(=O)[C@H]2CCCN2C(=O)CN(Cc2ccccc2)C(=O)CN(Cc2ccccc2)C1=O,hexa_604,3118,-6.79,6,6,Circle,0.187322,0.0446593,-36.0119,8.523,7.311,1.212,0.159979,0.0416074,8.679,7.657,1.022,80,8,train,val,train,train,train,train,test,train,train,train
3116,2020_Townsend,CC(C)C[C@H]1C(=O)N(Cc2ccccc2)CC(=O)N2CCC[C@@H]2C(=O)N(Cc2ccccc2)CC(=O)N[C@@H](Cc2ccccc2)C(=O)N[C@@H](C)C(=O)N1C,hexa_602,3116,-5.67,6,6,Circle,0.20187,0.0726809,-31.3401,8.517,7.413,1.104,0.172015,0.037534,8.62,7.455,1.165,91,5,test,train,test,train,train,train,train,train,train,val
3113,2020_Townsend,CC(C)C[C@@H]1NC(=O)[C@H](C)NC(=O)[C@H](Cc2ccccc2)NC(=O)CN(Cc2ccccc2)C(=O)[C@H]2CCCN2C(=O)CN(Cc2ccccc2)C1=O,hexa_599,3113,-6.03,6,6,Circle,0.176285,0.0645128,-42.23,8.258,6.988,1.27,0.116949,0.0291323,8.184,7.181,1.003,75,43,test,train,test,train,train,train,train,train,val,train
3112,2020_Townsend,CC(C)C[C@H]1C(=O)N2CCC[C@@H]2C(=O)N(C)[C@@H](CC(C)C)C(=O)N[C@@H](Cc2ccccc2)C(=O)N[C@@H](C)C(=O)N(Cc2ccccc2)CC(=O)N1C,hexa_598,3112,-5.19,6,6,Circle,0.18363,0.0492221,-18.7332,8.5,7.36,1.14,0.17658,0.0749016,8.371,7.353,1.018,58,34,train,train,train,train,val,train,test,train,train,test
3110,2020_Townsend,CC(C)C[C@H]1C(=O)N(Cc2ccccc2)CC(=O)N2CCC[C@@H]2C(=O)N(C)[C@@H](CC(C)C)C(=O)N[C@@H](Cc2ccccc2)C(=O)N[C@@H](C)C(=O)N1C,hexa_596,3110,-6.2,6,6,Circle,0.151291,0.0404732,-29.0498,8.533,7.383,1.15,0.155105,0.0321925,8.453,7.429,1.024,35,36,val,val,train,val,train,train,train,train,train,train
3108,2020_Townsend,CC(C)C[C@H]1NC(=O)[C@H](C)NC(=O)[C@H](Cc2ccccc2)NC(=O)CN(Cc2ccccc2)C(=O)[C@H]2CCCN2C(=O)CN(Cc2ccccc2)C1=O,hexa_594,3108,-6.01,6,6,Circle,0.202096,0.0736929,-32.5319,8.518,7.349,1.169,0.152706,0.0363729,8.508,7.42,1.088,25,65,val,train,train,train,val,train,train,train,train,train
3107,2020_Townsend,CC(C)C[C@H]1C(=O)N2CCC[C@@H]2C(=O)N(Cc2ccccc2)CC(=O)N[C@@H](Cc2ccccc2)C(=O)N[C@@H](C)C(=O)N(C)[C@H](CC(C)C)C(=O)N1C,hexa_593,3107,-5.28,6,6,Circle,0.186165,0.0887146,-23.1163,8.339,7.171,1.168,0.174099,0.0724833,8.276,7.223,1.053,25,66,train,train,test,train,train,train,train,test,train,train
3106,2020_Townsend,CC(C)C[C@H]1C(=O)N[C@@H](Cc2ccccc2)C(=O)N[C@@H](C)C(=O)N(C)[C@H](CC(C)C)C(=O)N(Cc2ccccc2)CC(=O)N2CCC[C@@H]2C(=O)N1C,hexa_592,3106,-5.08,6,6,Circle,0.167805,0.053667,-17.6082,8.26,7.109,1.151,0.163431,0.0494136,8.395,7.269,1.126,83,48,test,val,train,train,train,val,train,train,train,train
3104,2020_Townsend,CC(C)C[C@H]1C(=O)N(Cc2ccccc2)CC(=O)N2CCC[C@@H]2C(=O)N(C)[C@H](CC(C)C)C(=O)N[C@@H](Cc2ccccc2)C(=O)N[C@@H](C)C(=O)N1C,hexa_590,3104,-6.22,6,6,Circle,0.170319,0.049738,-30.0369,8.261,7.136,1.125,0.134353,0.0497382,8.312,7.395,0.917,71,50,train,train,train,train,train,val,train,train,train,train
3100,2020_Townsend,CC(C)C[C@@H]1C(=O)N(C)[C@H](CC(C)C)C(=O)N2CCC[C@@H]2C(=O)N(Cc2ccccc2)CC(=O)N[C@@H](Cc2ccccc2)C(=O)N[C@@H](C)C(=O)N1C,hexa_586,3100,-5.1,6,6,Circle,0.213028,0.0698795,-25.8651,8.251,7.182,1.069,0.171196,0.0452697,8.308,7.227,1.081,45,74,train,val,train,train,train,train,train,train,train,train
3097,2020_Townsend,CC(C)C[C@@H]1NC(=O)[C@H](CC(C)C)N(C)C(=O)[C@H](C)NC(=O)[C@H](Cc2ccccc2)NC(=O)CN(Cc2ccccc2)C(=O)[C@H]2CCCN2C1=O,hexa_583,3097,-5.74,6,6,Circle,0.164433,0.0473371,-24.4755,8.28,7.158,1.122,0.148623,0.0317912,8.415,7.448,0.967,92,60,train,train,train,test,train,train,train,train,val,train
3096,2020_Townsend,CC(C)C[C@@H]1NC(=O)[C@H](C)NC(=O)[C@H](Cc2ccccc2)NC(=O)[C@H](CC(C)C)N(C)C(=O)[C@H]2CCCN2C(=O)CN(Cc2ccccc2)C1=O,hexa_582,3096,-5.81,6,6,Circle,0.185353,0.0532216,-27.7219,8.201,7.042,1.159,0.153622,0.0377834,8.243,7.157,1.086,70,26,train,train,train,train,train,train,train,val,train,train
3094,2020_Townsend,CC(C)C[C@@H]1NC(=O)[C@H]2CCCN2C(=O)CN(Cc2ccccc2)C(=O)[C@H](CC(C)C)N(C)C(=O)[C@H](C)NC(=O)[C@H](Cc2ccccc2)NC1=O,hexa_580,3094,-10.0,6,6,Circle,0.168594,0.0462064,-27.8287,8.164,7.071,1.093,0.166354,0.0397242,8.112,7.043,1.069,23,39,test,test,val,train,train,train,train,test,train,train
3093,2020_Townsend,CC(C)C[C@@H]1NC(=O)[C@@H](CC(C)C)N(C)C(=O)[C@H](C)NC(=O)[C@H](Cc2ccccc2)NC(=O)CN(Cc2ccccc2)C(=O)[C@H]2CCCN2C1=O,hexa_579,3093,-5.09,6,6,Circle,0.171941,0.0734757,-26.2545,8.369,7.255,1.114,0.173062,0.0580426,8.291,7.267,1.024,99,44,train,train,train,train,test,train,train,test,train,train
3092,2020_Townsend,CC(C)C[C@H]1C(=O)N2CCC[C@@H]2C(=O)N(Cc2ccccc2)CC(=O)N[C@@H](Cc2ccccc2)C(=O)N[C@@H](C)C(=O)N[C@H](CC(C)C)C(=O)N1C,hexa_578,3092,-5.45,6,6,Circle,0.141873,0.0425537,-23.4319,8.257,7.081,1.176,0.10981,0.0373377,7.977,6.79,1.187,3,87,test,train,train,train,train,train,train,train,train,train
3091,2020_Townsend,CC(C)C[C@H]1C(=O)N[C@@H](Cc2ccccc2)C(=O)N[C@@H](C)C(=O)N[C@H](CC(C)C)C(=O)N(Cc2ccccc2)CC(=O)N2CCC[C@@H]2C(=O)N1C,hexa_577,3091,-5.77,6,6,Circle,0.160822,0.058811,-27.0841,8.294,7.119,1.175,0.184928,0.0625281,8.228,7.191,1.037,58,100,train,train,train,test,test,train,val,train,train,test
3090,2020_Townsend,CC(C)C[C@H]1C(=O)N[C@H](CC(C)C)C(=O)N2CCC[C@@H]2C(=O)N(Cc2ccccc2)CC(=O)N[C@@H](Cc2ccccc2)C(=O)N[C@@H](C)C(=O)N1C,hexa_576,3090,-5.76,6,6,Circle,0.189124,0.0853984,-25.5964,8.471,7.348,1.123,0.163351,0.0421372,8.483,7.395,1.088,73,13,train,train,train,train,train,train,train,train,train,train
3089,2020_Townsend,CC(C)C[C@@H]1NC(=O)[C@H](C)NC(=O)[C@H](Cc2ccccc2)NC(=O)CN(Cc2ccccc2)C(=O)[C@H]2CCCN2C(=O)[C@@H](CC(C)C)N(C)C1=O,hexa_575,3089,-10.0,6,6,Circle,0.199164,0.0704529,-30.2971,8.704,7.481,1.223,0.157785,0.043961,7.997,6.939,1.058,43,23,train,train,train,test,train,train,train,train,test,train
3088,2020_Townsend,CC(C)C[C@@H]1NC(=O)[C@H]2CCCN2C(=O)CN(Cc2ccccc2)C(=O)[C@@H](CC(C)C)N(C)C(=O)[C@H](C)NC(=O)[C@H](Cc2ccccc2)NC1=O,hexa_574,3088,-6.1,6,6,Circle,0.161036,0.0476161,-24.3213,8.134,6.869,1.265,0.14933,0.0493223,8.112,6.954,1.158,86,56,train,train,val,train,train,train,val,train,train,train
3086,2020_Townsend,CC(C)C[C@H]1C(=O)N2CCC[C@@H]2C(=O)N(C)[C@@H](CC(C)C)C(=O)N[C@@H](Cc2ccccc2)C(=O)N[C@@H](C)C(=O)N(C)[C@H](CC(C)C)C(=O)N1C,hexa_572,3086,-5.0,6,6,Circle,0.134332,0.0593831,-20.1424,8.259,7.148,1.111,0.263978,0.120898,8.398,7.34,1.058,46,17,train,train,train,train,test,train,train,train,train,train
3085,2020_Townsend,CC(C)C[C@H]1NC(=O)[C@@H](CC(C)C)N(C)C(=O)[C@H](C)NC(=O)[C@H](Cc2ccccc2)NC(=O)CN(Cc2ccccc2)C(=O)[C@H]2CCCN2C1=O,hexa_571,3085,-5.49,6,6,Circle,0.111236,0.0330538,-25.9485,8.233,7.039,1.194,0.132796,0.0372245,8.175,6.994,1.181,98,63,train,test,train,train,val,train,train,train,train,train
3083,2020_Townsend,CC(C)C[C@H]1NC(=O)[C@H](C)NC(=O)[C@H](Cc2ccccc2)NC(=O)CN(Cc2ccccc2)C(=O)[C@H]2CCCN2C(=O)[C@@H](CC(C)C)N(C)C1=O,hexa_569,3083,-6.23,6,6,Circle,0.207379,0.0757323,-28.8855,8.164,7.004,1.16,0.127571,0.029401,8.189,6.967,1.222,71,78,train,train,train,train,train,test,train,test,test,train
3082,2020_Townsend,CC(C)C[C@H]1NC(=O)[C@H](C)NC(=O)[C@H](Cc2ccccc2)NC(=O)[C@@H](CC(C)C)N(C)C(=O)[C@H]2CCCN2C(=O)CN(Cc2ccccc2)C1=O,hexa_568,3082,-6.26,6,6,Circle,0.167886,0.0651646,-32.5288,8.56,7.379,1.181,0.110495,0.0330211,8.208,7.227,0.981,68,45,train,train,train,val,train,train,train,train,train,train
3081,2020_Townsend,CC(C)C[C@H]1C(=O)N2CCC[C@@H]2C(=O)N(C)[C@H](CC(C)C)C(=O)N[C@@H](Cc2ccccc2)C(=O)N[C@@H](C)C(=O)N(C)[C@H](CC(C)C)C(=O)N1C,hexa_567,3081,-5.03,6,6,Circle,0.138981,0.0428254,-24.0844,8.327,7.2,1.127,0.139903,0.046629,8.346,7.281,1.065,31,25,train,train,train,train,train,test,train,train,train,train
3080,2020_Townsend,CC(C)C[C@H]1C(=O)N(C)[C@H](CC(C)C)C(=O)N2CCC[C@@H]2C(=O)N(C)[C@H](CC(C)C)C(=O)N[C@@H](Cc2ccccc2)C(=O)N[C@@H](C)C(=O)N1C,hexa_566,3080,-5.84,6,6,Circle,0.197916,0.082761,-21.5645,8.204,7.187,1.017,0.13606,0.0371402,8.288,7.255,1.033,36,16,train,train,train,train,train,test,train,train,train,train
3079,2020_Townsend,CC(C)C[C@@H]1NC(=O)[C@H](C)NC(=O)[C@H](Cc2ccccc2)NC(=O)CN(Cc2ccccc2)C(=O)[C@H]2CCCN2C(=O)[C@H](CC(C)C)NC1=O,hexa_565,3079,-5.88,6,6,Circle,0.20283,0.103034,-26.0423,8.063,6.878,1.185,0.139867,0.0310467,8.221,7.139,1.082,15,82,train,train,train,train,train,train,train,train,val,train
3078,2020_Townsend,CC(C)C[C@@H]1NC(=O)[C@H]2CCCN2C(=O)[C@H](CC(C)C)NC(=O)CN(Cc2ccccc2)C(=O)[C@H](C)NC(=O)[C@H](Cc2ccccc2)NC1=O,hexa_564,3078,-6.04,6,6,Circle,0.199123,0.0764222,-29.9498,8.47,7.252,1.218,0.13965,0.0426047,7.997,6.88,1.117,30,32,train,train,train,val,train,val,train,val,train,train
3077,2020_Townsend,CC(C)C[C@@H]1NC(=O)[C@H]2CCCN2C(=O)CN(Cc2ccccc2)C(=O)[C@H](CC(C)C)NC(=O)[C@H](C)NC(=O)[C@H](Cc2ccccc2)NC1=O,hexa_563,3077,-6.54,6,6,Circle,0.174504,0.0488331,-30.914,8.103,6.861,1.242,0.202395,0.0795289,7.969,6.779,1.19,49,6,train,train,train,train,test,val,val,val,train,train
3076,2020_Townsend,CC(C)C[C@@H]1NC(=O)[C@H](CC(C)C)N(C)C(=O)[C@H](C)NC(=O)[C@H](Cc2ccccc2)NC(=O)[C@H](CC(C)C)N(C)C(=O)[C@H]2CCCN2C1=O,hexa_562,3076,-5.17,6,6,Circle,0.170699,0.0501225,-17.6209,8.407,7.211,1.196,0.138348,0.0343131,8.135,7.245,0.89,56,45,train,test,train,train,train,train,train,train,train,train
3075,2020_Townsend,CC(C)C[C@@H]1NC(=O)[C@H](C)NC(=O)[C@H](Cc2ccccc2)NC(=O)[C@H](CC(C)C)N(C)C(=O)[C@H]2CCCN2C(=O)[C@H](CC(C)C)N(C)C1=O,hexa_561,3075,-5.07,6,6,Circle,0.10564,0.0431943,-30.6659,8.356,7.14,1.216,0.126434,0.0361752,8.183,7.205,0.978,21,70,val,train,train,train,train,val,val,train,train,val
3074,2020_Townsend,CC(C)C[C@@H]1NC(=O)[C@@H](CC(C)C)NC(=O)[C@H](C)NC(=O)[C@H](Cc2ccccc2)NC(=O)CN(Cc2ccccc2)C(=O)[C@H]2CCCN2C1=O,hexa_560,3074,-5.56,6,6,Circle,0.166349,0.0616507,-29.0373,8.182,6.955,1.227,0.119882,0.0297849,8.215,7.107,1.108,55,77,train,train,train,train,train,train,train,test,train,train
3073,2020_Townsend,CC(C)C[C@@H]1NC(=O)[C@H]2CCCN2C(=O)CN(Cc2ccccc2)C(=O)[C@@H](CC(C)C)NC(=O)[C@H](C)NC(=O)[C@H](Cc2ccccc2)NC1=O,hexa_559,3073,-6.34,6,6,Circle,0.161583,0.0624459,-32.0019,8.297,7.074,1.223,0.130929,0.0406279,8.074,6.885,1.189,69,65,train,train,train,train,train,train,train,train,train,train
3072,2020_Townsend,CC(C)C[C@@H]1NC(=O)[C@H](C)NC(=O)[C@H](Cc2ccccc2)NC(=O)CN(Cc2ccccc2)C(=O)[C@H]2CCCN2C(=O)[C@@H](CC(C)C)NC1=O,hexa_558,3072,-6.32,6,6,Circle,0.13114,0.0377055,-32.2648,8.275,7.105,1.17,0.129075,0.032113,8.196,6.953,1.243,25,55,train,train,train,train,train,train,val,test,train,train
3071,2020_Townsend,CC(C)C[C@@H]1NC(=O)[C@H](C)NC(=O)[C@H](Cc2ccccc2)NC(=O)[C@@H](CC(C)C)NC(=O)[C@H]2CCCN2C(=O)CN(Cc2ccccc2)C1=O,hexa_557,3071,-6.69,6,6,Circle,0.120272,0.0397451,-33.5694,8.25,6.915,1.335,0.149445,0.0312191,7.894,6.856,1.038,47,11,train,val,train,test,train,train,train,test,test,train
3070,2020_Townsend,CC(C)C[C@@H]1NC(=O)[C@@H](CC(C)C)N(C)C(=O)[C@H](C)NC(=O)[C@H](Cc2ccccc2)NC(=O)[C@H](CC(C)C)N(C)C(=O)[C@H]2CCCN2C1=O,hexa_556,3070,-4.89,6,6,Circle,0.149199,0.0504045,-17.5713,8.197,7.089,1.108,0.119765,0.0357299,8.362,7.295,1.067,28,99,train,train,train,train,train,test,train,val,test,train
3069,2020_Townsend,CC(C)C[C@H]1C(=O)N2CCC[C@@H]2C(=O)N(C)[C@@H](CC(C)C)C(=O)N[C@@H](Cc2ccccc2)C(=O)N[C@@H](C)C(=O)N[C@H](CC(C)C)C(=O)N1C,hexa_555,3069,-5.46,6,6,Circle,0.112019,0.0420243,-21.2495,8.067,6.915,1.152,0.102855,0.0418816,8.177,7.021,1.156,55,17,train,train,test,train,val,train,train,train,train,train
3068,2020_Townsend,CC(C)C[C@@H]1NC(=O)[C@H](C)NC(=O)[C@H](Cc2ccccc2)NC(=O)[C@@H](CC(C)C)N(C)C(=O)[C@H]2CCCN2C(=O)[C@H](CC(C)C)N(C)C1=O,hexa_554,3068,-5.41,6,6,Circle,0.135353,0.040686,-25.6123,8.288,7.103,1.185,0.144775,0.0414313,7.94,6.821,1.119,26,100,train,train,train,test,test,train,train,test,train,train
3067,2020_Townsend,CC(C)C[C@@H]1NC(=O)[C@H](C)NC(=O)[C@H](Cc2ccccc2)NC(=O)[C@H](CC(C)C)N(C)C(=O)[C@H]2CCCN2C(=O)[C@@H](CC(C)C)N(C)C1=O,hexa_553,3067,-5.11,6,6,Circle,0.146562,0.0615814,-21.8234,8.369,7.165,1.204,0.122193,0.045222,7.905,6.858,1.047,83,83,train,train,train,train,train,train,train,val,train,train
3066,2020_Townsend,CC(C)C[C@@H]1NC(=O)[C@H]2CCCN2C(=O)[C@H](CC(C)C)N(C)C(=O)[C@@H](CC(C)C)N(C)C(=O)[C@H](C)NC(=O)[C@H](Cc2ccccc2)NC1=O,hexa_552,3066,-5.18,6,6,Circle,0.225787,0.106129,-22.6533,8.227,7.11,1.117,0.153572,0.058306,8.184,7.029,1.155,93,42,train,train,train,test,val,train,train,train,train,train
3065,2020_Townsend,CC(C)C[C@H]1NC(=O)[C@H]2CCCN2C(=O)CN(Cc2ccccc2)C(=O)[C@@H](CC(C)C)NC(=O)[C@H](C)NC(=O)[C@H](Cc2ccccc2)NC1=O,hexa_551,3065,-5.62,6,6,Circle,0.209627,0.0806004,-29.7664,8.197,6.969,1.228,0.140079,0.0331814,7.698,6.539,1.159,48,25,train,train,train,train,train,train,train,train,train,train
3064,2020_Townsend,CC(C)C[C@H]1NC(=O)[C@H]2CCCN2C(=O)[C@@H](CC(C)C)NC(=O)CN(Cc2ccccc2)C(=O)[C@H](C)NC(=O)[C@H](Cc2ccccc2)NC1=O,hexa_550,3064,-6.46,6,6,Circle,0.171959,0.0492419,-36.6291,8.035,6.607,1.428,0.136425,0.0289044,8.067,7.048,1.019,19,58,train,train,train,train,train,train,train,train,train,train
3063,2020_Townsend,CC(C)C[C@H]1NC(=O)[C@H](C)NC(=O)[C@H](Cc2ccccc2)NC(=O)CN(Cc2ccccc2)C(=O)[C@H]2CCCN2C(=O)[C@@H](CC(C)C)NC1=O,hexa_549,3063,-6.67,6,6,Circle,0.177344,0.0435172,-36.3639,8.541,7.185,1.356,0.200817,0.0688941,8.329,7.024,1.305,8,34,train,train,train,train,train,val,train,test,train,train
3062,2020_Townsend,CC(C)C[C@@H]1NC(=O)[C@@H](CC(C)C)N(C)C(=O)[C@H](C)NC(=O)[C@H](Cc2ccccc2)NC(=O)[C@@H](CC(C)C)N(C)C(=O)[C@H]2CCCN2C1=O,hexa_548,3062,-4.92,6,6,Circle,0.145788,0.0646582,-28.4952,8.274,7.018,1.256,0.133706,0.0461723,8.399,7.478,0.921,17,16,train,test,train,train,train,train,train,train,train,train
3061,2020_Townsend,CC(C)C[C@H]1C(=O)N[C@@H](Cc2ccccc2)C(=O)N[C@@H](C)C(=O)N(C)[C@H](CC(C)C)C(=O)N[C@H](CC(C)C)C(=O)N2CCC[C@@H]2C(=O)N1C,hexa_547,3061,-4.82,6,6,Circle,0.128742,0.0334437,-19.7196,8.169,7.118,1.051,0.111301,0.0378497,8.229,7.051,1.178,63,81,train,train,train,train,train,train,train,val,test,train
3060,2020_Townsend,CC(C)C[C@H]1C(=O)N2CCC[C@@H]2C(=O)N(C)[C@H](CC(C)C)C(=O)N[C@@H](Cc2ccccc2)C(=O)N[C@@H](C)C(=O)N[C@H](CC(C)C)C(=O)N1C,hexa_546,3060,-5.69,6,6,Circle,0.191426,0.0662579,-26.1215,8.315,7.208,1.107,0.129256,0.0357038,8.207,7.009,1.198,8,32,train,train,test,train,train,test,train,train,train,train
3059,2020_Townsend,CC(C)C[C@H]1C(=O)N2CCC[C@@H]2C(=O)N[C@H](CC(C)C)C(=O)N[C@@H](Cc2ccccc2)C(=O)N[C@@H](C)C(=O)N(C)[C@H](CC(C)C)C(=O)N1C,hexa_545,3059,-5.7,6,6,Circle,0.174761,0.0685232,-23.9495,8.388,7.182,1.206,0.10958,0.0335402,8.245,7.188,1.057,46,2,train,train,train,train,train,train,val,train,train,train
3058,2020_Townsend,CC(C)C[C@H]1C(=O)N[C@@H](Cc2ccccc2)C(=O)N[C@@H](C)C(=O)N[C@H](CC(C)C)C(=O)N(C)[C@H](CC(C)C)C(=O)N2CCC[C@@H]2C(=O)N1C,hexa_544,3058,-5.65,6,6,Circle,0.139506,0.0416254,-23.6951,8.58,7.336,1.244,0.128393,0.0510366,8.287,7.363,0.924,42,71,train,train,val,train,val,train,val,test,train,train
3057,2020_Townsend,CC(C)C[C@H]1C(=O)N[C@H](CC(C)C)C(=O)N2CCC[C@@H]2C(=O)N(C)[C@H](CC(C)C)C(=O)N[C@@H](Cc2ccccc2)C(=O)N[C@@H](C)C(=O)N1C,hexa_543,3057,-6.14,6,6,Circle,0.123479,0.0373279,-24.2363,8.149,7.141,1.008,0.118531,0.0438608,8.151,7.126,1.025,96,17,val,test,train,train,train,val,train,train,train,train
3056,2020_Townsend,CC(C)C[C@@H]1NC(=O)[C@H](C)NC(=O)[C@H](Cc2ccccc2)NC(=O)[C@@H](CC(C)C)N(C)C(=O)[C@H]2CCCN2C(=O)[C@@H](CC(C)C)N(C)C1=O,hexa_542,3056,-6.26,6,6,Circle,0.134993,0.0487376,-24.0479,8.354,7.167,1.187,0.103176,0.0351366,8.168,7.081,1.087,72,5,train,train,train,train,train,train,train,val,train,train
3055,2020_Townsend,CC(C)C[C@H]1NC(=O)[C@@H](CC(C)C)N(C)C(=O)[C@H](C)NC(=O)[C@H](Cc2ccccc2)NC(=O)[C@@H](CC(C)C)N(C)C(=O)[C@H]2CCCN2C1=O,hexa_541,3055,-5.2,6,6,Circle,0.105358,0.0404982,-21.9851,8.288,7.197,1.091,0.116854,0.0430884,8.076,6.846,1.23,77,22,val,train,train,train,train,train,test,train,test,test
3054,2020_Townsend,CC(C)C[C@H]1NC(=O)[C@H](C)NC(=O)[C@H](Cc2ccccc2)NC(=O)[C@@H](CC(C)C)N(C)C(=O)[C@H]2CCCN2C(=O)[C@@H](CC(C)C)N(C)C1=O,hexa_540,3054,-10.0,6,6,Circle,0.133753,0.043821,-24.3481,8.236,7.039,1.197,0.0885301,0.0282567,8.179,7.003,1.176,57,16,train,test,test,val,train,train,train,train,train,train
3053,2020_Townsend,CC(C)C[C@@H]1NC(=O)[C@H]2CCCN2C(=O)[C@H](CC(C)C)N(C)C(=O)[C@H](CC(C)C)NC(=O)[C@H](C)NC(=O)[C@H](Cc2ccccc2)NC1=O,hexa_539,3053,-5.62,6,6,Circle,0.124981,0.0435187,-37.6968,8.323,7.031,1.292,0.106234,0.034432,8.039,6.812,1.227,13,70,train,train,val,train,train,train,train,train,test,train
3052,2020_Townsend,CC(C)C[C@@H]1NC(=O)[C@H](C)NC(=O)[C@H](Cc2ccccc2)NC(=O)[C@H](CC(C)C)N(C)C(=O)[C@H]2CCCN2C(=O)[C@H](CC(C)C)NC1=O,hexa_538,3052,-6.04,6,6,Circle,0.188978,0.0838041,-17.8645,8.151,6.993,1.158,0.105068,0.0326538,7.966,6.937,1.029,43,75,train,test,train,train,val,train,train,train,train,train
3051,2020_Townsend,CC(C)C[C@@H]1NC(=O)[C@H]2CCCN2C(=O)[C@H](CC(C)C)NC(=O)[C@H](CC(C)C)N(C)C(=O)[C@H](C)NC(=O)[C@H](Cc2ccccc2)NC1=O,hexa_537,3051,-6.46,6,6,Circle,0.116212,0.0387884,-32.805,8.29,7.175,1.115,0.167371,0.0523478,8.332,7.171,1.161,100,30,train,train,train,train,train,train,train,train,train,train
3050,2020_Townsend,CC(C)C[C@@H]1NC(=O)[C@@H](CC(C)C)NC(=O)[C@H](C)NC(=O)[C@H](Cc2ccccc2)NC(=O)[C@H](CC(C)C)N(C)C(=O)[C@H]2CCCN2C1=O,hexa_536,3050,-5.3,6,6,Circle,0.152704,0.0532046,-15.3779,8.037,6.924,1.113,0.145075,0.0463931,8.065,7.062,1.003,80,95,train,train,train,train,val,train,val,train,train,train
3049,2020_Townsend,CC(C)C[C@@H]1NC(=O)[C@H]2CCCN2C(=O)[C@H](CC(C)C)NC(=O)[C@@H](CC(C)C)N(C)C(=O)[C@H](C)NC(=O)[C@H](Cc2ccccc2)NC1=O,hexa_535,3049,-5.61,6,6,Circle,0.167201,0.0752738,-23.1648,8.153,6.981,1.172,0.152839,0.0476706,8.187,7.06,1.127,2,61,train,train,train,train,train,test,train,train,train,train
3048,2020_Townsend,CC(C)C[C@@H]1NC(=O)[C@H](C)NC(=O)[C@H](Cc2ccccc2)NC(=O)[C@@H](CC(C)C)N(C)C(=O)[C@H]2CCCN2C(=O)[C@H](CC(C)C)NC1=O,hexa_534,3048,-5.68,6,6,Circle,0.161387,0.0529125,-28.6332,8.2,6.989,1.211,0.172983,0.0389255,8.178,6.968,1.21,17,26,train,train,train,val,val,train,train,train,train,train
3047,2020_Townsend,CC(C)C[C@@H]1NC(=O)[C@H](CC(C)C)N(C)C(=O)[C@H](C)NC(=O)[C@H](Cc2ccccc2)NC(=O)[C@@H](CC(C)C)NC(=O)[C@H]2CCCN2C1=O,hexa_533,3047,-5.53,6,6,Circle,0.149713,0.0373518,-16.6359,7.751,6.731,1.02,0.143753,0.0359108,7.778,6.839,0.939,98,90,val,train,train,train,val,test,train,train,val,train
3046,2020_Townsend,CC(C)C[C@@H]1NC(=O)[C@H]2CCCN2C(=O)[C@H](CC(C)C)N(C)C(=O)[C@@H](CC(C)C)NC(=O)[C@H](C)NC(=O)[C@H](Cc2ccccc2)NC1=O,hexa_532,3046,-6.27,6,6,Circle,0.142995,0.0459822,-29.5429,8.288,7.039,1.249,0.121964,0.0390159,8.204,7.041,1.163,44,59,train,train,train,test,test,train,val,train,train,test
3045,2020_Townsend,CC(C)C[C@@H]1NC(=O)[C@H]2CCCN2C(=O)[C@@H](CC(C)C)NC(=O)[C@H](CC(C)C)N(C)C(=O)[C@H](C)NC(=O)[C@H](Cc2ccccc2)NC1=O,hexa_531,3045,-6.21,6,6,Circle,0.165317,0.0535062,-21.0025,8.155,7.014,1.141,0.112873,0.0326251,8.317,7.221,1.096,9,52,train,train,train,train,train,train,val,test,train,train
3044,2020_Townsend,CC(C)C[C@@H]1NC(=O)[C@H](C)NC(=O)[C@H](Cc2ccccc2)NC(=O)[C@H](CC(C)C)N(C)C(=O)[C@H]2CCCN2C(=O)[C@@H](CC(C)C)NC1=O,hexa_530,3044,-6.55,6,6,Circle,0.176184,0.0966825,-29.2529,8.109,6.882,1.227,0.145043,0.0354683,8.226,6.955,1.271,48,16,test,train,train,train,test,test,train,train,train,train
3043,2020_Townsend,CC(C)C[C@@H]1NC(=O)[C@H](C)NC(=O)[C@H](Cc2ccccc2)NC(=O)[C@@H](CC(C)C)NC(=O)[C@H]2CCCN2C(=O)[C@H](CC(C)C)N(C)C1=O,hexa_529,3043,-6.52,6,6,Circle,0.125177,0.0387677,-27.8118,8.201,6.938,1.263,0.115885,0.0325528,8.043,6.856,1.187,100,15,train,test,train,train,train,test,train,train,train,test
3042,2020_Townsend,CC(C)C[C@H]1C(=O)N2CCC[C@@H]2C(=O)N[C@H](CC(C)C)C(=O)N[C@@H](Cc2ccccc2)C(=O)N[C@@H](C)C(=O)N[C@H](CC(C)C)C(=O)N1C,hexa_528,3042,-5.72,6,6,Circle,0.130725,0.0389044,-30.0326,8.346,7.018,1.328,0.179854,0.0634083,7.959,6.75,1.209,71,56,train,train,val,train,val,train,test,train,train,train
3041,2020_Townsend,CC(C)C[C@@H]1NC(=O)[C@@H](CC(C)C)NC(=O)[C@H](C)NC(=O)[C@H](Cc2ccccc2)NC(=O)[C@@H](CC(C)C)N(C)C(=O)[C@H]2CCCN2C1=O,hexa_527,3041,-5.4,6,6,Circle,0.194087,0.0616456,-28.0638,8.098,6.845,1.253,0.235155,0.122552,8.128,7.032,1.096,33,26,train,train,test,train,train,train,train,train,train,train
3040,2020_Townsend,CC(C)C[C@@H]1NC(=O)[C@@H](CC(C)C)N(C)C(=O)[C@H](C)NC(=O)[C@H](Cc2ccccc2)NC(=O)[C@@H](CC(C)C)NC(=O)[C@H]2CCCN2C1=O,hexa_526,3040,-5.69,6,6,Circle,0.196468,0.0616915,-25.889,8.225,7.019,1.206,0.21466,0.085183,8.195,7.051,1.144,29,48,val,train,train,train,train,train,train,train,test,test
3039,2020_Townsend,CC(C)C[C@H]1C(=O)N[C@@H](Cc2ccccc2)C(=O)N[C@@H](C)C(=O)N[C@H](CC(C)C)C(=O)N[C@H](CC(C)C)C(=O)N2CCC[C@@H]2C(=O)N1C,hexa_525,3039,-6.28,6,6,Circle,0.161519,0.039947,-29.4183,8.29,6.976,1.314,0.167281,0.0514698,7.976,6.901,1.075,74,100,train,train,train,train,train,train,train,train,train,val
3038,2020_Townsend,CC(C)C[C@@H]1NC(=O)[C@H]2CCCN2C(=O)[C@@H](CC(C)C)NC(=O)[C@@H](CC(C)C)N(C)C(=O)[C@H](C)NC(=O)[C@H](Cc2ccccc2)NC1=O,hexa_524,3038,-6.35,6,6,Circle,0.178254,0.0709978,-25.7713,8.189,6.948,1.241,0.137238,0.0369737,8.163,7.04,1.123,60,45,train,train,train,train,train,train,test,train,train,train
3037,2020_Townsend,CC(C)C[C@@H]1NC(=O)[C@H](C)NC(=O)[C@H](Cc2ccccc2)NC(=O)[C@@H](CC(C)C)N(C)C(=O)[C@H]2CCCN2C(=O)[C@@H](CC(C)C)NC1=O,hexa_523,3037,-6.39,6,6,Circle,0.162973,0.0546328,-24.5205,8.191,6.922,1.269,0.10754,0.0409876,8.018,6.724,1.294,100,51,train,train,train,train,train,train,train,train,train,train
3036,2020_Townsend,CC(C)C[C@@H]1NC(=O)[C@H](C)NC(=O)[C@H](Cc2ccccc2)NC(=O)[C@@H](CC(C)C)NC(=O)[C@H]2CCCN2C(=O)[C@@H](CC(C)C)N(C)C1=O,hexa_522,3036,-10.0,6,6,Circle,0.171651,0.063811,-26.0034,8.262,7.101,1.161,0.139605,0.0547173,8.029,6.904,1.125,39,50,train,test,train,test,train,train,train,test,train,train
3035,2020_Townsend,CC(C)C[C@@H]1NC(=O)[C@H]2CCCN2C(=O)[C@@H](CC(C)C)N(C)C(=O)[C@@H](CC(C)C)NC(=O)[C@H](C)NC(=O)[C@H](Cc2ccccc2)NC1=O,hexa_521,3035,-10.0,6,6,Circle,0.171962,0.058002,-27.0056,8.207,7.01,1.197,0.0888891,0.0322408,8.159,6.839,1.32,10,17,train,test,train,val,train,test,train,val,test,train
3034,2020_Townsend,CC(C)C[C@H]1NC(=O)[C@H]2CCCN2C(=O)[C@@H](CC(C)C)NC(=O)[C@@H](CC(C)C)N(C)C(=O)[C@H](C)NC(=O)[C@H](Cc2ccccc2)NC1=O,hexa_520,3034,-6.67,6,6,Circle,0.169879,0.0584707,-24.4099,8.076,6.883,1.193,0.12954,0.0552068,7.709,6.638,1.071,70,47,train,train,train,train,train,train,train,train,train,train
3033,2020_Townsend,CC(C)C[C@H]1NC(=O)[C@H](C)NC(=O)[C@H](Cc2ccccc2)NC(=O)[C@@H](CC(C)C)N(C)C(=O)[C@H]2CCCN2C(=O)[C@@H](CC(C)C)NC1=O,hexa_519,3033,-6.91,6,6,Circle,0.186917,0.0887962,-27.1071,8.25,6.983,1.267,0.110897,0.0316856,8.178,7.155,1.023,37,83,train,train,train,train,train,train,train,train,train,train
3032,2020_Townsend,CC(C)C[C@@H]1NC(=O)[C@H](C)NC(=O)[C@H](Cc2ccccc2)NC(=O)[C@H](CC(C)C)NC(=O)[C@H]2CCCN2C(=O)[C@H](CC(C)C)NC1=O,hexa_518,3032,-6.58,6,6,Circle,0.191325,0.0755757,-20.2926,8.058,6.857,1.201,0.14315,0.0396581,8.014,6.796,1.218,93,26,train,train,train,train,train,train,train,train,train,train
3031,2020_Townsend,CC(C)C[C@@H]1NC(=O)[C@H]2CCCN2C(=O)[C@H](CC(C)C)NC(=O)[C@@H](CC(C)C)NC(=O)[C@H](C)NC(=O)[C@H](Cc2ccccc2)NC1=O,hexa_517,3031,-5.24,6,6,Circle,0.164399,0.0607279,-29.096,8.16,6.89,1.27,0.117912,0.0462582,8.033,6.793,1.24,45,18,train,val,val,train,train,train,train,train,train,train
3030,2020_Townsend,CC(C)C[C@@H]1NC(=O)[C@H](C)NC(=O)[C@H](Cc2ccccc2)NC(=O)[C@@H](CC(C)C)NC(=O)[C@H]2CCCN2C(=O)[C@H](CC(C)C)NC1=O,hexa_516,3030,-5.14,6,6,Circle,0.225254,0.0816242,-19.5091,7.987,6.777,1.21,0.101791,0.0371457,7.957,6.809,1.148,59,40,train,train,train,train,train,train,train,val,train,train
3029,2020_Townsend,CC(C)C[C@@H]1NC(=O)[C@@H](CC(C)C)NC(=O)[C@H](C)NC(=O)[C@H](Cc2ccccc2)NC(=O)[C@@H](CC(C)C)NC(=O)[C@H]2CCCN2C1=O,hexa_515,3029,-4.82,6,6,Circle,0.20857,0.0726981,-24.2915,8.155,6.826,1.329,0.14151,0.0383521,7.827,6.737,1.09,66,67,train,val,train,train,train,test,train,train,train,train
3028,2020_Townsend,CC(C)C[C@@H]1NC(=O)[C@H]2CCCN2C(=O)[C@@H](CC(C)C)NC(=O)[C@@H](CC(C)C)NC(=O)[C@H](C)NC(=O)[C@H](Cc2ccccc2)NC1=O,hexa_514,3028,-10.0,6,6,Circle,0.183181,0.0758417,-28.6842,8.22,6.893,1.327,0.129791,0.0535078,7.992,6.788,1.204,16,58,test,train,train,train,train,train,train,train,train,val
3027,2020_Townsend,CC(C)C[C@@H]1NC(=O)[C@H](C)NC(=O)[C@H](Cc2ccccc2)NC(=O)[C@@H](CC(C)C)NC(=O)[C@H]2CCCN2C(=O)[C@@H](CC(C)C)NC1=O,hexa_513,3027,-10.0,6,6,Circle,0.129184,0.0392756,-24.7156,8.058,6.764,1.294,0.120635,0.0447905,7.883,6.567,1.316,49,93,train,train,val,train,train,train,train,test,train,train
3026,2020_Townsend,CC(C)C[C@H]1NC(=O)[C@H](C)NC(=O)[C@H](Cc2ccccc2)NC(=O)[C@@H](CC(C)C)NC(=O)[C@H]2CCCN2C(=O)[C@@H](CC(C)C)NC1=O,hexa_512,3026,-6.67,6,6,Circle,0.162079,0.075616,-29.1426,8.136,6.7,1.436,0.112032,0.0309364,7.658,6.553,1.105,42,19,train,train,val,train,test,train,train,train,test,train
3024,2020_Townsend,C[C@H]1NC(=O)[C@H](Cc2ccccc2)NC(=O)CN(Cc2ccccc2)C(=O)[C@@H]2CCCN2C(=O)CN(Cc2ccccc2)C(=O)CN(Cc2ccccc2)C1=O,hexa_510,3024,-6.06,6,6,Circle,0.216499,0.0476065,-41.357,9.07,7.985,1.085,0.170318,0.0416567,8.545,7.456,1.089,7,68,train,train,train,train,val,train,train,train,train,train
3021,2020_Townsend,CC(C)C[C@H]1C(=O)N(Cc2ccccc2)CC(=O)N2CCC[C@H]2C(=O)N(Cc2ccccc2)CC(=O)N[C@@H](Cc2ccccc2)C(=O)N[C@H](C)C(=O)N1C,hexa_507,3021,-5.34,6,6,Circle,0.176227,0.0384386,-33.0913,8.719,7.637,1.082,0.139666,0.0417395,8.37,7.431,0.939,30,29,train,train,train,train,val,train,train,test,val,train
3013,2020_Townsend,CC(C)C[C@@H]1NC(=O)[C@@H](C)NC(=O)[C@H](Cc2ccccc2)NC(=O)CN(Cc2ccccc2)C(=O)[C@@H]2CCCN2C(=O)CN(Cc2ccccc2)C1=O,hexa_499,3013,-6.22,6,6,Circle,0.20579,0.0590198,-34.199,8.593,7.425,1.168,0.18046,0.0612296,8.134,6.98,1.154,88,17,train,train,train,test,train,train,train,val,train,train
3012,2020_Townsend,CC(C)C[C@H]1C(=O)N2CCC[C@H]2C(=O)N(Cc2ccccc2)CC(=O)N[C@@H](Cc2ccccc2)C(=O)N[C@H](C)C(=O)N(C)[C@@H](CC(C)C)C(=O)N1C,hexa_498,3012,-5.37,6,6,Circle,0.137748,0.0328216,-32.2529,8.463,7.413,1.05,0.124494,0.0349618,8.268,7.257,1.011,93,79,train,train,test,train,train,train,train,train,val,train
3011,2020_Townsend,CC(C)C[C@H]1C(=O)N[C@@H](Cc2ccccc2)C(=O)N[C@H](C)C(=O)N(C)[C@@H](CC(C)C)C(=O)N(Cc2ccccc2)CC(=O)N2CCC[C@H]2C(=O)N1C,hexa_497,3011,-5.35,6,6,Circle,0.155391,0.0390049,-28.9899,8.563,7.478,1.085,0.117163,0.040322,8.368,7.483,0.885,82,67,train,test,train,train,train,train,train,train,train,train
3010,2020_Townsend,CC(C)C[C@H]1C(=O)N2CCC[C@H]2C(=O)N(C)[C@@H](CC(C)C)C(=O)N[C@@H](Cc2ccccc2)C(=O)N[C@H](C)C(=O)N(Cc2ccccc2)CC(=O)N1C,hexa_496,3010,-5.44,6,6,Circle,0.173511,0.0574618,-21.1587,8.421,7.384,1.037,0.138444,0.0345646,8.299,7.347,0.952,14,42,train,train,train,test,train,train,val,train,test,train
3008,2020_Townsend,CC(C)C[C@H]1NC(=O)[C@@H](C)NC(=O)[C@H](Cc2ccccc2)NC(=O)CN(Cc2ccccc2)C(=O)[C@@H]2CCCN2C(=O)CN(Cc2ccccc2)C1=O,hexa_494,3008,-6.22,6,6,Circle,0.208026,0.0709959,-35.2023,8.519,7.278,1.241,0.143333,0.0430459,8.26,7.12,1.14,65,28,train,train,train,val,test,train,train,train,train,test
3007,2020_Townsend,CC(C)C[C@H]1C(=O)N(C)[C@H](CC(C)C)C(=O)N2CCC[C@H]2C(=O)N(Cc2ccccc2)CC(=O)N[C@@H](Cc2ccccc2)C(=O)N[C@H](C)C(=O)N1C,hexa_493,3007,-5.37,6,6,Circle,0.180018,0.0635509,-29.8224,8.651,7.624,1.027,0.175751,0.0571327,8.502,7.424,1.078,35,22,test,train,train,train,train,train,train,train,train,test
3006,2020_Townsend,CC(C)C[C@H]1C(=O)N[C@@H](Cc2ccccc2)C(=O)N[C@H](C)C(=O)N(C)[C@H](CC(C)C)C(=O)N(Cc2ccccc2)CC(=O)N2CCC[C@H]2C(=O)N1C,hexa_492,3006,-5.6,6,6,Circle,0.151421,0.0381184,-23.5298,8.456,7.379,1.077,0.115423,0.0340171,8.552,7.477,1.075,98,64,train,train,train,train,train,train,train,train,train,train
3003,2020_Townsend,CC(C)C[C@@H]1C(=O)N(C)[C@H](CC(C)C)C(=O)N2CCC[C@H]2C(=O)N(Cc2ccccc2)CC(=O)N[C@@H](Cc2ccccc2)C(=O)N[C@H](C)C(=O)N1C,hexa_489,3003,-5.37,6,6,Circle,0.154067,0.0373427,-27.3905,8.66,7.496,1.164,0.187381,0.0594145,8.411,7.312,1.099,83,60,train,train,test,train,test,test,train,train,train,train
3002,2020_Townsend,CC(C)C[C@@H]1C(=O)N2CCC[C@H]2C(=O)N(C)[C@H](CC(C)C)C(=O)N[C@@H](Cc2ccccc2)C(=O)N[C@H](C)C(=O)N(Cc2ccccc2)CC(=O)N1C,hexa_488,3002,-5.44,6,6,Circle,0.154701,0.03739,-22.442,8.598,7.433,1.165,0.156387,0.0387729,8.34,7.257,1.083,42,39,train,train,train,val,train,train,train,train,train,train
3001,2020_Townsend,CC(C)C[C@@H]1C(=O)N[C@@H](Cc2ccccc2)C(=O)N[C@H](C)C(=O)N(C)[C@H](CC(C)C)C(=O)N(Cc2ccccc2)CC(=O)N2CCC[C@H]2C(=O)N1C,hexa_487,3001,-5.89,6,6,Circle,0.127067,0.0469233,-28.7524,8.344,7.183,1.161,0.114126,0.0343914,8.57,7.539,1.031,23,99,train,train,train,train,train,train,train,test,train,train
2998,2020_Townsend,CC(C)C[C@@H]1NC(=O)[C@H](CC(C)C)N(C)C(=O)[C@@H](C)NC(=O)[C@H](Cc2ccccc2)NC(=O)CN(Cc2ccccc2)C(=O)[C@@H]2CCCN2C1=O,hexa_484,2998,-5.5,6,6,Circle,0.170636,0.0426464,-24.9126,8.485,7.355,1.13,0.171081,0.0536062,8.366,7.231,1.135,27,79,train,train,train,train,train,train,test,train,train,train
2997,2020_Townsend,CC(C)C[C@@H]1NC(=O)[C@@H](C)NC(=O)[C@H](Cc2ccccc2)NC(=O)[C@H](CC(C)C)N(C)C(=O)[C@@H]2CCCN2C(=O)CN(Cc2ccccc2)C1=O,hexa_483,2997,-5.59,6,6,Circle,0.142223,0.0499151,-29.6534,8.417,7.226,1.191,0.130311,0.0529933,8.185,7.106,1.079,30,88,val,train,train,train,val,train,train,val,train,train
2996,2020_Townsend,CC(C)C[C@@H]1NC(=O)[C@@H]2CCCN2C(=O)CN(Cc2ccccc2)C(=O)[C@H](CC(C)C)N(C)C(=O)[C@@H](C)NC(=O)[C@H](Cc2ccccc2)NC1=O,hexa_482,2996,-5.98,6,6,Circle,0.228272,0.0954036,-31.8797,8.313,7.144,1.169,0.119628,0.0351971,7.796,6.656,1.14,23,48,train,train,val,val,train,train,train,train,train,train
2993,2020_Townsend,CC(C)C[C@@H]1NC(=O)[C@@H](CC(C)C)N(C)C(=O)[C@@H](C)NC(=O)[C@H](Cc2ccccc2)NC(=O)CN(Cc2ccccc2)C(=O)[C@@H]2CCCN2C1=O,hexa_479,2993,-5.44,6,6,Circle,0.178325,0.0584223,-22.8224,8.364,7.232,1.132,0.163024,0.0517388,8.312,7.226,1.086,23,13,train,test,train,train,train,train,train,train,train,train
2992,2020_Townsend,CC(C)C[C@@H]1NC(=O)[C@@H](C)NC(=O)[C@H](Cc2ccccc2)NC(=O)CN(Cc2ccccc2)C(=O)[C@@H]2CCCN2C(=O)[C@@H](CC(C)C)N(C)C1=O,hexa_478,2992,-5.78,6,6,Circle,0.179101,0.045536,-28.8701,8.396,7.285,1.111,0.111326,0.0329893,8.226,7.038,1.188,41,84,val,train,train,train,train,train,train,train,train,val
2991,2020_Townsend,CC(C)C[C@H]1C(=O)N(Cc2ccccc2)CC(=O)N2CCC[C@H]2C(=O)N[C@H](CC(C)C)C(=O)N[C@@H](Cc2ccccc2)C(=O)N[C@H](C)C(=O)N1C,hexa_477,2991,-5.79,6,6,Circle,0.245211,0.0944836,-32.9101,8.368,7.176,1.192,0.134224,0.0314614,8.194,7.125,1.069,25,78,train,test,train,train,train,train,train,train,train,train
2990,2020_Townsend,CC(C)C[C@@H]1NC(=O)[C@@H]2CCCN2C(=O)CN(Cc2ccccc2)C(=O)[C@@H](CC(C)C)N(C)C(=O)[C@@H](C)NC(=O)[C@H](Cc2ccccc2)NC1=O,hexa_476,2990,-6.09,6,6,Circle,0.199801,0.0668677,-27.5543,8.205,7.063,1.142,0.19336,0.0670669,8.129,7.039,1.09,47,75,test,train,train,train,train,val,train,train,train,train
2988,2020_Townsend,CC(C)C[C@H]1C(=O)N2CCC[C@H]2C(=O)N(C)[C@H](CC(C)C)C(=O)N[C@@H](Cc2ccccc2)C(=O)N[C@H](C)C(=O)N(C)[C@@H](CC(C)C)C(=O)N1C,hexa_474,2988,-5.19,6,6,Circle,0.164967,0.0569391,-21.3523,8.441,7.38,1.061,0.170939,0.0688882,8.289,7.36,0.929,74,60,train,train,train,train,train,val,train,train,train,val
2987,2020_Townsend,CC(C)C[C@H]1C(=O)N[C@@H](Cc2ccccc2)C(=O)N[C@H](C)C(=O)N(C)[C@@H](CC(C)C)C(=O)N(C)[C@H](CC(C)C)C(=O)N2CCC[C@H]2C(=O)N1C,hexa_473,2987,-5.28,6,6,Circle,0.140603,0.039844,-20.8876,8.422,7.327,1.095,0.130754,0.0392171,8.441,7.407,1.034,63,82,train,train,train,train,train,train,train,test,test,train
2986,2020_Townsend,CC(C)C[C@H]1C(=O)N[C@@H](Cc2ccccc2)C(=O)N[C@H](C)C(=O)N(C)[C@H](CC(C)C)C(=O)N(C)[C@@H](CC(C)C)C(=O)N2CCC[C@H]2C(=O)N1C,hexa_472,2986,-5.27,6,6,Circle,0.151053,0.053878,-19.2753,8.319,7.237,1.082,0.12217,0.0435386,8.031,7.022,1.009,17,73,train,train,train,test,train,train,train,val,train,train
2985,2020_Townsend,CC(C)C[C@H]1NC(=O)[C@@H](CC(C)C)N(C)C(=O)[C@@H](C)NC(=O)[C@H](Cc2ccccc2)NC(=O)CN(Cc2ccccc2)C(=O)[C@@H]2CCCN2C1=O,hexa_471,2985,-5.53,6,6,Circle,0.174232,0.0383501,-27.1606,8.574,7.443,1.131,0.156982,0.0532025,8.389,7.291,1.098,6,74,train,train,train,train,train,train,train,train,train,train
2984,2020_Townsend,CC(C)C[C@H]1NC(=O)[C@@H](C)NC(=O)[C@H](Cc2ccccc2)NC(=O)[C@@H](CC(C)C)N(C)C(=O)[C@@H]2CCCN2C(=O)CN(Cc2ccccc2)C1=O,hexa_470,2984,-6.34,6,6,Circle,0.179644,0.0768451,-30.2944,8.394,7.199,1.195,0.13731,0.0387107,8.312,7.34,0.972,9,36,train,train,val,train,train,train,train,train,train,train
2983,2020_Townsend,CC(C)C[C@H]1C(=O)N[C@@H](Cc2ccccc2)C(=O)N[C@H](C)C(=O)N(C)[C@H](CC(C)C)C(=O)N(C)[C@H](CC(C)C)C(=O)N2CCC[C@H]2C(=O)N1C,hexa_469,2983,-5.35,6,6,Circle,0.123541,0.0410741,-19.5444,8.252,7.166,1.086,0.150198,0.0509163,8.29,7.26,1.03,89,92,train,train,train,train,train,train,train,test,val,train
2982,2020_Townsend,CC(C)C[C@H]1C(=O)N(C)[C@H](CC(C)C)C(=O)N2CCC[C@H]2C(=O)N(C)[C@H](CC(C)C)C(=O)N[C@@H](Cc2ccccc2)C(=O)N[C@H](C)C(=O)N1C,hexa_468,2982,-5.23,6,6,Circle,0.13437,0.0396332,-26.7958,8.532,7.57,0.962,0.170313,0.0494684,8.467,7.417,1.05,17,36,val,train,train,train,val,train,train,train,train,train
2981,2020_Townsend,CC(C)C[C@H]1C(=O)N2CCC[C@H]2C(=O)N(C)[C@H](CC(C)C)C(=O)N[C@@H](Cc2ccccc2)C(=O)N[C@H](C)C(=O)N(C)[C@H](CC(C)C)C(=O)N1C,hexa_467,2981,-5.32,6,6,Circle,0.165278,0.0473431,-21.1891,8.525,7.44,1.085,0.167311,0.0525854,8.577,7.558,1.019,11,34,test,train,val,train,train,test,val,train,train,train
2980,2020_Townsend,CC(C)C[C@@H]1C(=O)N[C@@H](Cc2ccccc2)C(=O)N[C@H](C)C(=O)N(C)[C@H](CC(C)C)C(=O)N(C)[C@H](CC(C)C)C(=O)N2CCC[C@H]2C(=O)N1C,hexa_466,2980,-5.2,6,6,Circle,0.139427,0.0592952,-24.6275,8.382,7.217,1.165,0.13097,0.0349049,8.395,7.498,0.897,54,25,val,train,train,train,train,train,train,train,train,train
2979,2020_Townsend,CC(C)C[C@@H]1NC(=O)[C@@H]2CCCN2C(=O)[C@H](CC(C)C)NC(=O)CN(Cc2ccccc2)C(=O)[C@@H](C)NC(=O)[C@H](Cc2ccccc2)NC1=O,hexa_465,2979,-6.08,6,6,Circle,0.168212,0.048061,-25.8902,8.339,7.102,1.237,0.187842,0.0603325,8.14,6.991,1.149,99,49,train,train,train,val,train,test,train,train,val,train
2978,2020_Townsend,CC(C)C[C@@H]1NC(=O)[C@@H](C)NC(=O)[C@H](Cc2ccccc2)NC(=O)CN(Cc2ccccc2)C(=O)[C@@H]2CCCN2C(=O)[C@H](CC(C)C)NC1=O,hexa_464,2978,-6.27,6,6,Circle,0.15075,0.0421368,-28.0718,8.445,7.196,1.249,0.148174,0.0375666,8.18,6.957,1.223,17,29,train,train,train,train,train,train,train,train,train,train
2977,2020_Townsend,CC(C)C[C@@H]1NC(=O)[C@H](CC(C)C)N(C)C(=O)[C@@H](C)NC(=O)[C@H](Cc2ccccc2)NC(=O)[C@H](CC(C)C)N(C)C(=O)[C@@H]2CCCN2C1=O,hexa_463,2977,-5.32,6,6,Circle,0.209048,0.0913873,-17.8048,8.231,7.178,1.053,0.10957,0.0362426,8.131,7.089,1.042,7,3,train,train,train,val,train,train,val,train,train,train
2976,2020_Townsend,CC(C)C[C@@H]1NC(=O)[C@@H](C)NC(=O)[C@H](Cc2ccccc2)NC(=O)[C@H](CC(C)C)N(C)C(=O)[C@@H]2CCCN2C(=O)[C@H](CC(C)C)N(C)C1=O,hexa_462,2976,-6.02,6,6,Circle,0.144998,0.0487661,-19.4508,8.205,7.118,1.087,0.143236,0.0515458,8.147,7.124,1.023,100,69,train,train,train,train,test,train,test,train,train,train
2975,2020_Townsend,CC(C)C[C@@H]1NC(=O)[C@@H](C)NC(=O)[C@H](Cc2ccccc2)NC(=O)CN(Cc2ccccc2)C(=O)[C@@H]2CCCN2C(=O)[C@@H](CC(C)C)NC1=O,hexa_461,2975,-6.32,6,6,Circle,0.161867,0.0418908,-31.4833,8.485,7.286,1.199,0.150771,0.0395596,8.087,6.914,1.173,94,65,train,test,train,train,train,train,val,train,test,val
2974,2020_Townsend,CC(C)C[C@@H]1NC(=O)[C@@H](CC(C)C)NC(=O)[C@@H](C)NC(=O)[C@H](Cc2ccccc2)NC(=O)CN(Cc2ccccc2)C(=O)[C@@H]2CCCN2C1=O,hexa_460,2974,-6.34,6,6,Circle,0.142547,0.0454487,-26.6279,8.453,7.182,1.271,0.16618,0.0728224,8.29,7.066,1.224,39,45,train,train,train,val,test,train,val,train,train,train
2973,2020_Townsend,CC(C)C[C@@H]1NC(=O)[C@@H](C)NC(=O)[C@H](Cc2ccccc2)NC(=O)[C@@H](CC(C)C)NC(=O)[C@@H]2CCCN2C(=O)CN(Cc2ccccc2)C1=O,hexa_459,2973,-6.63,6,6,Circle,0.175987,0.0524776,-41.3379,8.557,7.202,1.355,0.145049,0.0671933,8.387,7.296,1.091,62,9,train,test,val,train,train,train,train,train,train,train
2972,2020_Townsend,CC(C)C[C@@H]1NC(=O)[C@@H]2CCCN2C(=O)CN(Cc2ccccc2)C(=O)[C@@H](CC(C)C)NC(=O)[C@@H](C)NC(=O)[C@H](Cc2ccccc2)NC1=O,hexa_458,2972,-6.21,6,6,Circle,0.223374,0.0791412,-27.9139,8.145,6.954,1.191,0.173315,0.0421355,8.079,6.978,1.101,95,42,train,train,train,test,train,test,train,test,val,train
2971,2020_Townsend,CC(C)C[C@@H]1NC(=O)[C@H](CC(C)C)N(C)C(=O)[C@@H](C)NC(=O)[C@H](Cc2ccccc2)NC(=O)[C@@H](CC(C)C)N(C)C(=O)[C@@H]2CCCN2C1=O,hexa_457,2971,-5.49,6,6,Circle,0.15374,0.043345,-20.1319,8.351,7.289,1.062,0.130078,0.0415607,8.463,7.339,1.124,62,79,train,train,train,train,train,train,test,train,train,val
2970,2020_Townsend,CC(C)C[C@@H]1NC(=O)[C@@H](CC(C)C)N(C)C(=O)[C@@H](C)NC(=O)[C@H](Cc2ccccc2)NC(=O)[C@H](CC(C)C)N(C)C(=O)[C@@H]2CCCN2C1=O,hexa_456,2970,-5.3,6,6,Circle,0.176505,0.0669007,-18.8316,8.432,7.297,1.135,0.154743,0.0624509,8.156,7.071,1.085,28,34,train,train,train,train,train,train,train,test,test,train
2969,2020_Townsend,CC(C)C[C@H]1C(=O)N[C@@H](Cc2ccccc2)C(=O)N[C@H](C)C(=O)N(C)[C@@H](CC(C)C)C(=O)N[C@H](CC(C)C)C(=O)N2CCC[C@H]2C(=O)N1C,hexa_455,2969,-5.37,6,6,Circle,0.15329,0.0394756,-22.124,8.341,7.294,1.047,0.226538,0.0805438,8.403,7.265,1.138,39,26,test,val,train,train,train,train,train,train,test,train
2968,2020_Townsend,CC(C)C[C@@H]1NC(=O)[C@@H](C)NC(=O)[C@H](Cc2ccccc2)NC(=O)[C@H](CC(C)C)N(C)C(=O)[C@@H]2CCCN2C(=O)[C@@H](CC(C)C)N(C)C1=O,hexa_454,2968,-5.78,6,6,Circle,0.164441,0.0601451,-27.7765,8.417,7.227,1.19,0.116884,0.0481445,8.144,7.128,1.016,74,23,train,train,test,train,train,train,train,train,train,train
2967,2020_Townsend,CC(C)C[C@H]1C(=O)N[C@@H](Cc2ccccc2)C(=O)N[C@H](C)C(=O)N[C@H](CC(C)C)C(=O)N(C)[C@@H](CC(C)C)C(=O)N2CCC[C@H]2C(=O)N1C,hexa_453,2967,-5.96,6,6,Circle,0.151222,0.0520283,-20.6203,8.262,7.144,1.118,0.110363,0.0403767,8.092,7.135,0.957,23,95,train,train,train,train,train,train,train,train,train,train
2966,2020_Townsend,CC(C)C[C@@H]1NC(=O)[C@@H](C)NC(=O)[C@H](Cc2ccccc2)NC(=O)[C@@H](CC(C)C)N(C)C(=O)[C@@H]2CCCN2C(=O)[C@H](CC(C)C)N(C)C1=O,hexa_452,2966,-6.47,6,6,Circle,0.213959,0.0934924,-24.3493,8.274,7.155,1.119,0.12845,0.0361013,8.359,7.267,1.092,77,57,train,val,train,train,train,train,train,train,train,train
2965,2020_Townsend,CC(C)C[C@H]1NC(=O)[C@@H]2CCCN2C(=O)[C@@H](CC(C)C)NC(=O)CN(Cc2ccccc2)C(=O)[C@@H](C)NC(=O)[C@H](Cc2ccccc2)NC1=O,hexa_451,2965,-6.2,6,6,Circle,0.189477,0.0544996,-35.4114,8.552,7.251,1.301,0.166893,0.046244,7.833,6.703,1.13,4,46,train,train,train,train,train,train,train,train,train,train
2964,2020_Townsend,CC(C)C[C@H]1NC(=O)[C@@H]2CCCN2C(=O)CN(Cc2ccccc2)C(=O)[C@@H](CC(C)C)NC(=O)[C@@H](C)NC(=O)[C@H](Cc2ccccc2)NC1=O,hexa_450,2964,-6.45,6,6,Circle,0.230997,0.0825764,-27.5336,8.009,6.759,1.25,0.156096,0.0455715,8.061,6.952,1.109,43,83,test,train,train,train,train,train,train,train,train,train
2963,2020_Townsend,CC(C)C[C@H]1NC(=O)[C@@H](C)NC(=O)[C@H](Cc2ccccc2)NC(=O)CN(Cc2ccccc2)C(=O)[C@@H]2CCCN2C(=O)[C@@H](CC(C)C)NC1=O,hexa_449,2963,-6.63,6,6,Circle,0.189098,0.0574131,-34.3113,8.569,7.157,1.412,0.152251,0.0465231,7.729,6.509,1.22,20,68,train,train,val,train,train,train,train,val,test,test
2962,2020_Townsend,CC(C)C[C@H]1C(=O)N[C@H](CC(C)C)C(=O)N2CCC[C@H]2C(=O)N(C)[C@H](CC(C)C)C(=O)N[C@@H](Cc2ccccc2)C(=O)N[C@H](C)C(=O)N1C,hexa_448,2962,-5.16,6,6,Circle,0.157228,0.0400931,-23.7854,8.544,7.346,1.198,0.206098,0.0635548,8.342,7.214,1.128,96,27,train,train,train,train,train,val,train,train,train,train
2961,2020_Townsend,CC(C)C[C@H]1C(=O)N(C)[C@H](CC(C)C)C(=O)N2CCC[C@H]2C(=O)N[C@H](CC(C)C)C(=O)N[C@@H](Cc2ccccc2)C(=O)N[C@H](C)C(=O)N1C,hexa_447,2961,-5.14,6,6,Circle,0.112196,0.0358711,-33.1698,8.556,7.449,1.107,0.113486,0.0313753,8.096,7.121,0.975,34,60,val,train,train,train,train,train,train,val,train,train
2960,2020_Townsend,CC(C)C[C@@H]1NC(=O)[C@@H](CC(C)C)N(C)C(=O)[C@@H](C)NC(=O)[C@H](Cc2ccccc2)NC(=O)[C@@H](CC(C)C)N(C)C(=O)[C@@H]2CCCN2C1=O,hexa_446,2960,-5.3,6,6,Circle,0.151151,0.042762,-21.7959,8.484,7.321,1.163,0.189969,0.0690631,8.361,7.264,1.097,84,48,train,train,train,train,train,train,train,train,train,train
2959,2020_Townsend,CC(C)C[C@H]1C(=O)N[C@@H](Cc2ccccc2)C(=O)N[C@H](C)C(=O)N(C)[C@H](CC(C)C)C(=O)N[C@H](CC(C)C)C(=O)N2CCC[C@H]2C(=O)N1C,hexa_445,2959,-5.38,6,6,Circle,0.146564,0.0383565,-29.1245,8.579,7.465,1.114,0.165328,0.0584776,8.192,7.152,1.04,72,13,val,val,test,train,train,train,train,train,train,train
2958,2020_Townsend,CC(C)C[C@H]1C(=O)N2CCC[C@H]2C(=O)N(C)[C@H](CC(C)C)C(=O)N[C@@H](Cc2ccccc2)C(=O)N[C@H](C)C(=O)N[C@H](CC(C)C)C(=O)N1C,hexa_444,2958,-6.49,6,6,Circle,0.167291,0.0521777,-23.5438,8.506,7.304,1.202,0.144577,0.0375813,8.477,7.393,1.084,38,14,train,train,train,train,train,val,train,train,train,train
2957,2020_Townsend,CC(C)C[C@H]1C(=O)N[C@@H](Cc2ccccc2)C(=O)N[C@H](C)C(=O)N[C@H](CC(C)C)C(=O)N(C)[C@H](CC(C)C)C(=O)N2CCC[C@H]2C(=O)N1C,hexa_443,2957,-5.92,6,6,Circle,0.133017,0.0391109,-23.9705,8.357,7.147,1.21,0.130844,0.0475151,8.449,7.262,1.187,91,14,train,val,train,train,val,train,train,test,train,train
2956,2020_Townsend,CC(C)C[C@H]1NC(=O)[C@@H]2CCCN2C(=O)[C@@H](CC(C)C)N(C)C(=O)[C@@H](CC(C)C)N(C)C(=O)[C@@H](C)NC(=O)[C@H](Cc2ccccc2)NC1=O,hexa_442,2956,-5.18,6,6,Circle,0.155741,0.0422469,-27.087,8.163,6.986,1.177,0.125656,0.0330143,7.974,7.029,0.945,76,46,train,train,val,train,test,train,train,train,val,train
2955,2020_Townsend,CC(C)C[C@H]1NC(=O)[C@@H](CC(C)C)N(C)C(=O)[C@@H](C)NC(=O)[C@H](Cc2ccccc2)NC(=O)[C@@H](CC(C)C)N(C)C(=O)[C@@H]2CCCN2C1=O,hexa_441,2955,-5.58,6,6,Circle,0.159201,0.0396895,-23.1009,8.572,7.388,1.184,0.161644,0.0526281,8.208,7.147,1.061,9,53,train,train,train,train,train,val,train,train,train,train
2954,2020_Townsend,CC(C)C[C@H]1NC(=O)[C@@H](C)NC(=O)[C@H](Cc2ccccc2)NC(=O)[C@@H](CC(C)C)N(C)C(=O)[C@@H]2CCCN2C(=O)[C@@H](CC(C)C)N(C)C1=O,hexa_440,2954,-6.37,6,6,Circle,0.139362,0.0340968,-24.4166,8.401,7.178,1.223,0.138714,0.0400934,8.133,7.101,1.032,85,94,train,train,test,val,train,train,val,test,train,val
2953,2020_Townsend,CC(C)C[C@@H]1NC(=O)[C@@H]2CCCN2C(=O)[C@H](CC(C)C)NC(=O)[C@H](CC(C)C)N(C)C(=O)[C@@H](C)NC(=O)[C@H](Cc2ccccc2)NC1=O,hexa_439,2953,-6.21,6,6,Circle,0.127745,0.0421629,-22.9281,8.349,7.166,1.183,0.0935882,0.039227,8.285,7.038,1.247,23,100,train,train,train,train,train,test,train,train,test,val
2952,2020_Townsend,CC(C)C[C@@H]1NC(=O)[C@@H](C)NC(=O)[C@H](Cc2ccccc2)NC(=O)[C@H](CC(C)C)N(C)C(=O)[C@@H]2CCCN2C(=O)[C@H](CC(C)C)NC1=O,hexa_438,2952,-6.27,6,6,Circle,0.146451,0.040195,-23.5659,8.276,7.085,1.191,0.121697,0.0396593,8.068,6.9,1.168,70,94,train,train,test,test,train,train,train,train,train,train
2951,2020_Townsend,CC(C)C[C@@H]1NC(=O)[C@@H]2CCCN2C(=O)[C@H](CC(C)C)NC(=O)[C@@H](CC(C)C)N(C)C(=O)[C@@H](C)NC(=O)[C@H](Cc2ccccc2)NC1=O,hexa_437,2951,-5.89,6,6,Circle,0.15264,0.0582899,-24.5437,8.292,7.065,1.227,0.136597,0.0417075,7.71,6.511,1.199,98,71,train,train,train,train,val,train,train,train,train,train
2950,2020_Townsend,CC(C)C[C@@H]1NC(=O)[C@H](CC(C)C)N(C)C(=O)[C@@H](C)NC(=O)[C@H](Cc2ccccc2)NC(=O)[C@@H](CC(C)C)NC(=O)[C@@H]2CCCN2C1=O,hexa_436,2950,-5.83,6,6,Circle,0.162586,0.0508652,-23.6974,8.309,7.088,1.221,0.117865,0.0332948,8.099,6.954,1.145,8,67,train,train,val,val,train,train,train,train,test,train
2949,2020_Townsend,CC(C)C[C@@H]1NC(=O)[C@@H](C)NC(=O)[C@H](Cc2ccccc2)NC(=O)[C@@H](CC(C)C)N(C)C(=O)[C@@H]2CCCN2C(=O)[C@H](CC(C)C)NC1=O,hexa_435,2949,-6.33,6,6,Circle,0.148077,0.0418298,-25.0699,8.291,7.117,1.174,0.145167,0.0456549,8.139,6.912,1.227,79,6,train,val,train,train,test,train,train,test,train,train
2948,2020_Townsend,CC(C)C[C@@H]1NC(=O)[C@@H](C)NC(=O)[C@H](Cc2ccccc2)NC(=O)[C@H](CC(C)C)N(C)C(=O)[C@@H]2CCCN2C(=O)[C@@H](CC(C)C)NC1=O,hexa_434,2948,-5.87,6,6,Circle,0.153742,0.0407816,-34.1718,8.331,7.1,1.231,0.128768,0.0419637,8.066,6.958,1.108,54,52,train,test,train,train,train,train,test,train,train,train
2947,2020_Townsend,CC(C)C[C@@H]1NC(=O)[C@@H](CC(C)C)NC(=O)[C@@H](C)NC(=O)[C@H](Cc2ccccc2)NC(=O)[C@H](CC(C)C)N(C)C(=O)[C@@H]2CCCN2C1=O,hexa_433,2947,-6.31,6,6,Circle,0.14677,0.0491329,-22.2002,8.323,7.099,1.224,0.134138,0.0684343,8.116,6.966,1.15,5,54,train,train,train,train,val,train,test,train,train,train
2946,2020_Townsend,CC(C)C[C@@H]1NC(=O)[C@@H](C)NC(=O)[C@H](Cc2ccccc2)NC(=O)[C@@H](CC(C)C)NC(=O)[C@@H]2CCCN2C(=O)[C@H](CC(C)C)N(C)C1=O,hexa_432,2946,-7.12,6,6,Circle,0.1882,0.0675916,-25.6015,8.19,6.945,1.245,0.121793,0.0419973,7.928,6.745,1.183,20,81,train,train,train,train,val,test,train,train,test,train
2945,2020_Townsend,CC(C)C[C@@H]1NC(=O)[C@@H](CC(C)C)N(C)C(=O)[C@@H](C)NC(=O)[C@H](Cc2ccccc2)NC(=O)[C@@H](CC(C)C)NC(=O)[C@@H]2CCCN2C1=O,hexa_431,2945,-5.8,6,6,Circle,0.206748,0.0738387,-24.9235,8.395,7.118,1.277,0.134979,0.0506859,8.34,7.127,1.213,36,82,train,train,test,train,train,train,train,test,train,train
2944,2020_Townsend,CC(C)C[C@@H]1NC(=O)[C@@H]2CCCN2C(=O)[C@@H](CC(C)C)NC(=O)[C@@H](CC(C)C)N(C)C(=O)[C@@H](C)NC(=O)[C@H](Cc2ccccc2)NC1=O,hexa_430,2944,-6.06,6,6,Circle,0.170779,0.0463178,-26.4893,8.365,7.13,1.235,0.188179,0.0686498,8.342,7.098,1.244,2,12,val,train,train,train,train,train,train,train,train,train
2943,2020_Townsend,CC(C)C[C@@H]1NC(=O)[C@@H](C)NC(=O)[C@H](Cc2ccccc2)NC(=O)[C@@H](CC(C)C)NC(=O)[C@@H]2CCCN2C(=O)[C@@H](CC(C)C)N(C)C1=O,hexa_429,2943,-5.85,6,6,Circle,0.200208,0.0735888,-30.9022,8.376,7.072,1.304,0.140469,0.0400941,7.821,6.656,1.165,94,48,val,train,train,train,train,train,train,train,train,train
2942,2020_Townsend,CC(C)C[C@@H]1NC(=O)[C@@H](CC(C)C)NC(=O)[C@@H](C)NC(=O)[C@H](Cc2ccccc2)NC(=O)[C@@H](CC(C)C)N(C)C(=O)[C@@H]2CCCN2C1=O,hexa_428,2942,-5.85,6,6,Circle,0.142959,0.0439289,-23.3951,8.285,7.059,1.226,0.140333,0.044346,8.246,7.016,1.23,53,44,test,train,train,train,test,val,train,train,train,train
2941,2020_Townsend,CC(C)C[C@H]1C(=O)N[C@H](CC(C)C)C(=O)N2CCC[C@H]2C(=O)N[C@H](CC(C)C)C(=O)N[C@@H](Cc2ccccc2)C(=O)N[C@H](C)C(=O)N1C,hexa_427,2941,-6.26,6,6,Circle,0.152496,0.0383995,-28.3815,8.403,7.132,1.271,0.128911,0.0378284,7.96,6.967,0.993,22,98,test,train,train,train,train,train,train,train,train,test
2940,2020_Townsend,CC(C)C[C@@H]1NC(=O)[C@@H]2CCCN2C(=O)[C@@H](CC(C)C)N(C)C(=O)[C@@H](CC(C)C)NC(=O)[C@@H](C)NC(=O)[C@H](Cc2ccccc2)NC1=O,hexa_426,2940,-5.67,6,6,Circle,0.168985,0.0491981,-26.4696,8.244,6.952,1.292,0.132089,0.0414263,8.102,7.033,1.069,39,68,train,train,train,train,train,train,train,test,train,train
2939,2020_Townsend,CC(C)C[C@H]1C(=O)N[C@@H](Cc2ccccc2)C(=O)N[C@H](C)C(=O)N[C@H](CC(C)C)C(=O)N[C@H](CC(C)C)C(=O)N2CCC[C@H]2C(=O)N1C,hexa_425,2939,-6.79,6,6,Circle,0.197894,0.0839128,-27.9845,8.386,7.1,1.286,0.205825,0.103359,8.054,6.902,1.152,11,12,train,train,train,train,test,train,train,train,train,train
2938,2020_Townsend,CC(C)C[C@H]1NC(=O)[C@@H]2CCCN2C(=O)[C@@H](CC(C)C)N(C)C(=O)[C@@H](CC(C)C)NC(=O)[C@@H](C)NC(=O)[C@H](Cc2ccccc2)NC1=O,hexa_424,2938,-5.69,6,6,Circle,0.172245,0.0607898,-29.1363,8.29,6.948,1.342,0.137617,0.0422923,8.201,6.978,1.223,20,8,train,train,train,train,train,val,test,train,test,train
2937,2020_Townsend,CC(C)C[C@H]1NC(=O)[C@@H]2CCCN2C(=O)[C@@H](CC(C)C)NC(=O)[C@@H](CC(C)C)N(C)C(=O)[C@@H](C)NC(=O)[C@H](Cc2ccccc2)NC1=O,hexa_423,2937,-5.88,6,6,Circle,0.165532,0.0504002,-29.8108,8.43,7.134,1.296,0.143612,0.0424701,8.15,7.106,1.044,35,26,train,train,train,train,test,train,train,train,train,train
2936,2020_Townsend,CC(C)C[C@H]1NC(=O)[C@@H](C)NC(=O)[C@H](Cc2ccccc2)NC(=O)[C@@H](CC(C)C)N(C)C(=O)[C@@H]2CCCN2C(=O)[C@@H](CC(C)C)NC1=O,hexa_422,2936,-6.77,6,6,Circle,0.203552,0.101346,-28.2824,8.424,7.049,1.375,0.147532,0.0349242,8.249,7.021,1.228,4,19,val,val,train,val,train,train,train,train,train,val
2935,2020_Townsend,CC(C)C[C@@H]1NC(=O)[C@@H]2CCCN2C(=O)[C@H](CC(C)C)NC(=O)[C@H](CC(C)C)NC(=O)[C@@H](C)NC(=O)[C@H](Cc2ccccc2)NC1=O,hexa_421,2935,-7.02,6,6,Circle,0.158573,0.0577526,-27.3592,8.197,6.842,1.355,0.102891,0.0379369,8.342,6.977,1.365,72,8,train,train,train,test,train,test,val,train,train,train
2934,2020_Townsend,CC(C)C[C@@H]1NC(=O)[C@@H](C)NC(=O)[C@H](Cc2ccccc2)NC(=O)[C@@H](CC(C)C)NC(=O)[C@@H]2CCCN2C(=O)[C@H](CC(C)C)NC1=O,hexa_420,2934,-6.89,6,6,Circle,0.150441,0.0517558,-27.256,8.229,6.887,1.342,0.188247,0.0672528,8.152,6.801,1.351,29,78,train,train,train,train,val,train,train,train,train,train
2933,2020_Townsend,CC(C)C[C@@H]1NC(=O)[C@@H]2CCCN2C(=O)[C@H](CC(C)C)NC(=O)[C@@H](CC(C)C)NC(=O)[C@@H](C)NC(=O)[C@H](Cc2ccccc2)NC1=O,hexa_419,2933,-7.26,6,6,Circle,0.161008,0.0564541,-25.7247,8.244,6.898,1.346,0.122289,0.0325554,7.897,6.703,1.194,62,89,train,train,train,train,test,train,train,train,train,test
2932,2020_Townsend,CC(C)C[C@@H]1NC(=O)[C@@H](C)NC(=O)[C@H](Cc2ccccc2)NC(=O)[C@@H](CC(C)C)NC(=O)[C@@H]2CCCN2C(=O)[C@@H](CC(C)C)NC1=O,hexa_418,2932,-6.22,6,6,Circle,0.143938,0.0601518,-37.7953,8.429,7.049,1.38,0.149137,0.0359646,7.913,6.864,1.049,74,46,train,train,train,train,train,train,train,val,train,train
2931,2020_Townsend,CC(C)C[C@@H]1NC(=O)[C@@H]2CCCN2C(=O)[C@@H](CC(C)C)NC(=O)[C@@H](CC(C)C)NC(=O)[C@@H](C)NC(=O)[C@H](Cc2ccccc2)NC1=O,hexa_417,2931,-5.43,6,6,Circle,0.16119,0.0525824,-40.4003,8.297,6.942,1.355,0.11601,0.0325406,7.664,6.613,1.051,32,35,train,train,train,train,train,train,train,train,test,train
2930,2020_Townsend,CC(C)C[C@H]1NC(=O)[C@@H]2CCCN2C(=O)[C@@H](CC(C)C)NC(=O)[C@@H](CC(C)C)NC(=O)[C@@H](C)NC(=O)[C@H](Cc2ccccc2)NC1=O,hexa_416,2930,-6.7,6,6,Circle,0.147619,0.046023,-31.3791,8.278,6.875,1.403,0.148436,0.0405074,7.736,6.645,1.091,29,74,train,train,train,train,train,train,train,test,train,test
2929,2020_Townsend,C[C@@H]1NC(=O)[C@H](Cc2ccccc2)NC(=O)CN(Cc2ccccc2)C(=O)[C@@H]2CCCN2C(=O)CN(Cc2ccccc2)C(=O)CN(Cc2ccccc2)C1=O,hexa_415,2929,-6.31,6,6,Circle,0.189291,0.0552254,-42.8688,8.427,7.376,1.051,0.155432,0.0397499,8.135,7.043,1.092,86,2,test,train,train,train,train,train,train,train,train,train
2927,2020_Townsend,CC(C)C[C@H]1C(=O)N(Cc2ccccc2)CC(=O)N2CCC[C@H]2C(=O)N(Cc2ccccc2)CC(=O)N[C@@H](Cc2ccccc2)C(=O)N[C@@H](C)C(=O)N1C,hexa_413,2927,-5.5,6,6,Circle,0.207929,0.0652858,-34.4673,8.791,7.65,1.141,0.158377,0.0433745,8.56,7.668,0.892,20,55,train,test,train,train,train,train,test,train,train,train
2923,2020_Townsend,CC(C)C[C@@H]1NC(=O)[C@H](C)NC(=O)[C@H](Cc2ccccc2)NC(=O)CN(Cc2ccccc2)C(=O)[C@@H]2CCCN2C(=O)CN(Cc2ccccc2)C1=O,hexa_409,2923,-5.95,6,6,Circle,0.242105,0.113146,-42.772,8.476,7.21,1.266,0.138749,0.0441411,8.021,6.842,1.179,61,49,train,train,train,train,train,train,test,train,train,train
2922,2020_Townsend,CC(C)C[C@H]1C(=O)N2CCC[C@H]2C(=O)N(C)[C@@H](CC(C)C)C(=O)N[C@@H](Cc2ccccc2)C(=O)N[C@@H](C)C(=O)N(Cc2ccccc2)CC(=O)N1C,hexa_408,2922,-5.22,6,6,Circle,0.155999,0.047769,-21.5778,8.408,7.419,0.989,0.141912,0.0388545,8.568,7.521,1.047,92,29,train,train,train,train,train,train,train,train,train,train
2920,2020_Townsend,CC(C)C[C@H]1C(=O)N(Cc2ccccc2)CC(=O)N2CCC[C@H]2C(=O)N(C)[C@@H](CC(C)C)C(=O)N[C@@H](Cc2ccccc2)C(=O)N[C@@H](C)C(=O)N1C,hexa_406,2920,-5.52,6,6,Circle,0.135768,0.0446597,-34.4559,8.322,7.174,1.148,0.117037,0.0435997,8.47,7.449,1.021,52,85,train,test,test,train,train,train,train,train,test,test
2919,2020_Townsend,CC(C)C[C@H]1NC(=O)[C@H](C)NC(=O)[C@H](Cc2ccccc2)NC(=O)CN(Cc2ccccc2)C(=O)[C@@H]2CCCN2C(=O)CN(Cc2ccccc2)C1=O,hexa_405,2919,-6.41,6,6,Circle,0.240879,0.0996863,-36.3408,8.497,7.246,1.251,0.15168,0.0418934,8.185,7.005,1.18,62,89,train,train,train,train,train,train,train,train,train,train
2918,2020_Townsend,CC(C)C[C@H]1C(=O)N2CCC[C@H]2C(=O)N(Cc2ccccc2)CC(=O)N[C@@H](Cc2ccccc2)C(=O)N[C@@H](C)C(=O)N(C)[C@H](CC(C)C)C(=O)N1C,hexa_404,2918,-5.3,6,6,Circle,0.136608,0.0365908,-21.7175,8.489,7.46,1.029,0.126432,0.0387196,8.455,7.463,0.992,9,46,train,train,test,train,train,train,train,val,train,train
2917,2020_Townsend,CC(C)C[C@H]1C(=O)N[C@@H](Cc2ccccc2)C(=O)N[C@@H](C)C(=O)N(C)[C@H](CC(C)C)C(=O)N(Cc2ccccc2)CC(=O)N2CCC[C@H]2C(=O)N1C,hexa_403,2917,-5.51,6,6,Circle,0.148891,0.0569219,-22.6158,8.377,7.294,1.083,0.138047,0.0413937,8.358,7.332,1.026,59,36,train,train,train,val,train,train,train,val,test,train
2916,2020_Townsend,CC(C)C[C@H]1C(=O)N(Cc2ccccc2)CC(=O)N2CCC[C@H]2C(=O)N(C)[C@H](CC(C)C)C(=O)N[C@@H](Cc2ccccc2)C(=O)N[C@@H](C)C(=O)N1C,hexa_402,2916,-5.2,6,6,Circle,0.109787,0.0298149,-36.3516,8.083,6.863,1.22,0.146492,0.0433313,8.479,7.599,0.88,9,64,train,train,train,val,train,train,train,train,test,test
2911,2020_Townsend,CC(C)C[C@@H]1C(=O)N(C)[C@H](CC(C)C)C(=O)N2CCC[C@H]2C(=O)N(Cc2ccccc2)CC(=O)N[C@@H](Cc2ccccc2)C(=O)N[C@@H](C)C(=O)N1C,hexa_397,2911,-5.35,6,6,Circle,0.172672,0.044872,-25.0247,8.707,7.528,1.179,0.158912,0.0398331,8.345,7.24,1.105,86,7,train,val,train,train,train,val,train,train,val,train
2910,2020_Townsend,CC(C)C[C@@H]1C(=O)N2CCC[C@H]2C(=O)N(C)[C@H](CC(C)C)C(=O)N[C@@H](Cc2ccccc2)C(=O)N[C@@H](C)C(=O)N(Cc2ccccc2)CC(=O)N1C,hexa_396,2910,-5.59,6,6,Circle,0.166977,0.0437562,-31.0961,8.688,7.523,1.165,0.180336,0.0580709,8.289,7.217,1.072,67,17,train,train,train,val,train,val,train,train,train,train
2909,2020_Townsend,CC(C)C[C@@H]1C(=O)N(Cc2ccccc2)CC(=O)N2CCC[C@H]2C(=O)N(C)[C@H](CC(C)C)C(=O)N[C@@H](Cc2ccccc2)C(=O)N[C@@H](C)C(=O)N1C,hexa_395,2909,-5.77,6,6,Circle,0.195746,0.0934675,-25.0392,8.59,7.442,1.148,0.153827,0.0520282,8.307,7.318,0.989,32,36,train,train,train,train,train,train,train,train,train,train
2908,2020_Townsend,CC(C)C[C@@H]1NC(=O)[C@H](CC(C)C)N(C)C(=O)[C@H](C)NC(=O)[C@H](Cc2ccccc2)NC(=O)CN(Cc2ccccc2)C(=O)[C@@H]2CCCN2C1=O,hexa_394,2908,-5.63,6,6,Circle,0.143681,0.0564862,-21.8061,8.383,7.286,1.097,0.156177,0.0522224,8.296,7.237,1.059,70,37,train,train,val,train,train,train,train,train,train,train
2907,2020_Townsend,CC(C)C[C@@H]1NC(=O)[C@H](C)NC(=O)[C@H](Cc2ccccc2)NC(=O)[C@H](CC(C)C)N(C)C(=O)[C@@H]2CCCN2C(=O)CN(Cc2ccccc2)C1=O,hexa_393,2907,-5.89,6,6,Circle,0.15021,0.0598993,-31.7922,8.243,7.025,1.218,0.120976,0.044321,8.162,7.073,1.089,93,87,train,train,test,train,train,val,train,train,train,test
2905,2020_Townsend,CC(C)C[C@@H]1NC(=O)[C@@H](CC(C)C)N(C)C(=O)[C@H](C)NC(=O)[C@H](Cc2ccccc2)NC(=O)CN(Cc2ccccc2)C(=O)[C@@H]2CCCN2C1=O,hexa_391,2905,-5.48,6,6,Circle,0.15313,0.0574361,-22.2959,8.42,7.298,1.122,0.140974,0.0399305,8.36,7.281,1.079,94,5,train,test,train,train,train,test,train,train,train,train
2904,2020_Townsend,CC(C)C[C@H]1C(=O)N2CCC[C@H]2C(=O)N(Cc2ccccc2)CC(=O)N[C@@H](Cc2ccccc2)C(=O)N[C@@H](C)C(=O)N[C@H](CC(C)C)C(=O)N1C,hexa_390,2904,-5.65,6,6,Circle,0.178897,0.0503461,-23.9818,8.369,7.266,1.103,0.167504,0.0421881,8.323,7.225,1.098,41,43,train,test,train,train,val,train,train,test,train,val
2903,2020_Townsend,CC(C)C[C@H]1C(=O)N[C@H](CC(C)C)C(=O)N2CCC[C@H]2C(=O)N(Cc2ccccc2)CC(=O)N[C@@H](Cc2ccccc2)C(=O)N[C@@H](C)C(=O)N1C,hexa_389,2903,-5.12,6,6,Circle,0.153648,0.0404613,-23.0755,7.944,6.787,1.157,0.194723,0.0840831,8.297,7.139,1.158,91,97,train,train,train,train,train,val,train,train,train,test
2902,2020_Townsend,CC(C)C[C@@H]1NC(=O)[C@H](C)NC(=O)[C@H](Cc2ccccc2)NC(=O)CN(Cc2ccccc2)C(=O)[C@@H]2CCCN2C(=O)[C@@H](CC(C)C)N(C)C1=O,hexa_388,2902,-5.56,6,6,Circle,0.155612,0.0470155,-26.4996,8.515,7.491,1.024,0.15498,0.0360209,8.33,7.284,1.046,46,15,train,train,train,train,train,train,train,train,train,train
2901,2020_Townsend,CC(C)C[C@@H]1NC(=O)[C@@H]2CCCN2C(=O)CN(Cc2ccccc2)C(=O)[C@@H](CC(C)C)N(C)C(=O)[C@H](C)NC(=O)[C@H](Cc2ccccc2)NC1=O,hexa_387,2901,-5.91,6,6,Circle,0.202695,0.0860019,-27.1993,8.252,7.125,1.127,0.186917,0.059748,8.239,7.003,1.236,2,100,train,train,train,train,train,train,train,test,train,train
2900,2020_Townsend,CC(C)C[C@H]1C(=O)N[C@@H](Cc2ccccc2)C(=O)N[C@@H](C)C(=O)N[C@H](CC(C)C)C(=O)N(Cc2ccccc2)CC(=O)N2CCC[C@H]2C(=O)N1C,hexa_386,2900,-5.76,6,6,Circle,0.220229,0.0902152,-29.9295,8.434,7.225,1.209,0.122969,0.0326578,8.277,7.296,0.981,86,43,train,train,train,train,train,train,train,train,val,train
2899,2020_Townsend,CC(C)C[C@@H]1NC(=O)[C@H](C)NC(=O)[C@H](Cc2ccccc2)NC(=O)[C@@H](CC(C)C)N(C)C(=O)[C@@H]2CCCN2C(=O)CN(Cc2ccccc2)C1=O,hexa_385,2899,-6.01,6,6,Circle,0.216147,0.0830653,-28.3237,8.345,7.181,1.164,0.137914,0.0476583,7.76,6.568,1.192,60,22,test,train,train,train,train,val,test,train,train,train
2898,2020_Townsend,CC(C)C[C@H]1C(=O)N(Cc2ccccc2)CC(=O)N2CCC[C@H]2C(=O)N[C@H](CC(C)C)C(=O)N[C@@H](Cc2ccccc2)C(=O)N[C@@H](C)C(=O)N1C,hexa_384,2898,-6.07,6,6,Circle,0.135011,0.0400426,-42.5623,8.298,7.043,1.255,0.119195,0.0506487,8.456,7.331,1.125,12,40,train,test,train,test,train,train,train,train,train,train
2895,2020_Townsend,CC(C)C[C@H]1C(=O)N[C@@H](Cc2ccccc2)C(=O)N[C@@H](C)C(=O)N(C)[C@H](CC(C)C)C(=O)N(C)[C@@H](CC(C)C)C(=O)N2CCC[C@H]2C(=O)N1C,hexa_381,2895,-5.0,6,6,Circle,0.126894,0.0437798,-17.349,8.374,7.336,1.038,0.120316,0.0330245,8.479,7.499,0.98,52,63,train,train,train,val,test,train,train,train,train,train
2894,2020_Townsend,CC(C)C[C@H]1C(=O)N(C)[C@H](CC(C)C)C(=O)N2CCC[C@H]2C(=O)N(C)[C@@H](CC(C)C)C(=O)N[C@@H](Cc2ccccc2)C(=O)N[C@@H](C)C(=O)N1C,hexa_380,2894,-5.14,6,6,Circle,0.203901,0.0922049,-22.0749,8.456,7.476,0.98,0.151337,0.039192,8.322,7.38,0.942,61,47,train,train,train,train,train,train,train,val,train,train
2893,2020_Townsend,CC(C)C[C@H]1NC(=O)[C@@H](CC(C)C)N(C)C(=O)[C@H](C)NC(=O)[C@H](Cc2ccccc2)NC(=O)CN(Cc2ccccc2)C(=O)[C@@H]2CCCN2C1=O,hexa_379,2893,-5.22,6,6,Circle,0.177636,0.0532768,-28.6668,8.764,7.629,1.135,0.130909,0.0371227,8.146,6.909,1.237,67,33,train,val,test,train,val,train,train,test,train,val
2892,2020_Townsend,CC(C)C[C@H]1NC(=O)[C@H](C)NC(=O)[C@H](Cc2ccccc2)NC(=O)CN(Cc2ccccc2)C(=O)[C@@H]2CCCN2C(=O)[C@@H](CC(C)C)N(C)C1=O,hexa_378,2892,-5.39,6,6,Circle,0.152044,0.0453632,-25.2548,8.546,7.434,1.112,0.15579,0.037287,8.495,7.392,1.103,85,90,train,val,test,train,train,train,train,train,train,train
2891,2020_Townsend,CC(C)C[C@H]1NC(=O)[C@H](C)NC(=O)[C@H](Cc2ccccc2)NC(=O)[C@@H](CC(C)C)N(C)C(=O)[C@@H]2CCCN2C(=O)CN(Cc2ccccc2)C1=O,hexa_377,2891,-5.91,6,6,Circle,0.181643,0.0577302,-26.5251,7.913,6.783,1.13,0.138006,0.0445307,8.337,7.23,1.107,61,73,train,train,train,train,train,train,val,train,train,train
2890,2020_Townsend,CC(C)C[C@H]1NC(=O)[C@@H]2CCCN2C(=O)CN(Cc2ccccc2)C(=O)[C@@H](CC(C)C)N(C)C(=O)[C@H](C)NC(=O)[C@H](Cc2ccccc2)NC1=O,hexa_376,2890,-6.4,6,6,Circle,0.172785,0.0593415,-31.3648,8.409,7.103,1.306,0.13648,0.0515577,8.257,7.134,1.123,26,74,train,train,train,test,train,train,train,test,train,train
2888,2020_Townsend,CC(C)C[C@H]1C(=O)N[C@@H](Cc2ccccc2)C(=O)N[C@@H](C)C(=O)N(C)[C@H](CC(C)C)C(=O)N(C)[C@H](CC(C)C)C(=O)N2CCC[C@H]2C(=O)N1C,hexa_374,2888,-5.16,6,6,Circle,0.135189,0.0540731,-26.0774,8.476,7.402,1.074,0.199592,0.0793157,8.332,7.282,1.05,66,57,train,train,val,train,test,train,train,train,train,train
2887,2020_Townsend,CC(C)C[C@H]1C(=O)N2CCC[C@H]2C(=O)N(C)[C@H](CC(C)C)C(=O)N[C@@H](Cc2ccccc2)C(=O)N[C@@H](C)C(=O)N(C)[C@H](CC(C)C)C(=O)N1C,hexa_373,2887,-4.88,6,6,Circle,0.0996441,0.0360724,-17.4184,8.368,7.344,1.024,0.140603,0.0379468,7.986,7.135,0.851,90,43,train,train,train,train,train,val,train,train,train,train
2886,2020_Townsend,CC(C)C[C@H]1C(=O)N(C)[C@H](CC(C)C)C(=O)N2CCC[C@H]2C(=O)N(C)[C@H](CC(C)C)C(=O)N[C@@H](Cc2ccccc2)C(=O)N[C@@H](C)C(=O)N1C,hexa_372,2886,-5.07,6,6,Circle,0.174404,0.054974,-18.937,8.401,7.363,1.038,0.160167,0.0526848,8.302,7.307,0.995,58,73,train,train,train,train,train,train,test,train,train,train
2885,2020_Townsend,CC(C)C[C@@H]1C(=O)N(C)[C@H](CC(C)C)C(=O)N2CCC[C@H]2C(=O)N(C)[C@H](CC(C)C)C(=O)N[C@@H](Cc2ccccc2)C(=O)N[C@@H](C)C(=O)N1C,hexa_371,2885,-5.22,6,6,Circle,0.13955,0.0469613,-25.2807,8.492,7.253,1.239,0.144198,0.0508633,8.111,7.098,1.013,54,49,train,test,train,train,train,test,train,train,train,train
2884,2020_Townsend,CC(C)C[C@@H]1NC(=O)[C@@H]2CCCN2C(=O)[C@H](CC(C)C)NC(=O)CN(Cc2ccccc2)C(=O)[C@H](C)NC(=O)[C@H](Cc2ccccc2)NC1=O,hexa_370,2884,-6.05,6,6,Circle,0.162158,0.040765,-26.7389,8.277,7.049,1.228,0.163583,0.0588194,8.246,7.012,1.234,94,36,train,train,train,train,val,train,train,train,train,val
2883,2020_Townsend,CC(C)C[C@@H]1NC(=O)[C@H](C)NC(=O)[C@H](Cc2ccccc2)NC(=O)CN(Cc2ccccc2)C(=O)[C@@H]2CCCN2C(=O)[C@H](CC(C)C)NC1=O,hexa_369,2883,-5.85,6,6,Circle,0.172804,0.0645452,-27.4794,8.23,7.03,1.2,0.140397,0.0466567,8.247,7.028,1.219,10,37,train,val,train,train,train,train,train,train,train,val
2882,2020_Townsend,CC(C)C[C@@H]1NC(=O)[C@H](CC(C)C)N(C)C(=O)[C@H](C)NC(=O)[C@H](Cc2ccccc2)NC(=O)[C@H](CC(C)C)N(C)C(=O)[C@@H]2CCCN2C1=O,hexa_368,2882,-5.28,6,6,Circle,0.14229,0.0579571,-16.7452,8.236,7.174,1.062,0.106003,0.0453898,8.343,7.284,1.059,62,40,train,train,train,train,train,test,train,train,train,train
2881,2020_Townsend,CC(C)C[C@@H]1NC(=O)[C@@H](CC(C)C)NC(=O)[C@H](C)NC(=O)[C@H](Cc2ccccc2)NC(=O)CN(Cc2ccccc2)C(=O)[C@@H]2CCCN2C1=O,hexa_367,2881,-5.8,6,6,Circle,0.184748,0.0710139,-26.7256,8.391,7.145,1.246,0.201547,0.0953463,8.129,7.006,1.123,42,23,train,train,train,train,train,train,val,train,val,train
2880,2020_Townsend,CC(C)C[C@@H]1NC(=O)[C@H](C)NC(=O)[C@H](Cc2ccccc2)NC(=O)CN(Cc2ccccc2)C(=O)[C@@H]2CCCN2C(=O)[C@@H](CC(C)C)NC1=O,hexa_366,2880,-5.68,6,6,Circle,0.182293,0.0554102,-42.1865,8.029,6.721,1.308,0.14458,0.0416337,8.292,7.082,1.21,56,99,train,train,train,train,train,test,val,train,val,test
2879,2020_Townsend,CC(C)C[C@@H]1NC(=O)[C@@H]2CCCN2C(=O)CN(Cc2ccccc2)C(=O)[C@@H](CC(C)C)NC(=O)[C@H](C)NC(=O)[C@H](Cc2ccccc2)NC1=O,hexa_365,2879,-5.81,6,6,Circle,0.247208,0.117817,-32.2161,8.173,6.918,1.255,0.166427,0.0360127,8.012,6.931,1.081,70,27,train,train,val,train,train,train,train,train,train,train
2878,2020_Townsend,CC(C)C[C@@H]1NC(=O)[C@H](C)NC(=O)[C@H](Cc2ccccc2)NC(=O)[C@@H](CC(C)C)NC(=O)[C@@H]2CCCN2C(=O)CN(Cc2ccccc2)C1=O,hexa_364,2878,-6.33,6,6,Circle,0.118116,0.0377242,-35.295,8.358,7.041,1.317,0.144535,0.0617439,7.971,6.616,1.355,37,43,train,val,test,train,train,train,train,val,val,val
2877,2020_Townsend,CC(C)C[C@@H]1NC(=O)[C@@H](CC(C)C)N(C)C(=O)[C@H](C)NC(=O)[C@H](Cc2ccccc2)NC(=O)[C@H](CC(C)C)N(C)C(=O)[C@@H]2CCCN2C1=O,hexa_363,2877,-5.0,6,6,Circle,0.145415,0.0565254,-16.7878,8.282,7.196,1.086,0.149767,0.0497444,8.39,7.243,1.147,72,3,val,train,train,train,val,train,train,train,val,train
2876,2020_Townsend,CC(C)C[C@H]1C(=O)N[C@@H](Cc2ccccc2)C(=O)N[C@@H](C)C(=O)N[C@H](CC(C)C)C(=O)N(C)[C@@H](CC(C)C)C(=O)N2CCC[C@H]2C(=O)N1C,hexa_362,2876,-5.28,6,6,Circle,0.179467,0.0888968,-27.8727,8.449,7.25,1.199,0.116454,0.0367414,8.334,7.233,1.101,42,81,val,train,train,train,train,train,train,train,train,train
2875,2020_Townsend,CC(C)C[C@H]1C(=O)N[C@H](CC(C)C)C(=O)N2CCC[C@H]2C(=O)N(C)[C@@H](CC(C)C)C(=O)N[C@@H](Cc2ccccc2)C(=O)N[C@@H](C)C(=O)N1C,hexa_361,2875,-5.25,6,6,Circle,0.155657,0.0491942,-22.4074,8.357,7.336,1.021,0.208453,0.0948005,8.399,7.295,1.104,55,47,train,train,train,train,train,test,train,train,train,test
2874,2020_Townsend,CC(C)C[C@@H]1NC(=O)[C@H](C)NC(=O)[C@H](Cc2ccccc2)NC(=O)[C@H](CC(C)C)N(C)C(=O)[C@@H]2CCCN2C(=O)[C@@H](CC(C)C)N(C)C1=O,hexa_360,2874,-5.48,6,6,Circle,0.130214,0.0507478,-21.8192,8.247,7.162,1.085,0.103829,0.039264,8.121,7.06,1.061,35,49,train,train,train,train,train,train,train,test,train,train
2873,2020_Townsend,CC(C)C[C@H]1NC(=O)[C@H](C)NC(=O)[C@H](Cc2ccccc2)NC(=O)CN(Cc2ccccc2)C(=O)[C@@H]2CCCN2C(=O)[C@@H](CC(C)C)NC1=O,hexa_359,2873,-5.9,6,6,Circle,0.183968,0.0642434,-33.8032,8.582,7.332,1.25,0.16278,0.0520014,8.291,7.182,1.109,52,95,val,train,train,train,train,train,train,train,train,train
2872,2020_Townsend,CC(C)C[C@H]1NC(=O)[C@@H]2CCCN2C(=O)CN(Cc2ccccc2)C(=O)[C@@H](CC(C)C)NC(=O)[C@H](C)NC(=O)[C@H](Cc2ccccc2)NC1=O,hexa_358,2872,-6.1,6,6,Circle,0.210506,0.0849118,-35.8725,8.227,6.89,1.337,0.128683,0.0471192,8.293,7.048,1.245,32,75,train,train,train,train,train,train,train,test,train,train
2871,2020_Townsend,CC(C)C[C@H]1NC(=O)[C@@H]2CCCN2C(=O)[C@@H](CC(C)C)NC(=O)CN(Cc2ccccc2)C(=O)[C@H](C)NC(=O)[C@H](Cc2ccccc2)NC1=O,hexa_357,2871,-6.43,6,6,Circle,0.150988,0.0451082,-33.9811,8.206,6.846,1.36,0.18451,0.0503341,7.944,6.728,1.216,20,70,train,test,train,train,val,train,train,val,train,train
2870,2020_Townsend,CC(C)C[C@@H]1NC(=O)[C@@H](CC(C)C)N(C)C(=O)[C@H](C)NC(=O)[C@H](Cc2ccccc2)NC(=O)[C@@H](CC(C)C)N(C)C(=O)[C@@H]2CCCN2C1=O,hexa_356,2870,-4.9,6,6,Circle,0.161557,0.074608,-20.0685,8.467,7.331,1.136,0.168936,0.0508443,8.343,7.267,1.076,78,13,train,train,train,train,train,train,train,val,train,val
2869,2020_Townsend,CC(C)C[C@@H]1NC(=O)[C@@H]2CCCN2C(=O)[C@@H](CC(C)C)N(C)C(=O)[C@@H](CC(C)C)N(C)C(=O)[C@H](C)NC(=O)[C@H](Cc2ccccc2)NC1=O,hexa_355,2869,-5.41,6,6,Circle,0.162812,0.0639366,-24.9234,8.243,7.121,1.122,0.116381,0.0446408,8.096,6.856,1.24,86,71,train,train,val,train,train,train,train,train,train,val
2868,2020_Townsend,CC(C)C[C@@H]1NC(=O)[C@H](C)NC(=O)[C@H](Cc2ccccc2)NC(=O)[C@@H](CC(C)C)N(C)C(=O)[C@@H]2CCCN2C(=O)[C@@H](CC(C)C)N(C)C1=O,hexa_354,2868,-5.73,6,6,Circle,0.120508,0.0393991,-20.1456,7.969,6.794,1.175,0.127572,0.0459349,7.894,6.736,1.158,72,88,val,train,train,train,train,train,train,train,train,train
2867,2020_Townsend,CC(C)C[C@H]1C(=O)N2CCC[C@H]2C(=O)N(C)[C@H](CC(C)C)C(=O)N[C@@H](Cc2ccccc2)C(=O)N[C@@H](C)C(=O)N[C@H](CC(C)C)C(=O)N1C,hexa_353,2867,-5.72,6,6,Circle,0.128544,0.0450633,-20.8142,8.22,7.111,1.109,0.13802,0.0414149,8.365,7.295,1.07,42,75,val,train,train,val,train,train,train,train,train,train
2866,2020_Townsend,CC(C)C[C@H]1C(=O)N[C@H](CC(C)C)C(=O)N2CCC[C@H]2C(=O)N(C)[C@H](CC(C)C)C(=O)N[C@@H](Cc2ccccc2)C(=O)N[C@@H](C)C(=O)N1C,hexa_352,2866,-5.35,6,6,Circle,0.149625,0.0417511,-25.2273,8.711,7.437,1.274,0.194787,0.0589762,8.375,7.228,1.147,26,51,train,train,train,test,train,train,train,train,train,train
2865,2020_Townsend,CC(C)C[C@H]1C(=O)N2CCC[C@H]2C(=O)N[C@H](CC(C)C)C(=O)N[C@@H](Cc2ccccc2)C(=O)N[C@@H](C)C(=O)N(C)[C@H](CC(C)C)C(=O)N1C,hexa_351,2865,-5.61,6,6,Circle,0.11707,0.034706,-23.1098,8.365,7.205,1.16,0.124777,0.0390869,8.339,7.265,1.074,61,20,train,val,train,train,test,train,train,test,train,test
2864,2020_Townsend,CC(C)C[C@H]1NC(=O)[C@@H](CC(C)C)N(C)C(=O)[C@H](C)NC(=O)[C@H](Cc2ccccc2)NC(=O)[C@@H](CC(C)C)N(C)C(=O)[C@@H]2CCCN2C1=O,hexa_350,2864,-5.22,6,6,Circle,0.228361,0.0747855,-31.6794,8.323,7.192,1.131,0.162725,0.0472816,8.376,7.263,1.113,25,64,test,test,train,train,test,train,train,train,train,val
2863,2020_Townsend,CC(C)C[C@H]1NC(=O)[C@@H]2CCCN2C(=O)[C@@H](CC(C)C)N(C)C(=O)[C@@H](CC(C)C)N(C)C(=O)[C@H](C)NC(=O)[C@H](Cc2ccccc2)NC1=O,hexa_349,2863,-5.51,6,6,Circle,0.139221,0.0451613,-23.1422,8.35,7.048,1.302,0.100167,0.0289715,7.613,6.44,1.173,40,28,train,test,train,train,train,train,val,val,train,train
2862,2020_Townsend,CC(C)C[C@H]1NC(=O)[C@H](C)NC(=O)[C@H](Cc2ccccc2)NC(=O)[C@@H](CC(C)C)N(C)C(=O)[C@@H]2CCCN2C(=O)[C@@H](CC(C)C)N(C)C1=O,hexa_348,2862,-5.41,6,6,Circle,0.21369,0.0732913,-22.058,8.194,7.112,1.082,0.187956,0.0803527,8.104,6.985,1.119,82,98,train,val,train,train,train,train,train,train,train,test
2861,2020_Townsend,CC(C)C[C@@H]1NC(=O)[C@H](C)NC(=O)[C@H](Cc2ccccc2)NC(=O)[C@H](CC(C)C)N(C)C(=O)[C@@H]2CCCN2C(=O)[C@H](CC(C)C)NC1=O,hexa_347,2861,-6.15,6,6,Circle,0.132272,0.0514478,-22.6683,7.944,6.793,1.151,0.115487,0.0410607,8.033,6.886,1.147,85,77,train,train,train,train,train,train,train,train,val,val
2860,2020_Townsend,CC(C)C[C@@H]1NC(=O)[C@@H]2CCCN2C(=O)[C@@H](CC(C)C)N(C)C(=O)[C@H](CC(C)C)NC(=O)[C@H](C)NC(=O)[C@H](Cc2ccccc2)NC1=O,hexa_346,2860,-5.69,6,6,Circle,0.0964168,0.0383309,-25.5171,8.016,6.706,1.31,0.142809,0.0379469,8.052,7.026,1.026,12,57,train,val,train,train,train,val,train,train,val,train
2859,2020_Townsend,CC(C)C[C@@H]1NC(=O)[C@@H](CC(C)C)NC(=O)[C@H](C)NC(=O)[C@H](Cc2ccccc2)NC(=O)[C@H](CC(C)C)N(C)C(=O)[C@@H]2CCCN2C1=O,hexa_345,2859,-5.88,6,6,Circle,0.132109,0.05922,-22.5303,8.004,6.83,1.174,0.11113,0.0439361,8.213,7.014,1.199,90,77,train,train,train,val,test,train,test,train,train,train
2858,2020_Townsend,CC(C)C[C@@H]1NC(=O)[C@@H]2CCCN2C(=O)[C@H](CC(C)C)NC(=O)[C@@H](CC(C)C)N(C)C(=O)[C@H](C)NC(=O)[C@H](Cc2ccccc2)NC1=O,hexa_344,2858,-5.79,6,6,Circle,0.138889,0.0387426,-22.1172,8.205,7.01,1.195,0.147492,0.0590743,8.331,7.098,1.233,75,38,train,train,train,train,train,train,train,train,train,train
2857,2020_Townsend,CC(C)C[C@@H]1NC(=O)[C@H](CC(C)C)N(C)C(=O)[C@H](C)NC(=O)[C@H](Cc2ccccc2)NC(=O)[C@@H](CC(C)C)NC(=O)[C@@H]2CCCN2C1=O,hexa_343,2857,-6.12,6,6,Circle,0.135793,0.041708,-20.9253,8.23,7.05,1.18,0.138721,0.0415651,8.441,7.182,1.259,53,13,train,train,train,train,train,train,train,test,train,val
2856,2020_Townsend,CC(C)C[C@@H]1NC(=O)[C@H](C)NC(=O)[C@H](Cc2ccccc2)NC(=O)[C@@H](CC(C)C)N(C)C(=O)[C@@H]2CCCN2C(=O)[C@H](CC(C)C)NC1=O,hexa_342,2856,-6.19,6,6,Circle,0.189272,0.0812641,-23.76,8.287,7.036,1.251,0.121783,0.0406697,8.05,6.917,1.133,58,26,train,val,train,train,train,train,train,train,train,train
2855,2020_Townsend,CC(C)C[C@@H]1NC(=O)[C@@H]2CCCN2C(=O)[C@H](CC(C)C)N(C)C(=O)[C@@H](CC(C)C)NC(=O)[C@H](C)NC(=O)[C@H](Cc2ccccc2)NC1=O,hexa_341,2855,-6.26,6,6,Circle,0.224924,0.0912177,-32.203,8.164,6.933,1.231,0.129394,0.0443298,8.197,7.063,1.134,19,22,val,train,test,train,train,test,train,val,train,train
2854,2020_Townsend,CC(C)C[C@@H]1NC(=O)[C@H](C)NC(=O)[C@H](Cc2ccccc2)NC(=O)[C@@H](CC(C)C)NC(=O)[C@@H]2CCCN2C(=O)[C@H](CC(C)C)N(C)C1=O,hexa_340,2854,-10.0,6,6,Circle,0.103769,0.0434413,-31.7528,8.384,7.05,1.334,0.255437,0.138076,8.054,6.853,1.201,84,46,train,train,test,train,train,train,train,train,train,test
2853,2020_Townsend,CC(C)C[C@@H]1NC(=O)[C@@H]2CCCN2C(=O)[C@@H](CC(C)C)NC(=O)[C@@H](CC(C)C)N(C)C(=O)[C@H](C)NC(=O)[C@H](Cc2ccccc2)NC1=O,hexa_339,2853,-5.62,6,6,Circle,0.190639,0.0834721,-36.3258,8.185,7.018,1.167,0.131315,0.0331796,8.137,7.116,1.021,41,96,train,train,train,train,val,train,train,train,train,train
2852,2020_Townsend,CC(C)C[C@@H]1NC(=O)[C@@H](CC(C)C)NC(=O)[C@H](C)NC(=O)[C@H](Cc2ccccc2)NC(=O)[C@@H](CC(C)C)N(C)C(=O)[C@@H]2CCCN2C1=O,hexa_338,2852,-5.94,6,6,Circle,0.178744,0.0813126,-24.9936,8.447,7.165,1.282,0.169037,0.0631611,8.344,7.135,1.209,74,43,train,train,train,train,test,train,train,train,train,train
2851,2020_Townsend,CC(C)C[C@@H]1NC(=O)[C@H](C)NC(=O)[C@H](Cc2ccccc2)NC(=O)[C@@H](CC(C)C)N(C)C(=O)[C@@H]2CCCN2C(=O)[C@@H](CC(C)C)NC1=O,hexa_337,2851,-6.0,6,6,Circle,0.130574,0.0324948,-37.5508,7.953,6.686,1.267,0.120442,0.0376885,8.382,7.176,1.206,57,41,train,train,train,train,train,train,train,train,train,train
2850,2020_Townsend,CC(C)C[C@H]1C(=O)N[C@H](CC(C)C)C(=O)N2CCC[C@H]2C(=O)N[C@H](CC(C)C)C(=O)N[C@@H](Cc2ccccc2)C(=O)N[C@@H](C)C(=O)N1C,hexa_336,2850,-6.3,6,6,Circle,0.172874,0.0738556,-31.9394,8.475,7.17,1.305,0.154856,0.0520036,8.2,7.044,1.156,22,59,train,test,train,train,train,test,train,train,train,train
2849,2020_Townsend,CC(C)C[C@@H]1NC(=O)[C@H](C)NC(=O)[C@H](Cc2ccccc2)NC(=O)[C@@H](CC(C)C)NC(=O)[C@@H]2CCCN2C(=O)[C@@H](CC(C)C)N(C)C1=O,hexa_335,2849,-6.1,6,6,Circle,0.116856,0.0385193,-23.7745,7.967,6.878,1.089,0.143992,0.0302871,7.613,6.553,1.06,52,54,train,train,test,train,test,train,train,train,test,val
2848,2020_Townsend,CC(C)C[C@@H]1NC(=O)[C@@H]2CCCN2C(=O)[C@@H](CC(C)C)N(C)C(=O)[C@@H](CC(C)C)NC(=O)[C@H](C)NC(=O)[C@H](Cc2ccccc2)NC1=O,hexa_334,2848,-6.31,6,6,Circle,0.17773,0.0720531,-30.3285,8.275,7.038,1.237,0.118131,0.0336176,7.77,6.7,1.07,65,89,test,train,train,train,val,train,train,test,train,train
2847,2020_Townsend,CC(C)C[C@H]1C(=O)N2CCC[C@H]2C(=O)N[C@H](CC(C)C)C(=O)N[C@@H](Cc2ccccc2)C(=O)N[C@@H](C)C(=O)N[C@H](CC(C)C)C(=O)N1C,hexa_333,2847,-6.59,6,6,Circle,0.124596,0.0402895,-24.4319,8.288,7.034,1.254,0.125498,0.0412709,8.265,7.03,1.235,76,59,train,train,train,test,train,train,train,val,train,train
2846,2020_Townsend,CC(C)C[C@H]1NC(=O)[C@@H]2CCCN2C(=O)[C@@H](CC(C)C)NC(=O)[C@@H](CC(C)C)N(C)C(=O)[C@H](C)NC(=O)[C@H](Cc2ccccc2)NC1=O,hexa_332,2846,-5.95,6,6,Circle,0.234923,0.0912547,-26.6526,7.781,6.658,1.123,0.176298,0.0584284,8.038,6.886,1.152,17,71,train,val,val,train,test,train,train,train,train,train
2845,2020_Townsend,CC(C)C[C@H]1NC(=O)[C@H](C)NC(=O)[C@H](Cc2ccccc2)NC(=O)[C@@H](CC(C)C)N(C)C(=O)[C@@H]2CCCN2C(=O)[C@@H](CC(C)C)NC1=O,hexa_331,2845,-6.11,6,6,Circle,0.152675,0.0591652,-28.4655,8.403,7.009,1.394,0.152344,0.0591907,7.727,6.529,1.198,87,30,test,test,train,train,train,train,train,train,val,train
2844,2020_Townsend,CC(C)C[C@@H]1NC(=O)[C@@H]2CCCN2C(=O)[C@H](CC(C)C)NC(=O)[C@@H](CC(C)C)NC(=O)[C@H](C)NC(=O)[C@H](Cc2ccccc2)NC1=O,hexa_330,2844,-6.49,6,6,Circle,0.11376,0.0459458,-25.2236,8.081,6.713,1.368,0.119348,0.0412438,7.893,6.508,1.385,76,32,train,train,train,train,val,train,train,train,val,train
2843,2020_Townsend,CC(C)C[C@@H]1NC(=O)[C@H](C)NC(=O)[C@H](Cc2ccccc2)NC(=O)[C@@H](CC(C)C)NC(=O)[C@@H]2CCCN2C(=O)[C@H](CC(C)C)NC1=O,hexa_329,2843,-6.62,6,6,Circle,0.137496,0.0458485,-24.9053,8.062,6.729,1.333,0.114736,0.0495436,8.001,6.703,1.298,13,51,train,train,train,train,train,train,train,train,val,val
2842,2020_Townsend,CC(C)C[C@@H]1NC(=O)[C@@H]2CCCN2C(=O)[C@@H](CC(C)C)NC(=O)[C@@H](CC(C)C)NC(=O)[C@H](C)NC(=O)[C@H](Cc2ccccc2)NC1=O,hexa_328,2842,-6.45,6,6,Circle,0.152268,0.0497742,-31.1513,8.194,6.815,1.379,0.150907,0.0508036,7.942,6.796,1.146,37,33,train,val,val,test,train,train,train,train,train,train
2841,2020_Townsend,CC(C)C[C@@H]1NC(=O)[C@H](C)NC(=O)[C@H](Cc2ccccc2)NC(=O)[C@@H](CC(C)C)NC(=O)[C@@H]2CCCN2C(=O)[C@@H](CC(C)C)NC1=O,hexa_327,2841,-6.23,6,6,Circle,0.175148,0.0620475,-36.1437,8.401,6.951,1.45,0.244894,0.100304,7.909,6.733,1.176,30,6,train,train,train,test,train,test,train,train,train,test
2840,2020_Townsend,CC(C)C[C@H]1NC(=O)[C@H](C)NC(=O)[C@H](Cc2ccccc2)NC(=O)[C@@H](CC(C)C)NC(=O)[C@@H]2CCCN2C(=O)[C@@H](CC(C)C)NC1=O,hexa_326,2840,-6.39,6,6,Circle,0.167613,0.0558554,-33.5549,8.391,6.963,1.428,0.114895,0.0325221,7.419,6.286,1.133,99,74,val,train,train,train,train,train,val,train,train,train
2839,2020_Townsend,CCCN1CC(=O)N(Cc2ccccc2)CC(=O)N(Cc2ccccc2)CC(=O)N2CCC[C@H]2C(=O)N(Cc2ccccc2)CC(=O)N[C@@H](Cc2ccccc2)C1=O,hexa_325,2839,-5.87,6,6,Circle,0.22525,0.0535965,-39.2887,9.426,8.419,1.007,0.186006,0.0532799,8.705,7.712,0.993,42,4,val,test,train,train,train,train,train,train,train,train
2838,2020_Townsend,CCCN1CC(=O)N(C)[C@@H](CC(C)C)C(=O)N(Cc2ccccc2)CC(=O)N2CCC[C@H]2C(=O)N(Cc2ccccc2)CC(=O)N[C@@H](Cc2ccccc2)C1=O,hexa_324,2838,-5.58,6,6,Circle,0.18773,0.0441893,-30.7618,9.146,8.178,0.968,0.182971,0.040182,8.737,7.721,1.016,18,34,train,train,train,train,train,train,train,val,train,train
2836,2020_Townsend,CCCN1CC(=O)N(C)[C@H](CC(C)C)C(=O)N(Cc2ccccc2)CC(=O)N2CCC[C@H]2C(=O)N(Cc2ccccc2)CC(=O)N[C@@H](Cc2ccccc2)C1=O,hexa_322,2836,-5.59,6,6,Circle,0.195515,0.0515679,-24.3759,8.763,7.767,0.996,0.178666,0.0498462,8.632,7.691,0.941,38,73,test,train,train,train,train,train,test,train,train,train
2834,2020_Townsend,CCCN1CC(=O)N[C@@H](CC(C)C)C(=O)N(Cc2ccccc2)CC(=O)N2CCC[C@H]2C(=O)N(Cc2ccccc2)CC(=O)N[C@@H](Cc2ccccc2)C1=O,hexa_320,2834,-5.28,6,6,Circle,0.216969,0.0809336,-27.746,8.665,7.531,1.134,0.202753,0.0656545,8.65,7.581,1.069,63,38,train,train,train,train,train,val,test,train,val,train
2833,2020_Townsend,CCCN1CC(=O)N(C)[C@@H](CC(C)C)C(=O)N(C)[C@@H](CC(C)C)C(=O)N2CCC[C@H]2C(=O)N(Cc2ccccc2)CC(=O)N[C@@H](Cc2ccccc2)C1=O,hexa_319,2833,-4.88,6,6,Circle,0.229154,0.102167,-25.58,8.872,7.977,0.895,0.162882,0.0466201,8.551,7.677,0.874,59,15,train,train,train,train,train,train,train,train,val,train
2832,2020_Townsend,CCCN1CC(=O)N(C)[C@@H](CC(C)C)C(=O)N(Cc2ccccc2)CC(=O)N2CCC[C@H]2C(=O)N(C)[C@@H](CC(C)C)C(=O)N[C@@H](Cc2ccccc2)C1=O,hexa_318,2832,-4.93,6,6,Circle,0.166478,0.0543971,-27.8685,8.812,7.841,0.971,0.126793,0.0395349,8.359,7.414,0.945,38,44,train,train,train,train,train,train,train,train,train,train
2831,2020_Townsend,CCCN1CC(=O)N[C@H](CC(C)C)C(=O)N(Cc2ccccc2)CC(=O)N2CCC[C@H]2C(=O)N(Cc2ccccc2)CC(=O)N[C@@H](Cc2ccccc2)C1=O,hexa_317,2831,-5.83,6,6,Circle,0.21461,0.0717747,-33.5052,8.941,7.798,1.143,0.215309,0.0709123,8.65,7.632,1.018,65,14,train,train,train,val,train,val,train,train,train,test
2830,2020_Townsend,CCCN1CC(=O)N(C)[C@@H](CC(C)C)C(=O)N(C)[C@H](CC(C)C)C(=O)N2CCC[C@H]2C(=O)N(Cc2ccccc2)CC(=O)N[C@@H](Cc2ccccc2)C1=O,hexa_316,2830,-5.09,6,6,Circle,0.166187,0.037147,-34.2648,8.585,7.439,1.146,0.176904,0.052454,8.855,7.899,0.956,91,55,val,train,train,val,train,train,train,train,train,train
2829,2020_Townsend,CCCN1CC(=O)N(C)[C@H](CC(C)C)C(=O)N(C)[C@@H](CC(C)C)C(=O)N2CCC[C@H]2C(=O)N(Cc2ccccc2)CC(=O)N[C@@H](Cc2ccccc2)C1=O,hexa_315,2829,-4.97,6,6,Circle,0.136458,0.0351545,-18.7564,8.965,7.987,0.978,0.138703,0.0446423,8.577,7.509,1.068,24,29,train,train,train,test,train,val,train,train,train,train
2828,2020_Townsend,CCCN1CC(=O)N(C)[C@H](CC(C)C)C(=O)N(Cc2ccccc2)CC(=O)N2CCC[C@H]2C(=O)N(C)[C@@H](CC(C)C)C(=O)N[C@@H](Cc2ccccc2)C1=O,hexa_314,2828,-5.14,6,6,Circle,0.164456,0.0642277,-19.1929,8.588,7.627,0.961,0.122651,0.0383685,8.325,7.553,0.772,13,32,val,train,train,train,train,test,train,train,train,train
2826,2020_Townsend,CCCN1CC(=O)N(C)[C@H](CC(C)C)C(=O)N(Cc2ccccc2)CC(=O)N2CCC[C@H]2C(=O)N(C)[C@H](CC(C)C)C(=O)N[C@@H](Cc2ccccc2)C1=O,hexa_312,2826,-5.02,6,6,Circle,0.173848,0.0621822,-20.56,8.765,7.739,1.026,0.176314,0.0552058,8.79,7.975,0.815,18,32,test,train,train,test,train,train,train,train,train,train
2824,2020_Townsend,CCCN1CC(=O)N(C)[C@@H](CC(C)C)C(=O)N[C@@H](CC(C)C)C(=O)N2CCC[C@H]2C(=O)N(Cc2ccccc2)CC(=O)N[C@@H](Cc2ccccc2)C1=O,hexa_310,2824,-4.95,6,6,Circle,0.158954,0.0538169,-20.8712,8.718,7.718,1.0,0.190518,0.0590885,8.696,7.636,1.06,67,86,train,train,train,train,train,train,val,train,val,val
2823,2020_Townsend,CCCN1CC(=O)N[C@@H](CC(C)C)C(=O)N(Cc2ccccc2)CC(=O)N2CCC[C@H]2C(=O)N(C)[C@@H](CC(C)C)C(=O)N[C@@H](Cc2ccccc2)C1=O,hexa_309,2823,-4.87,6,6,Circle,0.19428,0.0711366,-28.2273,8.694,7.659,1.035,0.19685,0.0711918,8.717,7.781,0.936,81,37,train,train,test,test,train,val,train,test,train,train
2822,2020_Townsend,CCCN1CC(=O)N[C@@H](CC(C)C)C(=O)N(C)[C@@H](CC(C)C)C(=O)N2CCC[C@H]2C(=O)N(Cc2ccccc2)CC(=O)N[C@@H](Cc2ccccc2)C1=O,hexa_308,2822,-4.99,6,6,Circle,0.138788,0.0447661,-27.1499,8.769,7.627,1.142,0.189516,0.0430188,8.563,7.579,0.984,60,29,train,train,train,train,test,train,test,train,train,train
2820,2020_Townsend,CCCN1CC(=O)N[C@H](CC(C)C)C(=O)N(C)[C@@H](CC(C)C)C(=O)N2CCC[C@H]2C(=O)N(Cc2ccccc2)CC(=O)N[C@@H](Cc2ccccc2)C1=O,hexa_306,2820,-5.08,6,6,Circle,0.168204,0.0516953,-30.3502,9.025,7.968,1.057,0.146359,0.0381955,8.811,7.771,1.04,85,74,train,train,train,train,train,train,train,train,train,train
2819,2020_Townsend,CCCN1CC(=O)N[C@@H](CC(C)C)C(=O)N(C)[C@H](CC(C)C)C(=O)N2CCC[C@H]2C(=O)N(Cc2ccccc2)CC(=O)N[C@@H](Cc2ccccc2)C1=O,hexa_305,2819,-4.98,6,6,Circle,0.159527,0.0517397,-29.0032,8.912,7.906,1.006,0.140759,0.0330119,8.825,7.737,1.088,26,84,train,test,val,train,test,train,val,train,val,train
2818,2020_Townsend,CCCN1CC(=O)N[C@@H](CC(C)C)C(=O)N(Cc2ccccc2)CC(=O)N2CCC[C@H]2C(=O)N(C)[C@H](CC(C)C)C(=O)N[C@@H](Cc2ccccc2)C1=O,hexa_304,2818,-4.83,6,6,Circle,0.178693,0.0579617,-29.4066,8.843,7.761,1.082,0.119548,0.0387755,8.484,7.34,1.144,45,54,train,train,test,test,train,train,train,test,train,train
2817,2020_Townsend,CCCN1CC(=O)N[C@H](CC(C)C)C(=O)N(Cc2ccccc2)CC(=O)N2CCC[C@H]2C(=O)N(C)[C@@H](CC(C)C)C(=O)N[C@@H](Cc2ccccc2)C1=O,hexa_303,2817,-4.88,6,6,Circle,0.147677,0.052271,-23.2411,8.654,7.588,1.066,0.152656,0.0512539,8.699,7.662,1.037,89,28,train,test,train,train,train,train,train,test,train,train
2816,2020_Townsend,CCCN1CC(=O)N(C)[C@H](CC(C)C)C(=O)N[C@@H](CC(C)C)C(=O)N2CCC[C@H]2C(=O)N(Cc2ccccc2)CC(=O)N[C@@H](Cc2ccccc2)C1=O,hexa_302,2816,-5.69,6,6,Circle,0.169915,0.0532296,-23.1643,8.629,7.474,1.155,0.16049,0.0334639,8.563,7.717,0.846,37,58,val,train,train,train,train,val,train,train,train,val
2814,2020_Townsend,CCCN1CC(=O)N(C)[C@@H](CC(C)C)C(=O)N(C)[C@H](CC(C)C)C(=O)N2CCC[C@H]2C(=O)N(C)[C@@H](CC(C)C)C(=O)N[C@@H](Cc2ccccc2)C1=O,hexa_300,2814,-4.83,6,6,Circle,0.108327,0.0343705,-24.2821,8.749,7.832,0.917,0.144078,0.0347575,8.762,7.719,1.043,88,87,train,train,train,train,val,train,train,train,train,train
2813,2020_Townsend,CCCN1CC(=O)N(C)[C@H](CC(C)C)C(=O)N(C)[C@@H](CC(C)C)C(=O)N2CCC[C@H]2C(=O)N(C)[C@@H](CC(C)C)C(=O)N[C@@H](Cc2ccccc2)C1=O,hexa_299,2813,-4.72,6,6,Circle,0.118655,0.0431326,-14.9744,8.772,7.838,0.934,0.131533,0.0343809,8.482,7.767,0.715,57,67,train,train,train,train,train,train,train,train,train,train
2812,2020_Townsend,CCCN1CC(=O)N[C@H](CC(C)C)C(=O)N(Cc2ccccc2)CC(=O)N2CCC[C@H]2C(=O)N(C)[C@H](CC(C)C)C(=O)N[C@@H](Cc2ccccc2)C1=O,hexa_298,2812,-5.24,6,6,Circle,0.16014,0.0416743,-26.6075,8.637,7.62,1.017,0.158006,0.04323,8.75,7.756,0.994,27,15,train,train,train,train,train,train,val,train,test,train
2811,2020_Townsend,CCCN1CC(=O)N(C)[C@H](CC(C)C)C(=O)N[C@H](CC(C)C)C(=O)N2CCC[C@H]2C(=O)N(Cc2ccccc2)CC(=O)N[C@@H](Cc2ccccc2)C1=O,hexa_297,2811,-5.89,6,6,Circle,0.212563,0.0656278,-25.5082,9.004,7.957,1.047,0.150022,0.0384107,8.378,7.537,0.841,20,24,train,train,train,val,train,train,test,train,train,train
2810,2020_Townsend,CCCN1CC(=O)N(C)[C@H](CC(C)C)C(=O)N(Cc2ccccc2)CC(=O)N2CCC[C@H]2C(=O)N[C@H](CC(C)C)C(=O)N[C@@H](Cc2ccccc2)C1=O,hexa_296,2810,-6.23,6,6,Circle,0.17226,0.0615629,-28.3397,8.696,7.524,1.172,0.143308,0.0380087,8.417,7.455,0.962,91,3,test,val,train,val,train,train,train,test,train,train
2809,2020_Townsend,CCCN1CC(=O)N(C)[C@@H](CC(C)C)C(=O)N(C)[C@H](CC(C)C)C(=O)N2CCC[C@H]2C(=O)N(C)[C@H](CC(C)C)C(=O)N[C@@H](Cc2ccccc2)C1=O,hexa_295,2809,-4.77,6,6,Circle,0.128762,0.0480124,-23.4346,8.746,7.86,0.886,0.150362,0.0367325,8.771,7.758,1.013,7,91,train,train,train,train,train,val,train,train,train,train
2808,2020_Townsend,CCCN1CC(=O)N(C)[C@H](CC(C)C)C(=O)N(C)[C@@H](CC(C)C)C(=O)N2CCC[C@H]2C(=O)N(C)[C@H](CC(C)C)C(=O)N[C@@H](Cc2ccccc2)C1=O,hexa_294,2808,-4.82,6,6,Circle,0.150744,0.0471631,-16.6853,8.725,7.784,0.941,0.143247,0.037789,8.726,7.903,0.823,75,92,train,train,train,train,train,train,train,train,train,train
2807,2020_Townsend,CCCN1CC(=O)N(C)[C@H](CC(C)C)C(=O)N(C)[C@H](CC(C)C)C(=O)N2CCC[C@H]2C(=O)N(C)[C@H](CC(C)C)C(=O)N[C@@H](Cc2ccccc2)C1=O,hexa_293,2807,-4.84,6,6,Circle,0.121133,0.0366018,-23.4657,8.99,8.09,0.9,0.151279,0.0414571,8.758,7.865,0.893,25,48,train,train,train,train,train,train,val,test,train,train
2806,2020_Townsend,CCCN1CC(=O)N[C@@H](CC(C)C)C(=O)N[C@@H](CC(C)C)C(=O)N2CCC[C@H]2C(=O)N(Cc2ccccc2)CC(=O)N[C@@H](Cc2ccccc2)C1=O,hexa_292,2806,-5.42,6,6,Circle,0.175128,0.0604524,-25.9921,8.597,7.473,1.124,0.115503,0.0385782,8.475,7.4,1.075,66,93,val,train,train,train,test,val,train,train,val,train
2805,2020_Townsend,CCCN1CC(=O)N(C)[C@@H](CC(C)C)C(=O)N[C@@H](CC(C)C)C(=O)N2CCC[C@H]2C(=O)N(C)[C@@H](CC(C)C)C(=O)N[C@@H](Cc2ccccc2)C1=O,hexa_291,2805,-4.82,6,6,Circle,0.124331,0.0440528,-15.2913,8.418,7.484,0.934,0.1265,0.0402294,8.547,7.578,0.969,77,99,train,train,train,train,val,train,test,train,train,train
2804,2020_Townsend,CCCN1CC(=O)N[C@@H](CC(C)C)C(=O)N[C@H](CC(C)C)C(=O)N2CCC[C@H]2C(=O)N(Cc2ccccc2)CC(=O)N[C@@H](Cc2ccccc2)C1=O,hexa_290,2804,-5.59,6,6,Circle,0.203704,0.0686313,-28.4834,8.82,7.694,1.126,0.167388,0.042522,8.504,7.404,1.1,90,62,train,val,train,train,train,val,train,train,train,train
2803,2020_Townsend,CCCN1CC(=O)N[C@H](CC(C)C)C(=O)N[C@@H](CC(C)C)C(=O)N2CCC[C@H]2C(=O)N(Cc2ccccc2)CC(=O)N[C@@H](Cc2ccccc2)C1=O,hexa_289,2803,-5.5,6,6,Circle,0.202043,0.0702002,-23.8074,8.598,7.459,1.139,0.167087,0.0445534,8.396,7.317,1.079,54,20,train,test,train,val,train,train,train,train,train,test
2802,2020_Townsend,CCCN1CC(=O)N[C@@H](CC(C)C)C(=O)N(Cc2ccccc2)CC(=O)N2CCC[C@H]2C(=O)N[C@H](CC(C)C)C(=O)N[C@@H](Cc2ccccc2)C1=O,hexa_288,2802,-5.65,6,6,Circle,0.174619,0.0678585,-33.2394,8.717,7.519,1.198,0.150316,0.0417114,8.333,7.217,1.116,28,52,test,train,train,val,train,train,train,train,train,val
2801,2020_Townsend,CCCN1CC(=O)N[C@H](CC(C)C)C(=O)N(Cc2ccccc2)CC(=O)N2CCC[C@H]2C(=O)N[C@@H](CC(C)C)C(=O)N[C@@H](Cc2ccccc2)C1=O,hexa_287,2801,-5.55,6,6,Circle,0.195638,0.0799403,-27.6317,8.484,7.356,1.128,0.160091,0.0374076,8.367,7.352,1.015,20,74,train,train,train,train,train,test,test,train,train,train
2800,2020_Townsend,CCCN1CC(=O)N(C)[C@@H](CC(C)C)C(=O)N[C@@H](CC(C)C)C(=O)N2CCC[C@H]2C(=O)N(C)[C@H](CC(C)C)C(=O)N[C@@H](Cc2ccccc2)C1=O,hexa_286,2800,-4.8,6,6,Circle,0.110158,0.0394464,-17.8147,8.699,7.635,1.064,0.157652,0.0536433,8.608,7.65,0.958,81,68,val,val,train,train,train,train,val,train,train,train
2799,2020_Townsend,CCCN1CC(=O)N(C)[C@H](CC(C)C)C(=O)N[C@@H](CC(C)C)C(=O)N2CCC[C@H]2C(=O)N(C)[C@@H](CC(C)C)C(=O)N[C@@H](Cc2ccccc2)C1=O,hexa_285,2799,-4.74,6,6,Circle,0.150129,0.0481895,-15.5282,8.585,7.736,0.849,0.100872,0.0302467,8.302,7.483,0.819,77,24,train,test,train,test,train,train,val,train,test,val
2798,2020_Townsend,CCCN1CC(=O)N(C)[C@@H](CC(C)C)C(=O)N(C)[C@H](CC(C)C)C(=O)N2CCC[C@H]2C(=O)N[C@@H](CC(C)C)C(=O)N[C@@H](Cc2ccccc2)C1=O,hexa_284,2798,-4.71,6,6,Circle,0.139947,0.0454735,-18.7232,8.481,7.604,0.877,0.146151,0.0474551,8.456,7.59,0.866,84,67,train,train,train,train,train,train,train,train,test,train
2797,2020_Townsend,CCCN1CC(=O)N[C@H](CC(C)C)C(=O)N(C)[C@@H](CC(C)C)C(=O)N2CCC[C@H]2C(=O)N(C)[C@@H](CC(C)C)C(=O)N[C@@H](Cc2ccccc2)C1=O,hexa_283,2797,-4.76,6,6,Circle,0.124042,0.0413353,-17.3946,8.6,7.59,1.01,0.115787,0.033933,8.771,7.73,1.041,64,46,val,train,train,train,train,train,train,train,train,train
2796,2020_Townsend,CCCN1CC(=O)N(Cc2ccccc2)CC(=O)N[C@H](CC(C)C)C(=O)N2CCC[C@H]2C(=O)N[C@H](CC(C)C)C(=O)N[C@@H](Cc2ccccc2)C1=O,hexa_282,2796,-5.45,6,6,Circle,0.168956,0.0510574,-35.5576,8.932,7.712,1.22,0.272594,0.103823,8.406,7.308,1.098,21,25,train,val,test,train,train,train,train,train,train,train
2795,2020_Townsend,CCCN1CC(=O)N[C@H](CC(C)C)C(=O)N[C@H](CC(C)C)C(=O)N2CCC[C@H]2C(=O)N(Cc2ccccc2)CC(=O)N[C@@H](Cc2ccccc2)C1=O,hexa_281,2795,-5.88,6,6,Circle,0.207983,0.0569688,-23.7323,8.694,7.609,1.085,0.177609,0.052759,8.569,7.506,1.063,77,82,train,test,train,val,train,test,train,train,train,val
2794,2020_Townsend,CCCN1CC(=O)N(C)[C@H](CC(C)C)C(=O)N[C@@H](CC(C)C)C(=O)N2CCC[C@H]2C(=O)N(C)[C@H](CC(C)C)C(=O)N[C@@H](Cc2ccccc2)C1=O,hexa_280,2794,-4.82,6,6,Circle,0.127932,0.0545741,-20.6541,8.76,7.668,1.092,0.111946,0.0356336,8.46,7.604,0.856,47,45,train,train,val,val,train,train,train,train,train,val
2793,2020_Townsend,CCCN1CC(=O)N(C)[C@@H](CC(C)C)C(=O)N(C)[C@H](CC(C)C)C(=O)N2CCC[C@H]2C(=O)N[C@H](CC(C)C)C(=O)N[C@@H](Cc2ccccc2)C1=O,hexa_279,2793,-4.71,6,6,Circle,0.147528,0.0524521,-18.2337,8.211,7.299,0.912,0.154087,0.0537535,8.336,7.474,0.862,57,24,train,train,train,val,train,train,train,train,train,train
2792,2020_Townsend,CCCN1CC(=O)N(C)[C@@H](CC(C)C)C(=O)N[C@H](CC(C)C)C(=O)N2CCC[C@H]2C(=O)N(C)[C@H](CC(C)C)C(=O)N[C@@H](Cc2ccccc2)C1=O,hexa_278,2792,-4.82,6,6,Circle,0.150117,0.0424131,-24.1482,8.644,7.65,0.994,0.14537,0.0467604,8.803,7.753,1.05,60,43,train,train,train,train,train,train,train,train,train,train
2791,2020_Townsend,CCCN1CC(=O)N[C@H](CC(C)C)C(=O)N(C)[C@@H](CC(C)C)C(=O)N2CCC[C@H]2C(=O)N(C)[C@H](CC(C)C)C(=O)N[C@@H](Cc2ccccc2)C1=O,hexa_277,2791,-4.92,6,6,Circle,0.11999,0.0387586,-16.8778,8.682,7.627,1.055,0.171936,0.0561006,8.301,7.324,0.977,54,98,train,train,test,train,train,train,train,train,train,train
2790,2020_Townsend,CCCN1CC(=O)N(C)[C@H](CC(C)C)C(=O)N(C)[C@@H](CC(C)C)C(=O)N2CCC[C@H]2C(=O)N[C@H](CC(C)C)C(=O)N[C@@H](Cc2ccccc2)C1=O,hexa_276,2790,-5.37,6,6,Circle,0.110011,0.0344796,-20.3296,8.798,7.74,1.058,0.134291,0.0358836,8.749,7.76,0.989,26,89,train,train,train,train,train,train,train,train,train,train
2789,2020_Townsend,CCCN1CC(=O)N(C)[C@H](CC(C)C)C(=O)N(C)[C@H](CC(C)C)C(=O)N2CCC[C@H]2C(=O)N[C@H](CC(C)C)C(=O)N[C@@H](Cc2ccccc2)C1=O,hexa_275,2789,-4.8,6,6,Circle,0.15268,0.0390494,-17.5018,8.283,7.378,0.905,0.118374,0.0363037,8.4,7.569,0.831,100,90,train,train,train,test,train,test,train,train,train,test
2788,2020_Townsend,CCCN1CC(=O)N(C)[C@H](CC(C)C)C(=O)N[C@H](CC(C)C)C(=O)N2CCC[C@H]2C(=O)N(C)[C@H](CC(C)C)C(=O)N[C@@H](Cc2ccccc2)C1=O,hexa_274,2788,-4.82,6,6,Circle,0.130093,0.0442285,-22.7997,8.867,7.751,1.116,0.170221,0.0471558,8.596,7.643,0.953,41,87,train,test,train,train,train,train,train,train,test,train
2787,2020_Townsend,CCCN1CC(=O)N[C@H](CC(C)C)C(=O)N(C)[C@H](CC(C)C)C(=O)N2CCC[C@H]2C(=O)N(C)[C@H](CC(C)C)C(=O)N[C@@H](Cc2ccccc2)C1=O,hexa_273,2787,-4.83,6,6,Circle,0.138502,0.044437,-22.7132,8.72,7.669,1.051,0.179308,0.0577442,8.62,7.595,1.025,31,51,train,test,train,train,train,test,train,val,train,train
2786,2020_Townsend,CCCN1CC(=O)N(C)[C@@H](CC(C)C)C(=O)N[C@@H](CC(C)C)C(=O)N2CCC[C@H]2C(=O)N[C@@H](CC(C)C)C(=O)N[C@@H](Cc2ccccc2)C1=O,hexa_272,2786,-5.4,6,6,Circle,0.120933,0.0468953,-20.6672,8.361,7.324,1.037,0.147168,0.0510365,8.49,7.455,1.035,55,79,train,train,train,train,train,train,train,train,train,train
2785,2020_Townsend,CCCN1CC(=O)N[C@@H](CC(C)C)C(=O)N[C@@H](CC(C)C)C(=O)N2CCC[C@H]2C(=O)N(C)[C@@H](CC(C)C)C(=O)N[C@@H](Cc2ccccc2)C1=O,hexa_271,2785,-5.03,6,6,Circle,0.144239,0.0353712,-17.3793,8.287,7.272,1.015,0.146699,0.046358,8.452,7.363,1.089,30,14,val,train,train,train,test,train,train,train,val,train
2784,2020_Townsend,CCCN1CC(=O)N(C)[C@@H](CC(C)C)C(=O)N[C@@H](CC(C)C)C(=O)N2CCC[C@H]2C(=O)N[C@H](CC(C)C)C(=O)N[C@@H](Cc2ccccc2)C1=O,hexa_270,2784,-4.93,6,6,Circle,0.121572,0.0471384,-20.2476,8.555,7.49,1.065,0.149943,0.0490943,8.578,7.463,1.115,44,87,train,train,train,test,train,val,train,train,train,train
2783,2020_Townsend,CCCN1CC(=O)N[C@@H](CC(C)C)C(=O)N[C@@H](CC(C)C)C(=O)N2CCC[C@H]2C(=O)N(C)[C@H](CC(C)C)C(=O)N[C@@H](Cc2ccccc2)C1=O,hexa_269,2783,-4.99,6,6,Circle,0.14529,0.0524436,-22.8328,8.622,7.5,1.122,0.100012,0.0362604,8.315,7.288,1.027,82,54,val,train,train,train,train,train,train,train,train,train
2782,2020_Townsend,CCCN1CC(=O)N[C@@H](CC(C)C)C(=O)N(C)[C@H](CC(C)C)C(=O)N2CCC[C@H]2C(=O)N[C@@H](CC(C)C)C(=O)N[C@@H](Cc2ccccc2)C1=O,hexa_268,2782,-5.2,6,6,Circle,0.19014,0.0707462,-19.9252,8.538,7.396,1.142,0.151919,0.0372669,8.469,7.296,1.173,67,15,train,test,train,train,train,train,train,train,train,train
2781,2020_Townsend,CCCN1CC(=O)N[C@H](CC(C)C)C(=O)N[C@@H](CC(C)C)C(=O)N2CCC[C@H]2C(=O)N(C)[C@@H](CC(C)C)C(=O)N[C@@H](Cc2ccccc2)C1=O,hexa_267,2781,-5.0,6,6,Circle,0.134214,0.0480245,-19.3684,8.49,7.375,1.115,0.150307,0.0578505,8.469,7.331,1.138,34,39,test,train,train,train,train,train,train,train,test,train
2780,2020_Townsend,CCCN1CC(=O)N(C)[C@@H](CC(C)C)C(=O)N[C@H](CC(C)C)C(=O)N2CCC[C@H]2C(=O)N[C@@H](CC(C)C)C(=O)N[C@@H](Cc2ccccc2)C1=O,hexa_266,2780,-5.85,6,6,Circle,0.157743,0.0576049,-27.6868,8.786,7.681,1.105,0.147238,0.0531482,8.466,7.521,0.945,45,74,train,train,train,train,train,train,train,train,train,train
2779,2020_Townsend,CCCN1CC(=O)N(C)[C@H](CC(C)C)C(=O)N[C@@H](CC(C)C)C(=O)N2CCC[C@H]2C(=O)N[C@H](CC(C)C)C(=O)N[C@@H](Cc2ccccc2)C1=O,hexa_265,2779,-4.92,6,6,Circle,0.11049,0.0352787,-27.7121,8.651,7.549,1.102,0.144843,0.0390665,8.647,7.655,0.992,64,43,train,train,val,train,train,train,train,train,train,train
2778,2020_Townsend,CCCN1CC(=O)N[C@@H](CC(C)C)C(=O)N[C@H](CC(C)C)C(=O)N2CCC[C@H]2C(=O)N(C)[C@H](CC(C)C)C(=O)N[C@@H](Cc2ccccc2)C1=O,hexa_264,2778,-4.93,6,6,Circle,0.153469,0.0607186,-26.3314,8.687,7.487,1.2,0.188906,0.0553307,8.405,7.33,1.075,99,79,train,train,train,train,train,val,val,train,val,train
2777,2020_Townsend,CCCN1CC(=O)N[C@H](CC(C)C)C(=O)N(C)[C@H](CC(C)C)C(=O)N2CCC[C@H]2C(=O)N[C@H](CC(C)C)C(=O)N[C@@H](Cc2ccccc2)C1=O,hexa_263,2777,-4.96,6,6,Circle,0.197446,0.0681129,-15.892,8.204,7.154,1.05,0.148563,0.041342,8.151,7.208,0.943,90,84,train,train,train,test,train,train,train,train,train,train
2776,2020_Townsend,CCCN1CC(=O)N(C)[C@H](CC(C)C)C(=O)N[C@H](CC(C)C)C(=O)N2CCC[C@H]2C(=O)N[C@H](CC(C)C)C(=O)N[C@@H](Cc2ccccc2)C1=O,hexa_262,2776,-4.89,6,6,Circle,0.174286,0.0658777,-28.604,8.689,7.504,1.185,0.173204,0.056695,8.509,7.438,1.071,19,56,train,test,train,val,test,val,val,train,test,train
2775,2020_Townsend,CCCN1CC(=O)N[C@H](CC(C)C)C(=O)N[C@H](CC(C)C)C(=O)N2CCC[C@H]2C(=O)N(C)[C@H](CC(C)C)C(=O)N[C@@H](Cc2ccccc2)C1=O,hexa_261,2775,-5.95,6,6,Circle,0.151725,0.0506402,-25.047,8.734,7.556,1.178,0.131761,0.0418656,8.358,7.354,1.004,80,86,train,val,train,train,val,test,train,train,train,train
2774,2020_Townsend,CCCN1CC(=O)N[C@H](CC(C)C)C(=O)N[C@@H](CC(C)C)C(=O)N2CCC[C@H]2C(=O)N[C@@H](CC(C)C)C(=O)N[C@@H](Cc2ccccc2)C1=O,hexa_260,2774,-4.94,6,6,Circle,0.143683,0.0550132,-24.1224,8.408,7.169,1.239,0.155429,0.0506952,8.422,7.124,1.298,79,21,train,train,train,test,val,val,train,train,train,train
2773,2020_Townsend,CCCN1CC(=O)N[C@@H](CC(C)C)C(=O)N[C@@H](CC(C)C)C(=O)N2CCC[C@H]2C(=O)N[C@H](CC(C)C)C(=O)N[C@@H](Cc2ccccc2)C1=O,hexa_259,2773,-6.08,6,6,Circle,0.12633,0.0408015,-24.8222,8.413,7.232,1.181,0.139277,0.0377225,8.17,7.136,1.034,11,62,train,test,train,train,train,train,train,train,train,train
2772,2020_Townsend,CCCN1CC(=O)N[C@H](CC(C)C)C(=O)N[C@@H](CC(C)C)C(=O)N2CCC[C@H]2C(=O)N[C@H](CC(C)C)C(=O)N[C@@H](Cc2ccccc2)C1=O,hexa_258,2772,-5.26,6,6,Circle,0.159703,0.0546098,-23.2227,8.421,7.177,1.244,0.165235,0.0608633,8.373,7.147,1.226,91,17,train,train,train,train,train,train,train,train,train,train
2771,2020_Townsend,CCCN1CC(=O)N[C@@H](CC(C)C)C(=O)N[C@H](CC(C)C)C(=O)N2CCC[C@H]2C(=O)N[C@H](CC(C)C)C(=O)N[C@@H](Cc2ccccc2)C1=O,hexa_257,2771,-5.73,6,6,Circle,0.166567,0.0665571,-31.1388,8.618,7.277,1.341,0.137802,0.0404461,8.214,7.102,1.112,79,3,train,train,val,train,train,train,train,train,test,val
2770,2020_Townsend,CCCN1CC(=O)N[C@H](CC(C)C)C(=O)N[C@H](CC(C)C)C(=O)N2CCC[C@H]2C(=O)N[C@@H](CC(C)C)C(=O)N[C@@H](Cc2ccccc2)C1=O,hexa_256,2770,-5.08,6,6,Circle,0.157795,0.0448752,-22.6135,8.236,7.073,1.163,0.215506,0.104068,8.17,7.106,1.064,93,8,val,train,train,val,val,train,test,test,val,test
2769,2020_Townsend,CCCN1CC(=O)N[C@H](CC(C)C)C(=O)N[C@H](CC(C)C)C(=O)N2CCC[C@H]2C(=O)N[C@H](CC(C)C)C(=O)N[C@@H](Cc2ccccc2)C1=O,hexa_255,2769,-10.0,6,6,Circle,0.216354,0.0907769,-22.6598,8.205,7.018,1.187,0.165118,0.0749062,8.21,7.156,1.054,47,42,train,train,train,train,train,train,train,train,val,train
2768,2020_Townsend,CCCN1CC(=O)N(Cc2ccccc2)CC(=O)N(Cc2ccccc2)CC(=O)N2CCC[C@@H]2C(=O)N(Cc2ccccc2)CC(=O)N[C@@H](Cc2ccccc2)C1=O,hexa_254,2768,-5.92,6,6,Circle,0.217934,0.0747993,-38.1171,9.121,8.088,1.033,0.145849,0.0383957,8.848,7.872,0.976,91,43,train,train,train,train,train,train,train,train,train,train
2767,2020_Townsend,CCCN1CC(=O)N(C)[C@@H](CC(C)C)C(=O)N(Cc2ccccc2)CC(=O)N2CCC[C@@H]2C(=O)N(Cc2ccccc2)CC(=O)N[C@@H](Cc2ccccc2)C1=O,hexa_253,2767,-5.7,6,6,Circle,0.160651,0.0350371,-35.595,8.476,7.47,1.006,0.143683,0.037494,8.638,7.731,0.907,63,58,train,train,train,train,train,train,train,train,val,val
2764,2020_Townsend,CCCN1CC(=O)N(C)[C@H](CC(C)C)C(=O)N(Cc2ccccc2)CC(=O)N2CCC[C@@H]2C(=O)N(Cc2ccccc2)CC(=O)N[C@@H](Cc2ccccc2)C1=O,hexa_250,2764,-5.76,6,6,Circle,0.166694,0.0461245,-22.8794,8.52,7.613,0.907,0.117344,0.0330702,8.578,7.742,0.836,43,68,train,train,train,train,train,train,train,train,train,train
2762,2020_Townsend,CCCN1CC(=O)N[C@@H](CC(C)C)C(=O)N(Cc2ccccc2)CC(=O)N2CCC[C@@H]2C(=O)N(Cc2ccccc2)CC(=O)N[C@@H](Cc2ccccc2)C1=O,hexa_248,2762,-5.18,6,6,Circle,0.125014,0.0445155,-22.3357,8.524,7.536,0.988,0.154126,0.0372826,8.503,7.555,0.948,98,75,train,val,train,val,train,train,train,train,train,train
2761,2020_Townsend,CCCN1CC(=O)N(C)[C@@H](CC(C)C)C(=O)N(Cc2ccccc2)CC(=O)N2CCC[C@@H]2C(=O)N(C)[C@@H](CC(C)C)C(=O)N[C@@H](Cc2ccccc2)C1=O,hexa_247,2761,-5.15,6,6,Circle,0.185213,0.0759118,-27.3384,8.777,7.815,0.962,0.124673,0.0411369,8.62,7.755,0.865,24,82,train,test,test,train,val,test,train,train,train,val
2760,2020_Townsend,CCCN1CC(=O)N(C)[C@@H](CC(C)C)C(=O)N(C)[C@@H](CC(C)C)C(=O)N2CCC[C@@H]2C(=O)N(Cc2ccccc2)CC(=O)N[C@@H](Cc2ccccc2)C1=O,hexa_246,2760,-5.19,6,6,Circle,0.1956,0.0936588,-18.7272,8.695,7.681,1.014,0.135424,0.0367152,8.74,7.676,1.064,95,87,train,train,train,val,train,train,train,test,train,train
2759,2020_Townsend,CCCN1CC(=O)N(C)[C@H](CC(C)C)C(=O)N(C)[C@@H](CC(C)C)C(=O)N2CCC[C@@H]2C(=O)N(Cc2ccccc2)CC(=O)N[C@@H](Cc2ccccc2)C1=O,hexa_245,2759,-5.15,6,6,Circle,0.136074,0.0395591,-22.3081,8.804,7.77,1.034,0.193327,0.0564853,8.909,7.872,1.037,67,71,train,train,val,train,test,val,train,train,train,val
2757,2020_Townsend,CCCN1CC(=O)N(C)[C@@H](CC(C)C)C(=O)N(C)[C@H](CC(C)C)C(=O)N2CCC[C@@H]2C(=O)N(Cc2ccccc2)CC(=O)N[C@@H](Cc2ccccc2)C1=O,hexa_243,2757,-5.1,6,6,Circle,0.250852,0.104769,-25.3046,8.73,7.809,0.921,0.138929,0.0328957,8.656,7.725,0.931,41,100,test,train,train,train,train,train,train,train,test,val
2756,2020_Townsend,CCCN1CC(=O)N(C)[C@H](CC(C)C)C(=O)N(Cc2ccccc2)CC(=O)N2CCC[C@@H]2C(=O)N(C)[C@@H](CC(C)C)C(=O)N[C@@H](Cc2ccccc2)C1=O,hexa_242,2756,-5.59,6,6,Circle,0.152234,0.0384664,-16.7132,8.493,7.397,1.096,0.108758,0.0351734,8.39,7.609,0.781,11,42,train,train,train,train,train,train,train,test,train,train
2755,2020_Townsend,CCCN1CC(=O)N(C)[C@H](CC(C)C)C(=O)N(Cc2ccccc2)CC(=O)N2CCC[C@@H]2C(=O)N(C)[C@H](CC(C)C)C(=O)N[C@@H](Cc2ccccc2)C1=O,hexa_241,2755,-5.34,6,6,Circle,0.222217,0.0902065,-23.1769,8.698,7.747,0.951,0.167278,0.0456081,8.691,7.877,0.814,7,53,val,train,train,test,val,val,train,train,train,train
2753,2020_Townsend,CCCN1CC(=O)N(C)[C@H](CC(C)C)C(=O)N(C)[C@H](CC(C)C)C(=O)N2CCC[C@@H]2C(=O)N(Cc2ccccc2)CC(=O)N[C@@H](Cc2ccccc2)C1=O,hexa_239,2753,-5.7,6,6,Circle,0.148971,0.0495498,-27.883,8.635,7.734,0.901,0.121115,0.0327898,8.625,7.866,0.759,8,12,test,val,train,train,train,test,train,train,train,train
2752,2020_Townsend,CCCN1CC(=O)N(Cc2ccccc2)CC(=O)N(C)[C@H](CC(C)C)C(=O)N2CCC[C@@H]2C(=O)N(C)[C@H](CC(C)C)C(=O)N[C@@H](Cc2ccccc2)C1=O,hexa_238,2752,-5.54,6,6,Circle,0.131355,0.0440289,-33.0508,8.87,7.751,1.119,0.172357,0.0594175,8.847,7.729,1.118,23,69,test,test,train,test,train,train,test,train,train,test
2751,2020_Townsend,CCCN1CC(=O)N(C)[C@@H](CC(C)C)C(=O)N[C@@H](CC(C)C)C(=O)N2CCC[C@@H]2C(=O)N(Cc2ccccc2)CC(=O)N[C@@H](Cc2ccccc2)C1=O,hexa_237,2751,-5.25,6,6,Circle,0.21933,0.092113,-24.3935,8.706,7.659,1.047,0.153644,0.0344309,8.455,7.448,1.007,64,40,train,train,test,train,train,train,train,train,train,train
2750,2020_Townsend,CCCN1CC(=O)N[C@@H](CC(C)C)C(=O)N(C)[C@@H](CC(C)C)C(=O)N2CCC[C@@H]2C(=O)N(Cc2ccccc2)CC(=O)N[C@@H](Cc2ccccc2)C1=O,hexa_236,2750,-5.13,6,6,Circle,0.133827,0.0475531,-19.8222,8.368,7.318,1.05,0.142633,0.0401818,8.286,7.34,0.946,85,71,train,train,val,train,train,test,val,test,train,train
2749,2020_Townsend,CCCN1CC(=O)N[C@H](CC(C)C)C(=O)N(Cc2ccccc2)CC(=O)N2CCC[C@@H]2C(=O)N(C)[C@@H](CC(C)C)C(=O)N[C@@H](Cc2ccccc2)C1=O,hexa_235,2749,-5.04,6,6,Circle,0.150686,0.0447077,-25.3574,8.797,7.808,0.989,0.157967,0.0397834,8.619,7.751,0.868,6,93,train,train,train,train,test,train,train,train,train,train
2748,2020_Townsend,CCCN1CC(=O)N(C)[C@@H](CC(C)C)C(=O)N(Cc2ccccc2)CC(=O)N2CCC[C@@H]2C(=O)N[C@H](CC(C)C)C(=O)N[C@@H](Cc2ccccc2)C1=O,hexa_234,2748,-5.13,6,6,Circle,0.1872,0.0574391,-34.4686,8.651,7.549,1.102,0.121173,0.0372264,8.357,7.31,1.047,84,42,train,test,train,train,train,train,train,val,train,train
2747,2020_Townsend,CCCN1CC(=O)N[C@@H](CC(C)C)C(=O)N(C)[C@H](CC(C)C)C(=O)N2CCC[C@@H]2C(=O)N(Cc2ccccc2)CC(=O)N[C@@H](Cc2ccccc2)C1=O,hexa_233,2747,-5.13,6,6,Circle,0.138702,0.043807,-18.6356,8.341,7.333,1.008,0.134974,0.0350434,8.413,7.442,0.971,89,15,train,train,train,train,train,train,val,test,train,train
2746,2020_Townsend,CCCN1CC(=O)N(C)[C@H](CC(C)C)C(=O)N[C@@H](CC(C)C)C(=O)N2CCC[C@@H]2C(=O)N(Cc2ccccc2)CC(=O)N[C@@H](Cc2ccccc2)C1=O,hexa_232,2746,-5.37,6,6,Circle,0.151346,0.0442944,-26.5306,8.679,7.603,1.076,0.173497,0.0558649,8.695,7.713,0.982,78,94,train,test,train,train,train,train,val,val,val,train
2743,2020_Townsend,CCCN1CC(=O)N(C)[C@H](CC(C)C)C(=O)N(C)[C@@H](CC(C)C)C(=O)N2CCC[C@@H]2C(=O)N(C)[C@@H](CC(C)C)C(=O)N[C@@H](Cc2ccccc2)C1=O,hexa_229,2743,-5.08,6,6,Circle,0.149027,0.0418549,-16.7083,8.646,7.617,1.029,0.174603,0.0617476,8.684,7.683,1.001,83,18,train,train,train,train,train,val,train,train,train,train
2742,2020_Townsend,CCCN1CC(=O)N(C)[C@@H](CC(C)C)C(=O)N(C)[C@H](CC(C)C)C(=O)N2CCC[C@@H]2C(=O)N(C)[C@@H](CC(C)C)C(=O)N[C@@H](Cc2ccccc2)C1=O,hexa_228,2742,-4.87,6,6,Circle,0.115994,0.0393727,-21.5521,8.448,7.621,0.827,0.125818,0.0453087,8.728,7.676,1.052,40,100,train,train,train,train,val,train,train,train,train,train
2741,2020_Townsend,CCCN1CC(=O)N(C)[C@H](CC(C)C)C(=O)N(Cc2ccccc2)CC(=O)N2CCC[C@@H]2C(=O)N[C@H](CC(C)C)C(=O)N[C@@H](Cc2ccccc2)C1=O,hexa_227,2741,-5.33,6,6,Circle,0.165644,0.0442102,-25.4586,8.522,7.551,0.971,0.143749,0.0415302,8.647,7.822,0.825,69,61,train,train,val,test,val,train,test,train,train,val
2740,2020_Townsend,CCCN1CC(=O)N[C@H](CC(C)C)C(=O)N(Cc2ccccc2)CC(=O)N2CCC[C@@H]2C(=O)N(C)[C@H](CC(C)C)C(=O)N[C@@H](Cc2ccccc2)C1=O,hexa_226,2740,-5.35,6,6,Circle,0.136415,0.0383683,-33.1053,8.642,7.598,1.044,0.134198,0.0423815,8.701,7.706,0.995,71,51,test,train,test,train,train,train,train,train,train,train
2739,2020_Townsend,CCCN1CC(=O)N(C)[C@H](CC(C)C)C(=O)N(C)[C@@H](CC(C)C)C(=O)N2CCC[C@@H]2C(=O)N(C)[C@H](CC(C)C)C(=O)N[C@@H](Cc2ccccc2)C1=O,hexa_225,2739,-5.09,6,6,Circle,0.140523,0.0455287,-18.4989,8.601,7.526,1.075,0.127262,0.0390952,8.554,7.713,0.841,37,67,train,train,train,val,train,train,train,train,val,test
2738,2020_Townsend,CCCN1CC(=O)N(C)[C@@H](CC(C)C)C(=O)N(C)[C@H](CC(C)C)C(=O)N2CCC[C@@H]2C(=O)N(C)[C@H](CC(C)C)C(=O)N[C@@H](Cc2ccccc2)C1=O,hexa_224,2738,-5.13,6,6,Circle,0.123699,0.0391422,-20.0192,8.773,7.779,0.994,0.109398,0.0305422,8.646,7.69,0.956,92,51,train,train,train,train,train,val,train,train,train,train
2737,2020_Townsend,CCCN1CC(=O)N(C)[C@H](CC(C)C)C(=O)N(C)[C@H](CC(C)C)C(=O)N2CCC[C@@H]2C(=O)N(C)[C@H](CC(C)C)C(=O)N[C@@H](Cc2ccccc2)C1=O,hexa_223,2737,-5.28,6,6,Circle,0.159802,0.0683529,-24.8496,8.798,7.853,0.945,0.136129,0.0376778,8.625,7.704,0.921,2,100,val,train,train,train,train,test,train,test,train,train
2736,2020_Townsend,CCCN1CC(=O)N[C@@H](CC(C)C)C(=O)N[C@@H](CC(C)C)C(=O)N2CCC[C@@H]2C(=O)N(Cc2ccccc2)CC(=O)N[C@@H](Cc2ccccc2)C1=O,hexa_222,2736,-5.39,6,6,Circle,0.200764,0.0712462,-29.1972,8.608,7.446,1.162,0.170037,0.0499888,8.35,7.33,1.02,27,44,test,train,train,test,train,train,train,test,train,train
2735,2020_Townsend,CCCN1CC(=O)N(Cc2ccccc2)CC(=O)N[C@@H](CC(C)C)C(=O)N2CCC[C@@H]2C(=O)N[C@@H](CC(C)C)C(=O)N[C@@H](Cc2ccccc2)C1=O,hexa_221,2735,-5.64,6,6,Circle,0.161448,0.05858,-28.431,8.56,7.493,1.067,0.172342,0.0660363,8.335,7.18,1.155,52,32,test,train,train,val,train,val,train,train,train,train
2734,2020_Townsend,CCCN1CC(=O)N[C@@H](CC(C)C)C(=O)N(Cc2ccccc2)CC(=O)N2CCC[C@@H]2C(=O)N[C@@H](CC(C)C)C(=O)N[C@@H](Cc2ccccc2)C1=O,hexa_220,2734,-5.89,6,6,Circle,0.161554,0.0415824,-30.0304,8.478,7.419,1.059,0.190161,0.0485933,8.355,7.333,1.022,77,14,train,train,train,train,val,test,train,train,train,train
2733,2020_Townsend,CCCN1CC(=O)N(C)[C@@H](CC(C)C)C(=O)N[C@@H](CC(C)C)C(=O)N2CCC[C@@H]2C(=O)N(C)[C@@H](CC(C)C)C(=O)N[C@@H](Cc2ccccc2)C1=O,hexa_219,2733,-4.96,6,6,Circle,0.119122,0.039101,-27.7946,8.81,7.836,0.974,0.152723,0.0537874,8.642,7.769,0.873,27,82,train,train,train,train,train,train,train,train,train,train
2732,2020_Townsend,CCCN1CC(=O)N[C@@H](CC(C)C)C(=O)N(C)[C@@H](CC(C)C)C(=O)N2CCC[C@@H]2C(=O)N(C)[C@@H](CC(C)C)C(=O)N[C@@H](Cc2ccccc2)C1=O,hexa_218,2732,-5.01,6,6,Circle,0.161595,0.0516813,-21.6617,8.63,7.614,1.016,0.138791,0.0406947,8.494,7.599,0.895,46,12,train,train,train,train,train,train,test,train,train,train
2731,2020_Townsend,CCCN1CC(=O)N[C@H](CC(C)C)C(=O)N[C@@H](CC(C)C)C(=O)N2CCC[C@@H]2C(=O)N(Cc2ccccc2)CC(=O)N[C@@H](Cc2ccccc2)C1=O,hexa_217,2731,-5.01,6,6,Circle,0.223208,0.0829016,-27.4547,8.511,7.36,1.151,0.143818,0.0419267,8.332,7.307,1.025,83,81,test,train,train,train,train,val,train,train,test,train
2730,2020_Townsend,CCCN1CC(=O)N[C@H](CC(C)C)C(=O)N(Cc2ccccc2)CC(=O)N2CCC[C@@H]2C(=O)N[C@@H](CC(C)C)C(=O)N[C@@H](Cc2ccccc2)C1=O,hexa_216,2730,-5.77,6,6,Circle,0.171996,0.0670309,-34.6442,8.519,7.389,1.13,0.179386,0.0504454,8.476,7.306,1.17,48,10,val,train,train,train,val,train,train,train,train,train
2729,2020_Townsend,CCCN1CC(=O)N[C@@H](CC(C)C)C(=O)N(Cc2ccccc2)CC(=O)N2CCC[C@@H]2C(=O)N[C@H](CC(C)C)C(=O)N[C@@H](Cc2ccccc2)C1=O,hexa_215,2729,-6.11,6,6,Circle,0.184082,0.0735377,-38.336,8.559,7.377,1.182,0.168153,0.0430666,8.668,7.517,1.151,50,11,train,train,val,test,train,test,test,train,train,train
2728,2020_Townsend,CCCN1CC(=O)N(C)[C@H](CC(C)C)C(=O)N[C@@H](CC(C)C)C(=O)N2CCC[C@@H]2C(=O)N(C)[C@@H](CC(C)C)C(=O)N[C@@H](Cc2ccccc2)C1=O,hexa_214,2728,-5.05,6,6,Circle,0.149482,0.053182,-17.9123,8.522,7.414,1.108,0.147891,0.0452191,8.76,7.933,0.827,83,7,train,train,train,train,train,train,train,test,train,train
2727,2020_Townsend,CCCN1CC(=O)N(C)[C@@H](CC(C)C)C(=O)N[C@@H](CC(C)C)C(=O)N2CCC[C@@H]2C(=O)N(C)[C@H](CC(C)C)C(=O)N[C@@H](Cc2ccccc2)C1=O,hexa_213,2727,-4.98,6,6,Circle,0.108075,0.0343585,-31.5326,8.655,7.624,1.031,0.150668,0.0454549,8.582,7.771,0.811,57,36,train,test,train,train,train,train,train,val,train,train
2726,2020_Townsend,CCCN1CC(=O)N(C)[C@@H](CC(C)C)C(=O)N[C@H](CC(C)C)C(=O)N2CCC[C@@H]2C(=O)N(C)[C@@H](CC(C)C)C(=O)N[C@@H](Cc2ccccc2)C1=O,hexa_212,2726,-4.83,6,6,Circle,0.116108,0.0332008,-21.5458,8.851,7.906,0.945,0.124625,0.0374237,8.741,7.811,0.93,41,25,train,train,val,train,train,train,train,train,train,train
2725,2020_Townsend,CCCN1CC(=O)N[C@@H](CC(C)C)C(=O)N(C)[C@@H](CC(C)C)C(=O)N2CCC[C@@H]2C(=O)N(C)[C@H](CC(C)C)C(=O)N[C@@H](Cc2ccccc2)C1=O,hexa_211,2725,-4.86,6,6,Circle,0.121834,0.0509372,-24.7948,8.763,7.575,1.188,0.150916,0.0488496,8.454,7.45,1.004,32,66,train,train,val,train,train,train,train,train,train,train
2724,2020_Townsend,CCCN1CC(=O)N(C)[C@H](CC(C)C)C(=O)N(C)[C@@H](CC(C)C)C(=O)N2CCC[C@@H]2C(=O)N[C@@H](CC(C)C)C(=O)N[C@@H](Cc2ccccc2)C1=O,hexa_210,2724,-5.01,6,6,Circle,0.131532,0.0454701,-22.5244,8.609,7.639,0.97,0.129616,0.0334144,8.437,7.38,1.057,70,14,train,train,train,val,train,train,train,train,train,train
2723,2020_Townsend,CCCN1CC(=O)N(C)[C@@H](CC(C)C)C(=O)N(C)[C@@H](CC(C)C)C(=O)N2CCC[C@@H]2C(=O)N[C@H](CC(C)C)C(=O)N[C@@H](Cc2ccccc2)C1=O,hexa_209,2723,-5.32,6,6,Circle,0.132718,0.0357641,-31.7941,8.472,7.353,1.119,0.122491,0.0350611,8.605,7.438,1.167,87,31,train,val,train,train,train,test,train,train,train,train
2722,2020_Townsend,CCCN1CC(=O)N[C@H](CC(C)C)C(=O)N(Cc2ccccc2)CC(=O)N2CCC[C@@H]2C(=O)N[C@H](CC(C)C)C(=O)N[C@@H](Cc2ccccc2)C1=O,hexa_208,2722,-5.43,6,6,Circle,0.210012,0.0859793,-25.8106,8.319,7.232,1.087,0.204434,0.0920513,8.441,7.373,1.068,38,14,val,train,train,train,train,train,train,train,train,train
2721,2020_Townsend,CCCN1CC(=O)N(Cc2ccccc2)CC(=O)N[C@H](CC(C)C)C(=O)N2CCC[C@@H]2C(=O)N[C@H](CC(C)C)C(=O)N[C@@H](Cc2ccccc2)C1=O,hexa_207,2721,-5.85,6,6,Circle,0.219002,0.0869024,-35.1566,8.546,7.31,1.236,0.147438,0.0286497,8.265,7.3,0.965,76,32,train,train,train,train,train,train,train,train,train,train
2720,2020_Townsend,CCCN1CC(=O)N[C@H](CC(C)C)C(=O)N[C@H](CC(C)C)C(=O)N2CCC[C@@H]2C(=O)N(Cc2ccccc2)CC(=O)N[C@@H](Cc2ccccc2)C1=O,hexa_206,2720,-5.93,6,6,Circle,0.164205,0.0427733,-35.2234,8.685,7.486,1.199,0.167706,0.0393552,8.338,7.279,1.059,55,36,train,train,val,train,test,train,train,train,train,train
2719,2020_Townsend,CCCN1CC(=O)N(C)[C@H](CC(C)C)C(=O)N[C@@H](CC(C)C)C(=O)N2CCC[C@@H]2C(=O)N(C)[C@H](CC(C)C)C(=O)N[C@@H](Cc2ccccc2)C1=O,hexa_205,2719,-4.96,6,6,Circle,0.181942,0.0731854,-26.5966,8.832,7.854,0.978,0.147099,0.0475344,8.745,7.788,0.957,30,85,train,train,train,train,train,test,train,test,train,train
2718,2020_Townsend,CCCN1CC(=O)N(C)[C@H](CC(C)C)C(=O)N[C@H](CC(C)C)C(=O)N2CCC[C@@H]2C(=O)N(C)[C@@H](CC(C)C)C(=O)N[C@@H](Cc2ccccc2)C1=O,hexa_204,2718,-4.89,6,6,Circle,0.118637,0.029367,-18.3762,8.658,7.656,1.002,0.11941,0.0313773,8.611,7.631,0.98,35,88,test,train,train,train,train,train,train,train,train,train
2717,2020_Townsend,CCCN1CC(=O)N(C)[C@H](CC(C)C)C(=O)N(C)[C@@H](CC(C)C)C(=O)N2CCC[C@@H]2C(=O)N[C@H](CC(C)C)C(=O)N[C@@H](Cc2ccccc2)C1=O,hexa_203,2717,-5.04,6,6,Circle,0.146347,0.04368,-22.0378,8.461,7.32,1.141,0.15987,0.0639083,8.659,7.604,1.055,29,44,train,train,train,train,test,train,train,train,test,train
2716,2020_Townsend,CCCN1CC(=O)N(C)[C@@H](CC(C)C)C(=O)N(C)[C@H](CC(C)C)C(=O)N2CCC[C@@H]2C(=O)N[C@H](CC(C)C)C(=O)N[C@@H](Cc2ccccc2)C1=O,hexa_202,2716,-5.05,6,6,Circle,0.159821,0.0510338,-27.1891,8.733,7.694,1.039,0.140211,0.0426324,8.376,7.512,0.864,84,19,train,train,test,train,test,train,train,train,val,train
2715,2020_Townsend,CCCN1CC(=O)N(C)[C@@H](CC(C)C)C(=O)N[C@H](CC(C)C)C(=O)N2CCC[C@@H]2C(=O)N(C)[C@H](CC(C)C)C(=O)N[C@@H](Cc2ccccc2)C1=O,hexa_201,2715,-5.16,6,6,Circle,0.151126,0.0364579,-17.0668,8.672,7.778,0.894,0.148762,0.0431119,8.569,7.359,1.21,67,22,train,train,train,train,train,train,train,train,train,test
2714,2020_Townsend,CCCN1CC(=O)N(C)[C@H](CC(C)C)C(=O)N[C@H](CC(C)C)C(=O)N2CCC[C@@H]2C(=O)N(C)[C@H](CC(C)C)C(=O)N[C@@H](Cc2ccccc2)C1=O,hexa_200,2714,-5.1,6,6,Circle,0.119744,0.0407207,-25.2792,8.504,7.426,1.078,0.120332,0.0381281,8.471,7.672,0.799,98,6,train,train,train,test,test,train,train,train,train,train
2713,2020_Townsend,CCCN1CC(=O)N[C@@H](CC(C)C)C(=O)N[C@@H](CC(C)C)C(=O)N2CCC[C@@H]2C(=O)N(C)[C@@H](CC(C)C)C(=O)N[C@@H](Cc2ccccc2)C1=O,hexa_199,2713,-5.16,6,6,Circle,0.169056,0.0625785,-22.7067,8.544,7.544,1.0,0.136804,0.0371732,8.718,7.633,1.085,34,46,train,train,train,test,train,train,test,train,train,train
2712,2020_Townsend,CCCN1CC(=O)N[C@@H](CC(C)C)C(=O)N(C)[C@@H](CC(C)C)C(=O)N2CCC[C@@H]2C(=O)N[C@@H](CC(C)C)C(=O)N[C@@H](Cc2ccccc2)C1=O,hexa_198,2712,-5.21,6,6,Circle,0.157766,0.0581936,-34.1075,8.644,7.589,1.055,0.181043,0.0722249,8.472,7.42,1.052,83,82,train,train,train,train,train,train,train,train,train,train
2711,2020_Townsend,CCCN1CC(=O)N[C@H](CC(C)C)C(=O)N[C@@H](CC(C)C)C(=O)N2CCC[C@@H]2C(=O)N(C)[C@@H](CC(C)C)C(=O)N[C@@H](Cc2ccccc2)C1=O,hexa_197,2711,-4.8,6,6,Circle,0.17968,0.0700094,-21.7687,8.385,7.349,1.036,0.146767,0.0501842,8.351,7.342,1.009,58,83,train,train,val,train,train,train,val,train,train,train
2710,2020_Townsend,CCCN1CC(=O)N(C)[C@@H](CC(C)C)C(=O)N[C@@H](CC(C)C)C(=O)N2CCC[C@@H]2C(=O)N[C@H](CC(C)C)C(=O)N[C@@H](Cc2ccccc2)C1=O,hexa_196,2710,-5.0,6,6,Circle,0.160149,0.0578391,-21.4955,8.766,7.615,1.151,0.15965,0.0472477,8.374,7.375,0.999,98,48,train,train,train,train,test,val,train,test,test,train
2709,2020_Townsend,CCCN1CC(=O)N[C@@H](CC(C)C)C(=O)N[C@@H](CC(C)C)C(=O)N2CCC[C@@H]2C(=O)N(C)[C@H](CC(C)C)C(=O)N[C@@H](Cc2ccccc2)C1=O,hexa_195,2709,-5.15,6,6,Circle,0.146116,0.0582229,-26.7599,8.741,7.579,1.162,0.148357,0.0422056,8.385,7.421,0.964,51,35,val,train,train,train,test,train,train,train,train,train
2708,2020_Townsend,CCCN1CC(=O)N[C@H](CC(C)C)C(=O)N(C)[C@@H](CC(C)C)C(=O)N2CCC[C@@H]2C(=O)N[C@@H](CC(C)C)C(=O)N[C@@H](Cc2ccccc2)C1=O,hexa_194,2708,-5.29,6,6,Circle,0.126357,0.0444319,-26.2313,8.546,7.41,1.136,0.157812,0.0474493,8.436,7.292,1.144,43,74,train,train,train,train,val,train,val,train,train,train
2707,2020_Townsend,CCCN1CC(=O)N(C)[C@@H](CC(C)C)C(=O)N[C@H](CC(C)C)C(=O)N2CCC[C@@H]2C(=O)N[C@@H](CC(C)C)C(=O)N[C@@H](Cc2ccccc2)C1=O,hexa_193,2707,-5.22,6,6,Circle,0.111028,0.0382091,-25.2152,8.69,7.703,0.987,0.114857,0.0342229,8.687,7.694,0.993,29,41,train,train,train,train,train,train,train,train,train,train
2706,2020_Townsend,CCCN1CC(=O)N[C@@H](CC(C)C)C(=O)N(C)[C@@H](CC(C)C)C(=O)N2CCC[C@@H]2C(=O)N[C@H](CC(C)C)C(=O)N[C@@H](Cc2ccccc2)C1=O,hexa_192,2706,-5.68,6,6,Circle,0.136479,0.054777,-29.2168,8.674,7.495,1.179,0.148534,0.0365447,8.509,7.358,1.151,35,66,train,train,train,test,val,train,train,val,train,train
2705,2020_Townsend,CCCN1CC(=O)N[C@H](CC(C)C)C(=O)N(C)[C@@H](CC(C)C)C(=O)N2CCC[C@@H]2C(=O)N[C@H](CC(C)C)C(=O)N[C@@H](Cc2ccccc2)C1=O,hexa_191,2705,-5.02,6,6,Circle,0.10507,0.039614,-22.1808,8.506,7.294,1.212,0.142174,0.0365708,8.342,7.285,1.057,74,49,test,train,train,train,train,train,test,train,train,train
2704,2020_Townsend,CCCN1CC(=O)N(C)[C@H](CC(C)C)C(=O)N[C@@H](CC(C)C)C(=O)N2CCC[C@@H]2C(=O)N[C@H](CC(C)C)C(=O)N[C@@H](Cc2ccccc2)C1=O,hexa_190,2704,-5.3,6,6,Circle,0.150409,0.04563,-24.6421,8.448,7.339,1.109,0.183759,0.0655651,8.498,7.506,0.992,27,24,train,train,train,train,train,train,train,train,train,train
2703,2020_Townsend,CCCN1CC(=O)N(C)[C@@H](CC(C)C)C(=O)N[C@H](CC(C)C)C(=O)N2CCC[C@@H]2C(=O)N[C@H](CC(C)C)C(=O)N[C@@H](Cc2ccccc2)C1=O,hexa_189,2703,-5.19,6,6,Circle,0.11818,0.0351634,-21.9618,8.561,7.551,1.01,0.126136,0.0432408,8.553,7.512,1.041,13,25,train,train,train,val,val,val,train,train,train,test
2702,2020_Townsend,CCCN1CC(=O)N[C@H](CC(C)C)C(=O)N[C@H](CC(C)C)C(=O)N2CCC[C@@H]2C(=O)N(C)[C@@H](CC(C)C)C(=O)N[C@@H](Cc2ccccc2)C1=O,hexa_188,2702,-5.47,6,6,Circle,0.127048,0.0363298,-22.8432,8.65,7.525,1.125,0.144441,0.0406427,8.494,7.358,1.136,31,94,val,train,train,train,val,train,train,train,train,train
2701,2020_Townsend,CCCN1CC(=O)N[C@@H](CC(C)C)C(=O)N(C)[C@H](CC(C)C)C(=O)N2CCC[C@@H]2C(=O)N[C@H](CC(C)C)C(=O)N[C@@H](Cc2ccccc2)C1=O,hexa_187,2701,-5.21,6,6,Circle,0.134752,0.0350593,-15.4476,8.152,7.195,0.957,0.140151,0.033435,8.232,7.204,1.028,37,30,train,train,val,train,train,train,train,train,train,train
2700,2020_Townsend,CCCN1CC(=O)N(C)[C@H](CC(C)C)C(=O)N[C@H](CC(C)C)C(=O)N2CCC[C@@H]2C(=O)N[C@@H](CC(C)C)C(=O)N[C@@H](Cc2ccccc2)C1=O,hexa_186,2700,-5.3,6,6,Circle,0.153656,0.0403328,-18.3754,8.374,7.336,1.038,0.186757,0.0744877,8.278,7.282,0.996,28,99,train,train,test,train,train,train,train,train,test,val
2699,2020_Townsend,CCCN1CC(=O)N[C@@H](CC(C)C)C(=O)N[C@H](CC(C)C)C(=O)N2CCC[C@@H]2C(=O)N(C)[C@H](CC(C)C)C(=O)N[C@@H](Cc2ccccc2)C1=O,hexa_185,2699,-5.07,6,6,Circle,0.143059,0.0496446,-20.7768,8.447,7.329,1.118,0.165875,0.0610847,8.416,7.324,1.092,57,38,train,train,train,train,train,val,train,train,val,train
2698,2020_Townsend,CCCN1CC(=O)N(C)[C@H](CC(C)C)C(=O)N[C@H](CC(C)C)C(=O)N2CCC[C@@H]2C(=O)N[C@H](CC(C)C)C(=O)N[C@@H](Cc2ccccc2)C1=O,hexa_184,2698,-5.76,6,6,Circle,0.181356,0.0725479,-27.7865,8.574,7.421,1.153,0.13281,0.0299063,8.549,7.547,1.002,9,92,val,test,train,train,train,train,test,train,train,train
2697,2020_Townsend,CCCN1CC(=O)N[C@H](CC(C)C)C(=O)N[C@H](CC(C)C)C(=O)N2CCC[C@@H]2C(=O)N(C)[C@H](CC(C)C)C(=O)N[C@@H](Cc2ccccc2)C1=O,hexa_183,2697,-6.02,6,6,Circle,0.120649,0.050042,-33.8055,8.433,7.106,1.327,0.170287,0.0503369,8.357,7.332,1.025,68,26,train,train,train,train,train,train,train,train,train,train
2696,2020_Townsend,CCCN1CC(=O)N[C@@H](CC(C)C)C(=O)N[C@@H](CC(C)C)C(=O)N2CCC[C@@H]2C(=O)N[C@@H](CC(C)C)C(=O)N[C@@H](Cc2ccccc2)C1=O,hexa_182,2696,-6.62,6,6,Circle,0.152585,0.057535,-27.0042,8.538,7.424,1.114,0.176152,0.0700035,8.434,7.29,1.144,99,36,train,val,val,train,test,train,train,train,train,val
2695,2020_Townsend,CCCN1CC(=O)N[C@H](CC(C)C)C(=O)N[C@@H](CC(C)C)C(=O)N2CCC[C@@H]2C(=O)N[C@@H](CC(C)C)C(=O)N[C@@H](Cc2ccccc2)C1=O,hexa_181,2695,-6.0,6,6,Circle,0.192542,0.0737755,-23.7104,8.448,7.249,1.199,0.166709,0.059571,8.234,7.149,1.085,44,14,train,train,train,train,train,train,val,train,train,train
2694,2020_Townsend,CCCN1CC(=O)N[C@H](CC(C)C)C(=O)N[C@@H](CC(C)C)C(=O)N2CCC[C@@H]2C(=O)N[C@H](CC(C)C)C(=O)N[C@@H](Cc2ccccc2)C1=O,hexa_180,2694,-5.18,6,6,Circle,0.199279,0.0794311,-26.2509,8.373,7.099,1.274,0.140842,0.04142,8.119,7.16,0.959,14,92,train,train,train,train,train,val,test,train,test,train
2693,2020_Townsend,CCCN1CC(=O)N[C@@H](CC(C)C)C(=O)N[C@H](CC(C)C)C(=O)N2CCC[C@@H]2C(=O)N[C@H](CC(C)C)C(=O)N[C@@H](Cc2ccccc2)C1=O,hexa_179,2693,-6.04,6,6,Circle,0.157919,0.0503034,-31.2542,8.403,7.186,1.217,0.141338,0.0382619,8.408,7.211,1.197,65,28,train,train,train,train,test,train,train,train,train,train
2692,2020_Townsend,CCCN1CC(=O)N[C@H](CC(C)C)C(=O)N[C@H](CC(C)C)C(=O)N2CCC[C@@H]2C(=O)N[C@@H](CC(C)C)C(=O)N[C@@H](Cc2ccccc2)C1=O,hexa_178,2692,-5.9,6,6,Circle,0.119205,0.0413438,-26.283,8.533,7.383,1.15,0.133149,0.0359787,8.251,7.146,1.105,87,69,train,val,test,train,val,train,val,train,train,train
2691,2020_Townsend,CCCN1CC(=O)N[C@H](CC(C)C)C(=O)N[C@H](CC(C)C)C(=O)N2CCC[C@@H]2C(=O)N[C@H](CC(C)C)C(=O)N[C@@H](Cc2ccccc2)C1=O,hexa_177,2691,-4.93,6,6,Circle,0.133803,0.0471078,-29.4568,8.301,7.015,1.286,0.135372,0.0400697,8.475,7.275,1.2,95,55,train,train,train,train,train,train,train,train,test,train
2366,2018_Naylor,CC(C)C[C@@H]1NC(=O)[C@H](CC(C)C)N(C)C(=O)[C@H]2CCCN2C(=O)[C@H](CC(C)C)NC(=O)[C@H](Cc2ccccc2)N(C)C(=O)[C@H]2CCCN2C1=O,1NMe3-2P6F(73),2366,-4.99,6,6,Circle,0.166236,0.054114,-19.7875,8.618,7.678,0.94,0.143837,0.0431103,8.605,7.708,0.897,100,21,train,train,train,val,train,val,train,train,train,train
2365,2018_Naylor,CC(C)C[C@@H]1NC(=O)[C@H](CC(C)C)N(C)C(=O)[C@@H](C)N(C)C(=O)[C@H](CC(C)C)NC(=O)[C@H](Cc2ccccc2)N(C)C(=O)[C@@H](C)N(C)C1=O,1NMe3-25Ala6F(72),2365,-5.07,6,6,Circle,0.148713,0.0538456,-23.8392,8.42,7.174,1.246,0.145083,0.0531196,8.467,7.469,0.998,13,33,train,train,test,train,train,train,train,test,train,train
2364,2018_Naylor,CC(C)C[C@H]1C(=O)N[C@@H](C)C(=O)N2CCC[C@@H]2C(=O)N(C)[C@@H](Cc2ccccc2)C(=O)N[C@@H](C)C(=O)N(C)[C@H](CC(C)C)C(=O)N1C,1NMe3-14Ala6F(71),2364,-5.1,6,6,Circle,0.129941,0.0508769,-23.4486,8.093,6.99,1.103,0.128085,0.0467482,8.036,7.003,1.033,37,30,train,train,train,train,train,train,train,train,train,train
2363,2018_Naylor,CC(C)C[C@@H]1NC(=O)[C@H](CC(C)C)N(C)C(=O)[C@@H](CC(C)C)N(C)C(=O)[C@H](CC(C)C)NC(=O)[C@H](Cc2ccccc2)N(C)C(=O)[C@@H](C)N(C)C1=O,1NMe3-5Ala6F(70),2363,-6.34,6,6,Circle,0.153085,0.0537203,-22.8571,8.953,7.783,1.17,0.137536,0.0383322,9.022,8.085,0.937,41,65,train,train,train,train,train,train,val,train,test,train
2362,2018_Naylor,CC(C)C[C@@H]1NC(=O)[C@H](Cc2ccccc2)N(C)C(=O)[C@H]2CCCN2C(=O)[C@H](C)NC(=O)[C@H](CC(C)C)N(C)C(=O)[C@@H](CC(C)C)N(C)C1=O,1NMe3-4Ala6F(69),2362,-5.0,6,6,Circle,0.141795,0.049491,-19.7563,8.622,7.598,1.024,0.142093,0.0530906,8.485,7.587,0.898,63,24,test,train,train,train,train,train,train,train,train,val
2361,2018_Naylor,CC(C)C[C@@H]1NC(=O)[C@H](CC(C)C)N(C)C(=O)[C@@H](CC(C)C)N(C)C(=O)[C@H](C)NC(=O)[C@H](Cc2ccccc2)N(C)C(=O)[C@H]2CCCN2C1=O,1NMe3-1Ala6F(68),2361,-5.03,6,6,Circle,0.165195,0.059104,-20.0289,8.613,7.622,0.991,0.146503,0.0479474,8.586,7.686,0.9,58,51,train,train,train,train,train,train,test,train,val,val
2351,2018_Naylor,CC(C)C[C@@H]1NC(=O)[C@H](Cc2ccc(O)cc2)NC(=O)[C@H]2CCCN2C(=O)[C@H](CC2CCCCC2)NC(=O)[C@H](CC2CCCCC2)NC(=O)[C@@H](CC(C)C)NC1=O,1NMe3perNH-34Cha6Y(57),2351,-5.36,6,6,Circle,0.187853,0.0531561,-31.1682,9.387,8.107,1.28,0.159098,0.0354341,9.464,8.343,1.121,91,83,train,train,train,train,train,train,train,train,train,train
2350,2018_Naylor,CCC[C@H]1NC(=O)[C@H](CC(C)C)NC(=O)[C@H](Cc2ccc(O)cc2)NC(=O)[C@H]2CCCN2C(=O)[C@H](CC2CCCCC2)NC(=O)[C@H](CC2CCCCC2)NC1=O,1NMe3perNH-2Nva34Cha6Y(56),2350,-5.18,6,6,Circle,0.133473,0.0372473,-28.0486,8.658,7.457,1.201,0.176436,0.0322298,9.064,7.85,1.214,87,15,train,val,train,train,train,train,train,val,train,train
2349,2018_Naylor,CC[C@H]1NC(=O)[C@H](CC(C)C)NC(=O)[C@H](Cc2ccc(O)cc2)NC(=O)[C@H]2CCCN2C(=O)[C@H](CC2CCCCC2)NC(=O)[C@H](CC2CCCCC2)NC1=O,1NMe3perNH-2Abu34Cha6Y(55),2349,-5.09,6,6,Circle,0.104346,0.0405666,-34.588,8.779,7.406,1.373,0.19402,0.0871172,9.018,7.619,1.399,95,11,train,train,train,train,train,train,test,train,train,train
2348,2018_Naylor,CC(C)C[C@@H]1NC(=O)[C@H](Cc2ccc(O)cc2)NC(=O)[C@H]2CCCN2C(=O)[C@H](CC(C)C)NC(=O)[C@H](CC2CCCCC2)NC(=O)[C@@H](CC(C)C)NC1=O,1NMe3perNH-3Cha6Y(54),2348,-5.09,6,6,Circle,0.198193,0.0467431,-38.0815,9.308,7.972,1.336,0.193317,0.0486691,9.085,7.833,1.252,66,62,val,train,train,test,train,train,train,train,train,train
2347,2018_Naylor,CC(C)C[C@@H]1NC(=O)[C@H](Cc2ccc(O)cc2)NC(=O)[C@H]2CCCN2C(=O)[C@H](CC2CCCCC2)NC(=O)[C@H](CC2CCCCC2)NC(=O)[C@@H](C)NC1=O,1NMe3perNH-2Ala34Cha6Y(53),2347,-5.08,6,6,Circle,0.134587,0.03534,-37.7508,8.653,7.249,1.404,0.17868,0.0309576,8.858,7.537,1.321,56,63,test,val,train,train,train,train,val,train,val,val
2346,2018_Naylor,CC(C)C[C@@H]1NC(=O)[C@H](Cc2ccc(O)cc2)NC(=O)[C@H]2CCCN2C(=O)[C@H](CC(C)C)NC(=O)[C@H](CC(C)C)NC(=O)[C@@H](CC(C)C)NC1=O,1NMe3perNH(52),10,-5.64,6,6,Circle,0.119963,0.0402021,-28.9207,8.587,7.231,1.356,0.128348,0.042331,8.588,7.248,1.34,76,75,test,train,train,train,train,train,train,train,train,val
2345,2018_Naylor,CC[C@H]1NC(=O)[C@H](CC(C)C)NC(=O)[C@H](Cc2ccc(O)cc2)NC(=O)[C@H]2CCCN2C(=O)[C@H](CC(C)C)NC(=O)[C@H](CC(C)C)NC1=O,1NMe3perNH-2Abu6Y(51),2345,-6.26,6,6,Circle,0.158503,0.0415353,-29.9097,8.356,6.96,1.396,0.122849,0.031784,8.285,7.092,1.193,67,41,val,train,test,train,train,train,train,test,train,train
2344,2018_Naylor,CC(C)C[C@@H]1NC(=O)[C@H](Cc2ccc(O)cc2)NC(=O)[C@H]2CCCN2C(=O)[C@H](CC(C)C)NC(=O)[C@H](CC(C)C)NC(=O)[C@@H](C)NC1=O,1NMe3perNH-2Ala6Y(50),2344,-6.51,6,6,Circle,0.195295,0.054808,-50.9813,8.487,6.998,1.489,0.138432,0.0499056,8.147,6.947,1.2,15,93,train,train,train,test,train,test,train,train,train,train
2343,2018_Naylor,CC(C)C[C@@H]1NC(=O)[C@H](Cc2ccccc2)NC(=O)[C@H]2CCCN2C(=O)[C@H](CC2CCCCC2)NC(=O)[C@H](CC2CCCCC2)NC(=O)[C@@H](CC(C)C)NC1=O,1NMe3perNH-34Cha6F(49),2343,-5.8,6,6,Circle,0.12586,0.037649,-33.8528,9.22,8.033,1.187,0.169898,0.0512208,9.322,8.167,1.155,29,61,train,train,train,train,train,train,train,train,train,val
2342,2018_Naylor,CCC[C@H]1NC(=O)[C@H](CC(C)C)NC(=O)[C@H](Cc2ccccc2)NC(=O)[C@H]2CCCN2C(=O)[C@H](CC2CCCCC2)NC(=O)[C@H](CC2CCCCC2)NC1=O,1NMe3perNH-2Nva34Cha6F(48),2342,-5.53,6,6,Circle,0.133035,0.0473876,-27.0561,8.993,7.701,1.292,0.164242,0.0305673,9.15,8.025,1.125,94,76,test,train,test,train,val,train,train,test,train,val
2341,2018_Naylor,CC[C@H]1NC(=O)[C@H](CC(C)C)NC(=O)[C@H](Cc2ccccc2)NC(=O)[C@H]2CCCN2C(=O)[C@H](CC2CCCCC2)NC(=O)[C@H](CC2CCCCC2)NC1=O,1NMe3perNH-2Abu34Cha6F(47),2341,-5.35,6,6,Circle,0.251479,0.112102,-24.8715,9.028,7.759,1.269,0.17729,0.0570346,8.596,7.424,1.172,21,26,train,train,train,train,train,train,train,train,val,train
2340,2018_Naylor,CC(C)C[C@@H]1NC(=O)[C@H](Cc2ccccc2)NC(=O)[C@H]2CCCN2C(=O)[C@H](CC(C)C)NC(=O)[C@H](CC2CCCCC2)NC(=O)[C@@H](CC(C)C)NC1=O,1NMe3perNH-3Cha6F(46),2340,-5.06,6,6,Circle,0.239996,0.074228,-24.9318,8.886,7.621,1.265,0.158628,0.0440662,8.768,7.527,1.241,70,69,train,train,val,train,train,train,train,val,train,train
2339,2018_Naylor,CC(C)C[C@@H]1NC(=O)[C@H](Cc2ccccc2)NC(=O)[C@H]2CCCN2C(=O)[C@H](CC2CCCCC2)NC(=O)[C@H](CC2CCCCC2)NC(=O)[C@@H](C)NC1=O,1NMe3perNH-2Ala34Cha6F(45),2339,-5.34,6,6,Circle,0.140785,0.05713,-29.8145,8.553,7.23,1.323,0.167028,0.0296405,8.8,7.643,1.157,6,72,train,test,train,train,test,train,train,train,train,train
2338,2018_Naylor,CC(C)C[C@@H]1NC(=O)[C@H](Cc2ccccc2)NC(=O)[C@H]2CCCN2C(=O)[C@H](CC(C)C)NC(=O)[C@H](CC(C)C)NC(=O)[C@@H](CC(C)C)NC1=O,1NMe3perNH-6F(44),2338,-4.99,6,6,Circle,0.197907,0.0644938,-25.0677,8.679,7.429,1.25,0.161073,0.0387317,8.652,7.663,0.989,96,51,train,test,val,train,train,train,train,train,train,train
2337,2018_Naylor,CC[C@@H]1NC(=O)[C@@H](CC(C)C)NC(=O)[C@H](CC(C)C)NC(=O)[C@H](Cc2ccccc2)NC(=O)[C@H]2CCCN2C(=O)[C@H](CC(C)C)NC1=O,1NMe3perNH-3Abu6F(43),2337,-5.37,6,6,Circle,0.216805,0.0789374,-25.464,8.3,7.038,1.262,0.137025,0.0304217,8.034,6.939,1.095,2,59,train,train,train,train,train,train,train,train,train,train
2336,2018_Naylor,CC[C@@H]1NC(=O)[C@@H](CC)NC(=O)[C@H](CC(C)C)NC(=O)[C@H](Cc2ccccc2)NC(=O)[C@H]2CCCN2C(=O)[C@H](CC(C)C)NC1=O,1NMe3perNH-23Abu6F(42),2336,-5.87,6,6,Circle,0.15626,0.0526695,-26.7472,7.882,6.649,1.233,0.143516,0.0343623,7.827,6.662,1.165,24,6,train,train,val,train,train,test,train,train,test,train
2335,2018_Naylor,CC[C@H]1NC(=O)[C@H](CC(C)C)NC(=O)[C@H](Cc2ccccc2)NC(=O)[C@H]2CCCN2C(=O)[C@H](CC(C)C)NC(=O)[C@H](C)NC1=O,1NMe3perNH-2Abu3Ala6F(41),2335,-6.14,6,6,Circle,0.126561,0.0696185,-31.588,7.448,6.159,1.289,0.128197,0.0461536,7.768,6.556,1.212,79,35,train,train,train,train,train,val,train,train,train,train
2334,2018_Naylor,CC(C)C[C@@H]1NC(=O)[C@H](Cc2ccccc2)NC(=O)[C@H]2CCCN2C(=O)[C@H](CC(C)C)NC(=O)[C@H](C)NC(=O)[C@@H](C)NC1=O,1NMe3perNH-23Ala6F(40),2334,-6.14,6,6,Circle,0.126227,0.0557634,-37.218,7.724,6.269,1.455,0.134728,0.0499978,7.494,6.304,1.19,60,11,train,train,test,train,train,train,test,train,test,train
2333,2018_Naylor,CC(C)C[C@@H]1NC(=O)[C@H](Cc2ccc(O)cc2)N(C)C(=O)[C@H]2CCCN2C(=O)[C@H](CC2CCCCC2)NC(=O)[C@H](CC2CCCCC2)N(C)C(=O)[C@@H](CC(C)C)N(C)C1=O,1NMe3-34Cha6Y(39),2333,-7.13,6,6,Circle,0.186312,0.0536945,-26.2172,9.904,8.991,0.913,0.171023,0.0449078,9.886,9.061,0.825,53,74,train,train,train,train,val,train,val,train,train,val
2332,2018_Naylor,CCC[C@@H]1C(=O)N(C)[C@@H](CC2CCCCC2)C(=O)N[C@@H](CC2CCCCC2)C(=O)N2CCC[C@@H]2C(=O)N(C)[C@@H](Cc2ccc(O)cc2)C(=O)N[C@@H](CC(C)C)C(=O)N1C,1NMe3-2Nva34Cha6Y(38),2332,-7.18,6,6,Circle,0.166952,0.0440263,-30.4255,9.688,8.764,0.924,0.282938,0.0927618,9.74,8.709,1.031,33,43,val,train,train,train,val,train,val,train,train,train
2331,2018_Naylor,CC[C@@H]1C(=O)N(C)[C@@H](CC2CCCCC2)C(=O)N[C@@H](CC2CCCCC2)C(=O)N2CCC[C@@H]2C(=O)N(C)[C@@H](Cc2ccc(O)cc2)C(=O)N[C@@H](CC(C)C)C(=O)N1C,1NMe3-2Abu34Cha6Y(37),2331,-6.67,6,6,Circle,0.14059,0.0388057,-37.0251,9.401,8.286,1.115,0.172623,0.0365702,9.351,8.349,1.002,18,86,test,train,train,train,test,train,train,train,train,train
2330,2018_Naylor,CC(C)C[C@@H]1NC(=O)[C@H](Cc2ccc(O)cc2)N(C)C(=O)[C@H]2CCCN2C(=O)[C@H](CC(C)C)NC(=O)[C@H](CC2CCCCC2)N(C)C(=O)[C@@H](CC(C)C)N(C)C1=O,1NMe3-3Cha6Y(36),43,-6.18,6,6,Circle,0.163208,0.0491638,-30.4788,9.567,8.572,0.995,0.194628,0.0753741,9.606,8.602,1.004,63,69,train,val,train,train,train,train,train,train,train,train
2329,2018_Naylor,CC(C)C[C@@H]1NC(=O)[C@H](Cc2ccc(O)cc2)N(C)C(=O)[C@H]2CCCN2C(=O)[C@H](CC(C)C)NC(=O)[C@H](CC(C)C)N(C)C(=O)[C@@H](Cc2ccccc2)N(C)C1=O,1NMe3-2F(35),2329,-5.8,6,6,Circle,0.16968,0.0373017,-37.968,9.536,8.555,0.981,0.149498,0.0345209,9.565,8.597,0.968,79,93,train,train,train,train,train,train,train,train,train,train
2328,2018_Naylor,CC(C)C[C@@H]1NC(=O)[C@H](Cc2ccc(O)cc2)N(C)C(=O)[C@H]2CCCN2C(=O)[C@H](CC(C)C)NC(=O)[C@H](CC(C)C)N(C)C(=O)[C@@H](CC(C)C)N(C)C1=O,1NMe3-6Tyr(34),25,-5.52,6,6,Circle,0.170966,0.0559001,-26.4993,9.225,8.278,0.947,0.160306,0.0488316,9.034,8.25,0.784,33,84,train,train,train,train,train,train,train,train,train,test
2327,2018_Naylor,CC[C@@H]1C(=O)N(C)[C@@H](CC(C)C)C(=O)N[C@@H](CC(C)C)C(=O)N2CCC[C@@H]2C(=O)N(C)[C@@H](Cc2ccc(O)cc2)C(=O)N[C@@H](CC(C)C)C(=O)N1C,1NMe3-2Abu(33),2327,-5.09,6,6,Circle,0.170619,0.0523422,-33.5234,8.77,7.743,1.027,0.162665,0.0512479,9.03,7.994,1.036,53,94,test,val,train,train,train,test,train,val,train,train
2326,2018_Naylor,CC(C)C[C@@H]1NC(=O)[C@H](Cc2ccc(O)cc2)N(C)C(=O)[C@H]2CCCN2C(=O)[C@H](CC(C)C)NC(=O)[C@H](C)N(C)C(=O)[C@@H](CC(C)C)N(C)C1=O,1NMe3-3Ala(32),36,-5.03,6,6,Circle,0.18343,0.0686207,-30.958,8.602,7.519,1.083,0.172152,0.07229,8.651,7.633,1.018,89,25,val,train,train,train,train,train,train,train,train,train
2325,2018_Naylor,CC(C)C[C@@H]1NC(=O)[C@H](Cc2ccc(O)cc2)N(C)C(=O)[C@H]2CCCN2C(=O)[C@H](CC(C)C)NC(=O)[C@H](CC(C)C)N(C)C(=O)[C@@H](C)N(C)C1=O,1NMe3-2Ala(31),2325,-5.26,6,6,Circle,0.144273,0.0452815,-32.5813,8.502,7.519,0.983,0.153866,0.0529587,8.465,7.543,0.922,68,58,train,train,train,train,train,train,val,train,train,train
2324,2018_Naylor,CC[C@H]1C(=O)N[C@@H](CC(C)C)C(=O)N2CCC[C@@H]2C(=O)N(C)[C@@H](Cc2ccc(O)cc2)C(=O)N[C@@H](CC(C)C)C(=O)N(C)[C@H](CC)C(=O)N1C,1NMe3-23Abu(30),2324,-5.1,6,6,Circle,0.174224,0.0632176,-30.7479,8.466,7.486,0.98,0.18989,0.0882452,8.414,7.503,0.911,97,21,train,train,train,val,train,train,train,test,train,train
2323,2018_Naylor,CC[C@H]1C(=O)N[C@@H](CC(C)C)C(=O)N2CCC[C@@H]2C(=O)N(C)[C@@H](Cc2ccc(O)cc2)C(=O)N[C@@H](CC(C)C)C(=O)N(C)[C@H](C)C(=O)N1C,1NMe3-2Ala3Abu(29),2323,-5.38,6,6,Circle,0.120215,0.0414966,-39.2006,8.069,6.925,1.144,0.150187,0.0432178,8.227,7.126,1.101,94,36,test,train,train,train,train,val,train,train,val,train
2322,2018_Naylor,CC(C)C[C@@H]1NC(=O)[C@H](Cc2ccc(O)cc2)N(C)C(=O)[C@H]2CCCN2C(=O)[C@H](CC(C)C)NC(=O)[C@H](C)N(C)C(=O)[C@@H](C)N(C)C1=O,1NMe3-23Ala(28),2322,-5.49,6,6,Circle,0.149326,0.0449894,-32.4658,8.024,6.927,1.097,0.112648,0.0408146,8.107,7.039,1.068,27,2,test,train,train,train,test,test,train,train,train,train
2321,2018_Naylor,CC(C)C[C@@H]1NC(=O)[C@H](Cc2ccccc2)N(C)C(=O)[C@H]2CCCN2C(=O)[C@H](CC2CCCCC2)NC(=O)[C@H](CC2CCCCC2)N(C)C(=O)[C@@H](CC(C)C)N(C)C1=O,1NMe3-34Cha6F(27),2321,-7.85,6,6,Circle,0.147649,0.0409352,-19.7631,9.668,8.727,0.941,0.143578,0.0330397,9.915,9.04,0.875,81,8,train,val,train,train,test,train,train,train,val,val
2319,2018_Naylor,CC[C@@H]1C(=O)N(C)[C@@H](CC2CCCCC2)C(=O)N[C@@H](CC2CCCCC2)C(=O)N2CCC[C@@H]2C(=O)N(C)[C@@H](Cc2ccccc2)C(=O)N[C@@H](CC(C)C)C(=O)N1C,1NMe3-2Abu34Cha6F(25),2319,-7.84,6,6,Circle,0.136896,0.0416758,-27.4673,9.232,8.148,1.084,0.169784,0.0352646,9.412,8.358,1.054,17,88,val,train,train,train,train,val,train,train,train,train
2318,2018_Naylor,CC(C)C[C@@H]1NC(=O)[C@H](Cc2ccccc2)N(C)C(=O)[C@H]2CCCN2C(=O)[C@H](CC(C)C)NC(=O)[C@H](CC2CCCCC2)N(C)C(=O)[C@@H](CC(C)C)N(C)C1=O,1NMe3-3Cha6F(24),2318,-7.55,6,6,Circle,0.191675,0.0671342,-19.2894,9.524,8.423,1.101,0.123596,0.0314647,8.779,7.918,0.861,76,62,train,train,test,train,train,train,train,train,train,train
2317,2018_Naylor,CC(C)C[C@@H]1NC(=O)[C@H](Cc2ccccc2)N(C)C(=O)[C@H]2CCCN2C(=O)[C@H](CC2CCCCC2)NC(=O)[C@H](CC2CCCCC2)N(C)C(=O)[C@@H](C)N(C)C1=O,1NMe3-2Ala34Cha6F(23),2317,-7.31,6,6,Circle,0.160836,0.0452436,-22.1598,9.149,8.197,0.952,0.159274,0.0497102,9.139,8.246,0.893,27,50,train,train,train,train,train,train,train,train,val,train
2316,2018_Naylor,CC(C)C[C@@H]1NC(=O)[C@H](CC2CCCCC2)N(C)C(=O)[C@H]2CCCN2C(=O)[C@H](CC(C)C)NC(=O)[C@H](CC(C)C)N(C)C(=O)[C@@H](CC(C)C)N(C)C1=O,1NMe3-6Cha(22),2316,-7.02,6,6,Circle,0.146195,0.0594034,-13.307,9.208,8.28,0.928,0.133472,0.0500862,9.062,8.241,0.821,12,19,val,train,train,test,train,train,train,train,val,train
2315,2018_Naylor,CC(C)C[C@@H]1NC(=O)[C@H](Cc2ccccc2)N(C)C(=O)[C@H]2CCCN2C(=O)[C@H](CC(C)C)NC(=O)[C@H](CC(C)C)N(C)C(=O)[C@@H](CC(C)C)N(C)C1=O,1NMe3-6F(21),2315,-6.16,6,6,Circle,0.174612,0.0645442,-19.7353,9.237,8.13,1.107,0.176627,0.0710635,9.253,8.274,0.979,44,51,train,train,train,train,train,train,test,train,train,test
2314,2018_Naylor,CC[C@@H]1C(=O)N(C)[C@@H](CC(C)C)C(=O)N[C@@H](CC(C)C)C(=O)N2CCC[C@@H]2C(=O)N(C)[C@@H](CC2CCCCC2)C(=O)N[C@@H](CC(C)C)C(=O)N1C,1NMe3-2Abu6Cha(20),2314,-6.1,6,6,Circle,0.132723,0.0391516,-18.8057,8.78,7.722,1.058,0.139197,0.0410892,8.793,7.728,1.065,74,85,train,train,train,val,train,train,train,train,val,train
2313,2018_Naylor,CC[C@@H]1C(=O)N(C)[C@@H](CC(C)C)C(=O)N[C@@H](CC(C)C)C(=O)N2CCC[C@@H]2C(=O)N(C)[C@@H](Cc2ccccc2)C(=O)N[C@@H](CC(C)C)C(=O)N1C,1NMe3-2Abu6F(19),2313,-5.36,6,6,Circle,0.160965,0.0531607,-24.6125,8.702,7.654,1.048,0.165256,0.0613959,8.84,7.809,1.031,11,43,train,train,train,train,train,train,train,train,train,train
2312,2018_Naylor,CC(C)C[C@@H]1NC(=O)[C@H](Cc2ccccc2)N(C)C(=O)[C@H]2CCCN2C(=O)[C@H](CC(C)C)NC(=O)[C@H](C)N(C)C(=O)[C@@H](CC(C)C)N(C)C1=O,1NMe3-3Ala6F(18),2312,-5.16,6,6,Circle,0.144637,0.0472208,-22.4564,8.58,7.52,1.06,0.153259,0.0618505,8.625,7.647,0.978,8,21,train,train,val,train,train,train,train,train,train,val
2311,2018_Naylor,CC(C)C[C@@H]1NC(=O)[C@H](Cc2ccccc2)N(C)C(=O)[C@H]2CCCN2C(=O)[C@H](CC(C)C)NC(=O)[C@H](CC(C)C)N(C)C(=O)[C@@H](C)N(C)C1=O,1NMe3-2Ala6F(17),2311,-5.03,6,6,Circle,0.181491,0.0518385,-27.5701,8.568,7.437,1.131,0.145316,0.0358351,8.446,7.392,1.054,63,19,train,train,train,train,train,train,train,train,train,test
2310,2018_Naylor,CC[C@H]1C(=O)N[C@@H](CC(C)C)C(=O)N2CCC[C@@H]2C(=O)N(C)[C@@H](Cc2ccccc2)C(=O)N[C@@H](CC(C)C)C(=O)N(C)[C@H](CC)C(=O)N1C,1NMe3-23Abu6F(16),2310,-4.98,6,6,Circle,0.135522,0.0400278,-31.4207,8.173,7.056,1.117,0.142404,0.0370932,8.052,7.07,0.982,20,87,train,train,train,train,test,val,train,train,train,train
2309,2018_Naylor,CC(C)C[C@@H]1NC(=O)[C@H](C)N(C)C(=O)[C@H]2CCCN2C(=O)[C@H](CC(C)C)NC(=O)[C@H](CC(C)C)N(C)C(=O)[C@@H](CC(C)C)N(C)C1=O,1NMe3-6Ala(15),2309,-5.09,6,6,Circle,0.128501,0.0540982,-15.1031,8.269,7.238,1.031,0.116907,0.0475182,8.028,7.155,0.873,73,33,train,val,train,train,train,train,train,train,train,train
2308,2018_Naylor,CC[C@H]1C(=O)N[C@@H](CC(C)C)C(=O)N2CCC[C@@H]2C(=O)N(C)[C@@H](Cc2ccccc2)C(=O)N[C@@H](CC(C)C)C(=O)N(C)[C@H](C)C(=O)N1C,1NMe3-2Ala3Abu6F(14),2308,-4.87,6,6,Circle,0.145799,0.0448855,-19.2485,8.193,7.23,0.963,0.143202,0.0496672,8.004,7.161,0.843,57,94,train,train,train,train,train,train,test,train,train,train
2307,2018_Naylor,CC(C)C[C@@H]1NC(=O)[C@H](Cc2ccccc2)N(C)C(=O)[C@H]2CCCN2C(=O)[C@H](CC(C)C)NC(=O)[C@H](C)N(C)C(=O)[C@@H](C)N(C)C1=O,1NMe3-23Ala6F(13),2307,-5.08,6,6,Circle,0.116004,0.0409561,-27.1225,7.888,6.728,1.16,0.115852,0.0387267,7.958,6.943,1.015,47,10,train,test,test,train,train,train,train,train,val,train
2306,2018_Naylor,CC(C)C[C@@H]1NC(=O)[C@H](C)N(C)C(=O)[C@H]2CCCN2C(=O)[C@H](CC(C)C)NC(=O)[C@H](C)N(C)C(=O)[C@@H](CC(C)C)N(C)C1=O,1NMe3-36Ala(12),2306,-5.05,6,6,Circle,0.110554,0.0400396,-27.3269,7.698,6.551,1.147,0.114523,0.0472313,7.634,6.48,1.154,27,21,train,train,train,train,train,train,train,train,train,train
2305,2018_Naylor,CCC[C@@H]1C(=O)N(C)[C@@H](C)C(=O)N[C@@H](CC(C)C)C(=O)N2CCC[C@@H]2C(=O)N(C)[C@@H](C)C(=O)N[C@@H](CC(C)C)C(=O)N1C,1NMe3-2Nva36Ala(11),2305,-5.21,6,6,Circle,0.164592,0.0875737,-19.7411,7.615,6.417,1.198,0.140843,0.061006,7.578,6.402,1.176,45,13,val,train,train,train,train,val,train,train,val,train
2304,2018_Naylor,CC[C@@H]1C(=O)N(C)[C@@H](C)C(=O)N[C@@H](CC(C)C)C(=O)N2CCC[C@@H]2C(=O)N(C)[C@@H](C)C(=O)N[C@@H](CC(C)C)C(=O)N1C,1NMe3-2Abu36Ala(10),2304,-5.62,6,6,Circle,0.132714,0.0614523,-26.3169,7.333,6.205,1.128,0.0942394,0.0433819,7.344,6.239,1.105,70,96,train,train,val,train,test,train,train,train,train,train
2303,2018_Naylor,CC(C)C[C@@H]1NC(=O)[C@H](C)N(C)C(=O)[C@H]2CCCN2C(=O)[C@H](CC(C)C)NC(=O)[C@H](C)N(C)C(=O)[C@@H](C)N(C)C1=O,1NMe3-236Ala(9),2303,-5.95,6,6,Circle,0.120257,0.0828634,-26.0845,7.154,6.012,1.142,0.102304,0.0600057,7.067,5.947,1.12,51,59,train,train,train,train,val,train,train,train,val,train
1821,2016_Furukawa,CCCC[C@@H]1NC(=O)[C@@H](CC(C)C)NC(=O)CN(CC2CCOCC2)C(=O)[C@@H](Cc2ccccc2)NC(=O)CN(Cc2ccc3c(c2)OCO3)C(=O)[C@H]2CCCN2C1=O,2.8-18H,1821,-5.27,6,6,Circle,0.156047,0.0398267,-30.9912,8.917,7.413,1.504,0.132596,0.055753,8.815,7.344,1.471,74,88,test,train,train,train,test,val,train,train,train,train
1820,2016_Furukawa,CCCC[C@@H]1NC(=O)[C@@H](CC(C)C)NC(=O)CN(CC2CCCCC2)C(=O)[C@@H](Cc2ccccc2)NC(=O)CN(Cc2ccc3c(c2)OCO3)C(=O)[C@H]2CCCN2C1=O,2.8-17H,1820,-8.27,6,6,Circle,0.160071,0.0376332,-27.7568,8.943,7.568,1.375,0.165462,0.0656355,9.107,7.725,1.382,40,65,train,train,test,test,val,test,train,test,train,train
1819,2016_Furukawa,CCCCCN1CC(=O)N[C@H](CC(C)C)C(=O)N[C@@H](CCCC)C(=O)N2CCC[C@@H]2C(=O)N(Cc2ccc3c(c2)OCO3)CC(=O)N[C@H](Cc2ccccc2)C1=O,2.8-16H,1819,-5.44,6,6,Circle,0.166788,0.038691,-27.2083,8.835,7.391,1.444,0.13901,0.0402514,9.01,7.607,1.403,41,18,train,val,train,train,val,train,train,val,train,train
1818,2016_Furukawa,CCCC[C@@H]1NC(=O)[C@@H](CC(C)C)NC(=O)CN(CC2CCOCC2)C(=O)[C@@H](Cc2ccccc2)NC(=O)CN(CCCOC(C)C)C(=O)[C@H]2CCCN2C1=O,2.8-15H,1818,-5.58,6,6,Circle,0.169193,0.0642885,-30.2213,9.2,7.834,1.366,0.159831,0.0363656,9.035,7.699,1.336,49,25,train,train,train,train,train,test,test,train,train,train
1817,2016_Furukawa,CCCC[C@@H]1NC(=O)[C@@H](CC(C)C)NC(=O)CN(CC2CCCCC2)C(=O)[C@@H](Cc2ccccc2)NC(=O)CN(CCCOC(C)C)C(=O)[C@H]2CCCN2C1=O,2.8-14H,1817,-5.16,6,6,Circle,0.202661,0.0663516,-21.8944,9.396,8.234,1.162,0.168938,0.0434662,9.359,8.071,1.288,84,49,train,train,train,train,train,test,test,train,train,test
1816,2016_Furukawa,CCCCCN1CC(=O)N[C@H](CC(C)C)C(=O)N[C@@H](CCCC)C(=O)N2CCC[C@@H]2C(=O)N(CCCOC(C)C)CC(=O)N[C@H](Cc2ccccc2)C1=O,2.8-13H,1816,-5.03,6,6,Circle,0.181262,0.0565368,-23.5764,8.727,7.494,1.233,0.144121,0.0327449,8.931,7.833,1.098,7,65,train,train,train,train,train,train,train,train,train,test
1815,2016_Furukawa,CCCC[C@@H]1NC(=O)[C@@H](CC(C)C)NC(=O)CN(CC2CCOCC2)C(=O)[C@@H](C)NC(=O)CN(Cc2ccc3c(c2)OCO3)C(=O)[C@H]2CCCN2C1=O,2.8-12H,1815,-5.89,6,6,Circle,0.128904,0.0393667,-31.8962,8.162,6.538,1.624,0.15839,0.0657315,8.265,6.675,1.59,31,7,test,train,train,train,train,train,train,val,train,train
1814,2016_Furukawa,CCCC[C@@H]1NC(=O)[C@@H](CC(C)C)NC(=O)CN(CC2CCCCC2)C(=O)[C@@H](C)NC(=O)CN(Cc2ccc3c(c2)OCO3)C(=O)[C@H]2CCCN2C1=O,2.8-11H,1814,-5.19,6,6,Circle,0.117439,0.0354104,-27.9954,8.085,6.651,1.434,0.136528,0.0792095,8.269,6.833,1.436,95,23,train,train,val,train,train,train,train,train,train,test
1813,2016_Furukawa,CCCCCN1CC(=O)N[C@H](CC(C)C)C(=O)N[C@@H](CCCC)C(=O)N2CCC[C@@H]2C(=O)N(Cc2ccc3c(c2)OCO3)CC(=O)N[C@H](C)C1=O,2.8-10H,1813,-5.31,6,6,Circle,0.152386,0.071341,-26.9594,8.081,6.561,1.52,0.123933,0.0312041,8.136,6.595,1.541,44,25,train,train,train,test,test,train,train,val,train,train
1812,2016_Furukawa,CCCC[C@@H]1NC(=O)[C@@H](CC(C)C)NC(=O)CN(CC2CCOCC2)C(=O)[C@@H](Cc2ccccc2)NC(=O)CN(CC)C(=O)[C@H]2CCCN2C1=O,2.8-09H,1812,-6.15,6,6,Circle,0.16215,0.058314,-26.1166,8.144,6.88,1.264,0.113001,0.0432726,8.174,6.935,1.239,48,7,train,test,test,train,train,val,val,train,train,train
1811,2016_Furukawa,CCCC[C@@H]1NC(=O)[C@@H](CC(C)C)NC(=O)CN(CC2CCCCC2)C(=O)[C@@H](Cc2ccccc2)NC(=O)CN(CC)C(=O)[C@H]2CCCN2C1=O,2.8-08H,1811,-5.03,6,6,Circle,0.16938,0.0677529,-23.659,8.22,7.048,1.172,0.150058,0.0503515,8.264,7.151,1.113,37,88,train,train,val,test,train,train,train,train,train,train
1810,2016_Furukawa,CCCC[C@@H]1NC(=O)[C@@H](CC(C)C)NC(=O)CN(CC2CCOCC2)C(=O)[C@@H](C)NC(=O)CN(CCCOC(C)C)C(=O)[C@H]2CCCN2C1=O,2.8-07H,1810,-6.6,6,6,Circle,0.185093,0.0748782,-33.1755,8.886,7.481,1.405,0.157022,0.0438919,8.624,7.323,1.301,74,39,train,train,test,test,train,train,train,train,train,train
1809,2016_Furukawa,CCCC[C@@H]1NC(=O)[C@@H](CC(C)C)NC(=O)CN(CC2CCCCC2)C(=O)[C@@H](C)NC(=O)CN(CCCOC(C)C)C(=O)[C@H]2CCCN2C1=O,2.8-06H,1809,-5.44,6,6,Circle,0.121332,0.0393208,-21.311,8.066,6.882,1.184,0.11861,0.0390687,8.247,7.081,1.166,14,63,val,train,train,train,test,train,train,train,train,train
1808,2016_Furukawa,CCCCCN1CC(=O)N[C@H](CC(C)C)C(=O)N[C@@H](CCCC)C(=O)N2CCC[C@@H]2C(=O)N(CC)CC(=O)N[C@H](Cc2ccccc2)C1=O,2.8-05H,1808,-5.22,6,6,Circle,0.153771,0.0544662,-23.6256,8.108,6.854,1.254,0.122582,0.0318268,8.162,7.014,1.148,100,11,train,train,train,train,train,test,train,test,train,train
1807,2016_Furukawa,CCCCCN1CC(=O)N[C@H](CC(C)C)C(=O)N[C@@H](CCCC)C(=O)N2CCC[C@@H]2C(=O)N(CCCOC(C)C)CC(=O)N[C@H](C)C1=O,2.8-04H,1807,-5.81,6,6,Circle,0.142793,0.047406,-18.2525,8.206,7.082,1.124,0.138182,0.0417578,8.362,7.205,1.157,61,20,train,test,train,train,train,train,train,train,train,train
1806,2016_Furukawa,CCCC[C@@H]1NC(=O)[C@@H](CC(C)C)NC(=O)CN(CC2CCOCC2)C(=O)[C@@H](C)NC(=O)CN(CC)C(=O)[C@H]2CCCN2C1=O,2.8-03H,1806,-7.14,6,6,Circle,0.129721,0.0657284,-27.1001,7.253,5.888,1.365,0.123905,0.0647197,7.345,6.053,1.292,2,47,train,val,train,test,train,val,train,train,train,train
1805,2016_Furukawa,CCCC[C@@H]1NC(=O)[C@@H](CC(C)C)NC(=O)CN(CC2CCCCC2)C(=O)[C@@H](C)NC(=O)CN(CC)C(=O)[C@H]2CCCN2C1=O,2.8-02H,1805,-6.0,6,6,Circle,0.130373,0.0668836,-24.5112,7.445,6.12,1.325,0.0972819,0.0350686,7.396,6.22,1.176,6,97,train,train,train,train,train,val,train,train,train,test
1804,2016_Furukawa,CCCCCN1CC(=O)N[C@H](CC(C)C)C(=O)N[C@@H](CCCC)C(=O)N2CCC[C@@H]2C(=O)N(CC)CC(=O)N[C@H](C)C1=O,2.8-01H,1804,-6.36,6,6,Circle,0.123755,0.0524612,-23.9696,7.214,5.915,1.299,0.100861,0.0340238,7.286,6.05,1.236,67,99,train,test,train,train,train,train,train,test,train,train
1803,2016_Furukawa,CCCC[C@@H]1NC(=O)[C@@H](CC(C)C)N(C)C(=O)CN(CC2CCOCC2)C(=O)[C@@H](Cc2ccccc2)NC(=O)CN(Cc2ccc3c(c2)OCO3)C(=O)[C@H]2CCCN2C1=O,2.8-18Me,1803,-5.29,6,6,Circle,0.208143,0.0767419,-32.0433,9.233,7.819,1.414,0.136349,0.0381882,9.053,7.655,1.398,45,30,train,train,train,train,train,train,train,train,val,test
1802,2016_Furukawa,CCCC[C@@H]1NC(=O)[C@@H](CC(C)C)N(C)C(=O)CN(CC2CCCCC2)C(=O)[C@@H](Cc2ccccc2)NC(=O)CN(Cc2ccc3c(c2)OCO3)C(=O)[C@H]2CCCN2C1=O,2.8-17Me,1802,-6.88,6,6,Circle,0.183116,0.0695799,-32.5262,9.439,8.079,1.36,0.13256,0.037494,9.079,7.774,1.305,85,16,train,train,train,train,train,train,train,train,train,train
1801,2016_Furukawa,CCCCCN1CC(=O)N(C)[C@H](CC(C)C)C(=O)N[C@@H](CCCC)C(=O)N2CCC[C@@H]2C(=O)N(Cc2ccc3c(c2)OCO3)CC(=O)N[C@H](Cc2ccccc2)C1=O,2.8-16Me,1801,-10.0,6,6,Circle,0.235863,0.0815341,-28.1868,9.159,7.848,1.311,0.179107,0.0374124,9.343,8.05,1.293,98,17,train,train,train,test,test,train,train,train,train,val
1800,2016_Furukawa,CCCC[C@@H]1NC(=O)[C@@H](CC(C)C)N(C)C(=O)CN(CC2CCOCC2)C(=O)[C@@H](Cc2ccccc2)NC(=O)CN(CCCOC(C)C)C(=O)[C@H]2CCCN2C1=O,2.8-15Me,1800,-5.26,6,6,Circle,0.178353,0.0607049,-26.8054,8.912,7.721,1.191,0.168596,0.0390185,9.4,8.087,1.313,52,58,train,train,train,train,train,train,test,train,train,train
1799,2016_Furukawa,CCCC[C@@H]1NC(=O)[C@@H](CC(C)C)N(C)C(=O)CN(CC2CCCCC2)C(=O)[C@@H](Cc2ccccc2)NC(=O)CN(CCCOC(C)C)C(=O)[C@H]2CCCN2C1=O,2.8-14Me,1799,-5.48,6,6,Circle,0.169827,0.0542154,-24.2031,9.101,8.116,0.985,0.163917,0.0357304,9.332,8.154,1.178,12,74,val,train,train,test,train,train,train,train,train,val
1798,2016_Furukawa,CCCCCN1CC(=O)N(C)[C@H](CC(C)C)C(=O)N[C@@H](CCCC)C(=O)N2CCC[C@@H]2C(=O)N(CCCOC(C)C)CC(=O)N[C@H](Cc2ccccc2)C1=O,2.8-13Me,1798,-5.21,6,6,Circle,0.212296,0.0655063,-22.7591,9.443,8.381,1.062,0.178502,0.0392328,9.655,8.66,0.995,2,89,train,train,train,train,train,train,train,train,train,train
1797,2016_Furukawa,CCCC[C@@H]1NC(=O)[C@@H](CC(C)C)N(C)C(=O)CN(CC2CCOCC2)C(=O)[C@@H](C)NC(=O)CN(Cc2ccc3c(c2)OCO3)C(=O)[C@H]2CCCN2C1=O,2.8-12Me,1797,-6.05,6,6,Circle,0.201895,0.0787012,-34.1895,8.562,7.047,1.515,0.103428,0.0376359,8.217,6.753,1.464,93,93,train,test,train,train,train,train,train,val,val,train
1796,2016_Furukawa,CCCC[C@@H]1NC(=O)[C@@H](CC(C)C)N(C)C(=O)CN(CC2CCCCC2)C(=O)[C@@H](C)NC(=O)CN(Cc2ccc3c(c2)OCO3)C(=O)[C@H]2CCCN2C1=O,2.8-11Me,1796,-5.13,6,6,Circle,0.119358,0.0401262,-25.9812,8.199,6.855,1.344,0.127322,0.0565099,8.472,7.059,1.413,70,41,test,train,train,train,train,val,train,train,train,train
1795,2016_Furukawa,CCCCCN1CC(=O)N(C)[C@H](CC(C)C)C(=O)N[C@@H](CCCC)C(=O)N2CCC[C@@H]2C(=O)N(Cc2ccc3c(c2)OCO3)CC(=O)N[C@H](C)C1=O,2.8-10Me,1795,-5.1,6,6,Circle,0.129215,0.0435538,-26.131,8.22,6.86,1.36,0.129069,0.0488312,8.465,7.049,1.416,85,28,train,train,train,train,train,train,train,train,train,train
1794,2016_Furukawa,CCCC[C@@H]1NC(=O)[C@@H](CC(C)C)N(C)C(=O)CN(CC2CCOCC2)C(=O)[C@@H](Cc2ccccc2)NC(=O)CN(CC)C(=O)[C@H]2CCCN2C1=O,2.8-09Me,1794,-5.7,6,6,Circle,0.138747,0.0427428,-30.9429,8.268,7.181,1.087,0.124782,0.0325405,8.319,7.164,1.155,33,78,val,val,val,test,train,train,val,train,train,train
1793,2016_Furukawa,CCCC[C@@H]1NC(=O)[C@@H](CC(C)C)N(C)C(=O)CN(CC2CCCCC2)C(=O)[C@@H](Cc2ccccc2)NC(=O)CN(CC)C(=O)[C@H]2CCCN2C1=O,2.8-08Me,1793,-5.08,6,6,Circle,0.143918,0.0464252,-22.2321,8.333,7.24,1.093,0.134592,0.0371235,8.616,7.495,1.121,58,88,train,train,train,train,train,train,train,train,train,val
1792,2016_Furukawa,CCCC[C@@H]1NC(=O)[C@@H](CC(C)C)N(C)C(=O)CN(CC2CCOCC2)C(=O)[C@@H](C)NC(=O)CN(CCCOC(C)C)C(=O)[C@H]2CCCN2C1=O,2.8-07Me,1792,-6.66,6,6,Circle,0.158113,0.0566943,-25.74,8.488,7.267,1.221,0.12094,0.0352432,8.498,7.348,1.15,25,67,train,train,train,val,train,train,test,train,val,train
1791,2016_Furukawa,CCCC[C@@H]1NC(=O)[C@@H](CC(C)C)N(C)C(=O)CN(CC2CCCCC2)C(=O)[C@@H](C)NC(=O)CN(CCCOC(C)C)C(=O)[C@H]2CCCN2C1=O,2.8-06Me,1791,-5.09,6,6,Circle,0.150261,0.050172,-21.7198,8.529,7.42,1.109,0.118398,0.0338918,8.568,7.543,1.025,34,19,train,train,train,train,test,train,train,train,test,train
1790,2016_Furukawa,CCCCCN1CC(=O)N(C)[C@H](CC(C)C)C(=O)N[C@@H](CCCC)C(=O)N2CCC[C@@H]2C(=O)N(CC)CC(=O)N[C@H](Cc2ccccc2)C1=O,2.8-05Me,1790,-5.01,6,6,Circle,0.151143,0.0372782,-26.845,8.275,7.211,1.064,0.179289,0.0715522,8.361,7.291,1.07,49,49,train,train,val,test,train,val,train,train,train,val
1789,2016_Furukawa,CCCCCN1CC(=O)N(C)[C@H](CC(C)C)C(=O)N[C@@H](CCCC)C(=O)N2CCC[C@@H]2C(=O)N(CCCOC(C)C)CC(=O)N[C@H](C)C1=O,2.8-04Me,1789,-5.38,6,6,Circle,0.160054,0.0553024,-23.5928,8.209,7.117,1.092,0.123781,0.0357234,8.451,7.424,1.027,60,36,train,train,train,train,test,train,train,test,train,train
1788,2016_Furukawa,CCCC[C@@H]1NC(=O)[C@@H](CC(C)C)N(C)C(=O)CN(CC2CCOCC2)C(=O)[C@@H](C)NC(=O)CN(CC)C(=O)[C@H]2CCCN2C1=O,2.8-03Me,1788,-7.19,6,6,Circle,0.118869,0.0530562,-33.8829,7.784,6.448,1.336,0.118126,0.0580691,7.765,6.575,1.19,43,75,train,test,test,train,train,train,val,train,train,train
1787,2016_Furukawa,CCCC[C@@H]1NC(=O)[C@@H](CC(C)C)N(C)C(=O)CN(CC2CCCCC2)C(=O)[C@@H](C)NC(=O)CN(CC)C(=O)[C@H]2CCCN2C1=O,2.8-02Me,1787,-5.57,6,6,Circle,0.168262,0.0677544,-23.5416,7.786,6.497,1.289,0.12426,0.0439191,7.928,6.805,1.123,94,36,train,test,train,val,train,train,train,train,train,train
1786,2016_Furukawa,CCCCCN1CC(=O)N(C)[C@H](CC(C)C)C(=O)N[C@@H](CCCC)C(=O)N2CCC[C@@H]2C(=O)N(CC)CC(=O)N[C@H](C)C1=O,2.8-01Me,1786,-5.99,6,6,Circle,0.106152,0.0385433,-26.4022,7.391,6.246,1.145,0.116889,0.0394242,7.472,6.315,1.157,94,91,test,train,train,train,train,test,train,test,test,train
1785,2016_Furukawa,CCCC[C@@H]1NC(=O)[C@@H](CC(C)C)NC(=O)CN(CC2CCOCC2)C(=O)[C@@H](Cc2ccccc2)NC(=O)CN(Cc2ccc3c(c2)OCO3)C(=O)[C@@H]2CCCN2C1=O,2.7-18H,1785,-6.0,6,6,Circle,0.208986,0.0472798,-31.2443,9.222,7.728,1.494,0.169287,0.0520488,9.349,7.796,1.553,73,62,train,train,train,train,test,train,train,val,train,train
1784,2016_Furukawa,CCCC[C@@H]1NC(=O)[C@@H](CC(C)C)NC(=O)CN(CC2CCCCC2)C(=O)[C@@H](Cc2ccccc2)NC(=O)CN(Cc2ccc3c(c2)OCO3)C(=O)[C@@H]2CCCN2C1=O,2.7-17H,1784,-5.33,6,6,Circle,0.159688,0.0382424,-28.2997,9.467,8.058,1.409,0.188648,0.0444554,9.349,7.915,1.434,38,31,train,train,val,train,val,train,train,train,test,train
1783,2016_Furukawa,CCCCCN1CC(=O)N[C@H](CC(C)C)C(=O)N[C@@H](CCCC)C(=O)N2CCC[C@H]2C(=O)N(Cc2ccc3c(c2)OCO3)CC(=O)N[C@H](Cc2ccccc2)C1=O,2.7-16H,1783,-5.12,6,6,Circle,0.191192,0.0421243,-34.4445,9.137,7.831,1.306,0.240546,0.0695748,8.954,7.579,1.375,56,76,train,train,train,train,test,train,val,train,train,test
1782,2016_Furukawa,CCCC[C@@H]1NC(=O)[C@@H](CC(C)C)NC(=O)CN(CC2CCOCC2)C(=O)[C@@H](Cc2ccccc2)NC(=O)CN(CCCOC(C)C)C(=O)[C@@H]2CCCN2C1=O,2.7-15H,1782,-6.56,6,6,Circle,0.175237,0.0470885,-26.2828,9.103,7.854,1.249,0.14729,0.04479,8.551,7.471,1.08,13,3,train,train,val,train,val,train,train,train,train,val
1781,2016_Furukawa,CCCC[C@@H]1NC(=O)[C@@H](CC(C)C)NC(=O)CN(CC2CCCCC2)C(=O)[C@@H](Cc2ccccc2)NC(=O)CN(CCCOC(C)C)C(=O)[C@@H]2CCCN2C1=O,2.7-14H,1781,-4.87,6,6,Circle,0.137707,0.0389937,-23.6084,9.382,8.173,1.209,0.157671,0.0436803,8.705,7.717,0.988,26,42,train,train,train,train,train,train,train,test,train,train
1780,2016_Furukawa,CCCCCN1CC(=O)N[C@H](CC(C)C)C(=O)N[C@@H](CCCC)C(=O)N2CCC[C@H]2C(=O)N(CCCOC(C)C)CC(=O)N[C@H](Cc2ccccc2)C1=O,2.7-13H,1780,-4.93,6,6,Circle,0.152387,0.0412915,-23.3301,9.32,8.086,1.234,0.146997,0.0456889,8.697,7.632,1.065,80,32,test,train,train,train,train,train,test,train,train,train
1779,2016_Furukawa,CCCC[C@@H]1NC(=O)[C@@H](CC(C)C)NC(=O)CN(CC2CCOCC2)C(=O)[C@@H](C)NC(=O)CN(Cc2ccc3c(c2)OCO3)C(=O)[C@@H]2CCCN2C1=O,2.7-12H,1779,-6.64,6,6,Circle,0.146803,0.0427257,-32.8717,8.436,6.918,1.518,0.222198,0.067889,8.627,7.029,1.598,83,79,train,test,train,test,train,train,train,train,train,test
1778,2016_Furukawa,CCCC[C@@H]1NC(=O)[C@@H](CC(C)C)NC(=O)CN(CC2CCCCC2)C(=O)[C@@H](C)NC(=O)CN(Cc2ccc3c(c2)OCO3)C(=O)[C@@H]2CCCN2C1=O,2.7-11H,1778,-5.42,6,6,Circle,0.144443,0.0438936,-28.8715,8.589,7.175,1.414,0.198956,0.0623533,8.8,7.294,1.506,88,95,train,train,train,train,train,val,train,val,train,test
1777,2016_Furukawa,CCCCCN1CC(=O)N[C@H](CC(C)C)C(=O)N[C@@H](CCCC)C(=O)N2CCC[C@H]2C(=O)N(Cc2ccc3c(c2)OCO3)CC(=O)N[C@H](C)C1=O,2.7-10H,1777,-5.68,6,6,Circle,0.194971,0.0699496,-28.8047,8.398,6.911,1.487,0.220147,0.0607736,8.541,7.033,1.508,65,5,test,train,test,train,train,train,train,train,train,test
1776,2016_Furukawa,CCCC[C@@H]1NC(=O)[C@@H](CC(C)C)NC(=O)CN(CC2CCOCC2)C(=O)[C@@H](Cc2ccccc2)NC(=O)CN(CC)C(=O)[C@@H]2CCCN2C1=O,2.7-09H,1776,-6.95,6,6,Circle,0.154939,0.0459788,-25.6244,8.158,6.946,1.212,0.166988,0.0518568,8.203,6.949,1.254,47,76,val,train,train,train,train,train,train,train,train,train
1775,2016_Furukawa,CCCC[C@@H]1NC(=O)[C@@H](CC(C)C)NC(=O)CN(CC2CCCCC2)C(=O)[C@@H](Cc2ccccc2)NC(=O)CN(CC)C(=O)[C@@H]2CCCN2C1=O,2.7-08H,1775,-5.04,6,6,Circle,0.156078,0.0482966,-21.8123,8.311,7.177,1.134,0.197514,0.0748915,8.35,7.184,1.166,30,30,train,train,test,train,val,train,test,test,train,train
1774,2016_Furukawa,CCCC[C@@H]1NC(=O)[C@@H](CC(C)C)NC(=O)CN(CC2CCOCC2)C(=O)[C@@H](C)NC(=O)CN(CCCOC(C)C)C(=O)[C@@H]2CCCN2C1=O,2.7-07H,1774,-7.5,6,6,Circle,0.166719,0.0625207,-26.7279,8.64,7.263,1.377,0.173116,0.0626829,8.578,7.204,1.374,87,57,train,train,train,train,train,val,train,train,train,train
1773,2016_Furukawa,CCCC[C@@H]1NC(=O)[C@@H](CC(C)C)NC(=O)CN(CC2CCCCC2)C(=O)[C@@H](C)NC(=O)CN(CCCOC(C)C)C(=O)[C@@H]2CCCN2C1=O,2.7-06H,1773,-5.81,6,6,Circle,0.1469,0.0367886,-22.189,8.538,7.29,1.248,0.129422,0.0510628,8.039,6.972,1.067,14,88,train,train,train,train,train,test,train,test,train,train
1772,2016_Furukawa,CCCCCN1CC(=O)N[C@H](CC(C)C)C(=O)N[C@@H](CCCC)C(=O)N2CCC[C@H]2C(=O)N(CC)CC(=O)N[C@H](Cc2ccccc2)C1=O,2.7-05H,1772,-5.23,6,6,Circle,0.165302,0.048493,-22.3038,8.206,7.058,1.148,0.193874,0.0655522,8.095,6.96,1.135,91,48,train,val,test,train,train,train,test,train,val,train
1771,2016_Furukawa,CCCCCN1CC(=O)N[C@H](CC(C)C)C(=O)N[C@@H](CCCC)C(=O)N2CCC[C@H]2C(=O)N(CCCOC(C)C)CC(=O)N[C@H](C)C1=O,2.7-04H,1771,-6.18,6,6,Circle,0.158851,0.0445711,-23.3772,8.569,7.255,1.314,0.171165,0.0639237,8.086,6.954,1.132,37,100,test,train,train,train,train,train,train,val,train,train
1770,2016_Furukawa,CCCC[C@@H]1NC(=O)[C@@H](CC(C)C)NC(=O)CN(CC2CCOCC2)C(=O)[C@@H](C)NC(=O)CN(CC)C(=O)[C@@H]2CCCN2C1=O,2.7-03H,1770,-8.0,6,6,Circle,0.174348,0.0740865,-26.2398,7.658,6.295,1.363,0.113822,0.0418542,7.824,6.388,1.436,11,21,train,test,train,test,train,train,train,val,train,train
1769,2016_Furukawa,CCCC[C@@H]1NC(=O)[C@@H](CC(C)C)NC(=O)CN(CC2CCCCC2)C(=O)[C@@H](C)NC(=O)CN(CC)C(=O)[C@@H]2CCCN2C1=O,2.7-02H,1769,-6.34,6,6,Circle,0.124394,0.0537803,-22.4412,7.563,6.347,1.216,0.131096,0.0579728,7.544,6.35,1.194,14,60,test,train,train,train,val,train,train,test,train,train
1768,2016_Furukawa,CCCCCN1CC(=O)N[C@H](CC(C)C)C(=O)N[C@@H](CCCC)C(=O)N2CCC[C@H]2C(=O)N(CC)CC(=O)N[C@H](C)C1=O,2.7-01H,1768,-6.71,6,6,Circle,0.162054,0.0702825,-22.3305,7.543,6.281,1.262,0.1797,0.0688951,7.419,6.184,1.235,46,65,val,train,test,train,train,train,train,test,train,test
1767,2016_Furukawa,CCCC[C@@H]1NC(=O)[C@@H](CC(C)C)N(C)C(=O)CN(CC2CCOCC2)C(=O)[C@@H](Cc2ccccc2)NC(=O)CN(Cc2ccc3c(c2)OCO3)C(=O)[C@@H]2CCCN2C1=O,2.7-18Me,1767,-5.43,6,6,Circle,0.164764,0.0363743,-32.0229,9.132,7.861,1.271,0.149149,0.0351504,9.665,8.24,1.425,98,15,train,val,train,train,train,train,train,train,val,train
1766,2016_Furukawa,CCCC[C@@H]1NC(=O)[C@@H](CC(C)C)N(C)C(=O)CN(CC2CCCCC2)C(=O)[C@@H](Cc2ccccc2)NC(=O)CN(Cc2ccc3c(c2)OCO3)C(=O)[C@@H]2CCCN2C1=O,2.7-17Me,1766,-5.94,6,6,Circle,0.14298,0.0412389,-27.1682,9.78,8.442,1.338,0.157627,0.0351537,9.717,8.411,1.306,84,7,train,test,val,train,train,train,train,train,train,train
1765,2016_Furukawa,CCCCCN1CC(=O)N(C)[C@H](CC(C)C)C(=O)N[C@@H](CCCC)C(=O)N2CCC[C@H]2C(=O)N(Cc2ccc3c(c2)OCO3)CC(=O)N[C@H](Cc2ccccc2)C1=O,2.7-16Me,1765,-5.43,6,6,Circle,0.195879,0.0405057,-30.3714,9.33,8.084,1.246,0.178442,0.0410038,9.288,8.012,1.276,62,45,val,test,test,train,train,train,train,train,train,train
1764,2016_Furukawa,CCCC[C@@H]1NC(=O)[C@@H](CC(C)C)N(C)C(=O)CN(CC2CCOCC2)C(=O)[C@@H](Cc2ccccc2)NC(=O)CN(CCCOC(C)C)C(=O)[C@@H]2CCCN2C1=O,2.7-15Me,1764,-5.81,6,6,Circle,0.135193,0.036504,-25.2401,9.533,8.313,1.22,0.139672,0.0345726,9.592,8.385,1.207,100,57,train,train,train,train,train,val,train,train,train,train
1763,2016_Furukawa,CCCC[C@@H]1NC(=O)[C@@H](CC(C)C)N(C)C(=O)CN(CC2CCCCC2)C(=O)[C@@H](Cc2ccccc2)NC(=O)CN(CCCOC(C)C)C(=O)[C@@H]2CCCN2C1=O,2.7-14Me,1763,-5.01,6,6,Circle,0.136509,0.0382638,-21.9386,9.679,8.556,1.123,0.148591,0.034721,9.697,8.598,1.099,96,22,train,train,val,train,train,test,train,train,train,train
1762,2016_Furukawa,CCCCCN1CC(=O)N(C)[C@H](CC(C)C)C(=O)N[C@@H](CCCC)C(=O)N2CCC[C@H]2C(=O)N(CCCOC(C)C)CC(=O)N[C@H](Cc2ccccc2)C1=O,2.7-13Me,1762,-4.86,6,6,Circle,0.150994,0.0418875,-23.0297,9.503,8.5,1.003,0.156659,0.031022,9.321,8.324,0.997,73,5,val,train,train,val,train,test,test,train,train,train
1761,2016_Furukawa,CCCC[C@@H]1NC(=O)[C@@H](CC(C)C)N(C)C(=O)CN(CC2CCOCC2)C(=O)[C@@H](C)NC(=O)CN(Cc2ccc3c(c2)OCO3)C(=O)[C@@H]2CCCN2C1=O,2.7-12Me,1761,-6.64,6,6,Circle,0.16059,0.0544661,-31.9776,8.786,7.324,1.462,0.165469,0.0362618,9.022,7.511,1.511,67,98,train,train,test,train,train,train,train,train,test,train
1760,2016_Furukawa,CCCC[C@@H]1NC(=O)[C@@H](CC(C)C)N(C)C(=O)CN(CC2CCCCC2)C(=O)[C@@H](C)NC(=O)CN(Cc2ccc3c(c2)OCO3)C(=O)[C@@H]2CCCN2C1=O,2.7-11Me,1760,-5.1,6,6,Circle,0.130175,0.0444818,-29.1481,8.963,7.693,1.27,0.157275,0.0368558,9.141,7.733,1.408,73,26,train,train,train,train,train,test,train,test,train,train
1759,2016_Furukawa,CCCCCN1CC(=O)N(C)[C@H](CC(C)C)C(=O)N[C@@H](CCCC)C(=O)N2CCC[C@H]2C(=O)N(Cc2ccc3c(c2)OCO3)CC(=O)N[C@H](C)C1=O,2.7-10Me,1759,-5.33,6,6,Circle,0.16005,0.0425455,-31.3053,8.692,7.279,1.413,0.177477,0.0391533,8.973,7.57,1.403,100,90,train,train,train,train,train,train,train,val,train,train
1758,2016_Furukawa,CCCC[C@@H]1NC(=O)[C@@H](CC(C)C)N(C)C(=O)CN(CC2CCOCC2)C(=O)[C@@H](Cc2ccccc2)NC(=O)CN(CC)C(=O)[C@@H]2CCCN2C1=O,2.7-09Me,1758,-6.22,6,6,Circle,0.123198,0.0395242,-24.3617,8.679,7.479,1.2,0.133543,0.0330286,8.656,7.485,1.171,30,31,train,train,train,train,train,test,train,train,train,test
1757,2016_Furukawa,CCCC[C@@H]1NC(=O)[C@@H](CC(C)C)N(C)C(=O)CN(CC2CCCCC2)C(=O)[C@@H](Cc2ccccc2)NC(=O)CN(CC)C(=O)[C@@H]2CCCN2C1=O,2.7-08Me,1757,-4.9,6,6,Circle,0.119766,0.0398513,-20.2847,8.749,7.669,1.08,0.113997,0.0316735,8.737,7.662,1.075,51,30,train,train,train,train,val,train,train,train,test,train
1756,2016_Furukawa,CCCC[C@@H]1NC(=O)[C@@H](CC(C)C)N(C)C(=O)CN(CC2CCOCC2)C(=O)[C@@H](C)NC(=O)CN(CCCOC(C)C)C(=O)[C@@H]2CCCN2C1=O,2.7-07Me,1756,-7.42,6,6,Circle,0.130343,0.0400942,-29.4123,8.806,7.516,1.29,0.129103,0.031867,8.936,7.646,1.29,59,18,train,train,train,train,train,test,train,train,train,val
1755,2016_Furukawa,CCCC[C@@H]1NC(=O)[C@@H](CC(C)C)N(C)C(=O)CN(CC2CCCCC2)C(=O)[C@@H](C)NC(=O)CN(CCCOC(C)C)C(=O)[C@@H]2CCCN2C1=O,2.7-06Me,1755,-5.3,6,6,Circle,0.1382,0.035602,-20.143,9.004,7.823,1.181,0.155314,0.0396279,8.66,7.516,1.144,71,71,train,test,val,train,train,val,train,train,val,train
1754,2016_Furukawa,CCCCCN1CC(=O)N(C)[C@H](CC(C)C)C(=O)N[C@@H](CCCC)C(=O)N2CCC[C@H]2C(=O)N(CC)CC(=O)N[C@H](Cc2ccccc2)C1=O,2.7-05Me,1754,-4.96,6,6,Circle,0.133399,0.0446262,-22.1943,8.662,7.685,0.977,0.145521,0.0369537,8.369,7.314,1.055,5,18,train,test,train,train,train,train,train,train,train,val
1753,2016_Furukawa,CCCCCN1CC(=O)N(C)[C@H](CC(C)C)C(=O)N[C@@H](CCCC)C(=O)N2CCC[C@H]2C(=O)N(CCCOC(C)C)CC(=O)N[C@H](C)C1=O,2.7-04Me,1753,-5.72,6,6,Circle,0.140999,0.0370813,-20.5297,8.966,7.752,1.214,0.164026,0.034071,9.028,7.82,1.208,34,34,train,train,train,test,train,train,train,train,train,train
1752,2016_Furukawa,CCCC[C@@H]1NC(=O)[C@@H](CC(C)C)N(C)C(=O)CN(CC2CCOCC2)C(=O)[C@@H](C)NC(=O)CN(CC)C(=O)[C@@H]2CCCN2C1=O,2.7-03Me,1752,-7.68,6,6,Circle,0.113983,0.039776,-23.5373,7.96,6.689,1.271,0.101609,0.0325267,7.926,6.662,1.264,20,19,train,train,train,train,train,train,train,train,train,train
1751,2016_Furukawa,CCCC[C@@H]1NC(=O)[C@@H](CC(C)C)N(C)C(=O)CN(CC2CCCCC2)C(=O)[C@@H](C)NC(=O)CN(CC)C(=O)[C@@H]2CCCN2C1=O,2.7-02Me,1751,-5.75,6,6,Circle,0.107965,0.0398236,-20.4643,8.001,6.838,1.163,0.100579,0.0317416,7.998,6.854,1.144,61,60,train,val,test,train,val,train,train,train,train,test
1750,2016_Furukawa,CCCCCN1CC(=O)N(C)[C@H](CC(C)C)C(=O)N[C@@H](CCCC)C(=O)N2CCC[C@H]2C(=O)N(CC)CC(=O)N[C@H](C)C1=O,2.7-01Me,1750,-6.26,6,6,Circle,0.111143,0.0387833,-24.448,7.64,6.473,1.167,0.111213,0.0316205,7.938,6.777,1.161,3,11,train,train,train,test,train,train,test,test,train,train
1749,2016_Furukawa,CCCC[C@@H]1NC(=O)[C@@H](CC(C)C)NC(=O)CN(CC2CCOCC2)C(=O)[C@H](Cc2ccccc2)NC(=O)CN(Cc2ccc3c(c2)OCO3)C(=O)[C@H]2CCCN2C1=O,2.6-18H,1749,-5.06,6,6,Circle,0.186394,0.0607485,-28.1813,9.147,7.644,1.503,0.172468,0.0487091,9.112,7.667,1.445,5,68,train,train,train,train,train,val,train,train,train,test
1748,2016_Furukawa,CCCC[C@@H]1NC(=O)[C@@H](CC(C)C)NC(=O)CN(CC2CCCCC2)C(=O)[C@H](Cc2ccccc2)NC(=O)CN(Cc2ccc3c(c2)OCO3)C(=O)[C@H]2CCCN2C1=O,2.6-17H,1748,-5.89,6,6,Circle,0.193542,0.060283,-24.5839,9.075,7.716,1.359,0.145942,0.0443393,9.274,7.991,1.283,88,68,train,train,test,train,train,train,test,test,train,train
1747,2016_Furukawa,CCCCCN1CC(=O)N[C@H](CC(C)C)C(=O)N[C@@H](CCCC)C(=O)N2CCC[C@@H]2C(=O)N(Cc2ccc3c(c2)OCO3)CC(=O)N[C@@H](Cc2ccccc2)C1=O,2.6-16H,1747,-5.23,6,6,Circle,0.209436,0.0688797,-25.7842,8.952,7.604,1.348,0.184263,0.0543005,9.156,7.838,1.318,16,74,train,train,train,val,train,train,test,train,train,train
1746,2016_Furukawa,CCCC[C@@H]1NC(=O)[C@@H](CC(C)C)NC(=O)CN(CC2CCOCC2)C(=O)[C@H](Cc2ccccc2)NC(=O)CN(CCCOC(C)C)C(=O)[C@H]2CCCN2C1=O,2.6-15H,1746,-5.34,6,6,Circle,0.158294,0.0408321,-31.6359,9.121,7.737,1.384,0.160825,0.0454595,9.153,7.918,1.235,54,14,train,train,train,test,train,train,train,train,train,test
1745,2016_Furukawa,CCCC[C@@H]1NC(=O)[C@@H](CC(C)C)NC(=O)CN(CC2CCCCC2)C(=O)[C@H](Cc2ccccc2)NC(=O)CN(CCCOC(C)C)C(=O)[C@H]2CCCN2C1=O,2.6-14H,1745,-4.97,6,6,Circle,0.215521,0.0746391,-23.46,9.457,8.334,1.123,0.145673,0.0392654,9.57,8.454,1.116,73,52,train,train,train,train,test,train,train,train,train,train
1744,2016_Furukawa,CCCCCN1CC(=O)N[C@H](CC(C)C)C(=O)N[C@@H](CCCC)C(=O)N2CCC[C@@H]2C(=O)N(CCCOC(C)C)CC(=O)N[C@@H](Cc2ccccc2)C1=O,2.6-13H,1744,-4.81,6,6,Circle,0.150891,0.0348838,-20.528,9.485,8.447,1.038,0.154195,0.0375374,9.578,8.468,1.11,87,94,test,val,val,train,train,train,train,test,train,train
1743,2016_Furukawa,CCCC[C@@H]1NC(=O)[C@@H](CC(C)C)NC(=O)CN(CC2CCOCC2)C(=O)[C@H](C)NC(=O)CN(Cc2ccc3c(c2)OCO3)C(=O)[C@H]2CCCN2C1=O,2.6-12H,1743,-6.05,6,6,Circle,0.149053,0.0560448,-28.7707,8.291,6.685,1.606,0.16123,0.0614153,8.34,6.785,1.555,70,34,train,train,train,train,train,train,train,train,train,train
1742,2016_Furukawa,CCCC[C@@H]1NC(=O)[C@@H](CC(C)C)NC(=O)CN(CC2CCCCC2)C(=O)[C@H](C)NC(=O)CN(Cc2ccc3c(c2)OCO3)C(=O)[C@H]2CCCN2C1=O,2.6-11H,1742,-4.9,6,6,Circle,0.174181,0.0623897,-25.5399,8.403,6.975,1.428,0.173027,0.0644731,8.315,6.933,1.382,34,67,train,train,val,train,train,test,train,train,train,train
1741,2016_Furukawa,CCCCCN1CC(=O)N[C@H](CC(C)C)C(=O)N[C@@H](CCCC)C(=O)N2CCC[C@@H]2C(=O)N(Cc2ccc3c(c2)OCO3)CC(=O)N[C@@H](C)C1=O,2.6-10H,1741,-4.99,6,6,Circle,0.173273,0.0624234,-25.1539,8.194,6.744,1.45,0.168235,0.0649142,8.332,6.881,1.451,39,59,train,train,train,train,train,train,train,train,train,train
1740,2016_Furukawa,CCCC[C@@H]1NC(=O)[C@@H](CC(C)C)NC(=O)CN(CC2CCOCC2)C(=O)[C@H](Cc2ccccc2)NC(=O)CN(CC)C(=O)[C@H]2CCCN2C1=O,2.6-09H,1740,-5.89,6,6,Circle,0.153885,0.0559213,-24.2026,8.247,6.977,1.27,0.146481,0.0605945,8.358,7.134,1.224,19,10,train,train,train,val,train,train,train,val,train,train
1739,2016_Furukawa,CCCC[C@@H]1NC(=O)[C@@H](CC(C)C)NC(=O)CN(CC2CCCCC2)C(=O)[C@H](Cc2ccccc2)NC(=O)CN(CC)C(=O)[C@H]2CCCN2C1=O,2.6-08H,1739,-4.76,6,6,Circle,0.177897,0.0654975,-20.3548,8.35,7.147,1.203,0.146665,0.058913,8.406,7.305,1.101,14,100,train,train,train,train,train,train,train,train,val,train
1738,2016_Furukawa,CCCC[C@@H]1NC(=O)[C@@H](CC(C)C)NC(=O)CN(CC2CCOCC2)C(=O)[C@H](C)NC(=O)CN(CCCOC(C)C)C(=O)[C@H]2CCCN2C1=O,2.6-07H,1738,-6.75,6,6,Circle,0.165763,0.0534805,-36.2818,9.033,7.553,1.48,0.135366,0.044794,8.157,6.772,1.385,53,3,test,train,train,train,val,train,train,train,val,train
1737,2016_Furukawa,CCCC[C@@H]1NC(=O)[C@@H](CC(C)C)NC(=O)CN(CC2CCCCC2)C(=O)[C@H](C)NC(=O)CN(CCCOC(C)C)C(=O)[C@H]2CCCN2C1=O,2.6-06H,1737,-5.02,6,6,Circle,0.171866,0.0645816,-29.3696,9.147,7.784,1.363,0.117134,0.0385982,8.209,7.009,1.2,49,7,test,train,train,train,train,val,train,train,train,train
1736,2016_Furukawa,CCCCCN1CC(=O)N[C@H](CC(C)C)C(=O)N[C@@H](CCCC)C(=O)N2CCC[C@@H]2C(=O)N(CC)CC(=O)N[C@@H](Cc2ccccc2)C1=O,2.6-05H,1736,-4.81,6,6,Circle,0.167326,0.0633617,-21.2483,8.206,6.967,1.239,0.151222,0.0416474,8.37,7.296,1.074,32,81,train,train,train,train,train,val,train,train,val,test
1735,2016_Furukawa,CCCCCN1CC(=O)N[C@H](CC(C)C)C(=O)N[C@@H](CCCC)C(=O)N2CCC[C@@H]2C(=O)N(CCCOC(C)C)CC(=O)N[C@@H](C)C1=O,2.6-04H,1735,-5.26,6,6,Circle,0.190625,0.0660586,-20.2139,8.136,6.857,1.279,0.146213,0.0490182,8.326,7.138,1.188,35,58,train,train,train,train,train,train,train,train,train,train
1734,2016_Furukawa,CCCC[C@@H]1NC(=O)[C@@H](CC(C)C)NC(=O)CN(CC2CCOCC2)C(=O)[C@H](C)NC(=O)CN(CC)C(=O)[C@H]2CCCN2C1=O,2.6-03H,1734,-7.39,6,6,Circle,0.137327,0.056563,-25.2084,7.555,6.219,1.336,0.137008,0.0592117,7.57,6.248,1.322,51,86,train,train,train,train,train,train,train,train,train,train
1733,2016_Furukawa,CCCC[C@@H]1NC(=O)[C@@H](CC(C)C)NC(=O)CN(CC2CCCCC2)C(=O)[C@H](C)NC(=O)CN(CC)C(=O)[C@H]2CCCN2C1=O,2.6-02H,1733,-5.58,6,6,Circle,0.111836,0.0453752,-20.4815,7.659,6.454,1.205,0.114021,0.0456882,7.667,6.477,1.19,31,2,train,val,train,val,train,train,train,train,test,train
1732,2016_Furukawa,CCCCCN1CC(=O)N[C@H](CC(C)C)C(=O)N[C@@H](CCCC)C(=O)N2CCC[C@@H]2C(=O)N(CC)CC(=O)N[C@@H](C)C1=O,2.6-01H,1732,-5.99,6,6,Circle,0.165559,0.0697754,-20.8834,7.496,6.238,1.258,0.132387,0.0538242,7.573,6.341,1.232,39,100,train,train,test,train,train,train,train,test,test,train
1731,2016_Furukawa,CCCC[C@@H]1NC(=O)[C@@H](CC(C)C)N(C)C(=O)CN(CC2CCOCC2)C(=O)[C@H](Cc2ccccc2)NC(=O)CN(Cc2ccc3c(c2)OCO3)C(=O)[C@H]2CCCN2C1=O,2.6-18Me,1731,-5.48,6,6,Circle,0.173792,0.0520316,-31.592,9.506,8.107,1.399,0.15044,0.0497723,9.496,8.088,1.408,91,27,train,train,val,train,train,train,train,val,train,train
1730,2016_Furukawa,CCCC[C@@H]1NC(=O)[C@@H](CC(C)C)N(C)C(=O)CN(CC2CCCCC2)C(=O)[C@H](Cc2ccccc2)NC(=O)CN(Cc2ccc3c(c2)OCO3)C(=O)[C@H]2CCCN2C1=O,2.6-17Me,1730,-7.17,6,6,Circle,0.204203,0.0739612,-22.6589,9.597,8.384,1.213,0.140719,0.0334604,9.219,7.968,1.251,62,24,train,val,train,train,train,train,train,train,train,train
1729,2016_Furukawa,CCCCCN1CC(=O)N(C)[C@H](CC(C)C)C(=O)N[C@@H](CCCC)C(=O)N2CCC[C@@H]2C(=O)N(Cc2ccc3c(c2)OCO3)CC(=O)N[C@@H](Cc2ccccc2)C1=O,2.6-16Me,1729,-8.26,6,6,Circle,0.208379,0.0756485,-26.2084,9.434,8.219,1.215,0.161766,0.0372366,9.215,8.029,1.186,22,98,val,train,train,train,train,train,train,train,train,train
1728,2016_Furukawa,CCCC[C@@H]1NC(=O)[C@@H](CC(C)C)N(C)C(=O)CN(CC2CCOCC2)C(=O)[C@H](Cc2ccccc2)NC(=O)CN(CCCOC(C)C)C(=O)[C@H]2CCCN2C1=O,2.6-15Me,1728,-5.03,6,6,Circle,0.174077,0.0482009,-19.536,9.399,8.284,1.115,0.141655,0.0338607,9.338,8.244,1.094,96,88,train,train,test,train,train,test,train,train,train,train
1727,2016_Furukawa,CCCC[C@@H]1NC(=O)[C@@H](CC(C)C)N(C)C(=O)CN(CC2CCCCC2)C(=O)[C@H](Cc2ccccc2)NC(=O)CN(CCCOC(C)C)C(=O)[C@H]2CCCN2C1=O,2.6-14Me,1727,-5.77,6,6,Circle,0.177862,0.0527547,-16.7284,9.406,8.489,0.917,0.168357,0.0472872,9.268,8.366,0.902,89,10,train,train,train,train,train,train,train,train,train,val
1726,2016_Furukawa,CCCCCN1CC(=O)N(C)[C@H](CC(C)C)C(=O)N[C@@H](CCCC)C(=O)N2CCC[C@@H]2C(=O)N(CCCOC(C)C)CC(=O)N[C@@H](Cc2ccccc2)C1=O,2.6-13Me,1726,-5.58,6,6,Circle,0.194978,0.0647817,-18.7802,9.323,8.367,0.956,0.180337,0.0504553,9.193,8.273,0.92,91,52,train,train,train,train,train,train,train,val,train,val
1725,2016_Furukawa,CCCC[C@@H]1NC(=O)[C@@H](CC(C)C)N(C)C(=O)CN(CC2CCOCC2)C(=O)[C@H](C)NC(=O)CN(Cc2ccc3c(c2)OCO3)C(=O)[C@H]2CCCN2C1=O,2.6-12Me,1725,-5.47,6,6,Circle,0.18388,0.0766923,-27.7171,8.783,7.342,1.441,0.105896,0.0362202,8.651,7.265,1.386,2,96,test,train,train,test,train,train,train,train,train,test
1724,2016_Furukawa,CCCC[C@@H]1NC(=O)[C@@H](CC(C)C)N(C)C(=O)CN(CC2CCCCC2)C(=O)[C@H](C)NC(=O)CN(Cc2ccc3c(c2)OCO3)C(=O)[C@H]2CCCN2C1=O,2.6-11Me,1724,-5.17,6,6,Circle,0.147954,0.046993,-27.7744,8.617,7.24,1.377,0.112454,0.0333022,8.929,7.603,1.326,84,100,train,train,train,train,train,train,train,train,train,train
1723,2016_Furukawa,CCCCCN1CC(=O)N(C)[C@H](CC(C)C)C(=O)N[C@@H](CCCC)C(=O)N2CCC[C@@H]2C(=O)N(Cc2ccc3c(c2)OCO3)CC(=O)N[C@@H](C)C1=O,2.6-10Me,1723,-4.98,6,6,Circle,0.184946,0.0784532,-24.5638,8.736,7.404,1.332,0.115943,0.0320892,8.638,7.347,1.291,31,76,train,train,train,train,train,train,train,train,train,train
1722,2016_Furukawa,CCCC[C@@H]1NC(=O)[C@@H](CC(C)C)N(C)C(=O)CN(CC2CCOCC2)C(=O)[C@H](Cc2ccccc2)NC(=O)CN(CC)C(=O)[C@H]2CCCN2C1=O,2.6-09Me,1722,-5.17,6,6,Circle,0.150335,0.0516863,-23.0133,8.52,7.387,1.133,0.152757,0.0433585,8.435,7.361,1.074,98,38,train,train,train,val,train,train,train,train,train,train
1721,2016_Furukawa,CCCC[C@@H]1NC(=O)[C@@H](CC(C)C)N(C)C(=O)CN(CC2CCCCC2)C(=O)[C@H](Cc2ccccc2)NC(=O)CN(CC)C(=O)[C@H]2CCCN2C1=O,2.6-08Me,1721,-5.43,6,6,Circle,0.157501,0.0471037,-18.9173,8.637,7.675,0.962,0.153188,0.0444545,8.545,7.606,0.939,83,34,val,train,train,train,train,train,train,train,train,train
1720,2016_Furukawa,CCCC[C@@H]1NC(=O)[C@@H](CC(C)C)N(C)C(=O)CN(CC2CCOCC2)C(=O)[C@H](C)NC(=O)CN(CCCOC(C)C)C(=O)[C@H]2CCCN2C1=O,2.6-07Me,1720,-5.95,6,6,Circle,0.15349,0.0585508,-21.417,8.593,7.445,1.148,0.131466,0.0473891,8.466,7.352,1.114,3,44,train,test,train,test,train,train,test,train,train,train
1719,2016_Furukawa,CCCC[C@@H]1NC(=O)[C@@H](CC(C)C)N(C)C(=O)CN(CC2CCCCC2)C(=O)[C@H](C)NC(=O)CN(CCCOC(C)C)C(=O)[C@H]2CCCN2C1=O,2.6-06Me,1719,-4.86,6,6,Circle,0.138865,0.0499947,-17.6241,8.68,7.648,1.032,0.144489,0.0488631,8.518,7.457,1.061,80,54,train,train,train,test,train,test,val,train,train,train
1718,2016_Furukawa,CCCCCN1CC(=O)N(C)[C@H](CC(C)C)C(=O)N[C@@H](CCCC)C(=O)N2CCC[C@@H]2C(=O)N(CC)CC(=O)N[C@@H](Cc2ccccc2)C1=O,2.6-05Me,1718,-5.11,6,6,Circle,0.14766,0.0451852,-22.1856,8.365,7.283,1.082,0.142444,0.0486815,8.48,7.401,1.079,82,25,train,train,test,train,train,test,train,train,test,train
1717,2016_Furukawa,CCCCCN1CC(=O)N(C)[C@H](CC(C)C)C(=O)N[C@@H](CCCC)C(=O)N2CCC[C@@H]2C(=O)N(CCCOC(C)C)CC(=O)N[C@@H](C)C1=O,2.6-04Me,1717,-4.85,6,6,Circle,0.155966,0.0514268,-17.4612,8.487,7.455,1.032,0.150407,0.0463023,8.429,7.44,0.989,21,22,val,train,train,train,test,train,train,train,train,train
1716,2016_Furukawa,CCCC[C@@H]1NC(=O)[C@@H](CC(C)C)N(C)C(=O)CN(CC2CCOCC2)C(=O)[C@H](C)NC(=O)CN(CC)C(=O)[C@H]2CCCN2C1=O,2.6-03Me,1716,-6.6,6,6,Circle,0.124242,0.0539108,-24.0273,7.841,6.627,1.214,0.113813,0.0449044,7.745,6.568,1.177,89,39,train,train,train,train,train,test,val,train,val,test
1715,2016_Furukawa,CCCC[C@@H]1NC(=O)[C@@H](CC(C)C)N(C)C(=O)CN(CC2CCCCC2)C(=O)[C@H](C)NC(=O)CN(CC)C(=O)[C@H]2CCCN2C1=O,2.6-02Me,1715,-4.91,6,6,Circle,0.140488,0.0598492,-19.819,7.935,6.836,1.099,0.133224,0.051039,7.853,6.718,1.135,21,85,train,val,train,train,train,train,train,test,train,train
1714,2016_Furukawa,CCCCCN1CC(=O)N(C)[C@H](CC(C)C)C(=O)N[C@@H](CCCC)C(=O)N2CCC[C@@H]2C(=O)N(CC)CC(=O)N[C@@H](C)C1=O,2.6-01Me,1714,-5.13,6,6,Circle,0.141445,0.0648625,-22.6387,7.725,6.575,1.15,0.11633,0.0427666,7.726,6.658,1.068,74,59,train,train,train,train,train,train,train,train,train,train
1713,2016_Furukawa,CCCC[C@@H]1NC(=O)[C@@H](CC(C)C)NC(=O)CN(CC2CCOCC2)C(=O)[C@H](Cc2ccccc2)NC(=O)CN(Cc2ccc3c(c2)OCO3)C(=O)[C@@H]2CCCN2C1=O,2.5-18H,1713,-5.15,6,6,Circle,0.165335,0.0567664,-29.4093,8.925,7.548,1.377,0.20227,0.057728,8.915,7.515,1.4,59,56,train,train,train,train,train,train,train,val,train,val
1712,2016_Furukawa,CCCC[C@@H]1NC(=O)[C@@H](CC(C)C)NC(=O)CN(CC2CCCCC2)C(=O)[C@H](Cc2ccccc2)NC(=O)CN(Cc2ccc3c(c2)OCO3)C(=O)[C@@H]2CCCN2C1=O,2.5-17H,1712,-5.61,6,6,Circle,0.164359,0.0514164,-25.9688,8.93,7.687,1.243,0.184807,0.0461965,9.39,8.044,1.346,45,5,train,train,train,train,train,train,val,train,train,test
1711,2016_Furukawa,CCCCCN1CC(=O)N[C@H](CC(C)C)C(=O)N[C@@H](CCCC)C(=O)N2CCC[C@H]2C(=O)N(Cc2ccc3c(c2)OCO3)CC(=O)N[C@@H](Cc2ccccc2)C1=O,2.5-16H,1711,-5.26,6,6,Circle,0.166572,0.0563064,-25.5577,8.888,7.649,1.239,0.221658,0.0597432,9.181,7.877,1.304,14,65,train,train,train,train,train,train,train,train,val,train
1710,2016_Furukawa,CCCC[C@@H]1NC(=O)[C@@H](CC(C)C)NC(=O)CN(CC2CCOCC2)C(=O)[C@H](Cc2ccccc2)NC(=O)CN(CCCOC(C)C)C(=O)[C@@H]2CCCN2C1=O,2.5-15H,1710,-5.56,6,6,Circle,0.19861,0.0635615,-26.7504,9.545,8.197,1.348,0.219032,0.0631925,9.162,7.939,1.223,92,68,train,train,train,train,val,train,train,train,train,test
1709,2016_Furukawa,CCCC[C@@H]1NC(=O)[C@@H](CC(C)C)NC(=O)CN(CC2CCCCC2)C(=O)[C@H](Cc2ccccc2)NC(=O)CN(CCCOC(C)C)C(=O)[C@@H]2CCCN2C1=O,2.5-14H,1709,-5.02,6,6,Circle,0.216459,0.0625414,-20.6591,9.277,8.129,1.148,0.141297,0.0370645,8.779,7.798,0.981,96,64,train,train,train,train,val,test,train,train,train,train
1708,2016_Furukawa,CCCCCN1CC(=O)N[C@H](CC(C)C)C(=O)N[C@@H](CCCC)C(=O)N2CCC[C@H]2C(=O)N(CCCOC(C)C)CC(=O)N[C@@H](Cc2ccccc2)C1=O,2.5-13H,1708,-4.94,6,6,Circle,0.197959,0.0551227,-21.4461,9.266,8.079,1.187,0.199798,0.0592185,9.407,8.191,1.216,23,33,train,train,train,train,train,train,train,test,train,train
1707,2016_Furukawa,CCCC[C@@H]1NC(=O)[C@@H](CC(C)C)NC(=O)CN(CC2CCOCC2)C(=O)[C@H](C)NC(=O)CN(Cc2ccc3c(c2)OCO3)C(=O)[C@@H]2CCCN2C1=O,2.5-12H,1707,-5.89,6,6,Circle,0.187813,0.0648235,-30.5413,8.272,6.798,1.474,0.231678,0.0634725,8.49,6.947,1.543,36,14,test,train,test,train,val,train,train,train,train,train
1706,2016_Furukawa,CCCC[C@@H]1NC(=O)[C@@H](CC(C)C)NC(=O)CN(CC2CCCCC2)C(=O)[C@H](C)NC(=O)CN(Cc2ccc3c(c2)OCO3)C(=O)[C@@H]2CCCN2C1=O,2.5-11H,1706,-5.01,6,6,Circle,0.160649,0.062428,-26.9004,8.37,7.001,1.369,0.225327,0.0631122,8.63,7.211,1.419,28,17,train,train,train,train,train,train,train,train,train,train
1705,2016_Furukawa,CCCCCN1CC(=O)N[C@H](CC(C)C)C(=O)N[C@@H](CCCC)C(=O)N2CCC[C@H]2C(=O)N(Cc2ccc3c(c2)OCO3)CC(=O)N[C@@H](C)C1=O,2.5-10H,1705,-5.07,6,6,Circle,0.210972,0.0681993,-27.3104,8.451,7.044,1.407,0.138687,0.041272,8.391,6.942,1.449,2,64,train,train,train,val,train,train,train,train,train,train
1704,2016_Furukawa,CCCC[C@@H]1NC(=O)[C@@H](CC(C)C)NC(=O)CN(CC2CCOCC2)C(=O)[C@H](Cc2ccccc2)NC(=O)CN(CC)C(=O)[C@@H]2CCCN2C1=O,2.5-09H,1704,-6.04,6,6,Circle,0.175736,0.0627783,-25.3293,8.438,7.137,1.301,0.157945,0.0421154,8.06,6.832,1.228,12,42,train,val,test,train,train,train,train,train,train,train
1703,2016_Furukawa,CCCC[C@@H]1NC(=O)[C@@H](CC(C)C)NC(=O)CN(CC2CCCCC2)C(=O)[C@H](Cc2ccccc2)NC(=O)CN(CC)C(=O)[C@@H]2CCCN2C1=O,2.5-08H,1703,-4.96,6,6,Circle,0.192175,0.0579768,-21.5741,8.38,7.214,1.166,0.183102,0.0598157,8.392,7.239,1.153,82,46,train,train,train,train,train,train,val,train,train,train
1702,2016_Furukawa,CCCC[C@@H]1NC(=O)[C@@H](CC(C)C)NC(=O)CN(CC2CCOCC2)C(=O)[C@H](C)NC(=O)CN(CCCOC(C)C)C(=O)[C@@H]2CCCN2C1=O,2.5-07H,1702,-6.81,6,6,Circle,0.168382,0.0606714,-26.7246,8.682,7.291,1.391,0.163273,0.0487168,8.761,7.324,1.437,85,52,train,train,test,train,train,train,train,test,train,train
1701,2016_Furukawa,CCCC[C@@H]1NC(=O)[C@@H](CC(C)C)NC(=O)CN(CC2CCCCC2)C(=O)[C@H](C)NC(=O)CN(CCCOC(C)C)C(=O)[C@@H]2CCCN2C1=O,2.5-06H,1701,-5.29,6,6,Circle,0.201079,0.0665993,-22.4203,8.568,7.302,1.266,0.162207,0.0418913,8.28,7.086,1.194,77,71,train,test,train,train,train,train,train,train,train,train
1700,2016_Furukawa,CCCCCN1CC(=O)N[C@H](CC(C)C)C(=O)N[C@@H](CCCC)C(=O)N2CCC[C@H]2C(=O)N(CC)CC(=O)N[C@@H](Cc2ccccc2)C1=O,2.5-05H,1700,-5.05,6,6,Circle,0.119899,0.0453398,-20.326,8.314,7.159,1.155,0.178041,0.0621488,8.373,7.219,1.154,38,47,train,train,val,train,train,train,train,val,train,val
1699,2016_Furukawa,CCCCCN1CC(=O)N[C@H](CC(C)C)C(=O)N[C@@H](CCCC)C(=O)N2CCC[C@H]2C(=O)N(CCCOC(C)C)CC(=O)N[C@@H](C)C1=O,2.5-04H,1699,-5.58,6,6,Circle,0.193633,0.0706254,-22.6628,8.564,7.289,1.275,0.206038,0.0620915,8.374,7.177,1.197,86,35,train,train,train,val,train,test,train,train,train,train
1698,2016_Furukawa,CCCC[C@@H]1NC(=O)[C@@H](CC(C)C)NC(=O)CN(CC2CCOCC2)C(=O)[C@H](C)NC(=O)CN(CC)C(=O)[C@@H]2CCCN2C1=O,2.5-03H,1698,-7.48,6,6,Circle,0.151068,0.0623408,-26.4859,7.725,6.336,1.389,0.107482,0.0436666,7.438,6.126,1.312,30,49,train,train,val,val,train,train,train,test,train,train
1697,2016_Furukawa,CCCC[C@@H]1NC(=O)[C@@H](CC(C)C)NC(=O)CN(CC2CCCCC2)C(=O)[C@H](C)NC(=O)CN(CC)C(=O)[C@@H]2CCCN2C1=O,2.5-02H,1697,-5.9,6,6,Circle,0.157246,0.0666959,-22.2922,7.677,6.429,1.248,0.10858,0.0489035,7.909,6.624,1.285,87,47,train,train,train,train,train,train,train,train,train,val
1696,2016_Furukawa,CCCCCN1CC(=O)N[C@H](CC(C)C)C(=O)N[C@@H](CCCC)C(=O)N2CCC[C@H]2C(=O)N(CC)CC(=O)N[C@@H](C)C1=O,2.5-01H,1696,-6.25,6,6,Circle,0.176942,0.0606801,-22.5197,7.674,6.367,1.307,0.148984,0.0581112,7.545,6.29,1.255,53,8,val,train,test,train,train,train,test,val,train,train
1695,2016_Furukawa,CCCC[C@@H]1NC(=O)[C@@H](CC(C)C)N(C)C(=O)CN(CC2CCOCC2)C(=O)[C@H](Cc2ccccc2)NC(=O)CN(Cc2ccc3c(c2)OCO3)C(=O)[C@@H]2CCCN2C1=O,2.5-18Me,1695,-5.0,6,6,Circle,0.166329,0.0404393,-27.6964,9.313,8.066,1.247,0.128181,0.0466059,9.011,7.773,1.238,71,53,train,train,test,train,test,train,train,train,train,train
1694,2016_Furukawa,CCCC[C@@H]1NC(=O)[C@@H](CC(C)C)N(C)C(=O)CN(CC2CCCCC2)C(=O)[C@H](Cc2ccccc2)NC(=O)CN(Cc2ccc3c(c2)OCO3)C(=O)[C@@H]2CCCN2C1=O,2.5-17Me,1694,-6.37,6,6,Circle,0.122703,0.0386173,-22.4594,9.368,8.231,1.137,0.14145,0.0415961,9.072,8.015,1.057,26,78,train,train,train,train,train,train,train,train,train,train
1693,2016_Furukawa,CCCCCN1CC(=O)N(C)[C@H](CC(C)C)C(=O)N[C@@H](CCCC)C(=O)N2CCC[C@H]2C(=O)N(Cc2ccc3c(c2)OCO3)CC(=O)N[C@@H](Cc2ccccc2)C1=O,2.5-16Me,1693,-5.81,6,6,Circle,0.18059,0.0430085,-24.2837,9.492,8.345,1.147,0.179922,0.0423706,9.113,8.005,1.108,46,11,test,train,train,train,train,train,train,train,train,train
1692,2016_Furukawa,CCCC[C@@H]1NC(=O)[C@@H](CC(C)C)N(C)C(=O)CN(CC2CCOCC2)C(=O)[C@H](Cc2ccccc2)NC(=O)CN(CCCOC(C)C)C(=O)[C@@H]2CCCN2C1=O,2.5-15Me,1692,-5.08,6,6,Circle,0.199787,0.0517758,-22.6511,9.709,8.561,1.148,0.115312,0.0317964,8.882,8.025,0.857,17,48,train,test,train,train,val,train,train,train,train,train
1691,2016_Furukawa,CCCC[C@@H]1NC(=O)[C@@H](CC(C)C)N(C)C(=O)CN(CC2CCCCC2)C(=O)[C@H](Cc2ccccc2)NC(=O)CN(CCCOC(C)C)C(=O)[C@@H]2CCCN2C1=O,2.5-14Me,1691,-5.35,6,6,Circle,0.202222,0.0504504,-18.6614,9.775,8.745,1.03,0.150777,0.0365982,8.913,8.159,0.754,44,91,train,train,train,train,test,train,val,train,val,train
1690,2016_Furukawa,CCCCCN1CC(=O)N(C)[C@H](CC(C)C)C(=O)N[C@@H](CCCC)C(=O)N2CCC[C@H]2C(=O)N(CCCOC(C)C)CC(=O)N[C@@H](Cc2ccccc2)C1=O,2.5-13Me,1690,-5.08,6,6,Circle,0.201392,0.0512894,-18.1148,9.565,8.579,0.986,0.109441,0.032435,8.878,8.14,0.738,11,62,train,train,train,train,train,train,train,train,train,val
1689,2016_Furukawa,CCCC[C@@H]1NC(=O)[C@@H](CC(C)C)N(C)C(=O)CN(CC2CCOCC2)C(=O)[C@H](C)NC(=O)CN(Cc2ccc3c(c2)OCO3)C(=O)[C@@H]2CCCN2C1=O,2.5-12Me,1689,-5.54,6,6,Circle,0.179046,0.0415387,-29.4142,8.89,7.49,1.4,0.132073,0.0440993,8.434,7.149,1.285,75,36,train,train,train,val,test,test,train,train,train,train
1688,2016_Furukawa,CCCC[C@@H]1NC(=O)[C@@H](CC(C)C)N(C)C(=O)CN(CC2CCCCC2)C(=O)[C@H](C)NC(=O)CN(Cc2ccc3c(c2)OCO3)C(=O)[C@@H]2CCCN2C1=O,2.5-11Me,1688,-4.99,6,6,Circle,0.131227,0.0382972,-24.0153,8.729,7.525,1.204,0.174287,0.0492957,8.805,7.566,1.239,100,95,train,train,train,train,train,train,train,test,train,val
1687,2016_Furukawa,CCCCCN1CC(=O)N(C)[C@H](CC(C)C)C(=O)N[C@@H](CCCC)C(=O)N2CCC[C@H]2C(=O)N(Cc2ccc3c(c2)OCO3)CC(=O)N[C@@H](C)C1=O,2.5-10Me,1687,-4.84,6,6,Circle,0.144173,0.0360327,-26.0444,8.609,7.413,1.196,0.193073,0.0495478,8.544,7.314,1.23,52,37,train,train,train,train,val,train,train,test,val,train
1686,2016_Furukawa,CCCC[C@@H]1NC(=O)[C@@H](CC(C)C)N(C)C(=O)CN(CC2CCOCC2)C(=O)[C@H](Cc2ccccc2)NC(=O)CN(CC)C(=O)[C@@H]2CCCN2C1=O,2.5-09Me,1686,-5.46,6,6,Circle,0.167682,0.050467,-21.0284,8.643,7.557,1.086,0.107386,0.0358728,8.459,7.459,1.0,28,52,train,train,val,train,test,train,train,train,train,train
1685,2016_Furukawa,CCCC[C@@H]1NC(=O)[C@@H](CC(C)C)N(C)C(=O)CN(CC2CCCCC2)C(=O)[C@H](Cc2ccccc2)NC(=O)CN(CC)C(=O)[C@@H]2CCCN2C1=O,2.5-08Me,1685,-5.01,6,6,Circle,0.148137,0.0499453,-18.295,8.86,7.871,0.989,0.115828,0.0349325,8.535,7.658,0.877,27,100,val,train,train,train,train,train,train,val,train,train
1684,2016_Furukawa,CCCC[C@@H]1NC(=O)[C@@H](CC(C)C)N(C)C(=O)CN(CC2CCOCC2)C(=O)[C@H](C)NC(=O)CN(CCCOC(C)C)C(=O)[C@@H]2CCCN2C1=O,2.5-07Me,1684,-6.27,6,6,Circle,0.16646,0.053326,-21.7171,8.84,7.63,1.21,0.1041,0.0354967,8.131,7.15,0.981,2,72,train,train,val,train,val,test,val,train,train,train
1683,2016_Furukawa,CCCC[C@@H]1NC(=O)[C@@H](CC(C)C)N(C)C(=O)CN(CC2CCCCC2)C(=O)[C@H](C)NC(=O)CN(CCCOC(C)C)C(=O)[C@@H]2CCCN2C1=O,2.5-06Me,1683,-4.83,6,6,Circle,0.178528,0.0523221,-17.8583,8.956,7.862,1.094,0.124876,0.0369063,8.334,7.439,0.895,2,23,train,train,train,train,train,train,train,train,train,train
1682,2016_Furukawa,CCCCCN1CC(=O)N(C)[C@H](CC(C)C)C(=O)N[C@@H](CCCC)C(=O)N2CCC[C@H]2C(=O)N(CC)CC(=O)N[C@@H](Cc2ccccc2)C1=O,2.5-05Me,1682,-4.85,6,6,Circle,0.158906,0.051317,-17.347,8.646,7.694,0.952,0.15009,0.035302,8.409,7.512,0.897,11,10,train,train,train,test,train,train,train,test,test,train
1681,2016_Furukawa,CCCCCN1CC(=O)N(C)[C@H](CC(C)C)C(=O)N[C@@H](CCCC)C(=O)N2CCC[C@H]2C(=O)N(CCCOC(C)C)CC(=O)N[C@@H](C)C1=O,2.5-04Me,1681,-4.91,6,6,Circle,0.166559,0.0490031,-18.1413,8.798,7.707,1.091,0.10954,0.0359135,8.101,7.229,0.872,82,97,train,train,train,train,train,train,val,train,test,train
1680,2016_Furukawa,CCCC[C@@H]1NC(=O)[C@@H](CC(C)C)N(C)C(=O)CN(CC2CCOCC2)C(=O)[C@H](C)NC(=O)CN(CC)C(=O)[C@@H]2CCCN2C1=O,2.5-03Me,1680,-6.93,6,6,Circle,0.13233,0.052535,-23.639,8.049,6.812,1.237,0.120838,0.0410106,7.796,6.622,1.174,56,20,val,train,train,test,train,train,test,train,train,train
1679,2016_Furukawa,CCCC[C@@H]1NC(=O)[C@@H](CC(C)C)N(C)C(=O)CN(CC2CCCCC2)C(=O)[C@H](C)NC(=O)CN(CC)C(=O)[C@@H]2CCCN2C1=O,2.5-02Me,1679,-5.01,6,6,Circle,0.133563,0.0537887,-17.9639,8.056,6.967,1.089,0.114436,0.0375936,7.787,6.758,1.029,60,61,test,train,train,val,test,train,val,train,train,train
1678,2016_Furukawa,CCCCCN1CC(=O)N(C)[C@H](CC(C)C)C(=O)N[C@@H](CCCC)C(=O)N2CCC[C@H]2C(=O)N(CC)CC(=O)N[C@@H](C)C1=O,2.5-01Me,1678,-5.3,6,6,Circle,0.125076,0.0445464,-19.17,7.948,6.868,1.08,0.11042,0.0357729,7.73,6.684,1.046,95,42,train,train,train,test,train,train,test,test,train,train
1677,2016_Furukawa,CCCC[C@@H]1NC(=O)[C@H](CC(C)C)NC(=O)CN(CC2CCOCC2)C(=O)[C@@H](Cc2ccccc2)NC(=O)CN(Cc2ccc3c(c2)OCO3)C(=O)[C@H]2CCCN2C1=O,2.4-18H,1677,-5.9,6,6,Circle,0.216314,0.087945,-33.9252,9.1,7.608,1.492,0.189021,0.0664211,9.148,7.566,1.582,73,100,test,train,val,train,train,train,train,train,train,train
1676,2016_Furukawa,CCCC[C@@H]1NC(=O)[C@H](CC(C)C)NC(=O)CN(CC2CCCCC2)C(=O)[C@@H](Cc2ccccc2)NC(=O)CN(Cc2ccc3c(c2)OCO3)C(=O)[C@H]2CCCN2C1=O,2.4-17H,1676,-5.62,6,6,Circle,0.210538,0.0677472,-29.5949,9.326,7.774,1.552,0.208903,0.0436241,9.244,7.988,1.256,74,69,train,train,train,train,train,train,train,test,train,test
1675,2016_Furukawa,CCCCCN1CC(=O)N[C@@H](CC(C)C)C(=O)N[C@@H](CCCC)C(=O)N2CCC[C@@H]2C(=O)N(Cc2ccc3c(c2)OCO3)CC(=O)N[C@H](Cc2ccccc2)C1=O,2.4-16H,1675,-5.43,6,6,Circle,0.196095,0.0798054,-33.2789,9.321,7.866,1.455,0.210627,0.0647797,9.245,7.922,1.323,27,92,train,train,train,train,train,train,train,test,train,train
1674,2016_Furukawa,CCCC[C@@H]1NC(=O)[C@H](CC(C)C)NC(=O)CN(CC2CCOCC2)C(=O)[C@@H](Cc2ccccc2)NC(=O)CN(CCCOC(C)C)C(=O)[C@H]2CCCN2C1=O,2.4-15H,1674,-6.33,6,6,Circle,0.197923,0.0780534,-29.542,9.035,7.697,1.338,0.211128,0.0587998,9.021,7.657,1.364,69,66,train,train,train,train,val,train,train,train,train,train
1673,2016_Furukawa,CCCC[C@@H]1NC(=O)[C@H](CC(C)C)NC(=O)CN(CC2CCCCC2)C(=O)[C@@H](Cc2ccccc2)NC(=O)CN(CCCOC(C)C)C(=O)[C@H]2CCCN2C1=O,2.4-14H,1673,-5.22,6,6,Circle,0.170293,0.0526258,-23.868,8.813,7.672,1.141,0.23449,0.0673205,9.124,7.839,1.285,14,35,test,test,train,train,train,train,train,train,train,train
1672,2016_Furukawa,CCCCCN1CC(=O)N[C@@H](CC(C)C)C(=O)N[C@@H](CCCC)C(=O)N2CCC[C@@H]2C(=O)N(CCCOC(C)C)CC(=O)N[C@H](Cc2ccccc2)C1=O,2.4-13H,1672,-5.19,6,6,Circle,0.169417,0.0520105,-27.3052,9.099,7.974,1.125,0.16536,0.0427938,9.165,8.088,1.077,33,95,train,train,train,train,train,train,train,train,train,test
1671,2016_Furukawa,CCCC[C@@H]1NC(=O)[C@H](CC(C)C)NC(=O)CN(CC2CCOCC2)C(=O)[C@@H](C)NC(=O)CN(Cc2ccc3c(c2)OCO3)C(=O)[C@H]2CCCN2C1=O,2.4-12H,1671,-7.23,6,6,Circle,0.166007,0.0509262,-34.1208,8.237,6.689,1.548,0.104096,0.0324349,8.798,7.002,1.796,100,92,val,train,train,train,train,test,train,train,train,val
1670,2016_Furukawa,CCCC[C@@H]1NC(=O)[C@H](CC(C)C)NC(=O)CN(CC2CCCCC2)C(=O)[C@@H](C)NC(=O)CN(Cc2ccc3c(c2)OCO3)C(=O)[C@H]2CCCN2C1=O,2.4-11H,1670,-5.56,6,6,Circle,0.151558,0.0517857,-31.3541,8.294,6.822,1.472,0.138679,0.044028,8.364,7.017,1.347,97,75,train,train,train,train,train,train,train,val,train,train
1669,2016_Furukawa,CCCCCN1CC(=O)N[C@@H](CC(C)C)C(=O)N[C@@H](CCCC)C(=O)N2CCC[C@@H]2C(=O)N(Cc2ccc3c(c2)OCO3)CC(=O)N[C@H](C)C1=O,2.4-10H,1669,-5.67,6,6,Circle,0.208304,0.0956331,-31.9366,8.317,6.879,1.438,0.127377,0.0323997,8.811,7.115,1.696,3,14,train,train,train,train,test,train,train,train,val,train
1668,2016_Furukawa,CCCC[C@@H]1NC(=O)[C@H](CC(C)C)NC(=O)CN(CC2CCOCC2)C(=O)[C@@H](Cc2ccccc2)NC(=O)CN(CC)C(=O)[C@H]2CCCN2C1=O,2.4-09H,1668,-6.99,6,6,Circle,0.179202,0.067722,-31.1809,8.221,6.901,1.32,0.150509,0.0377558,8.362,6.912,1.45,50,63,train,test,train,train,train,train,train,train,train,train
1667,2016_Furukawa,CCCC[C@@H]1NC(=O)[C@H](CC(C)C)NC(=O)CN(CC2CCCCC2)C(=O)[C@@H](Cc2ccccc2)NC(=O)CN(CC)C(=O)[C@H]2CCCN2C1=O,2.4-08H,1667,-5.3,6,6,Circle,0.163904,0.0628228,-27.3372,8.193,6.978,1.215,0.188048,0.0589426,8.216,6.95,1.266,24,34,val,train,train,val,train,val,train,train,train,train
1666,2016_Furukawa,CCCC[C@@H]1NC(=O)[C@H](CC(C)C)NC(=O)CN(CC2CCOCC2)C(=O)[C@@H](C)NC(=O)CN(CCCOC(C)C)C(=O)[C@H]2CCCN2C1=O,2.4-07H,1666,-7.84,6,6,Circle,0.136373,0.0460033,-26.1863,8.028,6.72,1.308,0.0930614,0.0304638,7.902,6.637,1.265,23,21,val,train,test,train,train,train,train,train,test,train
1665,2016_Furukawa,CCCC[C@@H]1NC(=O)[C@H](CC(C)C)NC(=O)CN(CC2CCCCC2)C(=O)[C@@H](C)NC(=O)CN(CCCOC(C)C)C(=O)[C@H]2CCCN2C1=O,2.4-06H,1665,-5.86,6,6,Circle,0.124159,0.0393856,-21.6657,7.969,6.806,1.163,0.144628,0.0346404,8.77,7.305,1.465,12,66,train,train,train,test,train,train,train,train,train,train
1664,2016_Furukawa,CCCCCN1CC(=O)N[C@@H](CC(C)C)C(=O)N[C@@H](CCCC)C(=O)N2CCC[C@@H]2C(=O)N(CC)CC(=O)N[C@H](Cc2ccccc2)C1=O,2.4-05H,1664,-5.41,6,6,Circle,0.153847,0.0569318,-31.2589,8.327,7.047,1.28,0.147939,0.0353576,8.325,6.959,1.366,80,77,train,train,train,train,train,train,val,train,train,train
1663,2016_Furukawa,CCCCCN1CC(=O)N[C@@H](CC(C)C)C(=O)N[C@@H](CCCC)C(=O)N2CCC[C@@H]2C(=O)N(CCCOC(C)C)CC(=O)N[C@H](C)C1=O,2.4-04H,1663,-5.97,6,6,Circle,0.132431,0.0428623,-24.4859,7.986,6.805,1.181,0.14785,0.0456023,8.289,7.126,1.163,19,64,train,train,val,test,train,train,train,train,train,train
1662,2016_Furukawa,CCCC[C@@H]1NC(=O)[C@H](CC(C)C)NC(=O)CN(CC2CCOCC2)C(=O)[C@@H](C)NC(=O)CN(CC)C(=O)[C@H]2CCCN2C1=O,2.4-03H,1662,-8.8,6,6,Circle,0.116706,0.0412773,-26.3911,7.125,5.812,1.313,0.121133,0.0490284,7.562,6.268,1.294,28,41,train,val,train,train,train,train,train,train,train,train
1661,2016_Furukawa,CCCC[C@@H]1NC(=O)[C@H](CC(C)C)NC(=O)CN(CC2CCCCC2)C(=O)[C@@H](C)NC(=O)CN(CC)C(=O)[C@H]2CCCN2C1=O,2.4-02H,1661,-6.65,6,6,Circle,0.105573,0.0438944,-24.3272,7.184,5.932,1.252,0.107109,0.0347348,7.327,6.226,1.101,70,95,train,train,train,train,val,train,train,train,train,train
1660,2016_Furukawa,CCCCCN1CC(=O)N[C@@H](CC(C)C)C(=O)N[C@@H](CCCC)C(=O)N2CCC[C@@H]2C(=O)N(CC)CC(=O)N[C@H](C)C1=O,2.4-01H,1660,-6.84,6,6,Circle,0.126928,0.0541847,-26.4441,7.204,5.942,1.262,0.125081,0.0404464,7.807,6.335,1.472,26,52,val,train,train,train,test,train,val,train,train,train
1659,2016_Furukawa,CCCC[C@@H]1NC(=O)[C@H](CC(C)C)N(C)C(=O)CN(CC2CCOCC2)C(=O)[C@@H](Cc2ccccc2)NC(=O)CN(Cc2ccc3c(c2)OCO3)C(=O)[C@H]2CCCN2C1=O,2.4-18Me,1659,-6.27,6,6,Circle,0.173521,0.0539109,-31.8618,9.378,7.91,1.468,0.118801,0.0329578,9.422,8.009,1.413,77,71,train,train,train,train,train,train,train,train,train,train
1658,2016_Furukawa,CCCC[C@@H]1NC(=O)[C@H](CC(C)C)N(C)C(=O)CN(CC2CCCCC2)C(=O)[C@@H](Cc2ccccc2)NC(=O)CN(Cc2ccc3c(c2)OCO3)C(=O)[C@H]2CCCN2C1=O,2.4-17Me,1658,-5.8,6,6,Circle,0.162685,0.0473611,-27.7264,9.116,7.738,1.378,0.132091,0.0377638,9.514,8.202,1.312,27,76,train,train,train,train,train,train,train,val,train,val
1657,2016_Furukawa,CCCCCN1CC(=O)N(C)[C@@H](CC(C)C)C(=O)N[C@@H](CCCC)C(=O)N2CCC[C@@H]2C(=O)N(Cc2ccc3c(c2)OCO3)CC(=O)N[C@H](Cc2ccccc2)C1=O,2.4-16Me,1657,-5.45,6,6,Circle,0.165939,0.0494385,-27.4761,9.152,7.737,1.415,0.131194,0.0417225,9.358,8.05,1.308,32,61,train,train,train,train,train,train,train,train,train,train
1656,2016_Furukawa,CCCC[C@@H]1NC(=O)[C@H](CC(C)C)N(C)C(=O)CN(CC2CCOCC2)C(=O)[C@@H](Cc2ccccc2)NC(=O)CN(CCCOC(C)C)C(=O)[C@H]2CCCN2C1=O,2.4-15Me,1656,-6.52,6,6,Circle,0.150688,0.0422426,-26.0579,9.212,8.028,1.184,0.140246,0.0357206,9.158,7.99,1.168,65,41,train,train,train,train,train,train,val,train,train,train
1655,2016_Furukawa,CCCC[C@@H]1NC(=O)[C@H](CC(C)C)N(C)C(=O)CN(CC2CCCCC2)C(=O)[C@@H](Cc2ccccc2)NC(=O)CN(CCCOC(C)C)C(=O)[C@H]2CCCN2C1=O,2.4-14Me,1655,-5.15,6,6,Circle,0.186455,0.0649768,-23.5472,9.239,8.141,1.098,0.143506,0.0390824,9.363,8.283,1.08,38,87,train,train,train,train,train,train,train,test,train,val
1654,2016_Furukawa,CCCCCN1CC(=O)N(C)[C@@H](CC(C)C)C(=O)N[C@@H](CCCC)C(=O)N2CCC[C@@H]2C(=O)N(CCCOC(C)C)CC(=O)N[C@H](Cc2ccccc2)C1=O,2.4-13Me,1654,-5.16,6,6,Circle,0.176102,0.065025,-24.3928,8.831,7.662,1.169,0.156249,0.0341584,9.224,8.211,1.013,11,64,train,train,val,train,test,train,train,train,train,train
1653,2016_Furukawa,CCCC[C@@H]1NC(=O)[C@H](CC(C)C)N(C)C(=O)CN(CC2CCOCC2)C(=O)[C@@H](C)NC(=O)CN(Cc2ccc3c(c2)OCO3)C(=O)[C@H]2CCCN2C1=O,2.4-12Me,1653,-6.66,6,6,Circle,0.134113,0.0399004,-28.2558,8.663,7.326,1.337,0.127442,0.0444674,8.438,7.146,1.292,82,87,train,train,train,train,train,train,val,test,train,train
1652,2016_Furukawa,CCCC[C@@H]1NC(=O)[C@H](CC(C)C)N(C)C(=O)CN(CC2CCCCC2)C(=O)[C@@H](C)NC(=O)CN(Cc2ccc3c(c2)OCO3)C(=O)[C@H]2CCCN2C1=O,2.4-11Me,1652,-5.31,6,6,Circle,0.179082,0.0664971,-29.0957,8.78,7.422,1.358,0.111473,0.0410848,8.357,7.015,1.342,38,12,train,train,val,train,train,val,val,train,train,train
1651,2016_Furukawa,CCCCCN1CC(=O)N(C)[C@@H](CC(C)C)C(=O)N[C@@H](CCCC)C(=O)N2CCC[C@@H]2C(=O)N(Cc2ccc3c(c2)OCO3)CC(=O)N[C@H](C)C1=O,2.4-10Me,1651,-5.45,6,6,Circle,0.13751,0.0471674,-26.7083,8.374,6.908,1.466,0.126746,0.0558564,8.516,7.118,1.398,48,29,train,train,train,train,train,train,train,train,val,val
1650,2016_Furukawa,CCCC[C@@H]1NC(=O)[C@H](CC(C)C)N(C)C(=O)CN(CC2CCOCC2)C(=O)[C@@H](Cc2ccccc2)NC(=O)CN(CC)C(=O)[C@H]2CCCN2C1=O,2.4-09Me,1650,-6.92,6,6,Circle,0.136172,0.0540475,-28.1864,8.162,6.845,1.317,0.173137,0.0537595,8.744,7.549,1.195,50,47,train,train,train,train,train,train,train,test,train,train
1649,2016_Furukawa,CCCC[C@@H]1NC(=O)[C@H](CC(C)C)N(C)C(=O)CN(CC2CCCCC2)C(=O)[C@@H](Cc2ccccc2)NC(=O)CN(CC)C(=O)[C@H]2CCCN2C1=O,2.4-08Me,1649,-5.16,6,6,Circle,0.195285,0.0817057,-24.188,8.412,7.274,1.138,0.153249,0.0420334,8.505,7.321,1.184,73,82,train,test,train,train,train,train,train,train,train,train
1648,2016_Furukawa,CCCC[C@@H]1NC(=O)[C@H](CC(C)C)N(C)C(=O)CN(CC2CCOCC2)C(=O)[C@@H](C)NC(=O)CN(CCCOC(C)C)C(=O)[C@H]2CCCN2C1=O,2.4-07Me,1648,-7.33,6,6,Circle,0.144838,0.0764304,-27.3496,8.057,6.759,1.298,0.16615,0.0531887,8.611,7.292,1.319,36,25,train,train,train,train,train,train,val,train,test,train
1647,2016_Furukawa,CCCC[C@@H]1NC(=O)[C@H](CC(C)C)N(C)C(=O)CN(CC2CCCCC2)C(=O)[C@@H](C)NC(=O)CN(CCCOC(C)C)C(=O)[C@H]2CCCN2C1=O,2.4-06Me,1647,-5.47,6,6,Circle,0.128845,0.0516975,-23.9633,8.181,6.968,1.213,0.176706,0.0877604,8.406,7.274,1.132,48,55,test,train,train,train,train,train,train,train,val,train
1646,2016_Furukawa,CCCCCN1CC(=O)N(C)[C@@H](CC(C)C)C(=O)N[C@@H](CCCC)C(=O)N2CCC[C@@H]2C(=O)N(CC)CC(=O)N[C@H](Cc2ccccc2)C1=O,2.4-05Me,1646,-5.34,6,6,Circle,0.168961,0.0690606,-23.2496,8.339,7.174,1.165,0.196355,0.0761955,8.371,7.192,1.179,64,20,train,train,train,train,train,train,train,train,val,train
1645,2016_Furukawa,CCCCCN1CC(=O)N(C)[C@@H](CC(C)C)C(=O)N[C@@H](CCCC)C(=O)N2CCC[C@@H]2C(=O)N(CCCOC(C)C)CC(=O)N[C@H](C)C1=O,2.4-04Me,1645,-5.79,6,6,Circle,0.127573,0.0502514,-22.3638,7.941,6.684,1.257,0.132527,0.0378552,8.344,7.354,0.99,52,16,test,train,train,train,train,val,train,train,train,train
1644,2016_Furukawa,CCCC[C@@H]1NC(=O)[C@H](CC(C)C)N(C)C(=O)CN(CC2CCOCC2)C(=O)[C@@H](C)NC(=O)CN(CC)C(=O)[C@H]2CCCN2C1=O,2.4-03Me,1644,-7.92,6,6,Circle,0.149267,0.073871,-28.3155,7.642,6.322,1.32,0.125355,0.0479642,7.907,6.523,1.384,70,84,train,train,val,train,train,train,test,train,train,train
1643,2016_Furukawa,CCCC[C@@H]1NC(=O)[C@H](CC(C)C)N(C)C(=O)CN(CC2CCCCC2)C(=O)[C@@H](C)NC(=O)CN(CC)C(=O)[C@H]2CCCN2C1=O,2.4-02Me,1643,-5.98,6,6,Circle,0.127366,0.056957,-20.8989,7.667,6.573,1.094,0.118819,0.0485997,7.617,6.562,1.055,3,97,train,train,train,train,train,test,test,train,train,val
1642,2016_Furukawa,CCCCCN1CC(=O)N(C)[C@@H](CC(C)C)C(=O)N[C@@H](CCCC)C(=O)N2CCC[C@@H]2C(=O)N(CC)CC(=O)N[C@H](C)C1=O,2.4-01Me,1642,-6.43,6,6,Circle,0.1777,0.082482,-29.652,7.686,6.439,1.247,0.147422,0.0677662,7.454,6.379,1.075,41,16,train,train,test,train,train,train,train,train,val,train
1641,2016_Furukawa,CCCC[C@@H]1NC(=O)[C@H](CC(C)C)NC(=O)CN(CC2CCOCC2)C(=O)[C@@H](Cc2ccccc2)NC(=O)CN(Cc2ccc3c(c2)OCO3)C(=O)[C@@H]2CCCN2C1=O,2.3-18H,1641,-6.17,6,6,Circle,0.259559,0.0943823,-34.9165,9.249,7.765,1.484,0.162028,0.0333419,9.48,7.916,1.564,87,23,train,train,train,train,train,train,train,train,train,train
1640,2016_Furukawa,CCCC[C@@H]1NC(=O)[C@H](CC(C)C)NC(=O)CN(CC2CCCCC2)C(=O)[C@@H](Cc2ccccc2)NC(=O)CN(Cc2ccc3c(c2)OCO3)C(=O)[C@@H]2CCCN2C1=O,2.3-17H,1640,-5.64,6,6,Circle,0.128144,0.0421068,-25.5733,8.986,7.847,1.139,0.183785,0.0432749,9.065,7.861,1.204,63,68,train,train,val,train,train,train,train,train,train,test
1639,2016_Furukawa,CCCCCN1CC(=O)N[C@@H](CC(C)C)C(=O)N[C@@H](CCCC)C(=O)N2CCC[C@H]2C(=O)N(Cc2ccc3c(c2)OCO3)CC(=O)N[C@H](Cc2ccccc2)C1=O,2.3-16H,1639,-5.39,6,6,Circle,0.197642,0.0612967,-35.9512,8.508,6.919,1.589,0.18617,0.069005,8.602,6.96,1.642,49,81,val,test,val,val,train,train,train,train,val,train
1638,2016_Furukawa,CCCC[C@@H]1NC(=O)[C@H](CC(C)C)NC(=O)CN(CC2CCOCC2)C(=O)[C@@H](Cc2ccccc2)NC(=O)CN(CCCOC(C)C)C(=O)[C@@H]2CCCN2C1=O,2.3-15H,1638,-6.85,6,6,Circle,0.174573,0.0374463,-32.3819,9.156,7.849,1.307,0.148674,0.0297228,9.354,8.041,1.313,17,41,train,train,train,train,train,train,train,test,train,train
1637,2016_Furukawa,CCCC[C@@H]1NC(=O)[C@H](CC(C)C)NC(=O)CN(CC2CCCCC2)C(=O)[C@@H](Cc2ccccc2)NC(=O)CN(CCCOC(C)C)C(=O)[C@@H]2CCCN2C1=O,2.3-14H,1637,-5.14,6,6,Circle,0.162055,0.036609,-28.7317,9.157,7.962,1.195,0.175932,0.0336412,9.46,8.233,1.227,4,48,train,train,test,val,train,train,train,train,train,train
1636,2016_Furukawa,CCCCCN1CC(=O)N[C@@H](CC(C)C)C(=O)N[C@@H](CCCC)C(=O)N2CCC[C@H]2C(=O)N(CCCOC(C)C)CC(=O)N[C@H](Cc2ccccc2)C1=O,2.3-13H,1636,-5.29,6,6,Circle,0.188796,0.0409242,-27.1678,9.209,7.99,1.219,0.155571,0.0340737,9.373,8.11,1.263,2,25,test,train,train,val,train,val,train,train,train,train
1635,2016_Furukawa,CCCC[C@@H]1NC(=O)[C@H](CC(C)C)NC(=O)CN(CC2CCOCC2)C(=O)[C@@H](C)NC(=O)CN(Cc2ccc3c(c2)OCO3)C(=O)[C@@H]2CCCN2C1=O,2.3-12H,1635,-7.03,6,6,Circle,0.147273,0.0406558,-34.721,8.207,6.705,1.502,0.17149,0.0343652,8.235,6.553,1.682,20,100,val,train,train,train,train,train,test,train,train,train
1634,2016_Furukawa,CCCC[C@@H]1NC(=O)[C@H](CC(C)C)NC(=O)CN(CC2CCCCC2)C(=O)[C@@H](C)NC(=O)CN(Cc2ccc3c(c2)OCO3)C(=O)[C@@H]2CCCN2C1=O,2.3-11H,1634,-5.39,6,6,Circle,0.146942,0.0555176,-35.7381,8.355,6.753,1.602,0.100823,0.0333346,8.88,7.326,1.554,87,28,train,train,train,train,train,val,test,train,train,train
1633,2016_Furukawa,CCCCCN1CC(=O)N[C@@H](CC(C)C)C(=O)N[C@@H](CCCC)C(=O)N2CCC[C@H]2C(=O)N(Cc2ccc3c(c2)OCO3)CC(=O)N[C@H](C)C1=O,2.3-10H,1633,-5.68,6,6,Circle,0.195227,0.0682341,-33.0779,8.246,6.828,1.418,0.167103,0.0712301,8.113,6.775,1.338,44,25,val,train,train,train,train,val,train,train,train,train
1632,2016_Furukawa,CCCC[C@@H]1NC(=O)[C@H](CC(C)C)NC(=O)CN(CC2CCOCC2)C(=O)[C@@H](Cc2ccccc2)NC(=O)CN(CC)C(=O)[C@@H]2CCCN2C1=O,2.3-09H,1632,-7.24,6,6,Circle,0.146269,0.0357161,-31.6622,8.182,6.922,1.26,0.144773,0.0316882,8.495,7.169,1.326,4,74,train,train,test,train,train,train,train,train,val,train
1631,2016_Furukawa,CCCC[C@@H]1NC(=O)[C@H](CC(C)C)NC(=O)CN(CC2CCCCC2)C(=O)[C@@H](Cc2ccccc2)NC(=O)CN(CC)C(=O)[C@@H]2CCCN2C1=O,2.3-08H,1631,-5.28,6,6,Circle,0.205872,0.08055,-25.3315,8.52,7.288,1.232,0.148303,0.0338724,8.499,7.309,1.19,61,7,train,train,train,train,train,train,train,train,test,train
1630,2016_Furukawa,CCCC[C@@H]1NC(=O)[C@H](CC(C)C)NC(=O)CN(CC2CCOCC2)C(=O)[C@@H](C)NC(=O)CN(CCCOC(C)C)C(=O)[C@@H]2CCCN2C1=O,2.3-07H,1630,-7.92,6,6,Circle,0.180236,0.0695793,-31.1996,8.859,7.37,1.489,0.141824,0.0334148,8.895,7.455,1.44,41,26,train,train,train,train,train,train,train,val,train,train
1629,2016_Furukawa,CCCC[C@@H]1NC(=O)[C@H](CC(C)C)NC(=O)CN(CC2CCCCC2)C(=O)[C@@H](C)NC(=O)CN(CCCOC(C)C)C(=O)[C@@H]2CCCN2C1=O,2.3-06H,1629,-5.96,6,6,Circle,0.142613,0.0431356,-25.0426,9.108,7.721,1.387,0.185222,0.0642571,8.491,7.431,1.06,37,28,train,val,train,train,train,val,train,test,val,test
1628,2016_Furukawa,CCCCCN1CC(=O)N[C@@H](CC(C)C)C(=O)N[C@@H](CCCC)C(=O)N2CCC[C@H]2C(=O)N(CC)CC(=O)N[C@H](Cc2ccccc2)C1=O,2.3-05H,1628,-5.53,6,6,Circle,0.180344,0.052812,-26.8828,8.258,7.072,1.186,0.129702,0.0314362,8.498,7.262,1.236,88,58,val,train,train,train,train,train,train,train,train,train
1627,2016_Furukawa,CCCCCN1CC(=O)N[C@@H](CC(C)C)C(=O)N[C@@H](CCCC)C(=O)N2CCC[C@H]2C(=O)N(CCCOC(C)C)CC(=O)N[C@H](C)C1=O,2.3-04H,1627,-6.45,6,6,Circle,0.144427,0.0368193,-28.4863,8.477,7.178,1.299,0.159022,0.0321224,8.747,7.402,1.345,8,93,train,train,train,train,train,test,val,train,val,test
1626,2016_Furukawa,CCCC[C@@H]1NC(=O)[C@H](CC(C)C)NC(=O)CN(CC2CCOCC2)C(=O)[C@@H](C)NC(=O)CN(CC)C(=O)[C@@H]2CCCN2C1=O,2.3-03H,1626,-8.88,6,6,Circle,0.0987067,0.0366288,-32.3216,7.462,6.067,1.395,0.112534,0.032536,7.719,6.28,1.439,7,61,val,train,train,train,train,test,train,train,train,train
1625,2016_Furukawa,CCCC[C@@H]1NC(=O)[C@H](CC(C)C)NC(=O)CN(CC2CCCCC2)C(=O)[C@@H](C)NC(=O)CN(CC)C(=O)[C@@H]2CCCN2C1=O,2.3-02H,1625,-6.48,6,6,Circle,0.101581,0.0360228,-23.7013,7.926,6.607,1.319,0.10033,0.030983,7.92,6.608,1.312,6,89,train,train,train,train,train,test,train,train,train,test
1624,2016_Furukawa,CCCCCN1CC(=O)N[C@@H](CC(C)C)C(=O)N[C@@H](CCCC)C(=O)N2CCC[C@H]2C(=O)N(CC)CC(=O)N[C@H](C)C1=O,2.3-01H,1624,-6.48,6,6,Circle,0.108162,0.036561,-28.33,7.404,6.14,1.264,0.133128,0.0329096,7.737,6.44,1.297,12,53,val,train,train,train,train,val,train,train,train,train
1623,2016_Furukawa,CCCC[C@@H]1NC(=O)[C@H](CC(C)C)N(C)C(=O)CN(CC2CCOCC2)C(=O)[C@@H](Cc2ccccc2)NC(=O)CN(Cc2ccc3c(c2)OCO3)C(=O)[C@@H]2CCCN2C1=O,2.3-18Me,1623,-6.17,6,6,Circle,0.218781,0.0406948,-30.9408,8.549,6.996,1.553,0.203241,0.037575,8.605,7.078,1.527,19,16,val,train,train,train,val,train,train,train,train,train
1622,2016_Furukawa,CCCC[C@@H]1NC(=O)[C@H](CC(C)C)N(C)C(=O)CN(CC2CCCCC2)C(=O)[C@@H](Cc2ccccc2)NC(=O)CN(Cc2ccc3c(c2)OCO3)C(=O)[C@@H]2CCCN2C1=O,2.3-17Me,1622,-5.95,6,6,Circle,0.138373,0.0352112,-24.5147,8.61,7.175,1.435,0.144816,0.0422405,8.69,7.315,1.375,47,65,train,test,train,train,train,train,train,test,train,train
1621,2016_Furukawa,CCCCCN1CC(=O)N(C)[C@@H](CC(C)C)C(=O)N[C@@H](CCCC)C(=O)N2CCC[C@H]2C(=O)N(Cc2ccc3c(c2)OCO3)CC(=O)N[C@H](Cc2ccccc2)C1=O,2.3-16Me,1621,-5.5,6,6,Circle,0.190747,0.0629454,-35.7703,9.486,8.1,1.386,0.148391,0.0314146,9.479,8.099,1.38,48,73,train,val,train,train,train,train,train,train,train,train
1620,2016_Furukawa,CCCC[C@@H]1NC(=O)[C@H](CC(C)C)N(C)C(=O)CN(CC2CCOCC2)C(=O)[C@@H](Cc2ccccc2)NC(=O)CN(CCCOC(C)C)C(=O)[C@@H]2CCCN2C1=O,2.3-15Me,1620,-6.27,6,6,Circle,0.211534,0.0591203,-23.4373,9.519,8.322,1.197,0.157732,0.0485683,9.436,8.228,1.208,46,56,train,train,train,train,train,train,train,train,train,val
1619,2016_Furukawa,CCCC[C@@H]1NC(=O)[C@H](CC(C)C)N(C)C(=O)CN(CC2CCCCC2)C(=O)[C@@H](Cc2ccccc2)NC(=O)CN(CCCOC(C)C)C(=O)[C@@H]2CCCN2C1=O,2.3-14Me,1619,-5.1,6,6,Circle,0.18978,0.0633115,-18.7454,9.403,8.414,0.989,0.178283,0.0461761,9.04,8.113,0.927,40,55,val,train,train,train,test,train,train,train,train,train
1618,2016_Furukawa,CCCCCN1CC(=O)N(C)[C@@H](CC(C)C)C(=O)N[C@@H](CCCC)C(=O)N2CCC[C@H]2C(=O)N(CCCOC(C)C)CC(=O)N[C@H](Cc2ccccc2)C1=O,2.3-13Me,1618,-5.09,6,6,Circle,0.198506,0.0581351,-20.4899,9.525,8.424,1.101,0.210438,0.0606036,9.169,8.147,1.022,66,26,train,train,val,train,train,train,train,train,train,train
1617,2016_Furukawa,CCCC[C@@H]1NC(=O)[C@H](CC(C)C)N(C)C(=O)CN(CC2CCOCC2)C(=O)[C@@H](C)NC(=O)CN(Cc2ccc3c(c2)OCO3)C(=O)[C@@H]2CCCN2C1=O,2.3-12Me,1617,-6.54,6,6,Circle,0.133488,0.0337592,-29.2844,8.738,7.221,1.517,0.165144,0.0333714,8.805,7.29,1.515,32,81,train,train,train,train,train,train,train,train,val,train
1616,2016_Furukawa,CCCC[C@@H]1NC(=O)[C@H](CC(C)C)N(C)C(=O)CN(CC2CCCCC2)C(=O)[C@@H](C)NC(=O)CN(Cc2ccc3c(c2)OCO3)C(=O)[C@@H]2CCCN2C1=O,2.3-11Me,1616,-5.09,6,6,Circle,0.114959,0.0547032,-23.132,7.933,6.532,1.401,0.112786,0.0322561,8.745,7.445,1.3,69,21,train,train,train,train,train,train,test,train,train,val
1615,2016_Furukawa,CCCCCN1CC(=O)N(C)[C@@H](CC(C)C)C(=O)N[C@@H](CCCC)C(=O)N2CCC[C@H]2C(=O)N(Cc2ccc3c(c2)OCO3)CC(=O)N[C@H](C)C1=O,2.3-10Me,1615,-5.14,6,6,Circle,0.162251,0.0514603,-24.9947,8.189,6.978,1.211,0.122142,0.0438188,8.366,7.075,1.291,76,79,train,train,train,train,train,train,train,train,train,train
1614,2016_Furukawa,CCCC[C@@H]1NC(=O)[C@H](CC(C)C)N(C)C(=O)CN(CC2CCOCC2)C(=O)[C@@H](Cc2ccccc2)NC(=O)CN(CC)C(=O)[C@@H]2CCCN2C1=O,2.3-09Me,1614,-6.73,6,6,Circle,0.112532,0.0365909,-22.1864,8.62,7.384,1.236,0.126059,0.0301496,8.572,7.355,1.217,48,35,train,train,train,test,train,train,train,train,val,test
1613,2016_Furukawa,CCCC[C@@H]1NC(=O)[C@H](CC(C)C)N(C)C(=O)CN(CC2CCCCC2)C(=O)[C@@H](Cc2ccccc2)NC(=O)CN(CC)C(=O)[C@@H]2CCCN2C1=O,2.3-08Me,1613,-5.1,6,6,Circle,0.183145,0.0650278,-22.4938,8.48,7.346,1.134,0.130272,0.0302205,8.639,7.531,1.108,31,74,train,train,train,train,train,train,train,train,train,val
1612,2016_Furukawa,CCCC[C@@H]1NC(=O)[C@H](CC(C)C)N(C)C(=O)CN(CC2CCOCC2)C(=O)[C@@H](C)NC(=O)CN(CCCOC(C)C)C(=O)[C@@H]2CCCN2C1=O,2.3-07Me,1612,-7.04,6,6,Circle,0.128669,0.0307956,-23.0033,8.888,7.521,1.367,0.117573,0.0294632,8.781,7.454,1.327,73,13,val,train,train,train,train,train,train,train,train,val
1611,2016_Furukawa,CCCC[C@@H]1NC(=O)[C@H](CC(C)C)N(C)C(=O)CN(CC2CCCCC2)C(=O)[C@@H](C)NC(=O)CN(CCCOC(C)C)C(=O)[C@@H]2CCCN2C1=O,2.3-06Me,1611,-4.97,6,6,Circle,0.138563,0.0345582,-18.494,8.972,7.736,1.236,0.127372,0.0312376,8.853,7.656,1.197,19,65,train,train,train,train,val,test,train,train,train,train
1610,2016_Furukawa,CCCCCN1CC(=O)N(C)[C@@H](CC(C)C)C(=O)N[C@@H](CCCC)C(=O)N2CCC[C@H]2C(=O)N(CC)CC(=O)N[C@H](Cc2ccccc2)C1=O,2.3-05Me,1610,-5.22,6,6,Circle,0.165916,0.0538634,-19.7115,8.528,7.499,1.029,0.154096,0.0444038,8.341,7.301,1.04,17,27,test,train,train,train,train,val,train,val,train,val
1609,2016_Furukawa,CCCCCN1CC(=O)N(C)[C@@H](CC(C)C)C(=O)N[C@@H](CCCC)C(=O)N2CCC[C@H]2C(=O)N(CCCOC(C)C)CC(=O)N[C@H](C)C1=O,2.3-04Me,1609,-5.23,6,6,Circle,0.172852,0.0342612,-18.898,8.985,7.7,1.285,0.150129,0.0308829,8.853,7.606,1.247,51,84,test,train,train,train,train,train,train,train,test,train
1608,2016_Furukawa,CCCC[C@@H]1NC(=O)[C@H](CC(C)C)N(C)C(=O)CN(CC2CCOCC2)C(=O)[C@@H](C)NC(=O)CN(CC)C(=O)[C@@H]2CCCN2C1=O,2.3-03Me,1608,-7.56,6,6,Circle,0.101913,0.039714,-27.1711,7.65,6.312,1.338,0.0998506,0.0300964,7.887,6.552,1.335,14,89,test,train,train,train,train,train,train,train,train,train
1607,2016_Furukawa,CCCC[C@@H]1NC(=O)[C@H](CC(C)C)N(C)C(=O)CN(CC2CCCCC2)C(=O)[C@@H](C)NC(=O)CN(CC)C(=O)[C@@H]2CCCN2C1=O,2.3-02Me,1607,-5.32,6,6,Circle,0.108479,0.0349799,-18.4707,8.01,6.779,1.231,0.0832833,0.0351956,7.826,6.686,1.14,21,49,test,train,train,train,train,train,train,val,val,train
1606,2016_Furukawa,CCCCCN1CC(=O)N(C)[C@@H](CC(C)C)C(=O)N[C@@H](CCCC)C(=O)N2CCC[C@H]2C(=O)N(CC)CC(=O)N[C@H](C)C1=O,2.3-01Me,1606,-5.76,6,6,Circle,0.139777,0.054443,-19.6237,7.765,6.529,1.236,0.100198,0.0305181,7.893,6.65,1.243,9,87,val,train,train,train,train,train,train,train,train,val
1605,2016_Furukawa,CCCC[C@@H]1NC(=O)[C@H](CC(C)C)NC(=O)CN(CC2CCOCC2)C(=O)[C@H](Cc2ccccc2)NC(=O)CN(Cc2ccc3c(c2)OCO3)C(=O)[C@H]2CCCN2C1=O,2.2-19H,1605,-5.1,6,6,Circle,0.135744,0.0410655,-27.7282,9.038,7.378,1.66,0.141356,0.0376726,9.007,7.419,1.588,11,11,train,train,val,train,train,train,train,val,train,train
1604,2016_Furukawa,CCCC[C@@H]1NC(=O)[C@H](CC(C)C)NC(=O)CN(CC2CCCCC2)C(=O)[C@H](Cc2ccccc2)NC(=O)CN(Cc2ccc3c(c2)OCO3)C(=O)[C@H]2CCCN2C1=O,2.2-18H,1604,-5.71,6,6,Circle,0.156341,0.0542141,-24.0887,9.114,7.57,1.544,0.156691,0.044153,9.059,7.588,1.471,39,10,train,test,test,test,train,train,test,train,test,train
1603,2016_Furukawa,CCCCCN1CC(=O)N[C@@H](CC(C)C)C(=O)N[C@@H](CCCC)C(=O)N2CCC[C@@H]2C(=O)N(Cc2ccc3c(c2)OCO3)CC(=O)N[C@@H](Cc2ccccc2)C1=O,2.2-17H,1603,-5.24,6,6,Circle,0.14307,0.0451348,-27.9792,9.231,7.885,1.346,0.160424,0.0394946,8.992,7.493,1.499,73,60,train,train,train,train,train,train,train,train,test,train
1602,2016_Furukawa,CCCC[C@@H]1NC(=O)[C@H](CC(C)C)NC(=O)CN(CC2CCOCC2)C(=O)[C@H](Cc2ccccc2)NC(=O)CN(CCCOC(C)C)C(=O)[C@H]2CCCN2C1=O,2.2-16H,1602,-5.44,6,6,Circle,0.162493,0.0531806,-21.2083,8.977,7.781,1.196,0.173386,0.0361834,9.576,8.294,1.282,78,39,test,train,train,train,train,train,train,train,train,train
1601,2016_Furukawa,CCCC[C@@H]1NC(=O)[C@H](CC(C)C)NC(=O)CN(CC2CCCCC2)C(=O)[C@H](Cc2ccccc2)NC(=O)CN(CCCOC(C)C)C(=O)[C@H]2CCCN2C1=O,2.2-15H,1601,-5.03,6,6,Circle,0.169575,0.049083,-17.7914,9.143,8.052,1.091,0.186994,0.0439857,9.126,8.132,0.994,27,24,test,train,train,train,train,train,train,val,train,train
1600,2016_Furukawa,CCCCCN1CC(=O)N[C@@H](CC(C)C)C(=O)N[C@@H](CCCC)C(=O)N2CCC[C@@H]2C(=O)N(CCCOC(C)C)CC(=O)N[C@@H](Cc2ccccc2)C1=O,2.2-14H,1600,-4.95,6,6,Circle,0.166376,0.0502185,-17.5049,8.945,7.958,0.987,0.151448,0.0441128,9.004,8.042,0.962,34,97,test,train,train,train,train,train,test,train,val,val
1599,2016_Furukawa,CCCC[C@@H]1NC(=O)[C@H](CC(C)C)NC(=O)CN(CC2CCOCC2)C(=O)[C@H](C)NC(=O)CN(Cc2ccc3c(c2)OCO3)C(=O)[C@H]2CCCN2C1=O,2.2-13H,1599,-6.34,6,6,Circle,0.113258,0.0440098,-34.1314,8.72,7.167,1.553,0.117018,0.044539,8.296,6.627,1.669,80,84,train,val,train,test,val,train,train,train,train,test
1598,2016_Furukawa,CCCC[C@@H]1NC(=O)[C@H](CC(C)C)NC(=O)CN(CC2CCCCC2)C(=O)[C@H](C)NC(=O)CN(Cc2ccc3c(c2)OCO3)C(=O)[C@H]2CCCN2C1=O,2.2-12H,1598,-5.1,6,6,Circle,0.134827,0.0557919,-31.0774,8.786,7.386,1.4,0.145469,0.0354339,8.307,6.801,1.506,53,54,train,test,train,train,val,train,train,train,test,val
1597,2016_Furukawa,CCCCCN1CC(=O)N[C@@H](CC(C)C)C(=O)N[C@@H](CCCC)C(=O)N2CCC[C@@H]2C(=O)N(Cc2ccc3c(c2)OCO3)CC(=O)N[C@@H](C)C1=O,2.2-11H,1597,-5.32,6,6,Circle,0.161273,0.05951,-24.3684,8.336,6.979,1.357,0.139663,0.0415092,8.287,6.719,1.568,75,49,train,train,train,train,train,train,train,train,train,train
1596,2016_Furukawa,CCCC[C@@H]1NC(=O)[C@H](CC(C)C)NC(=O)CN(CC2CCOCC2)C(=O)[C@H](Cc2ccccc2)NC(=O)CN(CC)C(=O)[C@H]2CCCN2C1=O,2.2-10H,1596,-5.95,6,6,Circle,0.151761,0.0534562,-23.2328,8.334,7.08,1.254,0.165715,0.0678067,8.285,7.102,1.183,85,86,train,train,val,test,train,train,train,train,test,val
1595,2016_Furukawa,CCCC[C@@H]1NC(=O)[C@H](CC(C)C)NC(=O)CN(CC2CCCCC2)C(=O)[C@H](Cc2ccccc2)NC(=O)CN(CC)C(=O)[C@H]2CCCN2C1=O,2.2-09H,1595,-4.96,6,6,Circle,0.156656,0.0493292,-19.9394,8.413,7.295,1.118,0.150412,0.0375664,8.376,7.257,1.119,41,77,train,train,train,train,train,train,val,train,test,train
1594,2016_Furukawa,CCCC[C@@H]1NC(=O)[C@H](CC(C)C)NC(=O)CN(CC2CCOCC2)C(=O)[C@H](C)NC(=O)CN(CCCOC(C)C)C(=O)[C@H]2CCCN2C1=O,2.2-08H,1594,-7.0,6,6,Circle,0.136167,0.0502019,-22.1848,8.356,7.075,1.281,0.127865,0.0431598,8.38,7.113,1.267,52,70,val,train,train,train,train,train,train,test,train,train
1593,2016_Furukawa,CCCC[C@@H]1NC(=O)[C@H](CC(C)C)NC(=O)CN(CC2CCCCC2)C(=O)[C@H](C)NC(=O)CN(CCCOC(C)C)C(=O)[C@H]2CCCN2C1=O,2.2-07H,1593,-5.49,6,6,Circle,0.146508,0.0572719,-18.7939,8.425,7.261,1.164,0.137691,0.0470303,8.421,7.257,1.164,11,20,train,train,train,train,train,train,train,test,train,train
1592,2016_Furukawa,CCCCCN1CC(=O)N[C@@H](CC(C)C)C(=O)N[C@@H](CCCC)C(=O)N2CCC[C@@H]2C(=O)N(CC)CC(=O)N[C@@H](Cc2ccccc2)C1=O,2.2-06H,1592,-5.13,6,6,Circle,0.165364,0.0507926,-20.3644,8.344,7.22,1.124,0.153283,0.0433451,8.314,7.204,1.11,32,8,train,train,train,train,train,train,val,train,val,train
1591,2016_Furukawa,CCCCCN1CC(=O)N[C@@H](CC(C)C)C(=O)N[C@@H](CCCC)C(=O)N2CCC[C@@H]2C(=O)N(CCCOC(C)C)CC(=O)N[C@@H](C)C1=O,2.2-05H,1591,-5.84,6,6,Circle,0.146715,0.047521,-17.9446,8.189,7.063,1.126,0.174207,0.0607979,8.299,7.124,1.175,2,8,train,train,train,train,train,train,train,train,train,train
1590,2016_Furukawa,CCCC[C@@H]1NC(=O)[C@H](CC(C)C)NC(=O)CN(CC2CCOCC2)C(=O)[C@H](C)NC(=O)CN(CC)C(=O)[C@H]2CCCN2C1=O,2.2-04H,1590,-7.62,6,6,Circle,0.122311,0.0509091,-24.4128,7.67,6.333,1.337,0.124789,0.0476,7.527,6.291,1.236,48,42,test,train,train,train,train,train,train,train,train,train
1589,2016_Furukawa,CCCC[C@@H]1NC(=O)[C@H](CC(C)C)NC(=O)CN(CC2CCCCC2)C(=O)[C@H](C)NC(=O)CN(CC)C(=O)[C@H]2CCCN2C1=O,2.2-03H,1589,-6.11,6,6,Circle,0.136682,0.054261,-20.6839,7.716,6.485,1.231,0.131763,0.0518166,7.573,6.442,1.131,14,35,train,train,train,train,train,train,val,train,val,val
1588,2016_Furukawa,CCCCCN1CC(=O)N[C@@H](CC(C)C)C(=O)N[C@@H](CCCC)C(=O)N2CCC[C@@H]2C(=O)N(CC)CC(=O)N[C@@H](C)C1=O,2.2-02H,1588,-6.52,6,6,Circle,0.146374,0.0568385,-20.4141,7.581,6.373,1.208,0.120665,0.0451766,7.526,6.365,1.161,2,38,train,train,train,train,train,train,train,train,test,train
1587,2016_Furukawa,CCCC[C@@H]1NC(=O)[C@H](CC(C)C)N(C)C(=O)CN(CC2CCOCC2)C(=O)[C@H](Cc2ccccc2)NC(=O)CN(Cc2ccc3c(c2)OCO3)C(=O)[C@H]2CCCN2C1=O,2.2-18Me,1438,-5.19,6,6,Circle,0.115699,0.0388668,-23.6016,9.071,7.834,1.237,0.142449,0.037029,8.894,7.497,1.397,10,21,train,train,train,train,train,val,train,train,train,test
1586,2016_Furukawa,CCCC[C@@H]1NC(=O)[C@H](CC(C)C)N(C)C(=O)CN(CC2CCCCC2)C(=O)[C@H](Cc2ccccc2)NC(=O)CN(Cc2ccc3c(c2)OCO3)C(=O)[C@H]2CCCN2C1=O,2.2-17Me,1437,-7.31,6,6,Circle,0.201593,0.074981,-22.1128,9.044,7.733,1.311,0.140014,0.0443715,8.987,7.713,1.274,67,75,train,train,train,test,train,train,train,train,train,train
1585,2016_Furukawa,CCCCCN1CC(=O)N(C)[C@@H](CC(C)C)C(=O)N[C@@H](CCCC)C(=O)N2CCC[C@@H]2C(=O)N(Cc2ccc3c(c2)OCO3)CC(=O)N[C@@H](Cc2ccccc2)C1=O,2.2-16Me,1430,-6.67,6,6,Circle,0.112575,0.0337021,-26.2005,9.327,8.126,1.201,0.136796,0.0327331,9.01,7.68,1.33,85,87,train,train,train,train,train,train,train,train,train,train
1584,2016_Furukawa,CCCC[C@@H]1NC(=O)[C@H](CC(C)C)N(C)C(=O)CN(CC2CCOCC2)C(=O)[C@H](Cc2ccccc2)NC(=O)CN(CCCOC(C)C)C(=O)[C@H]2CCCN2C1=O,2.2-15Me,1278,-5.0,6,6,Circle,0.159867,0.0512912,-17.777,8.942,7.828,1.114,0.167011,0.0471186,8.932,7.836,1.096,19,80,train,train,train,train,train,train,train,train,test,train
1583,2016_Furukawa,CCCC[C@@H]1NC(=O)[C@H](CC(C)C)N(C)C(=O)CN(CC2CCCCC2)C(=O)[C@H](Cc2ccccc2)NC(=O)CN(CCCOC(C)C)C(=O)[C@H]2CCCN2C1=O,2.2-14Me,1277,-5.86,6,6,Circle,0.149289,0.0453364,-18.7564,8.992,8.016,0.976,0.140326,0.0417697,9.196,8.212,0.984,38,8,val,train,test,train,train,train,train,train,train,train
1582,2016_Furukawa,CCCCCN1CC(=O)N(C)[C@@H](CC(C)C)C(=O)N[C@@H](CCCC)C(=O)N2CCC[C@@H]2C(=O)N(CCCOC(C)C)CC(=O)N[C@@H](Cc2ccccc2)C1=O,2.2-13Me,1270,-5.48,6,6,Circle,0.160825,0.046953,-13.989,8.986,8.065,0.921,0.144267,0.0417903,9.141,8.125,1.016,58,77,train,train,train,train,val,val,train,train,test,test
1581,2016_Furukawa,CCCC[C@@H]1NC(=O)[C@H](CC(C)C)N(C)C(=O)CN(CC2CCOCC2)C(=O)[C@H](C)NC(=O)CN(Cc2ccc3c(c2)OCO3)C(=O)[C@H]2CCCN2C1=O,2.2-12Me,1418,-5.54,6,6,Circle,0.117921,0.034382,-24.8589,8.44,7.017,1.423,0.106444,0.0293797,8.133,6.718,1.415,71,38,train,train,train,train,test,val,train,train,train,train
1580,2016_Furukawa,CCCC[C@@H]1NC(=O)[C@H](CC(C)C)N(C)C(=O)CN(CC2CCCCC2)C(=O)[C@H](C)NC(=O)CN(Cc2ccc3c(c2)OCO3)C(=O)[C@H]2CCCN2C1=O,2.2-11Me,1417,-5.12,6,6,Circle,0.146934,0.0473406,-23.7063,8.848,7.555,1.293,0.162076,0.0318715,8.031,6.699,1.332,21,88,train,train,train,train,train,train,train,train,val,val
1579,2016_Furukawa,CCCCCN1CC(=O)N(C)[C@@H](CC(C)C)C(=O)N[C@@H](CCCC)C(=O)N2CCC[C@@H]2C(=O)N(Cc2ccc3c(c2)OCO3)CC(=O)N[C@@H](C)C1=O,2.2-10Me,1415,-4.91,6,6,Circle,0.168903,0.0582114,-23.7492,8.71,7.461,1.249,0.159134,0.0364686,8.175,6.805,1.37,5,72,train,train,train,train,train,train,train,train,train,train
1578,2016_Furukawa,CCCC[C@@H]1NC(=O)[C@H](CC(C)C)N(C)C(=O)CN(CC2CCOCC2)C(=O)[C@H](Cc2ccccc2)NC(=O)CN(CC)C(=O)[C@H]2CCCN2C1=O,2.2-09Me,1158,-5.18,6,6,Circle,0.152128,0.0507454,-22.1281,8.344,7.174,1.17,0.129573,0.0385032,8.359,7.2,1.159,56,45,train,train,train,train,train,train,train,train,train,train
1577,2016_Furukawa,CCCC[C@@H]1NC(=O)[C@H](CC(C)C)N(C)C(=O)CN(CC2CCCCC2)C(=O)[C@H](Cc2ccccc2)NC(=O)CN(CC)C(=O)[C@H]2CCCN2C1=O,2.2-08Me,1157,-5.37,6,6,Circle,0.146685,0.0449447,-15.5381,8.486,7.473,1.013,0.138659,0.0368972,8.416,7.412,1.004,83,62,train,train,train,train,train,train,train,train,val,train
1576,2016_Furukawa,CCCC[C@@H]1NC(=O)[C@H](CC(C)C)N(C)C(=O)CN(CC2CCOCC2)C(=O)[C@H](C)NC(=O)CN(CCCOC(C)C)C(=O)[C@H]2CCCN2C1=O,2.2-07Me,1258,-6.19,6,6,Circle,0.127102,0.0499653,-23.0841,8.251,7.031,1.22,0.130952,0.041744,8.243,7.056,1.187,95,87,test,train,train,train,test,train,train,train,train,train
1575,2016_Furukawa,CCCC[C@@H]1NC(=O)[C@H](CC(C)C)N(C)C(=O)CN(CC2CCCCC2)C(=O)[C@H](C)NC(=O)CN(CCCOC(C)C)C(=O)[C@H]2CCCN2C1=O,2.2-06Me,1257,-4.88,6,6,Circle,0.129189,0.0483147,-18.9315,8.284,7.162,1.122,0.137498,0.0492065,8.294,7.206,1.088,63,59,train,train,train,val,train,val,train,train,train,test
1574,2016_Furukawa,CCCCCN1CC(=O)N(C)[C@@H](CC(C)C)C(=O)N[C@@H](CCCC)C(=O)N2CCC[C@@H]2C(=O)N(CC)CC(=O)N[C@@H](Cc2ccccc2)C1=O,2.2-05Me,1150,-5.04,6,6,Circle,0.128351,0.0434234,-15.1699,8.421,7.483,0.938,0.144087,0.037596,8.394,7.46,0.934,100,77,train,train,train,train,train,train,train,train,train,train
1573,2016_Furukawa,CCCCCN1CC(=O)N(C)[C@@H](CC(C)C)C(=O)N[C@@H](CCCC)C(=O)N2CCC[C@@H]2C(=O)N(CCCOC(C)C)CC(=O)N[C@@H](C)C1=O,2.2-04Me,1255,-4.97,6,6,Circle,0.13371,0.0496182,-15.2325,8.255,7.198,1.057,0.127238,0.0396864,8.258,7.218,1.04,22,41,train,train,val,test,val,train,train,val,val,test
1572,2016_Furukawa,CCCC[C@@H]1NC(=O)[C@H](CC(C)C)N(C)C(=O)CN(CC2CCOCC2)C(=O)[C@H](C)NC(=O)CN(CC)C(=O)[C@H]2CCCN2C1=O,2.2-03Me,1138,-6.76,6,6,Circle,0.120609,0.0512214,-20.254,7.716,6.46,1.256,0.102976,0.0360758,7.668,6.445,1.223,89,18,train,train,train,train,train,test,train,train,train,train
1571,2016_Furukawa,CCCC[C@@H]1NC(=O)[C@H](CC(C)C)N(C)C(=O)CN(CC2CCCCC2)C(=O)[C@H](C)NC(=O)CN(CC)C(=O)[C@H]2CCCN2C1=O,2.2-02Me,1137,-5.05,6,6,Circle,0.123616,0.0485343,-16.1138,7.775,6.65,1.125,0.105148,0.0397336,7.69,6.586,1.104,16,48,test,train,train,train,train,train,train,train,train,train
1570,2016_Furukawa,CCCCCN1CC(=O)N(C)[C@@H](CC(C)C)C(=O)N[C@@H](CCCC)C(=O)N2CCC[C@@H]2C(=O)N(CC)CC(=O)N[C@@H](C)C1=O,2.2-01Me,1135,-5.4,6,6,Circle,0.135029,0.0534357,-16.3872,7.692,6.548,1.144,0.114078,0.0380935,7.634,6.522,1.112,46,28,test,test,val,train,test,train,train,train,test,train
1569,2016_Furukawa,CCCC[C@@H]1NC(=O)[C@H](CC(C)C)NC(=O)CN(CC2CCOCC2)C(=O)[C@H](Cc2ccccc2)NC(=O)CN(Cc2ccc3c(c2)OCO3)C(=O)[C@@H]2CCCN2C1=O,2.1-18H,1569,-5.34,6,6,Circle,0.161978,0.04335,-29.3462,8.93,7.614,1.316,0.161575,0.0322353,9.268,7.835,1.433,76,88,train,train,train,test,test,train,train,val,test,train
1568,2016_Furukawa,CCCC[C@@H]1NC(=O)[C@H](CC(C)C)NC(=O)CN(CC2CCCCC2)C(=O)[C@H](Cc2ccccc2)NC(=O)CN(Cc2ccc3c(c2)OCO3)C(=O)[C@@H]2CCCN2C1=O,2.1-17H,1568,-5.41,6,6,Circle,0.205915,0.0442226,-26.0496,9.11,7.893,1.217,0.211842,0.0453926,9.42,8.106,1.314,4,96,train,train,train,train,train,train,train,train,test,train
1567,2016_Furukawa,CCCCCN1CC(=O)N[C@@H](CC(C)C)C(=O)N[C@@H](CCCC)C(=O)N2CCC[C@H]2C(=O)N(Cc2ccc3c(c2)OCO3)CC(=O)N[C@@H](Cc2ccccc2)C1=O,2.1-16H,1567,-5.09,6,6,Circle,0.18391,0.0519066,-28.3332,9.054,7.8,1.254,0.210824,0.0458251,9.27,8.056,1.214,84,37,train,test,train,test,val,train,train,train,train,train
1566,2016_Furukawa,CCCC[C@@H]1NC(=O)[C@H](CC(C)C)NC(=O)CN(CC2CCOCC2)C(=O)[C@H](Cc2ccccc2)NC(=O)CN(CCCOC(C)C)C(=O)[C@@H]2CCCN2C1=O,2.1-15H,1566,-6.04,6,6,Circle,0.186943,0.0432746,-24.2771,9.253,8.032,1.221,0.159883,0.0438635,8.798,7.744,1.054,53,14,train,train,train,train,train,train,train,train,train,train
1565,2016_Furukawa,CCCC[C@@H]1NC(=O)[C@H](CC(C)C)NC(=O)CN(CC2CCCCC2)C(=O)[C@H](Cc2ccccc2)NC(=O)CN(CCCOC(C)C)C(=O)[C@@H]2CCCN2C1=O,2.1-14H,1565,-4.87,6,6,Circle,0.201729,0.0467905,-21.1601,9.518,8.352,1.166,0.193841,0.0453353,9.182,8.136,1.046,50,60,test,train,train,train,val,train,val,train,train,train
1564,2016_Furukawa,CCCCCN1CC(=O)N[C@@H](CC(C)C)C(=O)N[C@@H](CCCC)C(=O)N2CCC[C@H]2C(=O)N(CCCOC(C)C)CC(=O)N[C@@H](Cc2ccccc2)C1=O,2.1-13H,1564,-4.92,6,6,Circle,0.209013,0.0659978,-22.6842,9.326,8.212,1.114,0.172685,0.0438886,9.007,7.995,1.012,68,83,train,train,train,train,train,train,train,val,val,train
1563,2016_Furukawa,CCCC[C@@H]1NC(=O)[C@H](CC(C)C)NC(=O)CN(CC2CCOCC2)C(=O)[C@H](C)NC(=O)CN(Cc2ccc3c(c2)OCO3)C(=O)[C@@H]2CCCN2C1=O,2.1-12H,1563,-6.54,6,6,Circle,0.142693,0.0491116,-30.4592,8.301,6.863,1.438,0.15615,0.0407711,8.423,6.973,1.45,21,24,train,train,train,train,train,train,train,train,train,train
1562,2016_Furukawa,CCCC[C@@H]1NC(=O)[C@H](CC(C)C)NC(=O)CN(CC2CCCCC2)C(=O)[C@H](C)NC(=O)CN(Cc2ccc3c(c2)OCO3)C(=O)[C@@H]2CCCN2C1=O,2.1-11H,1562,-5.19,6,6,Circle,0.148533,0.0464781,-26.3063,8.389,7.06,1.329,0.149721,0.0457163,8.261,6.951,1.31,53,32,train,train,train,train,val,train,train,train,train,train
1561,2016_Furukawa,CCCCCN1CC(=O)N[C@@H](CC(C)C)C(=O)N[C@@H](CCCC)C(=O)N2CCC[C@H]2C(=O)N(Cc2ccc3c(c2)OCO3)CC(=O)N[C@@H](C)C1=O,2.1-10H,1561,-5.5,6,6,Circle,0.170056,0.0523905,-28.8429,8.34,7.023,1.317,0.166468,0.0486103,8.48,7.024,1.456,24,78,val,val,val,train,train,train,train,train,train,train
1560,2016_Furukawa,CCCC[C@@H]1NC(=O)[C@H](CC(C)C)NC(=O)CN(CC2CCOCC2)C(=O)[C@H](Cc2ccccc2)NC(=O)CN(CC)C(=O)[C@@H]2CCCN2C1=O,2.1-09H,1560,-6.37,6,6,Circle,0.1477,0.0485402,-37.3952,8.54,7.147,1.393,0.124211,0.041595,8.378,7.17,1.208,43,27,val,train,train,train,train,train,train,train,test,train
1559,2016_Furukawa,CCCC[C@@H]1NC(=O)[C@H](CC(C)C)NC(=O)CN(CC2CCCCC2)C(=O)[C@H](Cc2ccccc2)NC(=O)CN(CC)C(=O)[C@@H]2CCCN2C1=O,2.1-08H,1559,-5.0,6,6,Circle,0.154272,0.0461238,-20.5762,8.438,7.338,1.1,0.11158,0.0378932,8.213,7.195,1.018,66,97,val,train,train,train,train,test,train,train,train,train
1558,2016_Furukawa,CCCC[C@@H]1NC(=O)[C@H](CC(C)C)NC(=O)CN(CC2CCOCC2)C(=O)[C@H](C)NC(=O)CN(CCCOC(C)C)C(=O)[C@@H]2CCCN2C1=O,2.1-07H,1558,-7.57,6,6,Circle,0.172651,0.0487074,-25.8408,8.686,7.3,1.386,0.151597,0.0446434,8.242,7.028,1.214,8,41,train,train,train,train,train,train,train,train,train,train
1557,2016_Furukawa,CCCC[C@@H]1NC(=O)[C@H](CC(C)C)NC(=O)CN(CC2CCCCC2)C(=O)[C@H](C)NC(=O)CN(CCCOC(C)C)C(=O)[C@@H]2CCCN2C1=O,2.1-06H,1557,-5.7,6,6,Circle,0.162308,0.0479181,-20.9716,8.669,7.443,1.226,0.141815,0.0410004,8.387,7.194,1.193,6,70,train,val,val,test,train,train,train,train,train,val
1556,2016_Furukawa,CCCCCN1CC(=O)N[C@@H](CC(C)C)C(=O)N[C@@H](CCCC)C(=O)N2CCC[C@H]2C(=O)N(CC)CC(=O)N[C@@H](Cc2ccccc2)C1=O,2.1-05H,1556,-5.23,6,6,Circle,0.167355,0.0577352,-23.2975,8.421,7.295,1.126,0.196147,0.0875395,8.424,7.303,1.121,75,20,train,train,train,val,train,val,test,train,train,train
1555,2016_Furukawa,CCCCCN1CC(=O)N[C@@H](CC(C)C)C(=O)N[C@@H](CCCC)C(=O)N2CCC[C@H]2C(=O)N(CCCOC(C)C)CC(=O)N[C@@H](C)C1=O,2.1-04H,1555,-6.11,6,6,Circle,0.177621,0.0480526,-25.6556,8.738,7.388,1.35,0.152918,0.0431486,8.215,7.107,1.108,12,14,train,train,test,train,train,train,train,train,train,train
1554,2016_Furukawa,CCCC[C@@H]1NC(=O)[C@H](CC(C)C)NC(=O)CN(CC2CCOCC2)C(=O)[C@H](C)NC(=O)CN(CC)C(=O)[C@@H]2CCCN2C1=O,2.1-03H,1554,-8.0,6,6,Circle,0.124329,0.0437852,-25.6208,7.785,6.425,1.36,0.114937,0.0425398,7.644,6.308,1.336,6,53,train,train,train,train,train,test,train,train,val,train
1553,2016_Furukawa,CCCC[C@@H]1NC(=O)[C@H](CC(C)C)NC(=O)CN(CC2CCCCC2)C(=O)[C@H](C)NC(=O)CN(CC)C(=O)[C@@H]2CCCN2C1=O,2.1-02H,1553,-6.39,6,6,Circle,0.129171,0.0452394,-21.6193,7.839,6.586,1.253,0.135601,0.056666,7.681,6.53,1.151,49,30,train,train,train,val,train,train,train,train,train,train
1552,2016_Furukawa,CCCCCN1CC(=O)N[C@@H](CC(C)C)C(=O)N[C@@H](CCCC)C(=O)N2CCC[C@H]2C(=O)N(CC)CC(=O)N[C@@H](C)C1=O,2.1-01H,1552,-6.76,6,6,Circle,0.15126,0.0626254,-23.9995,7.708,6.46,1.248,0.107775,0.044119,7.457,6.288,1.169,3,7,train,train,test,train,train,train,train,train,train,train
1551,2016_Furukawa,CCCC[C@@H]1NC(=O)[C@H](CC(C)C)N(C)C(=O)CN(CC2CCOCC2)C(=O)[C@H](Cc2ccccc2)NC(=O)CN(Cc2ccc3c(c2)OCO3)C(=O)[C@@H]2CCCN2C1=O,2.1-18Me,1551,-5.03,6,6,Circle,0.170063,0.0484441,-27.3244,9.057,7.736,1.321,0.227516,0.0584913,9.071,7.801,1.27,33,20,train,train,test,train,train,train,train,test,train,test
1550,2016_Furukawa,CCCC[C@@H]1NC(=O)[C@H](CC(C)C)N(C)C(=O)CN(CC2CCCCC2)C(=O)[C@H](Cc2ccccc2)NC(=O)CN(Cc2ccc3c(c2)OCO3)C(=O)[C@@H]2CCCN2C1=O,2.1-17Me,1550,-6.65,6,6,Circle,0.147932,0.0503488,-23.8235,9.102,7.923,1.179,0.2011,0.0537146,9.411,8.248,1.163,100,19,train,train,val,train,train,test,val,train,train,train
1549,2016_Furukawa,CCCCCN1CC(=O)N(C)[C@@H](CC(C)C)C(=O)N[C@@H](CCCC)C(=O)N2CCC[C@H]2C(=O)N(Cc2ccc3c(c2)OCO3)CC(=O)N[C@@H](Cc2ccccc2)C1=O,2.1-16Me,1549,-6.06,6,6,Circle,0.204492,0.0539699,-24.1541,9.146,7.962,1.184,0.201547,0.041784,9.372,8.085,1.287,53,52,train,train,test,test,train,val,train,test,train,train
1548,2016_Furukawa,CCCC[C@@H]1NC(=O)[C@H](CC(C)C)N(C)C(=O)CN(CC2CCOCC2)C(=O)[C@H](Cc2ccccc2)NC(=O)CN(CCCOC(C)C)C(=O)[C@@H]2CCCN2C1=O,2.1-15Me,1548,-5.07,6,6,Circle,0.181907,0.0652709,-22.9386,9.697,8.503,1.194,0.173255,0.0539426,9.096,8.076,1.02,74,4,train,train,train,train,train,train,train,train,train,train
1547,2016_Furukawa,CCCC[C@@H]1NC(=O)[C@H](CC(C)C)N(C)C(=O)CN(CC2CCCCC2)C(=O)[C@H](Cc2ccccc2)NC(=O)CN(CCCOC(C)C)C(=O)[C@@H]2CCCN2C1=O,2.1-14Me,1547,-5.39,6,6,Circle,0.192343,0.0541495,-17.9232,9.539,8.555,0.984,0.16787,0.059323,9.228,8.314,0.914,82,84,train,train,train,train,train,train,train,train,train,train
1546,2016_Furukawa,CCCCCN1CC(=O)N(C)[C@@H](CC(C)C)C(=O)N[C@@H](CCCC)C(=O)N2CCC[C@H]2C(=O)N(CCCOC(C)C)CC(=O)N[C@@H](Cc2ccccc2)C1=O,2.1-13Me,1546,-5.08,6,6,Circle,0.154908,0.0518423,-17.634,9.513,8.499,1.014,0.169106,0.0416653,9.715,8.617,1.098,55,58,train,train,train,train,train,test,train,train,train,test
1545,2016_Furukawa,CCCC[C@@H]1NC(=O)[C@H](CC(C)C)N(C)C(=O)CN(CC2CCOCC2)C(=O)[C@H](C)NC(=O)CN(Cc2ccc3c(c2)OCO3)C(=O)[C@@H]2CCCN2C1=O,2.1-12Me,1545,-5.93,6,6,Circle,0.238863,0.0678347,-28.797,8.541,7.111,1.43,0.201104,0.0560624,8.782,7.321,1.461,60,22,train,train,val,train,test,test,train,train,train,train
1544,2016_Furukawa,CCCC[C@@H]1NC(=O)[C@H](CC(C)C)N(C)C(=O)CN(CC2CCCCC2)C(=O)[C@H](C)NC(=O)CN(Cc2ccc3c(c2)OCO3)C(=O)[C@@H]2CCCN2C1=O,2.1-11Me,1544,-4.93,6,6,Circle,0.171374,0.056901,-24.6823,8.55,7.301,1.249,0.163455,0.0419202,8.66,7.395,1.265,37,36,train,val,train,test,train,train,train,train,train,test
1543,2016_Furukawa,CCCCCN1CC(=O)N(C)[C@@H](CC(C)C)C(=O)N[C@@H](CCCC)C(=O)N2CCC[C@H]2C(=O)N(Cc2ccc3c(c2)OCO3)CC(=O)N[C@@H](C)C1=O,2.1-10Me,1543,-4.89,6,6,Circle,0.198893,0.0592813,-24.7275,8.618,7.336,1.282,0.20811,0.0451569,8.698,7.392,1.306,75,20,train,val,train,train,train,train,train,train,train,train
1542,2016_Furukawa,CCCC[C@@H]1NC(=O)[C@H](CC(C)C)N(C)C(=O)CN(CC2CCOCC2)C(=O)[C@H](Cc2ccccc2)NC(=O)CN(CC)C(=O)[C@@H]2CCCN2C1=O,2.1-09Me,1542,-5.47,6,6,Circle,0.174775,0.0604706,-22.6222,8.61,7.454,1.156,0.13794,0.0498865,8.379,7.188,1.191,3,64,train,train,train,val,test,test,test,train,train,train
1541,2016_Furukawa,CCCC[C@@H]1NC(=O)[C@H](CC(C)C)N(C)C(=O)CN(CC2CCCCC2)C(=O)[C@H](Cc2ccccc2)NC(=O)CN(CC)C(=O)[C@@H]2CCCN2C1=O,2.1-08Me,1541,-5.07,6,6,Circle,0.164932,0.0558806,-18.4779,8.742,7.715,1.027,0.140963,0.0523757,8.675,7.674,1.001,24,48,train,train,train,train,train,train,train,train,train,train
1540,2016_Furukawa,CCCC[C@@H]1NC(=O)[C@H](CC(C)C)N(C)C(=O)CN(CC2CCOCC2)C(=O)[C@H](C)NC(=O)CN(CCCOC(C)C)C(=O)[C@@H]2CCCN2C1=O,2.1-07Me,1540,-6.61,6,6,Circle,0.169823,0.0537426,-23.1693,8.774,7.546,1.228,0.161508,0.0533691,8.415,7.268,1.147,49,83,train,train,train,train,train,val,train,test,train,test
1539,2016_Furukawa,CCCC[C@@H]1NC(=O)[C@H](CC(C)C)N(C)C(=O)CN(CC2CCCCC2)C(=O)[C@H](C)NC(=O)CN(CCCOC(C)C)C(=O)[C@@H]2CCCN2C1=O,2.1-06Me,1539,-4.83,6,6,Circle,0.17322,0.0550418,-19.1825,8.834,7.714,1.12,0.157305,0.0560797,8.56,7.518,1.042,32,75,train,train,train,train,train,train,train,val,test,train
1538,2016_Furukawa,CCCCCN1CC(=O)N(C)[C@@H](CC(C)C)C(=O)N[C@@H](CCCC)C(=O)N2CCC[C@H]2C(=O)N(CC)CC(=O)N[C@@H](Cc2ccccc2)C1=O,2.1-05Me,1538,-4.89,6,6,Circle,0.148586,0.0534493,-17.131,8.51,7.37,1.14,0.14687,0.0452027,8.45,7.344,1.106,85,16,train,train,train,train,train,train,train,val,train,train
1537,2016_Furukawa,CCCCCN1CC(=O)N(C)[C@@H](CC(C)C)C(=O)N[C@@H](CCCC)C(=O)N2CCC[C@H]2C(=O)N(CCCOC(C)C)CC(=O)N[C@@H](C)C1=O,2.1-04Me,1537,-4.99,6,6,Circle,0.175132,0.0549013,-19.0792,8.847,7.687,1.16,0.137685,0.0397872,8.978,7.751,1.227,4,78,train,train,train,train,train,train,train,train,val,train
1536,2016_Furukawa,CCCC[C@@H]1NC(=O)[C@H](CC(C)C)N(C)C(=O)CN(CC2CCOCC2)C(=O)[C@H](C)NC(=O)CN(CC)C(=O)[C@@H]2CCCN2C1=O,2.1-03Me,1536,-7.17,6,6,Circle,0.126153,0.0521982,-23.554,8.011,6.753,1.258,0.139335,0.0411882,7.714,6.473,1.241,21,77,train,train,train,train,train,val,train,train,train,train
1535,2016_Furukawa,CCCC[C@@H]1NC(=O)[C@H](CC(C)C)N(C)C(=O)CN(CC2CCCCC2)C(=O)[C@H](C)NC(=O)CN(CC)C(=O)[C@@H]2CCCN2C1=O,2.1-02Me,1535,-5.15,6,6,Circle,0.178444,0.0778397,-19.4499,7.99,6.84,1.15,0.103375,0.0495477,7.931,6.789,1.142,29,62,train,train,train,train,train,train,train,train,train,test
1534,2016_Furukawa,CCCCCN1CC(=O)N(C)[C@@H](CC(C)C)C(=O)N[C@@H](CCCC)C(=O)N2CCC[C@H]2C(=O)N(CC)CC(=O)N[C@@H](C)C1=O,2.1-01Me,1534,-5.54,6,6,Circle,0.123546,0.0607286,-18.9114,7.906,6.715,1.191,0.112934,0.0469534,7.633,6.438,1.195,56,71,train,train,train,train,train,val,train,train,train,train
1533,2016_Furukawa,CCCC[C@@H]1NC(=O)[C@H](CC(C)C)N(C)C(=O)CN(CCCN2CCCC2=O)C(=O)[C@H](Cc2ccc3ccccc3c2)NC(=O)CN(Cc2ccccc2Cn2cccn2)C(=O)[C@H]2CCCN2C1=O,1.10-40,1533,-6.06,6,6,Circle,0.197624,0.0480324,-29.2381,10.127,8.846,1.281,0.176636,0.0512132,10.391,9.115,1.276,73,42,val,train,train,val,val,train,train,train,test,train
1532,2016_Furukawa,CCCC[C@@H]1NC(=O)[C@H](CC(C)C)N(C)C(=O)CN(CCCc2cnn(C)c2)C(=O)[C@H](Cc2ccc3ccccc3c2)NC(=O)CN(Cc2ccccc2Cn2cccn2)C(=O)[C@H]2CCCN2C1=O,1.10-39,1532,-6.58,6,6,Circle,0.22807,0.0491569,-29.4836,10.499,9.31,1.189,0.173862,0.0384193,10.335,9.146,1.189,97,27,train,val,test,train,train,val,train,train,train,train
1531,2016_Furukawa,CCCC[C@@H]1NC(=O)[C@H](CC(C)C)N(C)C(=O)CN(CCOc2ccccc2)C(=O)[C@H](Cc2ccc3ccccc3c2)NC(=O)CN(Cc2ccccc2Cn2cccn2)C(=O)[C@H]2CCCN2C1=O,1.10-38,1531,-7.68,6,6,Circle,0.230351,0.0509978,-29.5349,10.187,9.103,1.084,0.177272,0.0402971,10.593,9.475,1.118,49,7,test,train,train,train,train,val,train,train,val,train
1530,2016_Furukawa,CCCC[C@@H]1NC(=O)[C@H](CC(C)C)N(C)C(=O)CN(CCCc2ccccc2)C(=O)[C@H](Cc2ccc3ccccc3c2)NC(=O)CN(Cc2ccccc2Cn2cccn2)C(=O)[C@H]2CCCN2C1=O,1.10-37,1530,-7.8,6,6,Circle,0.201923,0.0452245,-26.5659,10.648,9.533,1.115,0.150924,0.0397145,10.689,9.618,1.071,51,69,train,train,train,train,train,train,train,train,train,train
1529,2016_Furukawa,CCCC[C@@H]1NC(=O)[C@H](CC(C)C)N(C)C(=O)CN(CCc2cccnc2)C(=O)[C@H](Cc2ccc3ccccc3c2)NC(=O)CN(Cc2ccccc2Cn2cccn2)C(=O)[C@H]2CCCN2C1=O,1.10-36,1529,-6.41,6,6,Circle,0.212207,0.0440937,-28.6317,10.226,9.061,1.165,0.133849,0.0406483,10.421,9.323,1.098,96,56,train,train,train,train,train,test,train,train,val,train
1528,2016_Furukawa,CCCC[C@@H]1NC(=O)[C@H](CC(C)C)N(C)C(=O)CN(CC2CCOCC2)C(=O)[C@H](Cc2ccc3ccccc3c2)NC(=O)CN(Cc2ccccc2Cn2cccn2)C(=O)[C@H]2CCCN2C1=O,1.10-35,1528,-6.29,6,6,Circle,0.200827,0.0792364,-26.3971,9.926,8.763,1.163,0.120315,0.0409994,10.051,8.905,1.146,48,69,train,test,train,test,train,train,train,train,test,train
1527,2016_Furukawa,CCCC[C@@H]1NC(=O)[C@H](CC(C)C)N(C)C(=O)CN(CC2CCCCC2)C(=O)[C@H](Cc2ccc3ccccc3c2)NC(=O)CN(Cc2ccccc2Cn2cccn2)C(=O)[C@H]2CCCN2C1=O,1.10-34,1527,-7.83,6,6,Circle,0.196935,0.0442911,-23.9575,10.36,9.269,1.091,0.134333,0.0396647,10.308,9.271,1.037,59,35,train,train,train,train,val,train,train,train,train,train
1526,2016_Furukawa,CCCC[C@@H]1NC(=O)[C@H](CC(C)C)N(C)C(=O)CN(Cc2ccccc2)C(=O)[C@H](Cc2ccc3ccccc3c2)NC(=O)CN(Cc2ccccc2Cn2cccn2)C(=O)[C@H]2CCCN2C1=O,1.10-33,1526,-7.34,6,6,Circle,0.194125,0.0464026,-25.7517,9.991,9.009,0.982,0.150281,0.0400829,10.336,9.266,1.07,71,32,train,train,train,train,train,train,val,train,train,train
1525,2016_Furukawa,CCCC[C@@H]1NC(=O)[C@H](CC(C)C)N(C)C(=O)CN(CCCN2CCCC2=O)C(=O)[C@H](Cc2ccccc2)NC(=O)CN(Cc2ccccc2Cn2cccn2)C(=O)[C@H]2CCCN2C1=O,1.10-32,1525,-6.01,6,6,Circle,0.223016,0.0476136,-31.969,10.069,8.679,1.39,0.208162,0.0485631,9.472,8.369,1.103,59,48,train,train,train,train,test,train,train,train,train,train
1524,2016_Furukawa,CCCC[C@@H]1NC(=O)[C@H](CC(C)C)N(C)C(=O)CN(CCCc2cnn(C)c2)C(=O)[C@H](Cc2ccccc2)NC(=O)CN(Cc2ccccc2Cn2cccn2)C(=O)[C@H]2CCCN2C1=O,1.10-31,1524,-5.68,6,6,Circle,0.217027,0.0603761,-31.1077,10.077,8.876,1.201,0.177687,0.051611,9.43,8.466,0.964,92,3,train,train,train,val,train,train,train,train,test,train
1523,2016_Furukawa,CCCCCN1CC(=O)N(C)[C@@H](CC(C)C)C(=O)N[C@@H](CCCC)C(=O)N2CCC[C@@H]2C(=O)N(Cc2ccccc2Cn2cccn2)CC(=O)N[C@@H](Cc2ccc3ccccc3c2)C1=O,1.10-30,1523,-7.8,6,6,Circle,0.205076,0.047594,-24.6104,10.333,9.218,1.115,0.184247,0.0435556,10.273,9.193,1.08,84,48,train,test,train,train,train,train,train,train,train,train
1522,2016_Furukawa,CCCC[C@@H]1NC(=O)[C@H](CC(C)C)N(C)C(=O)CN(CCOc2ccccc2)C(=O)[C@H](Cc2ccccc2)NC(=O)CN(Cc2ccccc2Cn2cccn2)C(=O)[C@H]2CCCN2C1=O,1.10-29,1522,-6.79,6,6,Circle,0.232243,0.0599248,-29.107,10.091,8.97,1.121,0.22136,0.0500734,10.248,9.045,1.203,57,18,train,train,train,test,train,train,train,train,train,test
1521,2016_Furukawa,CCCC[C@@H]1NC(=O)[C@H](CC(C)C)N(C)C(=O)CN(CCCc2ccccc2)C(=O)[C@H](Cc2ccccc2)NC(=O)CN(Cc2ccccc2Cn2cccn2)C(=O)[C@H]2CCCN2C1=O,1.10-28,1521,-10.0,6,6,Circle,0.219046,0.057501,-26.8712,9.913,8.853,1.06,0.209376,0.0442135,10.368,9.23,1.138,3,87,train,train,val,train,test,train,train,test,train,train
1520,2016_Furukawa,CCCC[C@@H]1NC(=O)[C@H](CC(C)C)N(C)C(=O)CN(CCOC)C(=O)[C@H](Cc2ccc3ccccc3c2)NC(=O)CN(Cc2ccccc2Cn2cccn2)C(=O)[C@H]2CCCN2C1=O,1.10-27,1520,-6.17,6,6,Circle,0.198359,0.0524132,-29.586,10.167,8.994,1.173,0.189903,0.0450349,9.626,8.546,1.08,100,90,train,val,train,train,train,train,train,train,train,train
1519,2016_Furukawa,CCCC[C@@H]1NC(=O)[C@H](CC(C)C)N(C)C(=O)CN(CCc2cccnc2)C(=O)[C@H](Cc2ccccc2)NC(=O)CN(Cc2ccccc2Cn2cccn2)C(=O)[C@H]2CCCN2C1=O,1.10-26,1519,-5.69,6,6,Circle,0.178322,0.0534534,-29.7638,9.704,8.577,1.127,0.169056,0.0400799,9.209,8.303,0.906,51,89,test,test,train,train,train,train,train,train,train,train
1518,2016_Furukawa,CCCC[C@@H]1NC(=O)[C@H](CC(C)C)N(C)C(=O)CN(CC2CCOCC2)C(=O)[C@H](Cc2ccccc2)NC(=O)CN(Cc2ccccc2Cn2cccn2)C(=O)[C@H]2CCCN2C1=O,1.10-25,1518,-5.4,6,6,Circle,0.186802,0.0439275,-27.0799,10.04,8.81,1.23,0.201359,0.0430898,9.676,8.534,1.142,94,59,train,train,train,train,val,train,train,val,train,train
1517,2016_Furukawa,CCCC[C@@H]1NC(=O)[C@H](CC(C)C)N(C)C(=O)CN(CC2CCCCC2)C(=O)[C@H](Cc2ccccc2)NC(=O)CN(Cc2ccccc2Cn2cccn2)C(=O)[C@H]2CCCN2C1=O,1.10-24,1517,-6.95,6,6,Circle,0.221451,0.0474608,-23.1551,9.973,8.899,1.074,0.203498,0.0448964,9.972,8.851,1.121,23,60,train,train,train,train,train,train,val,train,val,train
1516,2016_Furukawa,CCCC[C@@H]1NC(=O)[C@H](CC(C)C)N(C)C(=O)CN(CCCN2CCCC2=O)C(=O)[C@H](CC(C)C)NC(=O)CN(Cc2ccccc2Cn2cccn2)C(=O)[C@H]2CCCN2C1=O,1.10-23,1516,-6.3,6,6,Circle,0.211677,0.0491749,-33.9323,10.217,8.726,1.491,0.178187,0.0429449,9.462,8.142,1.32,48,78,train,train,train,train,train,val,train,test,train,test
1515,2016_Furukawa,CCCC[C@@H]1NC(=O)[C@H](CC(C)C)N(C)C(=O)CN(Cc2ccccc2)C(=O)[C@H](Cc2ccccc2)NC(=O)CN(Cc2ccccc2Cn2cccn2)C(=O)[C@H]2CCCN2C1=O,1.10-22,1515,-6.46,6,6,Circle,0.24922,0.0634134,-28.3418,9.893,8.776,1.117,0.215758,0.0499562,9.797,8.719,1.078,26,20,train,test,train,train,test,train,val,train,train,train
1514,2016_Furukawa,CCCC[C@@H]1NC(=O)[C@H](CC(C)C)N(C)C(=O)CN(CCCc2cnn(C)c2)C(=O)[C@H](CC(C)C)NC(=O)CN(Cc2ccccc2Cn2cccn2)C(=O)[C@H]2CCCN2C1=O,1.10-21,1514,-5.74,6,6,Circle,0.21971,0.0509696,-31.438,9.819,8.544,1.275,0.210121,0.0440256,9.777,8.584,1.193,74,98,train,train,test,val,val,test,train,train,train,train
1513,2016_Furukawa,CCCC[C@@H]1NC(=O)[C@H](CC(C)C)N(C)C(=O)CN(CCOc2ccccc2)C(=O)[C@H](CC(C)C)NC(=O)CN(Cc2ccccc2Cn2cccn2)C(=O)[C@H]2CCCN2C1=O,1.10-20,1513,-6.23,6,6,Circle,0.230509,0.0657417,-26.583,9.913,8.75,1.163,0.195981,0.0466576,9.873,8.739,1.134,62,32,train,test,test,train,train,train,val,train,train,train
1512,2016_Furukawa,CCCC[C@@H]1NC(=O)[C@H](CC(C)C)N(C)C(=O)CN(CCCc2ccccc2)C(=O)[C@H](CC(C)C)NC(=O)CN(Cc2ccccc2Cn2cccn2)C(=O)[C@H]2CCCN2C1=O,1.10-19,1512,-6.24,6,6,Circle,0.218647,0.0581706,-26.8052,10.04,8.893,1.147,0.252447,0.0498563,9.688,8.642,1.046,86,87,train,train,train,train,val,train,train,train,train,train
1511,2016_Furukawa,CCCC[C@@H]1NC(=O)[C@H](CC(C)C)N(C)C(=O)CN(CCc2cccnc2)C(=O)[C@H](CC(C)C)NC(=O)CN(Cc2ccccc2Cn2cccn2)C(=O)[C@H]2CCCN2C1=O,1.10-18,1511,-5.59,6,6,Circle,0.183257,0.0469187,-28.8204,9.702,8.463,1.239,0.190826,0.0484585,9.309,8.235,1.074,81,65,train,test,train,test,train,test,test,train,train,train
1510,2016_Furukawa,CCCCCN1CC(=O)N(C)[C@@H](CC(C)C)C(=O)N[C@@H](CCCC)C(=O)N2CCC[C@@H]2C(=O)N(Cc2ccccc2Cn2cccn2)CC(=O)N[C@@H](Cc2ccccc2)C1=O,1.10-17,1510,-6.9,6,6,Circle,0.18131,0.0535226,-22.1592,9.636,8.576,1.06,0.190349,0.0476378,9.518,8.604,0.914,84,37,train,train,train,train,train,train,train,train,test,train
1509,2016_Furukawa,CCCC[C@@H]1NC(=O)[C@H](CC(C)C)N(C)C(=O)CN(CC2CCOCC2)C(=O)[C@H](CC(C)C)NC(=O)CN(Cc2ccccc2Cn2cccn2)C(=O)[C@H]2CCCN2C1=O,1.10-16,1509,-5.38,6,6,Circle,0.17352,0.0422392,-26.4505,9.952,8.681,1.271,0.144565,0.0412252,9.56,8.427,1.133,81,99,train,test,train,train,train,train,train,train,train,test
1508,2016_Furukawa,CCCC[C@@H]1NC(=O)[C@H](CC(C)C)N(C)C(=O)CN(CC2CCCCC2)C(=O)[C@H](CC(C)C)NC(=O)CN(Cc2ccccc2Cn2cccn2)C(=O)[C@H]2CCCN2C1=O,1.10-15,1508,-6.31,6,6,Circle,0.130449,0.0432216,-22.5784,9.723,8.59,1.133,0.202121,0.0444757,10.044,8.809,1.235,82,8,train,train,train,train,train,train,test,train,train,train
1507,2016_Furukawa,CCCC[C@@H]1NC(=O)[C@H](CC(C)C)N(C)C(=O)CN(CCOC)C(=O)[C@H](Cc2ccccc2)NC(=O)CN(Cc2ccccc2Cn2cccn2)C(=O)[C@H]2CCCN2C1=O,1.10-14,1507,-5.26,6,6,Circle,0.185364,0.0529122,-29.2334,9.392,8.242,1.15,0.202361,0.0472611,9.632,8.433,1.199,78,16,train,train,train,train,val,train,test,train,train,train
1506,2016_Furukawa,CCCC[C@@H]1NC(=O)[C@H](CC(C)C)N(C)C(=O)CN(Cc2ccccc2)C(=O)[C@H](CC(C)C)NC(=O)CN(Cc2ccccc2Cn2cccn2)C(=O)[C@H]2CCCN2C1=O,1.10-13,1506,-5.66,6,6,Circle,0.204873,0.06364,-28.2389,9.775,8.586,1.189,0.180219,0.0445302,9.793,8.662,1.131,68,88,train,test,train,train,val,train,train,train,train,train
1505,2016_Furukawa,CCCC[C@@H]1NC(=O)[C@H](CC(C)C)N(C)C(=O)CN(CCCN2CCCC2=O)C(=O)[C@H](C)NC(=O)CN(Cc2ccccc2Cn2cccn2)C(=O)[C@H]2CCCN2C1=O,1.10-12,1505,-7.45,6,6,Circle,0.230899,0.0614457,-33.8091,9.551,8.002,1.549,0.210095,0.0449887,9.348,7.915,1.433,24,75,train,train,train,train,train,train,train,train,val,train
1504,2016_Furukawa,CCCC[C@@H]1NC(=O)[C@H](CC(C)C)N(C)C(=O)CN(CCCc2cnn(C)c2)C(=O)[C@H](C)NC(=O)CN(Cc2ccccc2Cn2cccn2)C(=O)[C@H]2CCCN2C1=O,1.10-11,1504,-6.66,6,6,Circle,0.236308,0.0444247,-29.9724,9.425,8.127,1.298,0.119884,0.0380654,9.007,7.952,1.055,74,10,val,train,train,train,train,train,test,train,train,test
1503,2016_Furukawa,CCCC[C@@H]1NC(=O)[C@H](CC(C)C)N(C)C(=O)CN(CCOc2ccccc2)C(=O)[C@H](C)NC(=O)CN(Cc2ccccc2Cn2cccn2)C(=O)[C@H]2CCCN2C1=O,1.10-10,1503,-5.38,6,6,Circle,0.225355,0.0640578,-29.6141,9.504,8.278,1.226,0.181897,0.0423073,9.749,8.505,1.244,73,24,train,train,train,train,train,train,train,train,train,test
1502,2016_Furukawa,CCCC[C@@H]1NC(=O)[C@H](CC(C)C)N(C)C(=O)CN(CCCc2ccccc2)C(=O)[C@H](C)NC(=O)CN(Cc2ccccc2Cn2cccn2)C(=O)[C@H]2CCCN2C1=O,1.10-09,1502,-5.08,6,6,Circle,0.219136,0.0492411,-27.7161,9.605,8.405,1.2,0.213374,0.0417618,9.668,8.469,1.199,80,100,test,train,train,train,val,val,train,train,val,train
1501,2016_Furukawa,CCCCCN1CC(=O)N(C)[C@@H](CC(C)C)C(=O)N[C@@H](CCCC)C(=O)N2CCC[C@@H]2C(=O)N(Cc2ccccc2Cn2cccn2)CC(=O)N[C@@H](CC(C)C)C1=O,1.10-08,1501,-5.59,6,6,Circle,0.187594,0.0565062,-23.0283,9.439,8.306,1.133,0.119973,0.0357061,9.119,8.211,0.908,36,13,train,val,train,train,train,train,train,train,train,train
1500,2016_Furukawa,CCCC[C@@H]1NC(=O)[C@H](CC(C)C)N(C)C(=O)CN(CCc2cccnc2)C(=O)[C@H](C)NC(=O)CN(Cc2ccccc2Cn2cccn2)C(=O)[C@H]2CCCN2C1=O,1.10-07,1500,-6.77,6,6,Circle,0.185305,0.0577286,-29.6681,8.998,7.776,1.222,0.191275,0.0477587,9.258,7.971,1.287,41,55,train,train,train,train,train,train,val,train,train,train
1499,2016_Furukawa,CCCC[C@@H]1NC(=O)[C@H](CC(C)C)N(C)C(=O)CN(CCOC)C(=O)[C@H](CC(C)C)NC(=O)CN(Cc2ccccc2Cn2cccn2)C(=O)[C@H]2CCCN2C1=O,1.10-06,1499,-5.23,6,6,Circle,0.182087,0.059425,-28.2484,9.447,8.175,1.272,0.156925,0.050612,9.494,8.291,1.203,74,17,train,train,test,train,train,train,train,train,train,train
1498,2016_Furukawa,CCCC[C@@H]1NC(=O)[C@H](CC(C)C)N(C)C(=O)CN(CC2CCOCC2)C(=O)[C@H](C)NC(=O)CN(Cc2ccccc2Cn2cccn2)C(=O)[C@H]2CCCN2C1=O,1.10-05,1498,-6.67,6,6,Circle,0.170812,0.0430018,-28.3695,9.352,8.033,1.319,0.158185,0.0420465,9.435,8.081,1.354,11,8,val,val,train,train,train,train,test,train,train,train
1497,2016_Furukawa,CCCC[C@@H]1NC(=O)[C@H](CC(C)C)N(C)C(=O)CN(CC2CCCCC2)C(=O)[C@H](C)NC(=O)CN(Cc2ccccc2Cn2cccn2)C(=O)[C@H]2CCCN2C1=O,1.10-04,1497,-4.98,6,6,Circle,0.183147,0.0422137,-23.7955,9.444,8.228,1.216,0.135257,0.0445079,9.312,8.183,1.129,39,44,train,train,train,train,train,test,train,train,train,train
1496,2016_Furukawa,CCCC[C@@H]1NC(=O)[C@H](CC(C)C)N(C)C(=O)CN(Cc2ccccc2)C(=O)[C@H](C)NC(=O)CN(Cc2ccccc2Cn2cccn2)C(=O)[C@H]2CCCN2C1=O,1.10-03,1496,-5.26,6,6,Circle,0.19397,0.0614662,-28.653,9.076,7.889,1.187,0.169062,0.045009,9.323,8.121,1.202,19,26,train,train,train,val,train,train,train,val,train,val
1495,2016_Furukawa,CCCCCN1CC(=O)N(C)[C@@H](CC(C)C)C(=O)N[C@@H](CCCC)C(=O)N2CCC[C@@H]2C(=O)N(Cc2ccccc2Cn2cccn2)CC(=O)N[C@@H](C)C1=O,1.10-02,1495,-5.08,6,6,Circle,0.194517,0.0612558,-22.921,9.046,7.878,1.168,0.176653,0.0537328,8.882,7.83,1.052,97,72,train,train,train,train,val,train,train,val,train,test
1494,2016_Furukawa,CCCC[C@@H]1NC(=O)[C@H](CC(C)C)N(C)C(=O)CN(CCOC)C(=O)[C@H](C)NC(=O)CN(Cc2ccccc2Cn2cccn2)C(=O)[C@H]2CCCN2C1=O,1.10-01,1494,-6.51,6,6,Circle,0.180828,0.0465352,-29.1268,9.1,7.776,1.324,0.138496,0.0402483,9.076,7.789,1.287,55,86,test,train,test,train,val,train,val,val,train,val
1493,2016_Furukawa,CCCC[C@@H]1NC(=O)[C@H](CC(C)C)N(C)C(=O)CN(CCCN2CCCC2=O)C(=O)[C@H](Cc2ccc3ccccc3c2)NC(=O)CN(Cc2cc(CC(C)C)on2)C(=O)[C@H]2CCCN2C1=O,1.9-40,1493,-6.36,6,6,Circle,0.240311,0.049272,-28.7281,10.289,8.652,1.637,0.123792,0.037227,9.468,8.209,1.259,89,3,train,train,test,train,train,train,train,train,train,train
1492,2016_Furukawa,CCCC[C@@H]1NC(=O)[C@H](CC(C)C)N(C)C(=O)CN(CCCc2cnn(C)c2)C(=O)[C@H](Cc2ccc3ccccc3c2)NC(=O)CN(Cc2cc(CC(C)C)on2)C(=O)[C@H]2CCCN2C1=O,1.9-39,1492,-6.85,6,6,Circle,0.249247,0.0461005,-27.1732,10.261,8.818,1.443,0.177295,0.0394446,9.599,8.373,1.226,57,74,train,train,train,train,train,train,train,test,train,train
1491,2016_Furukawa,CCCC[C@@H]1NC(=O)[C@H](CC(C)C)N(C)C(=O)CN(CCOc2ccccc2)C(=O)[C@H](Cc2ccc3ccccc3c2)NC(=O)CN(Cc2cc(CC(C)C)on2)C(=O)[C@H]2CCCN2C1=O,1.9-38,1491,-8.27,6,6,Circle,0.235536,0.0436535,-22.7207,10.148,8.825,1.323,0.152822,0.0371527,9.591,8.4,1.191,35,85,train,train,test,test,train,train,train,test,train,train
1490,2016_Furukawa,CCCC[C@@H]1NC(=O)[C@H](CC(C)C)N(C)C(=O)CN(CCCc2ccccc2)C(=O)[C@H](Cc2ccc3ccccc3c2)NC(=O)CN(Cc2cc(CC(C)C)on2)C(=O)[C@H]2CCCN2C1=O,1.9-37,1490,-10.0,6,6,Circle,0.256783,0.0456356,-19.7781,10.132,8.893,1.239,0.211522,0.0409387,9.849,8.693,1.156,56,37,train,train,train,test,train,train,train,test,train,train
1489,2016_Furukawa,CCCC[C@@H]1NC(=O)[C@H](CC(C)C)N(C)C(=O)CN(CCc2cccnc2)C(=O)[C@H](Cc2ccc3ccccc3c2)NC(=O)CN(Cc2cc(CC(C)C)on2)C(=O)[C@H]2CCCN2C1=O,1.9-36,1489,-6.93,6,6,Circle,0.215348,0.0494934,-22.888,9.867,8.513,1.354,0.215784,0.0447131,9.946,8.596,1.35,98,24,train,train,test,train,train,train,train,train,train,val
1488,2016_Furukawa,CCCC[C@@H]1NC(=O)[C@H](CC(C)C)N(C)C(=O)CN(CC2CCOCC2)C(=O)[C@H](Cc2ccc3ccccc3c2)NC(=O)CN(Cc2cc(CC(C)C)on2)C(=O)[C@H]2CCCN2C1=O,1.9-35,1488,-6.64,6,6,Circle,0.221359,0.0446997,-22.434,9.934,8.526,1.408,0.155005,0.0375799,9.472,8.178,1.294,89,75,train,train,train,val,val,train,train,train,train,train
1487,2016_Furukawa,CCCC[C@@H]1NC(=O)[C@H](CC(C)C)N(C)C(=O)CN(CC2CCCCC2)C(=O)[C@H](Cc2ccc3ccccc3c2)NC(=O)CN(Cc2cc(CC(C)C)on2)C(=O)[C@H]2CCCN2C1=O,1.9-34,1487,-10.0,6,6,Circle,0.240988,0.0448326,-19.6662,10.065,8.784,1.281,0.126296,0.0403794,9.572,8.393,1.179,27,19,train,train,val,train,test,val,train,train,train,train
1486,2016_Furukawa,CCCC[C@@H]1NC(=O)[C@H](CC(C)C)N(C)C(=O)CN(Cc2ccccc2)C(=O)[C@H](Cc2ccc3ccccc3c2)NC(=O)CN(Cc2cc(CC(C)C)on2)C(=O)[C@H]2CCCN2C1=O,1.9-33,1486,-7.88,6,6,Circle,0.207821,0.0459668,-21.557,9.875,8.588,1.287,0.172383,0.0389724,9.568,8.326,1.242,82,27,train,train,train,train,train,train,train,train,train,train
1485,2016_Furukawa,CCCC[C@@H]1NC(=O)[C@H](CC(C)C)N(C)C(=O)CN(CCCN2CCCC2=O)C(=O)[C@H](Cc2ccccc2)NC(=O)CN(Cc2cc(CC(C)C)on2)C(=O)[C@H]2CCCN2C1=O,1.9-32,1485,-5.71,6,6,Circle,0.236361,0.0563723,-28.2114,9.793,8.194,1.599,0.148832,0.038516,9.161,7.935,1.226,79,63,train,train,train,train,train,train,train,train,train,train
1484,2016_Furukawa,CCCC[C@@H]1NC(=O)[C@H](CC(C)C)N(C)C(=O)CN(CCCc2cnn(C)c2)C(=O)[C@H](Cc2ccccc2)NC(=O)CN(Cc2cc(CC(C)C)on2)C(=O)[C@H]2CCCN2C1=O,1.9-31,1484,-5.64,6,6,Circle,0.25477,0.0564147,-26.6879,9.881,8.478,1.403,0.209847,0.0606848,9.635,8.256,1.379,98,66,train,train,train,train,train,train,train,train,train,train
1483,2016_Furukawa,CCCCCN1CC(=O)N(C)[C@@H](CC(C)C)C(=O)N[C@@H](CCCC)C(=O)N2CCC[C@@H]2C(=O)N(Cc2cc(CC(C)C)on2)CC(=O)N[C@@H](Cc2ccc3ccccc3c2)C1=O,1.9-30,1483,-7.96,6,6,Circle,0.223886,0.0470654,-17.9609,9.847,8.51,1.337,0.120793,0.0372655,9.483,8.314,1.169,80,51,train,train,test,train,train,test,train,train,train,train
1482,2016_Furukawa,CCCC[C@@H]1NC(=O)[C@H](CC(C)C)N(C)C(=O)CN(CCOc2ccccc2)C(=O)[C@H](Cc2ccccc2)NC(=O)CN(Cc2cc(CC(C)C)on2)C(=O)[C@H]2CCCN2C1=O,1.9-29,1482,-7.14,6,6,Circle,0.250918,0.0556615,-22.9501,9.722,8.438,1.284,0.254509,0.0499388,9.683,8.388,1.295,5,38,train,val,train,val,train,train,train,train,test,train
1481,2016_Furukawa,CCCC[C@@H]1NC(=O)[C@H](CC(C)C)N(C)C(=O)CN(CCCc2ccccc2)C(=O)[C@H](Cc2ccccc2)NC(=O)CN(Cc2cc(CC(C)C)on2)C(=O)[C@H]2CCCN2C1=O,1.9-28,1481,-7.34,6,6,Circle,0.245745,0.0505512,-21.6932,9.831,8.551,1.28,0.172302,0.0422817,9.291,8.188,1.103,2,45,train,train,train,train,train,val,test,train,test,val
1480,2016_Furukawa,CCCC[C@@H]1NC(=O)[C@H](CC(C)C)N(C)C(=O)CN(CCOC)C(=O)[C@H](Cc2ccc3ccccc3c2)NC(=O)CN(Cc2cc(CC(C)C)on2)C(=O)[C@H]2CCCN2C1=O,1.9-27,1480,-6.9,6,6,Circle,0.241357,0.0542578,-25.9161,9.852,8.429,1.423,0.2439,0.0468861,9.54,8.249,1.291,2,25,train,train,train,val,train,train,train,train,train,train
1479,2016_Furukawa,CCCC[C@@H]1NC(=O)[C@H](CC(C)C)N(C)C(=O)CN(CCc2cccnc2)C(=O)[C@H](Cc2ccccc2)NC(=O)CN(Cc2cc(CC(C)C)on2)C(=O)[C@H]2CCCN2C1=O,1.9-26,1479,-5.57,6,6,Circle,0.217849,0.0540782,-25.4447,9.663,8.329,1.334,0.168271,0.0412634,9.426,8.157,1.269,66,7,train,train,val,val,test,val,train,train,train,train
1478,2016_Furukawa,CCCC[C@@H]1NC(=O)[C@H](CC(C)C)N(C)C(=O)CN(CC2CCOCC2)C(=O)[C@H](Cc2ccccc2)NC(=O)CN(Cc2cc(CC(C)C)on2)C(=O)[C@H]2CCCN2C1=O,1.9-25,1478,-5.45,6,6,Circle,0.250235,0.0754259,-25.6956,9.73,8.275,1.455,0.15033,0.039677,9.978,8.401,1.577,58,77,train,val,train,train,train,train,train,train,train,train
1477,2016_Furukawa,CCCC[C@@H]1NC(=O)[C@H](CC(C)C)N(C)C(=O)CN(CC2CCCCC2)C(=O)[C@H](Cc2ccccc2)NC(=O)CN(Cc2cc(CC(C)C)on2)C(=O)[C@H]2CCCN2C1=O,1.9-24,1477,-7.35,6,6,Circle,0.203315,0.0466326,-19.4687,9.845,8.54,1.305,0.171819,0.0417781,9.359,8.152,1.207,38,23,test,train,train,train,test,train,train,train,train,train
1476,2016_Furukawa,CCCC[C@@H]1NC(=O)[C@H](CC(C)C)N(C)C(=O)CN(CCCN2CCCC2=O)C(=O)[C@H](CC(C)C)NC(=O)CN(Cc2cc(CC(C)C)on2)C(=O)[C@H]2CCCN2C1=O,1.9-23,1476,-5.71,6,6,Circle,0.229485,0.0469195,-28.9835,9.73,8.1,1.63,0.180213,0.0407758,9.154,7.799,1.355,73,64,train,train,val,train,train,train,train,val,val,train
1475,2016_Furukawa,CCCC[C@@H]1NC(=O)[C@H](CC(C)C)N(C)C(=O)CN(Cc2ccccc2)C(=O)[C@H](Cc2ccccc2)NC(=O)CN(Cc2cc(CC(C)C)on2)C(=O)[C@H]2CCCN2C1=O,1.9-22,1475,-6.97,6,6,Circle,0.248523,0.0630379,-24.1467,9.752,8.371,1.381,0.157258,0.0455665,9.134,7.989,1.145,39,66,train,train,test,train,val,train,train,val,train,train
1474,2016_Furukawa,CCCC[C@@H]1NC(=O)[C@H](CC(C)C)N(C)C(=O)CN(CCCc2cnn(C)c2)C(=O)[C@H](CC(C)C)NC(=O)CN(Cc2cc(CC(C)C)on2)C(=O)[C@H]2CCCN2C1=O,1.9-21,1474,-5.33,6,6,Circle,0.194463,0.0479815,-23.8292,9.502,8.105,1.397,0.144368,0.0435006,9.106,7.853,1.253,62,100,test,train,train,val,train,val,train,val,train,train
1473,2016_Furukawa,CCCC[C@@H]1NC(=O)[C@H](CC(C)C)N(C)C(=O)CN(CCOc2ccccc2)C(=O)[C@H](CC(C)C)NC(=O)CN(Cc2cc(CC(C)C)on2)C(=O)[C@H]2CCCN2C1=O,1.9-20,1473,-6.64,6,6,Circle,0.246652,0.0657066,-23.002,9.788,8.353,1.435,0.157874,0.047094,9.168,7.931,1.237,58,42,train,train,train,test,train,train,train,val,train,train
1472,2016_Furukawa,CCCC[C@@H]1NC(=O)[C@H](CC(C)C)N(C)C(=O)CN(CCCc2ccccc2)C(=O)[C@H](CC(C)C)NC(=O)CN(Cc2cc(CC(C)C)on2)C(=O)[C@H]2CCCN2C1=O,1.9-19,1472,-6.97,6,6,Circle,0.226059,0.0544779,-21.5257,9.527,8.218,1.309,0.187848,0.0453694,9.314,8.124,1.19,33,34,train,train,train,train,test,train,train,train,val,train
1471,2016_Furukawa,CCCC[C@@H]1NC(=O)[C@H](CC(C)C)N(C)C(=O)CN(CCc2cccnc2)C(=O)[C@H](CC(C)C)NC(=O)CN(Cc2cc(CC(C)C)on2)C(=O)[C@H]2CCCN2C1=O,1.9-18,1471,-5.16,6,6,Circle,0.18525,0.0455324,-22.0704,9.278,7.925,1.353,0.145453,0.0402009,9.134,7.834,1.3,75,67,train,train,train,train,train,train,train,train,train,train
1470,2016_Furukawa,CCCCCN1CC(=O)N(C)[C@@H](CC(C)C)C(=O)N[C@@H](CCCC)C(=O)N2CCC[C@@H]2C(=O)N(Cc2cc(CC(C)C)on2)CC(=O)N[C@@H](Cc2ccccc2)C1=O,1.9-17,1470,-6.99,6,6,Circle,0.219006,0.0498428,-19.653,9.438,8.163,1.275,0.146367,0.03845,9.123,7.944,1.179,41,66,train,train,train,train,train,train,test,train,train,test
1469,2016_Furukawa,CCCC[C@@H]1NC(=O)[C@H](CC(C)C)N(C)C(=O)CN(CC2CCOCC2)C(=O)[C@H](CC(C)C)NC(=O)CN(Cc2cc(CC(C)C)on2)C(=O)[C@H]2CCCN2C1=O,1.9-16,1469,-5.05,6,6,Circle,0.213248,0.0439566,-23.6366,9.637,8.163,1.474,0.147321,0.051371,8.972,7.679,1.293,100,40,train,train,test,train,train,val,train,train,train,train
1468,2016_Furukawa,CCCC[C@@H]1NC(=O)[C@H](CC(C)C)N(C)C(=O)CN(CC2CCCCC2)C(=O)[C@H](CC(C)C)NC(=O)CN(Cc2cc(CC(C)C)on2)C(=O)[C@H]2CCCN2C1=O,1.9-15,1468,-6.93,6,6,Circle,0.204169,0.0640252,-16.9571,9.294,7.994,1.3,0.11997,0.0406276,8.881,7.714,1.167,68,73,train,train,train,train,val,train,train,train,train,train
1467,2016_Furukawa,CCCC[C@@H]1NC(=O)[C@H](CC(C)C)N(C)C(=O)CN(CCOC)C(=O)[C@H](Cc2ccccc2)NC(=O)CN(Cc2cc(CC(C)C)on2)C(=O)[C@H]2CCCN2C1=O,1.9-14,1467,-5.38,6,6,Circle,0.211906,0.0512566,-23.3854,9.192,7.813,1.379,0.143905,0.0413299,8.893,7.623,1.27,15,86,train,train,test,train,val,test,train,train,train,train
1466,2016_Furukawa,CCCC[C@@H]1NC(=O)[C@H](CC(C)C)N(C)C(=O)CN(Cc2ccccc2)C(=O)[C@H](CC(C)C)NC(=O)CN(Cc2cc(CC(C)C)on2)C(=O)[C@H]2CCCN2C1=O,1.9-13,1466,-6.49,6,6,Circle,0.21504,0.0558083,-23.8345,9.499,8.087,1.412,0.221647,0.057526,9.085,7.826,1.259,26,51,train,train,train,train,train,train,train,train,train,train
1465,2016_Furukawa,CCCC[C@@H]1NC(=O)[C@H](CC(C)C)N(C)C(=O)CN(CCCN2CCCC2=O)C(=O)[C@H](C)NC(=O)CN(Cc2cc(CC(C)C)on2)C(=O)[C@H]2CCCN2C1=O,1.9-12,1465,-6.59,6,6,Circle,0.234586,0.0474326,-29.4878,9.232,7.529,1.703,0.115237,0.0383254,8.486,7.13,1.356,69,96,train,val,train,train,train,train,train,train,val,train
1464,2016_Furukawa,CCCC[C@@H]1NC(=O)[C@H](CC(C)C)N(C)C(=O)CN(CCCc2cnn(C)c2)C(=O)[C@H](C)NC(=O)CN(Cc2cc(CC(C)C)on2)C(=O)[C@H]2CCCN2C1=O,1.9-11,1464,-5.79,6,6,Circle,0.20412,0.0452236,-26.0769,9.181,7.712,1.469,0.208029,0.042301,8.839,7.52,1.319,4,28,train,train,train,train,train,test,train,train,train,train
1463,2016_Furukawa,CCCC[C@@H]1NC(=O)[C@H](CC(C)C)N(C)C(=O)CN(CCOc2ccccc2)C(=O)[C@H](C)NC(=O)CN(Cc2cc(CC(C)C)on2)C(=O)[C@H]2CCCN2C1=O,1.9-10,1463,-5.58,6,6,Circle,0.180893,0.0418316,-22.7825,9.05,7.654,1.396,0.159739,0.0408297,8.767,7.462,1.305,36,72,val,train,train,train,train,train,test,train,train,train
1462,2016_Furukawa,CCCC[C@@H]1NC(=O)[C@H](CC(C)C)N(C)C(=O)CN(CCCc2ccccc2)C(=O)[C@H](C)NC(=O)CN(Cc2cc(CC(C)C)on2)C(=O)[C@H]2CCCN2C1=O,1.9-09,1462,-5.32,6,6,Circle,0.25342,0.056155,-23.3553,9.479,8.049,1.43,0.172301,0.0414803,8.792,7.541,1.251,63,82,train,train,train,val,test,val,train,test,train,train
1461,2016_Furukawa,CCCCCN1CC(=O)N(C)[C@@H](CC(C)C)C(=O)N[C@@H](CCCC)C(=O)N2CCC[C@@H]2C(=O)N(Cc2cc(CC(C)C)on2)CC(=O)N[C@@H](CC(C)C)C1=O,1.9-08,1461,-6.58,6,6,Circle,0.201651,0.0516871,-17.4667,9.168,7.828,1.34,0.122462,0.0390452,8.828,7.624,1.204,57,54,train,train,train,train,train,train,train,train,train,train
1460,2016_Furukawa,CCCC[C@@H]1NC(=O)[C@H](CC(C)C)N(C)C(=O)CN(CCc2cccnc2)C(=O)[C@H](C)NC(=O)CN(Cc2cc(CC(C)C)on2)C(=O)[C@H]2CCCN2C1=O,1.9-07,1460,-5.84,6,6,Circle,0.198518,0.0554806,-25.2789,8.864,7.464,1.4,0.231632,0.0461673,8.761,7.385,1.376,36,67,train,val,train,test,train,train,train,test,train,train
1459,2016_Furukawa,CCCC[C@@H]1NC(=O)[C@H](CC(C)C)N(C)C(=O)CN(CCOC)C(=O)[C@H](CC(C)C)NC(=O)CN(Cc2cc(CC(C)C)on2)C(=O)[C@H]2CCCN2C1=O,1.9-06,1459,-5.11,6,6,Circle,0.215188,0.054744,-21.7298,9.003,7.579,1.424,0.120478,0.0407724,8.62,7.31,1.31,3,31,train,val,val,train,train,train,train,train,train,train
1458,2016_Furukawa,CCCC[C@@H]1NC(=O)[C@H](CC(C)C)N(C)C(=O)CN(CC2CCOCC2)C(=O)[C@H](C)NC(=O)CN(Cc2cc(CC(C)C)on2)C(=O)[C@H]2CCCN2C1=O,1.9-05,1458,-5.66,6,6,Circle,0.211472,0.0435772,-23.137,8.954,7.439,1.515,0.135498,0.0413731,8.6,7.171,1.429,75,40,train,train,train,val,train,train,test,train,train,val
1457,2016_Furukawa,CCCC[C@@H]1NC(=O)[C@H](CC(C)C)N(C)C(=O)CN(CC2CCCCC2)C(=O)[C@H](C)NC(=O)CN(Cc2cc(CC(C)C)on2)C(=O)[C@H]2CCCN2C1=O,1.9-04,1457,-5.39,6,6,Circle,0.214667,0.0429127,-20.3432,9.244,7.777,1.467,0.131063,0.0409895,8.714,7.398,1.316,100,95,train,train,val,train,test,train,train,train,train,train
1456,2016_Furukawa,CCCC[C@@H]1NC(=O)[C@H](CC(C)C)N(C)C(=O)CN(Cc2ccccc2)C(=O)[C@H](C)NC(=O)CN(Cc2cc(CC(C)C)on2)C(=O)[C@H]2CCCN2C1=O,1.9-03,1456,-5.1,6,6,Circle,0.198683,0.0543991,-23.3838,8.816,7.466,1.35,0.150609,0.0526929,8.5,7.203,1.297,99,100,train,train,train,train,val,train,val,train,train,train
1455,2016_Furukawa,CCCCCN1CC(=O)N(C)[C@@H](CC(C)C)C(=O)N[C@@H](CCCC)C(=O)N2CCC[C@@H]2C(=O)N(Cc2cc(CC(C)C)on2)CC(=O)N[C@@H](C)C1=O,1.9-02,1455,-5.0,6,6,Circle,0.180208,0.0474052,-18.7136,8.879,7.466,1.413,0.130905,0.0438877,8.449,7.173,1.276,82,85,train,train,train,train,train,train,train,train,train,val
1454,2016_Furukawa,CCCC[C@@H]1NC(=O)[C@H](CC(C)C)N(C)C(=O)CN(CCOC)C(=O)[C@H](C)NC(=O)CN(Cc2cc(CC(C)C)on2)C(=O)[C@H]2CCCN2C1=O,1.9-01,1454,-5.52,6,6,Circle,0.151118,0.0379494,-31.4414,8.692,7.145,1.547,0.136977,0.0466816,8.281,6.877,1.404,85,17,train,train,train,train,train,train,train,train,test,train
1453,2016_Furukawa,CCCC[C@@H]1NC(=O)[C@H](CC(C)C)N(C)C(=O)CN(CCCN2CCCC2=O)C(=O)[C@H](Cc2ccc3ccccc3c2)NC(=O)CN(Cc2ccc3c(c2)OCO3)C(=O)[C@H]2CCCN2C1=O,1.8-40,1453,-6.5,6,6,Circle,0.2059,0.0413979,-31.9456,9.848,8.327,1.521,0.206324,0.0428608,9.617,8.238,1.379,29,26,train,train,train,train,val,val,train,train,train,train
1452,2016_Furukawa,CCCC[C@@H]1NC(=O)[C@H](CC(C)C)N(C)C(=O)CN(CCCc2cnn(C)c2)C(=O)[C@H](Cc2ccc3ccccc3c2)NC(=O)CN(Cc2ccc3c(c2)OCO3)C(=O)[C@H]2CCCN2C1=O,1.8-39,1452,-7.6,6,6,Circle,0.14657,0.0401917,-25.7731,9.627,8.356,1.271,0.196979,0.0428607,9.423,8.239,1.184,60,39,train,train,train,train,train,val,train,train,test,train
1451,2016_Furukawa,CCCC[C@@H]1NC(=O)[C@H](CC(C)C)N(C)C(=O)CN(CCOc2ccccc2)C(=O)[C@H](Cc2ccc3ccccc3c2)NC(=O)CN(Cc2ccc3c(c2)OCO3)C(=O)[C@H]2CCCN2C1=O,1.8-38,1451,-8.88,6,6,Circle,0.175084,0.0397157,-25.6954,9.746,8.526,1.22,0.227141,0.0454436,9.804,8.569,1.235,45,46,val,train,train,test,train,train,train,test,val,train
1450,2016_Furukawa,CCCC[C@@H]1NC(=O)[C@H](CC(C)C)N(C)C(=O)CN(CCCc2ccccc2)C(=O)[C@H](Cc2ccc3ccccc3c2)NC(=O)CN(Cc2ccc3c(c2)OCO3)C(=O)[C@H]2CCCN2C1=O,1.8-37,1450,-9.29,6,6,Circle,0.225046,0.0459176,-24.7858,9.95,8.758,1.192,0.166128,0.0401784,10.198,8.931,1.267,33,73,train,val,train,train,train,train,train,test,train,train
1449,2016_Furukawa,CCCC[C@@H]1NC(=O)[C@H](CC(C)C)N(C)C(=O)CN(CCc2cccnc2)C(=O)[C@H](Cc2ccc3ccccc3c2)NC(=O)CN(Cc2ccc3c(c2)OCO3)C(=O)[C@H]2CCCN2C1=O,1.8-36,1449,-7.42,6,6,Circle,0.182159,0.0422556,-26.022,9.457,8.224,1.233,0.150863,0.0372154,9.812,8.486,1.326,34,62,train,train,train,train,train,train,train,val,train,train
1448,2016_Furukawa,CCCC[C@@H]1NC(=O)[C@H](CC(C)C)N(C)C(=O)CN(CC2CCOCC2)C(=O)[C@H](Cc2ccc3ccccc3c2)NC(=O)CN(Cc2ccc3c(c2)OCO3)C(=O)[C@H]2CCCN2C1=O,1.8-35,1448,-7.16,6,6,Circle,0.186934,0.0424344,-25.3754,9.576,8.235,1.341,0.145852,0.0414798,9.854,8.535,1.319,14,55,test,train,train,train,test,train,train,train,train,train
1447,2016_Furukawa,CCCC[C@@H]1NC(=O)[C@H](CC(C)C)N(C)C(=O)CN(CC2CCCCC2)C(=O)[C@H](Cc2ccc3ccccc3c2)NC(=O)CN(Cc2ccc3c(c2)OCO3)C(=O)[C@H]2CCCN2C1=O,1.8-34,1447,-9.12,6,6,Circle,0.17961,0.0391611,-22.1815,9.594,8.457,1.137,0.172953,0.0435218,9.855,8.572,1.283,70,10,train,test,train,train,train,val,train,test,train,val
1446,2016_Furukawa,CCCC[C@@H]1NC(=O)[C@H](CC(C)C)N(C)C(=O)CN(Cc2ccccc2)C(=O)[C@H](Cc2ccc3ccccc3c2)NC(=O)CN(Cc2ccc3c(c2)OCO3)C(=O)[C@H]2CCCN2C1=O,1.8-33,1446,-8.53,6,6,Circle,0.206225,0.0442246,-24.5987,9.569,8.373,1.196,0.179046,0.0410199,9.635,8.428,1.207,25,7,test,train,train,test,train,train,train,train,val,train
1445,2016_Furukawa,CCCC[C@@H]1NC(=O)[C@H](CC(C)C)N(C)C(=O)CN(CCCN2CCCC2=O)C(=O)[C@H](Cc2ccccc2)NC(=O)CN(Cc2ccc3c(c2)OCO3)C(=O)[C@H]2CCCN2C1=O,1.8-32,1445,-5.86,6,6,Circle,0.187872,0.0397063,-31.355,9.484,8.026,1.458,0.159611,0.0400166,9.215,7.844,1.371,74,12,test,train,train,test,train,train,test,train,train,test
1444,2016_Furukawa,CCCC[C@@H]1NC(=O)[C@H](CC(C)C)N(C)C(=O)CN(CCCc2cnn(C)c2)C(=O)[C@H](Cc2ccccc2)NC(=O)CN(Cc2ccc3c(c2)OCO3)C(=O)[C@H]2CCCN2C1=O,1.8-31,1444,-5.73,6,6,Circle,0.14936,0.0435597,-26.393,9.22,8.044,1.176,0.185105,0.0394108,9.163,7.969,1.194,75,27,train,train,train,train,test,train,test,train,train,train
1443,2016_Furukawa,CCCCCN1CC(=O)N(C)[C@@H](CC(C)C)C(=O)N[C@@H](CCCC)C(=O)N2CCC[C@@H]2C(=O)N(Cc2ccc3c(c2)OCO3)CC(=O)N[C@@H](Cc2ccc3ccccc3c2)C1=O,1.8-30,1443,-8.89,6,6,Circle,0.217858,0.0438963,-23.3804,9.685,8.469,1.216,0.165884,0.0428699,9.623,8.388,1.235,79,35,train,train,train,val,test,train,train,train,train,train
1442,2016_Furukawa,CCCC[C@@H]1NC(=O)[C@H](CC(C)C)N(C)C(=O)CN(CCOc2ccccc2)C(=O)[C@H](Cc2ccccc2)NC(=O)CN(Cc2ccc3c(c2)OCO3)C(=O)[C@H]2CCCN2C1=O,1.8-29,1442,-7.76,6,6,Circle,0.217366,0.0569535,-26.6176,9.488,8.267,1.221,0.141272,0.044837,9.057,7.941,1.116,52,84,train,train,train,test,train,val,train,train,train,train
1441,2016_Furukawa,CCCC[C@@H]1NC(=O)[C@H](CC(C)C)N(C)C(=O)CN(CCCc2ccccc2)C(=O)[C@H](Cc2ccccc2)NC(=O)CN(Cc2ccc3c(c2)OCO3)C(=O)[C@H]2CCCN2C1=O,1.8-28,1441,-8.01,6,6,Circle,0.225096,0.0463766,-25.525,9.64,8.444,1.196,0.167697,0.0377313,9.308,8.183,1.125,83,12,train,train,train,train,train,train,train,train,train,test
1440,2016_Furukawa,CCCC[C@@H]1NC(=O)[C@H](CC(C)C)N(C)C(=O)CN(CCOC)C(=O)[C@H](Cc2ccc3ccccc3c2)NC(=O)CN(Cc2ccc3c(c2)OCO3)C(=O)[C@H]2CCCN2C1=O,1.8-27,1440,-7.13,6,6,Circle,0.222643,0.0431986,-26.8531,9.339,8.063,1.276,0.143006,0.0427903,9.585,8.268,1.317,95,71,train,train,train,test,train,train,train,train,train,train
1439,2016_Furukawa,CCCC[C@@H]1NC(=O)[C@H](CC(C)C)N(C)C(=O)CN(CCc2cccnc2)C(=O)[C@H](Cc2ccccc2)NC(=O)CN(Cc2ccc3c(c2)OCO3)C(=O)[C@H]2CCCN2C1=O,1.8-26,1439,-5.8,6,6,Circle,0.229686,0.0637338,-27.5858,9.318,8.047,1.271,0.151676,0.03747,9.073,7.899,1.174,7,49,train,val,train,train,train,train,train,train,train,train
1438,2016_Furukawa,CCCC[C@@H]1NC(=O)[C@H](CC(C)C)N(C)C(=O)CN(CC2CCOCC2)C(=O)[C@H](Cc2ccccc2)NC(=O)CN(Cc2ccc3c(c2)OCO3)C(=O)[C@H]2CCCN2C1=O,1.8-25,1438,-5.46,6,6,Circle,0.179491,0.0525032,-29.3096,9.0,7.589,1.411,0.199423,0.0575508,9.452,8.17,1.282,68,98,train,train,train,train,train,train,test,train,train,test
1437,2016_Furukawa,CCCC[C@@H]1NC(=O)[C@H](CC(C)C)N(C)C(=O)CN(CC2CCCCC2)C(=O)[C@H](Cc2ccccc2)NC(=O)CN(Cc2ccc3c(c2)OCO3)C(=O)[C@H]2CCCN2C1=O,1.8-24,1437,-7.54,6,6,Circle,0.143362,0.039722,-20.34,9.246,8.073,1.173,0.177466,0.0385058,9.055,7.92,1.135,88,31,train,test,train,train,train,train,train,train,train,train
1436,2016_Furukawa,CCCC[C@@H]1NC(=O)[C@H](CC(C)C)N(C)C(=O)CN(CCCN2CCCC2=O)C(=O)[C@H](CC(C)C)NC(=O)CN(Cc2ccc3c(c2)OCO3)C(=O)[C@H]2CCCN2C1=O,1.8-23,1436,-5.99,6,6,Circle,0.212071,0.0474533,-31.3854,9.545,7.954,1.591,0.160755,0.0422002,9.284,7.837,1.447,98,96,train,train,test,train,train,train,train,val,train,train
1435,2016_Furukawa,CCCC[C@@H]1NC(=O)[C@H](CC(C)C)N(C)C(=O)CN(Cc2ccccc2)C(=O)[C@H](Cc2ccccc2)NC(=O)CN(Cc2ccc3c(c2)OCO3)C(=O)[C@H]2CCCN2C1=O,1.8-22,1435,-7.51,6,6,Circle,0.209205,0.0514286,-25.7408,9.278,8.102,1.176,0.181125,0.0479111,9.772,8.365,1.407,46,38,train,train,train,train,train,test,train,train,train,train
1434,2016_Furukawa,CCCC[C@@H]1NC(=O)[C@H](CC(C)C)N(C)C(=O)CN(CCCc2cnn(C)c2)C(=O)[C@H](CC(C)C)NC(=O)CN(Cc2ccc3c(c2)OCO3)C(=O)[C@H]2CCCN2C1=O,1.8-21,1434,-5.44,6,6,Circle,0.193996,0.0442191,-23.8169,9.047,7.591,1.456,0.167742,0.0395093,9.057,7.807,1.25,66,72,val,test,train,train,val,train,train,train,train,train
1433,2016_Furukawa,CCCC[C@@H]1NC(=O)[C@H](CC(C)C)N(C)C(=O)CN(CCOc2ccccc2)C(=O)[C@H](CC(C)C)NC(=O)CN(Cc2ccc3c(c2)OCO3)C(=O)[C@H]2CCCN2C1=O,1.8-20,1433,-7.06,6,6,Circle,0.221845,0.047752,-26.0121,9.487,8.186,1.301,0.221196,0.0439141,9.299,8.07,1.229,15,2,val,train,train,train,train,train,val,train,train,train
1432,2016_Furukawa,CCCC[C@@H]1NC(=O)[C@H](CC(C)C)N(C)C(=O)CN(CCCc2ccccc2)C(=O)[C@H](CC(C)C)NC(=O)CN(Cc2ccc3c(c2)OCO3)C(=O)[C@H]2CCCN2C1=O,1.8-19,1432,-7.44,6,6,Circle,0.234687,0.04978,-25.2726,9.623,8.396,1.227,0.136919,0.0393717,8.934,7.812,1.122,54,90,test,train,val,train,train,val,train,train,val,train
1431,2016_Furukawa,CCCC[C@@H]1NC(=O)[C@H](CC(C)C)N(C)C(=O)CN(CCc2cccnc2)C(=O)[C@H](CC(C)C)NC(=O)CN(Cc2ccc3c(c2)OCO3)C(=O)[C@H]2CCCN2C1=O,1.8-18,1431,-5.3,6,6,Circle,0.207332,0.0466441,-26.5445,9.148,7.838,1.31,0.175516,0.0422656,8.938,7.686,1.252,82,44,train,train,train,train,train,test,train,train,train,train
1430,2016_Furukawa,CCCCCN1CC(=O)N(C)[C@@H](CC(C)C)C(=O)N[C@@H](CCCC)C(=O)N2CCC[C@@H]2C(=O)N(Cc2ccc3c(c2)OCO3)CC(=O)N[C@@H](Cc2ccccc2)C1=O,1.8-17,1430,-7.41,6,6,Circle,0.213015,0.0581202,-24.2209,9.343,8.102,1.241,0.141029,0.039966,8.992,7.825,1.167,87,93,train,train,train,train,train,test,train,test,train,train
1429,2016_Furukawa,CCCC[C@@H]1NC(=O)[C@H](CC(C)C)N(C)C(=O)CN(CC2CCOCC2)C(=O)[C@H](CC(C)C)NC(=O)CN(Cc2ccc3c(c2)OCO3)C(=O)[C@H]2CCCN2C1=O,1.8-16,1429,-5.02,6,6,Circle,0.196663,0.0445815,-25.5828,9.184,7.828,1.356,0.118043,0.037824,8.816,7.543,1.273,42,7,test,train,train,train,train,train,train,train,train,train
1428,2016_Furukawa,CCCC[C@@H]1NC(=O)[C@H](CC(C)C)N(C)C(=O)CN(CC2CCCCC2)C(=O)[C@H](CC(C)C)NC(=O)CN(Cc2ccc3c(c2)OCO3)C(=O)[C@H]2CCCN2C1=O,1.8-15,1428,-7.5,6,6,Circle,0.199059,0.0423614,-20.9246,9.278,8.018,1.26,0.130131,0.0391531,8.911,7.766,1.145,50,100,test,train,train,test,train,test,val,train,train,test
1427,2016_Furukawa,CCCC[C@@H]1NC(=O)[C@H](CC(C)C)N(C)C(=O)CN(CCOC)C(=O)[C@H](Cc2ccccc2)NC(=O)CN(Cc2ccc3c(c2)OCO3)C(=O)[C@H]2CCCN2C1=O,1.8-14,1427,-5.36,6,6,Circle,0.209217,0.0574537,-29.4542,9.186,7.799,1.387,0.180011,0.046095,8.846,7.579,1.267,90,23,train,train,val,train,test,train,val,train,train,train
1426,2016_Furukawa,CCCC[C@@H]1NC(=O)[C@H](CC(C)C)N(C)C(=O)CN(Cc2ccccc2)C(=O)[C@H](CC(C)C)NC(=O)CN(Cc2ccc3c(c2)OCO3)C(=O)[C@H]2CCCN2C1=O,1.8-13,1426,-6.67,6,6,Circle,0.213355,0.0623006,-26.5839,9.22,7.889,1.331,0.151661,0.0384702,8.71,7.546,1.164,95,5,train,train,test,test,test,val,train,train,train,train
1425,2016_Furukawa,CCCC[C@@H]1NC(=O)[C@H](CC(C)C)N(C)C(=O)CN(CCCN2CCCC2=O)C(=O)[C@H](C)NC(=O)CN(Cc2ccc3c(c2)OCO3)C(=O)[C@H]2CCCN2C1=O,1.8-12,1425,-7.04,6,6,Circle,0.22258,0.0472444,-35.0425,9.192,7.449,1.743,0.229587,0.0484981,8.696,7.159,1.537,2,18,train,train,train,train,train,train,train,train,val,val
1424,2016_Furukawa,CCCC[C@@H]1NC(=O)[C@H](CC(C)C)N(C)C(=O)CN(CCCc2cnn(C)c2)C(=O)[C@H](C)NC(=O)CN(Cc2ccc3c(c2)OCO3)C(=O)[C@H]2CCCN2C1=O,1.8-11,1424,-6.23,6,6,Circle,0.180757,0.0485419,-28.3257,8.763,7.426,1.337,0.137008,0.0409652,8.481,7.195,1.286,48,53,train,train,train,train,val,test,train,test,train,train
1423,2016_Furukawa,CCCC[C@@H]1NC(=O)[C@H](CC(C)C)N(C)C(=O)CN(CCOc2ccccc2)C(=O)[C@H](C)NC(=O)CN(Cc2ccc3c(c2)OCO3)C(=O)[C@H]2CCCN2C1=O,1.8-10,1423,-5.56,6,6,Circle,0.202438,0.0517594,-26.712,8.831,7.527,1.304,0.166287,0.0436977,8.685,7.426,1.259,8,5,train,train,train,train,train,train,train,train,val,val
1422,2016_Furukawa,CCCC[C@@H]1NC(=O)[C@H](CC(C)C)N(C)C(=O)CN(CCCc2ccccc2)C(=O)[C@H](C)NC(=O)CN(Cc2ccc3c(c2)OCO3)C(=O)[C@H]2CCCN2C1=O,1.8-09,1422,-5.27,6,6,Circle,0.20968,0.0426827,-27.1217,9.069,7.76,1.309,0.151804,0.0428517,8.863,7.619,1.244,46,45,train,train,val,train,train,train,train,train,train,test
1421,2016_Furukawa,CCCCCN1CC(=O)N(C)[C@@H](CC(C)C)C(=O)N[C@@H](CCCC)C(=O)N2CCC[C@@H]2C(=O)N(Cc2ccc3c(c2)OCO3)CC(=O)N[C@@H](CC(C)C)C1=O,1.8-08,1421,-6.56,6,6,Circle,0.198379,0.0551718,-23.6819,9.139,7.814,1.325,0.196458,0.0475419,9.025,7.786,1.239,58,73,train,train,train,train,train,val,train,train,train,test
1420,2016_Furukawa,CCCC[C@@H]1NC(=O)[C@H](CC(C)C)N(C)C(=O)CN(CCc2cccnc2)C(=O)[C@H](C)NC(=O)CN(Cc2ccc3c(c2)OCO3)C(=O)[C@H]2CCCN2C1=O,1.8-07,1420,-6.27,6,6,Circle,0.195582,0.0446891,-28.6317,8.688,7.286,1.402,0.232856,0.0473104,8.724,7.288,1.436,18,22,train,test,train,train,train,train,val,train,train,train
1419,2016_Furukawa,CCCC[C@@H]1NC(=O)[C@H](CC(C)C)N(C)C(=O)CN(CCOC)C(=O)[C@H](CC(C)C)NC(=O)CN(Cc2ccc3c(c2)OCO3)C(=O)[C@H]2CCCN2C1=O,1.8-06,1419,-5.04,6,6,Circle,0.185589,0.0550757,-28.1588,8.939,7.507,1.432,0.147356,0.0428083,8.561,7.28,1.281,53,3,train,train,train,train,val,train,train,train,train,train
1418,2016_Furukawa,CCCC[C@@H]1NC(=O)[C@H](CC(C)C)N(C)C(=O)CN(CC2CCOCC2)C(=O)[C@H](C)NC(=O)CN(Cc2ccc3c(c2)OCO3)C(=O)[C@H]2CCCN2C1=O,1.8-05,1418,-6.1,6,6,Circle,0.129838,0.0376794,-26.4042,8.577,7.175,1.402,0.155967,0.04453,8.533,7.147,1.386,70,26,train,train,train,train,val,train,train,train,val,train
1417,2016_Furukawa,CCCC[C@@H]1NC(=O)[C@H](CC(C)C)N(C)C(=O)CN(CC2CCCCC2)C(=O)[C@H](C)NC(=O)CN(Cc2ccc3c(c2)OCO3)C(=O)[C@H]2CCCN2C1=O,1.8-04,1417,-5.25,6,6,Circle,0.141958,0.0371409,-22.1752,8.626,7.36,1.266,0.111127,0.0404979,8.469,7.234,1.235,22,55,test,train,test,train,train,train,train,test,test,train
1416,2016_Furukawa,CCCC[C@@H]1NC(=O)[C@H](CC(C)C)N(C)C(=O)CN(Cc2ccccc2)C(=O)[C@H](C)NC(=O)CN(Cc2ccc3c(c2)OCO3)C(=O)[C@H]2CCCN2C1=O,1.8-03,1416,-5.11,6,6,Circle,0.203591,0.0514116,-27.0129,8.692,7.354,1.338,0.134035,0.0493246,8.35,7.1,1.25,91,100,val,train,train,train,train,train,train,train,train,train
1415,2016_Furukawa,CCCCCN1CC(=O)N(C)[C@@H](CC(C)C)C(=O)N[C@@H](CCCC)C(=O)N2CCC[C@@H]2C(=O)N(Cc2ccc3c(c2)OCO3)CC(=O)N[C@@H](C)C1=O,1.8-02,1415,-4.86,6,6,Circle,0.128094,0.0412633,-22.1868,8.473,7.221,1.252,0.201808,0.04437,8.513,7.21,1.303,91,64,train,train,train,train,train,train,train,train,test,test
1414,2016_Furukawa,CCCC[C@@H]1NC(=O)[C@H](CC(C)C)N(C)C(=O)CN(CCOC)C(=O)[C@H](C)NC(=O)CN(Cc2ccc3c(c2)OCO3)C(=O)[C@H]2CCCN2C1=O,1.8-01,1414,-5.93,6,6,Circle,0.148975,0.0489008,-27.0134,8.374,6.97,1.404,0.191747,0.0452931,8.409,6.979,1.43,57,30,val,train,train,train,train,train,val,train,train,train
1413,2016_Furukawa,CCCC[C@@H]1NC(=O)[C@H](CC(C)C)N(C)C(=O)CN(CCCN2CCCC2=O)C(=O)[C@H](Cc2ccc3ccccc3c2)NC(=O)CN(CCCCc2ccccc2)C(=O)[C@H]2CCCN2C1=O,1.7-40,1413,-7.28,6,6,Circle,0.239082,0.0400313,-27.9628,10.27,8.995,1.275,0.155181,0.0413698,9.951,8.782,1.169,92,8,train,train,val,train,val,train,train,train,train,train
1412,2016_Furukawa,CCCC[C@@H]1NC(=O)[C@H](CC(C)C)N(C)C(=O)CN(CCCc2cnn(C)c2)C(=O)[C@H](Cc2ccc3ccccc3c2)NC(=O)CN(CCCCc2ccccc2)C(=O)[C@H]2CCCN2C1=O,1.7-39,1412,-8.0,6,6,Circle,0.215199,0.0501714,-20.7816,9.871,8.846,1.025,0.22451,0.045611,9.96,9.053,0.907,48,44,train,train,train,train,train,train,val,train,val,train
1411,2016_Furukawa,CCCC[C@@H]1NC(=O)[C@H](CC(C)C)N(C)C(=O)CN(CCOc2ccccc2)C(=O)[C@H](Cc2ccc3ccccc3c2)NC(=O)CN(CCCCc2ccccc2)C(=O)[C@H]2CCCN2C1=O,1.7-38,1411,-7.95,6,6,Circle,0.221317,0.0431324,-25.0097,10.582,9.445,1.137,0.205954,0.0388144,10.308,9.358,0.95,76,43,train,train,train,train,test,train,train,train,train,train
1410,2016_Furukawa,CCCC[C@@H]1NC(=O)[C@H](CC(C)C)N(C)C(=O)CN(CCCc2ccccc2)C(=O)[C@H](Cc2ccc3ccccc3c2)NC(=O)CN(CCCCc2ccccc2)C(=O)[C@H]2CCCN2C1=O,1.7-37,1410,-9.27,6,6,Circle,0.243796,0.043457,-23.3949,10.672,9.643,1.029,0.170662,0.038761,9.99,9.14,0.85,5,47,train,train,train,train,train,test,train,test,train,train
1409,2016_Furukawa,CCCC[C@@H]1NC(=O)[C@H](CC(C)C)N(C)C(=O)CN(CCc2cccnc2)C(=O)[C@H](Cc2ccc3ccccc3c2)NC(=O)CN(CCCCc2ccccc2)C(=O)[C@H]2CCCN2C1=O,1.7-36,1409,-7.62,6,6,Circle,0.20713,0.042334,-25.64,10.462,9.284,1.178,0.183736,0.0421909,9.816,8.839,0.977,3,84,val,train,test,train,train,train,val,train,train,train
1408,2016_Furukawa,CCCC[C@@H]1NC(=O)[C@H](CC(C)C)N(C)C(=O)CN(CC2CCOCC2)C(=O)[C@H](Cc2ccc3ccccc3c2)NC(=O)CN(CCCCc2ccccc2)C(=O)[C@H]2CCCN2C1=O,1.7-35,1408,-7.61,6,6,Circle,0.162102,0.0400282,-20.2851,9.764,8.701,1.063,0.15288,0.0423705,9.805,8.79,1.015,32,89,train,val,train,train,train,train,train,train,train,train
1407,2016_Furukawa,CCCC[C@@H]1NC(=O)[C@H](CC(C)C)N(C)C(=O)CN(CC2CCCCC2)C(=O)[C@H](Cc2ccc3ccccc3c2)NC(=O)CN(CCCCc2ccccc2)C(=O)[C@H]2CCCN2C1=O,1.7-34,1407,-8.84,6,6,Circle,0.204964,0.0393234,-19.3461,10.127,9.073,1.054,0.159504,0.0427253,9.792,8.899,0.893,57,83,train,val,train,train,test,train,train,train,test,train
1406,2016_Furukawa,CCCC[C@@H]1NC(=O)[C@H](CC(C)C)N(C)C(=O)CN(Cc2ccccc2)C(=O)[C@H](Cc2ccc3ccccc3c2)NC(=O)CN(CCCCc2ccccc2)C(=O)[C@H]2CCCN2C1=O,1.7-33,1406,-8.95,6,6,Circle,0.196681,0.0389449,-23.4301,10.196,9.204,0.992,0.167881,0.0388575,9.713,8.809,0.904,63,40,train,train,val,train,train,train,train,train,val,train
1405,2016_Furukawa,CCCC[C@@H]1NC(=O)[C@H](CC(C)C)N(C)C(=O)CN(CCCN2CCCC2=O)C(=O)[C@H](Cc2ccccc2)NC(=O)CN(CCCCc2ccccc2)C(=O)[C@H]2CCCN2C1=O,1.7-32,1405,-6.12,6,6,Circle,0.190945,0.0404316,-24.8106,9.784,8.598,1.186,0.170812,0.0408749,9.507,8.458,1.049,51,40,train,train,train,train,train,test,train,train,train,train
1404,2016_Furukawa,CCCC[C@@H]1NC(=O)[C@H](CC(C)C)N(C)C(=O)CN(CCCc2cnn(C)c2)C(=O)[C@H](Cc2ccccc2)NC(=O)CN(CCCCc2ccccc2)C(=O)[C@H]2CCCN2C1=O,1.7-31,1404,-6.32,6,6,Circle,0.237124,0.0601325,-26.9076,9.971,8.843,1.128,0.217522,0.0405016,9.609,8.617,0.992,76,42,train,train,train,train,train,train,train,train,train,val
1403,2016_Furukawa,CCCCCN1CC(=O)N(C)[C@@H](CC(C)C)C(=O)N[C@@H](CCCC)C(=O)N2CCC[C@@H]2C(=O)N(CCCCc2ccccc2)CC(=O)N[C@@H](Cc2ccc3ccccc3c2)C1=O,1.7-30,1403,-8.11,6,6,Circle,0.237431,0.0428975,-18.6567,9.857,8.9,0.957,0.197734,0.0451376,9.943,8.978,0.965,94,77,train,train,train,train,train,train,train,train,val,train
1402,2016_Furukawa,CCCC[C@@H]1NC(=O)[C@H](CC(C)C)N(C)C(=O)CN(CCOc2ccccc2)C(=O)[C@H](Cc2ccccc2)NC(=O)CN(CCCCc2ccccc2)C(=O)[C@H]2CCCN2C1=O,1.7-29,1402,-8.56,6,6,Circle,0.221849,0.0400984,-20.9098,9.887,8.922,0.965,0.215304,0.0410892,9.749,8.785,0.964,19,44,train,train,train,train,train,train,train,train,train,train
1401,2016_Furukawa,CCCC[C@@H]1NC(=O)[C@H](CC(C)C)N(C)C(=O)CN(CCCc2ccccc2)C(=O)[C@H](Cc2ccccc2)NC(=O)CN(CCCCc2ccccc2)C(=O)[C@H]2CCCN2C1=O,1.7-28,1401,-8.51,6,6,Circle,0.202378,0.0396554,-18.5267,9.71,8.838,0.872,0.202856,0.0417771,9.752,8.898,0.854,18,80,train,test,train,train,train,train,train,val,train,train
1400,2016_Furukawa,CCCC[C@@H]1NC(=O)[C@H](CC(C)C)N(C)C(=O)CN(CCOC)C(=O)[C@H](Cc2ccc3ccccc3c2)NC(=O)CN(CCCCc2ccccc2)C(=O)[C@H]2CCCN2C1=O,1.7-27,1400,-7.74,6,6,Circle,0.200143,0.0400078,-24.3358,9.739,8.691,1.048,0.172054,0.042883,9.578,8.614,0.964,43,44,test,train,train,train,train,train,val,train,train,train
1399,2016_Furukawa,CCCC[C@@H]1NC(=O)[C@H](CC(C)C)N(C)C(=O)CN(CCc2cccnc2)C(=O)[C@H](Cc2ccccc2)NC(=O)CN(CCCCc2ccccc2)C(=O)[C@H]2CCCN2C1=O,1.7-26,1399,-6.4,6,6,Circle,0.217308,0.0544547,-23.8304,9.778,8.762,1.016,0.208727,0.0401976,9.555,8.575,0.98,16,47,train,train,test,train,train,val,train,train,train,train
1398,2016_Furukawa,CCCC[C@@H]1NC(=O)[C@H](CC(C)C)N(C)C(=O)CN(CC2CCOCC2)C(=O)[C@H](Cc2ccccc2)NC(=O)CN(CCCCc2ccccc2)C(=O)[C@H]2CCCN2C1=O,1.7-25,1398,-5.83,6,6,Circle,0.229823,0.057197,-20.9863,9.711,8.532,1.179,0.273267,0.0473937,10.126,9.028,1.098,70,89,train,train,val,train,train,train,train,train,train,test
1397,2016_Furukawa,CCCC[C@@H]1NC(=O)[C@H](CC(C)C)N(C)C(=O)CN(CC2CCCCC2)C(=O)[C@H](Cc2ccccc2)NC(=O)CN(CCCCc2ccccc2)C(=O)[C@H]2CCCN2C1=O,1.7-24,1397,-8.53,6,6,Circle,0.180515,0.0381202,-16.2521,9.69,8.768,0.922,0.178257,0.0378097,9.816,8.701,1.115,34,76,train,val,train,train,train,train,train,train,train,train
1396,2016_Furukawa,CCCC[C@@H]1NC(=O)[C@H](CC(C)C)N(C)C(=O)CN(CCCN2CCCC2=O)C(=O)[C@H](CC(C)C)NC(=O)CN(CCCCc2ccccc2)C(=O)[C@H]2CCCN2C1=O,1.7-23,1396,-5.9,6,6,Circle,0.19134,0.0349931,-24.8144,9.796,8.53,1.266,0.183001,0.0392716,9.542,8.387,1.155,22,77,train,train,train,train,train,train,train,train,train,train
1395,2016_Furukawa,CCCC[C@@H]1NC(=O)[C@H](CC(C)C)N(C)C(=O)CN(Cc2ccccc2)C(=O)[C@H](Cc2ccccc2)NC(=O)CN(CCCCc2ccccc2)C(=O)[C@H]2CCCN2C1=O,1.7-22,1395,-8.45,6,6,Circle,0.231,0.0498372,-22.7155,9.8,8.793,1.007,0.21594,0.0468695,9.422,8.539,0.883,85,86,val,train,train,train,train,val,train,train,train,train
1394,2016_Furukawa,CCCC[C@@H]1NC(=O)[C@H](CC(C)C)N(C)C(=O)CN(CCCc2cnn(C)c2)C(=O)[C@H](CC(C)C)NC(=O)CN(CCCCc2ccccc2)C(=O)[C@H]2CCCN2C1=O,1.7-21,1394,-5.83,6,6,Circle,0.259274,0.044094,-25.2186,10.036,8.83,1.206,0.16996,0.0376854,9.173,8.212,0.961,58,28,train,train,train,train,train,test,val,train,train,train
1393,2016_Furukawa,CCCC[C@@H]1NC(=O)[C@H](CC(C)C)N(C)C(=O)CN(CCOc2ccccc2)C(=O)[C@H](CC(C)C)NC(=O)CN(CCCCc2ccccc2)C(=O)[C@H]2CCCN2C1=O,1.7-20,1393,-7.39,6,6,Circle,0.201862,0.0419367,-19.7285,9.627,8.654,0.973,0.185813,0.0395968,9.514,8.562,0.952,29,55,train,train,train,test,train,train,train,train,train,test
1392,2016_Furukawa,CCCC[C@@H]1NC(=O)[C@H](CC(C)C)N(C)C(=O)CN(CCCc2ccccc2)C(=O)[C@H](CC(C)C)NC(=O)CN(CCCCc2ccccc2)C(=O)[C@H]2CCCN2C1=O,1.7-19,1392,-10.0,6,6,Circle,0.2083,0.0518521,-19.2603,9.694,8.749,0.945,0.2044,0.0461689,9.828,8.807,1.021,87,75,train,train,train,train,train,train,train,train,train,test
1391,2016_Furukawa,CCCC[C@@H]1NC(=O)[C@H](CC(C)C)N(C)C(=O)CN(CCc2cccnc2)C(=O)[C@H](CC(C)C)NC(=O)CN(CCCCc2ccccc2)C(=O)[C@H]2CCCN2C1=O,1.7-18,1391,-5.68,6,6,Circle,0.21232,0.0559634,-24.2627,9.578,8.458,1.12,0.177857,0.0385138,9.444,8.403,1.041,63,19,train,train,train,test,train,val,test,train,train,test
1390,2016_Furukawa,CCCCCN1CC(=O)N(C)[C@@H](CC(C)C)C(=O)N[C@@H](CCCC)C(=O)N2CCC[C@@H]2C(=O)N(CCCCc2ccccc2)CC(=O)N[C@@H](Cc2ccccc2)C1=O,1.7-17,1390,-8.51,6,6,Circle,0.206757,0.0419815,-17.0739,9.673,8.727,0.946,0.193832,0.0396484,9.489,8.553,0.936,59,61,train,train,test,train,train,train,train,train,train,val
1389,2016_Furukawa,CCCC[C@@H]1NC(=O)[C@H](CC(C)C)N(C)C(=O)CN(CC2CCOCC2)C(=O)[C@H](CC(C)C)NC(=O)CN(CCCCc2ccccc2)C(=O)[C@H]2CCCN2C1=O,1.7-16,1389,-5.36,6,6,Circle,0.20025,0.0380129,-21.6748,9.688,8.508,1.18,0.168579,0.0430082,9.306,8.278,1.028,97,61,train,train,val,train,train,train,train,train,train,train
1388,2016_Furukawa,CCCC[C@@H]1NC(=O)[C@H](CC(C)C)N(C)C(=O)CN(CC2CCCCC2)C(=O)[C@H](CC(C)C)NC(=O)CN(CCCCc2ccccc2)C(=O)[C@H]2CCCN2C1=O,1.7-15,1388,-8.15,6,6,Circle,0.153089,0.037794,-15.2435,9.399,8.443,0.956,0.187976,0.0421193,9.955,8.788,1.167,66,100,train,train,train,train,train,val,train,train,train,train
1387,2016_Furukawa,CCCC[C@@H]1NC(=O)[C@H](CC(C)C)N(C)C(=O)CN(CCOC)C(=O)[C@H](Cc2ccccc2)NC(=O)CN(CCCCc2ccccc2)C(=O)[C@H]2CCCN2C1=O,1.7-14,1387,-6.3,6,6,Circle,0.210957,0.0448635,-23.3436,9.729,8.573,1.156,0.178962,0.0400292,9.43,8.415,1.015,47,63,val,train,train,train,test,test,train,val,train,test
1386,2016_Furukawa,CCCC[C@@H]1NC(=O)[C@H](CC(C)C)N(C)C(=O)CN(Cc2ccccc2)C(=O)[C@H](CC(C)C)NC(=O)CN(CCCCc2ccccc2)C(=O)[C@H]2CCCN2C1=O,1.7-13,1386,-7.53,6,6,Circle,0.242294,0.0561931,-21.8037,9.459,8.425,1.034,0.182982,0.0440312,9.176,8.286,0.89,78,52,train,test,train,train,train,train,train,train,train,test
1385,2016_Furukawa,CCCC[C@@H]1NC(=O)[C@H](CC(C)C)N(C)C(=O)CN(CCCN2CCCC2=O)C(=O)[C@H](C)NC(=O)CN(CCCCc2ccccc2)C(=O)[C@H]2CCCN2C1=O,1.7-12,1385,-6.22,6,6,Circle,0.216703,0.0358747,-26.9591,9.375,7.996,1.379,0.138614,0.0341709,8.963,7.708,1.255,63,18,train,train,train,train,train,train,train,train,train,train
1384,2016_Furukawa,CCCC[C@@H]1NC(=O)[C@H](CC(C)C)N(C)C(=O)CN(CCCc2cnn(C)c2)C(=O)[C@H](C)NC(=O)CN(CCCCc2ccccc2)C(=O)[C@H]2CCCN2C1=O,1.7-11,1384,-5.62,6,6,Circle,0.213682,0.052319,-23.7929,9.106,7.982,1.124,0.151098,0.0387578,8.64,7.644,0.996,57,38,test,train,test,train,val,train,train,train,val,train
1383,2016_Furukawa,CCCC[C@@H]1NC(=O)[C@H](CC(C)C)N(C)C(=O)CN(CCOc2ccccc2)C(=O)[C@H](C)NC(=O)CN(CCCCc2ccccc2)C(=O)[C@H]2CCCN2C1=O,1.7-10,1383,-6.26,6,6,Circle,0.226355,0.0544725,-24.5349,9.567,8.389,1.178,0.169161,0.0346531,8.901,7.891,1.01,3,22,train,train,train,test,train,train,train,train,test,train
1382,2016_Furukawa,CCCC[C@@H]1NC(=O)[C@H](CC(C)C)N(C)C(=O)CN(CCCc2ccccc2)C(=O)[C@H](C)NC(=O)CN(CCCCc2ccccc2)C(=O)[C@H]2CCCN2C1=O,1.7-09,1382,-6.12,6,6,Circle,0.24147,0.0446211,-22.71,9.646,8.512,1.134,0.197008,0.0356742,8.922,8.002,0.92,9,34,val,train,val,train,train,val,train,train,train,test
1381,2016_Furukawa,CCCCCN1CC(=O)N(C)[C@@H](CC(C)C)C(=O)N[C@@H](CCCC)C(=O)N2CCC[C@@H]2C(=O)N(CCCCc2ccccc2)CC(=O)N[C@@H](CC(C)C)C1=O,1.7-08,1381,-6.71,6,6,Circle,0.216521,0.0473659,-17.1181,9.712,8.634,1.078,0.194628,0.0452704,9.743,8.667,1.076,3,6,train,train,train,train,train,train,train,test,val,train
1380,2016_Furukawa,CCCC[C@@H]1NC(=O)[C@H](CC(C)C)N(C)C(=O)CN(CCc2cccnc2)C(=O)[C@H](C)NC(=O)CN(CCCCc2ccccc2)C(=O)[C@H]2CCCN2C1=O,1.7-07,1380,-5.57,6,6,Circle,0.212261,0.0535373,-24.1444,8.972,7.855,1.117,0.221661,0.0366997,8.894,7.829,1.065,33,59,train,train,train,train,train,train,test,train,val,val
1379,2016_Furukawa,CCCC[C@@H]1NC(=O)[C@H](CC(C)C)N(C)C(=O)CN(CCOC)C(=O)[C@H](CC(C)C)NC(=O)CN(CCCCc2ccccc2)C(=O)[C@H]2CCCN2C1=O,1.7-06,1379,-5.75,6,6,Circle,0.19101,0.0571831,-19.1697,9.102,8.047,1.055,0.168378,0.0381072,8.972,7.985,0.987,22,32,train,train,train,train,test,test,train,train,train,train
1378,2016_Furukawa,CCCC[C@@H]1NC(=O)[C@H](CC(C)C)N(C)C(=O)CN(CC2CCOCC2)C(=O)[C@H](C)NC(=O)CN(CCCCc2ccccc2)C(=O)[C@H]2CCCN2C1=O,1.7-05,1378,-5.3,6,6,Circle,0.204264,0.0605501,-24.0496,9.037,7.766,1.271,0.161307,0.0423887,8.758,7.655,1.103,64,42,train,train,train,train,train,train,train,train,train,train
1377,2016_Furukawa,CCCC[C@@H]1NC(=O)[C@H](CC(C)C)N(C)C(=O)CN(CC2CCCCC2)C(=O)[C@H](C)NC(=O)CN(CCCCc2ccccc2)C(=O)[C@H]2CCCN2C1=O,1.7-04,1377,-6.24,6,6,Circle,0.181422,0.0393747,-17.424,9.026,7.972,1.054,0.164697,0.0331448,8.67,7.743,0.927,32,47,train,train,train,test,train,train,train,test,train,train
1376,2016_Furukawa,CCCC[C@@H]1NC(=O)[C@H](CC(C)C)N(C)C(=O)CN(Cc2ccccc2)C(=O)[C@H](C)NC(=O)CN(CCCCc2ccccc2)C(=O)[C@H]2CCCN2C1=O,1.7-03,1376,-5.77,6,6,Circle,0.210588,0.0647774,-25.7837,9.286,8.051,1.235,0.181504,0.0390193,8.775,7.778,0.997,60,14,train,val,train,train,val,train,train,train,train,train
1375,2016_Furukawa,CCCCCN1CC(=O)N(C)[C@@H](CC(C)C)C(=O)N[C@@H](CCCC)C(=O)N2CCC[C@@H]2C(=O)N(CCCCc2ccccc2)CC(=O)N[C@@H](C)C1=O,1.7-02,1375,-5.6,6,6,Circle,0.20213,0.0608185,-20.6146,9.283,8.053,1.23,0.159903,0.0342763,8.716,7.745,0.971,99,20,train,train,train,train,train,train,test,test,train,train
1374,2016_Furukawa,CCCC[C@@H]1NC(=O)[C@H](CC(C)C)N(C)C(=O)CN(CCOC)C(=O)[C@H](C)NC(=O)CN(CCCCc2ccccc2)C(=O)[C@H]2CCCN2C1=O,1.7-01,1374,-5.19,6,6,Circle,0.158104,0.0415459,-20.4968,8.523,7.421,1.102,0.118312,0.0333046,8.241,7.212,1.029,42,89,train,train,train,train,train,train,train,test,train,train
1373,2016_Furukawa,CCCC[C@@H]1NC(=O)[C@H](CC(C)C)N(C)C(=O)CN(CCCN2CCCC2=O)C(=O)[C@H](Cc2ccc3ccccc3c2)NC(=O)CN(Cc2ccc(Cl)cc2)C(=O)[C@H]2CCCN2C1=O,1.6-40,1373,-7.11,6,6,Circle,0.193193,0.0463261,-27.8095,10.126,8.761,1.365,0.128458,0.0376794,9.914,8.794,1.12,13,57,train,val,train,train,train,train,val,train,train,test
1372,2016_Furukawa,CCCC[C@@H]1NC(=O)[C@H](CC(C)C)N(C)C(=O)CN(CCCc2cnn(C)c2)C(=O)[C@H](Cc2ccc3ccccc3c2)NC(=O)CN(Cc2ccc(Cl)cc2)C(=O)[C@H]2CCCN2C1=O,1.6-39,1372,-7.99,6,6,Circle,0.202861,0.0484096,-24.0075,9.888,8.752,1.136,0.222908,0.0485927,9.867,8.824,1.043,49,45,train,train,train,train,train,test,test,train,train,train
1371,2016_Furukawa,CCCC[C@@H]1NC(=O)[C@H](CC(C)C)N(C)C(=O)CN(CCOc2ccccc2)C(=O)[C@H](Cc2ccc3ccccc3c2)NC(=O)CN(Cc2ccc(Cl)cc2)C(=O)[C@H]2CCCN2C1=O,1.6-38,1371,-9.41,6,6,Circle,0.242867,0.0564104,-22.0303,10.013,8.936,1.077,0.142655,0.0351682,10.06,9.118,0.942,47,84,train,train,test,train,train,train,train,train,train,train
1370,2016_Furukawa,CCCC[C@@H]1NC(=O)[C@H](CC(C)C)N(C)C(=O)CN(CCCc2ccccc2)C(=O)[C@H](Cc2ccc3ccccc3c2)NC(=O)CN(Cc2ccc(Cl)cc2)C(=O)[C@H]2CCCN2C1=O,1.6-37,1370,-10.0,6,6,Circle,0.201084,0.0468226,-20.7341,10.106,9.104,1.002,0.154058,0.0394224,10.163,9.14,1.023,75,92,train,train,train,train,train,train,train,train,train,train
1369,2016_Furukawa,CCCC[C@@H]1NC(=O)[C@H](CC(C)C)N(C)C(=O)CN(CCc2cccnc2)C(=O)[C@H](Cc2ccc3ccccc3c2)NC(=O)CN(Cc2ccc(Cl)cc2)C(=O)[C@H]2CCCN2C1=O,1.6-36,1369,-8.45,6,6,Circle,0.214506,0.050682,-25.6824,9.783,8.693,1.09,0.122915,0.0383634,9.866,8.815,1.051,38,62,train,val,train,train,train,train,train,train,test,train
1368,2016_Furukawa,CCCC[C@@H]1NC(=O)[C@H](CC(C)C)N(C)C(=O)CN(CC2CCOCC2)C(=O)[C@H](Cc2ccc3ccccc3c2)NC(=O)CN(Cc2ccc(Cl)cc2)C(=O)[C@H]2CCCN2C1=O,1.6-35,1368,-7.82,6,6,Circle,0.191151,0.0459557,-21.4975,9.586,8.457,1.129,0.170323,0.0489568,9.667,8.558,1.109,72,7,train,val,train,train,train,train,train,train,train,train
1367,2016_Furukawa,CCCC[C@@H]1NC(=O)[C@H](CC(C)C)N(C)C(=O)CN(CC2CCCCC2)C(=O)[C@H](Cc2ccc3ccccc3c2)NC(=O)CN(Cc2ccc(Cl)cc2)C(=O)[C@H]2CCCN2C1=O,1.6-34,1367,-10.0,6,6,Circle,0.142297,0.0397052,-16.6939,9.492,8.525,0.967,0.164814,0.0466438,9.755,8.75,1.005,65,54,train,train,train,val,train,val,train,train,val,train
1366,2016_Furukawa,CCCC[C@@H]1NC(=O)[C@H](CC(C)C)N(C)C(=O)CN(Cc2ccccc2)C(=O)[C@H](Cc2ccc3ccccc3c2)NC(=O)CN(Cc2ccc(Cl)cc2)C(=O)[C@H]2CCCN2C1=O,1.6-33,1366,-9.46,6,6,Circle,0.15645,0.0451081,-19.6438,9.431,8.448,0.983,0.142262,0.0372964,9.777,8.766,1.011,89,58,train,train,val,train,train,train,train,test,test,train
1365,2016_Furukawa,CCCC[C@@H]1NC(=O)[C@H](CC(C)C)N(C)C(=O)CN(CCCN2CCCC2=O)C(=O)[C@H](Cc2ccccc2)NC(=O)CN(Cc2ccc(Cl)cc2)C(=O)[C@H]2CCCN2C1=O,1.6-32,1365,-5.78,6,6,Circle,0.214496,0.0449943,-28.6151,9.774,8.41,1.364,0.11919,0.0368412,9.386,8.246,1.14,45,80,train,val,train,train,train,train,train,train,train,train
1364,2016_Furukawa,CCCC[C@@H]1NC(=O)[C@H](CC(C)C)N(C)C(=O)CN(CCCc2cnn(C)c2)C(=O)[C@H](Cc2ccccc2)NC(=O)CN(Cc2ccc(Cl)cc2)C(=O)[C@H]2CCCN2C1=O,1.6-31,1364,-6.11,6,6,Circle,0.210684,0.0561416,-23.998,9.465,8.378,1.087,0.18653,0.0446704,9.211,8.19,1.021,20,61,test,train,train,train,train,train,train,train,train,train
1363,2016_Furukawa,CCCCCN1CC(=O)N(C)[C@@H](CC(C)C)C(=O)N[C@@H](CCCC)C(=O)N2CCC[C@@H]2C(=O)N(Cc2ccc(Cl)cc2)CC(=O)N[C@@H](Cc2ccc3ccccc3c2)C1=O,1.6-30,1363,-10.0,6,6,Circle,0.193875,0.0479768,-18.0751,9.63,8.608,1.022,0.123803,0.0371725,10.092,9.124,0.968,84,46,train,train,train,train,train,train,val,train,test,train
1362,2016_Furukawa,CCCC[C@@H]1NC(=O)[C@H](CC(C)C)N(C)C(=O)CN(CCOc2ccccc2)C(=O)[C@H](Cc2ccccc2)NC(=O)CN(Cc2ccc(Cl)cc2)C(=O)[C@H]2CCCN2C1=O,1.6-29,1362,-8.36,6,6,Circle,0.219652,0.0601708,-22.7685,9.566,8.559,1.007,0.21005,0.0484891,9.666,8.64,1.026,99,4,test,train,train,train,test,test,train,train,train,val
1361,2016_Furukawa,CCCC[C@@H]1NC(=O)[C@H](CC(C)C)N(C)C(=O)CN(CCCc2ccccc2)C(=O)[C@H](Cc2ccccc2)NC(=O)CN(Cc2ccc(Cl)cc2)C(=O)[C@H]2CCCN2C1=O,1.6-28,1361,-8.47,6,6,Circle,0.198493,0.0521916,-21.3978,9.414,8.416,0.998,0.241294,0.0482275,9.555,8.569,0.986,100,70,train,train,train,train,test,train,train,train,test,train
1360,2016_Furukawa,CCCC[C@@H]1NC(=O)[C@H](CC(C)C)N(C)C(=O)CN(CCOC)C(=O)[C@H](Cc2ccc3ccccc3c2)NC(=O)CN(Cc2ccc(Cl)cc2)C(=O)[C@H]2CCCN2C1=O,1.6-27,1360,-7.82,6,6,Circle,0.225825,0.0501508,-23.7284,9.558,8.454,1.104,0.159365,0.0448456,9.357,8.27,1.087,33,18,test,train,train,train,train,train,train,train,val,train
1359,2016_Furukawa,CCCC[C@@H]1NC(=O)[C@H](CC(C)C)N(C)C(=O)CN(CCc2cccnc2)C(=O)[C@H](Cc2ccccc2)NC(=O)CN(Cc2ccc(Cl)cc2)C(=O)[C@H]2CCCN2C1=O,1.6-26,1359,-6.12,6,6,Circle,0.193632,0.0467616,-22.2529,9.277,8.214,1.063,0.206444,0.0450125,9.279,8.205,1.074,98,72,train,train,train,train,train,train,train,train,train,train
1358,2016_Furukawa,CCCC[C@@H]1NC(=O)[C@H](CC(C)C)N(C)C(=O)CN(CC2CCOCC2)C(=O)[C@H](Cc2ccccc2)NC(=O)CN(Cc2ccc(Cl)cc2)C(=O)[C@H]2CCCN2C1=O,1.6-25,1358,-6.0,6,6,Circle,0.164504,0.0414298,-20.8595,9.253,8.137,1.116,0.120522,0.0406884,9.003,7.906,1.097,92,68,train,train,train,train,train,train,train,train,val,train
1357,2016_Furukawa,CCCC[C@@H]1NC(=O)[C@H](CC(C)C)N(C)C(=O)CN(CC2CCCCC2)C(=O)[C@H](Cc2ccccc2)NC(=O)CN(Cc2ccc(Cl)cc2)C(=O)[C@H]2CCCN2C1=O,1.6-24,1357,-8.61,6,6,Circle,0.147803,0.0404207,-16.6841,9.283,8.305,0.978,0.201726,0.041552,9.259,8.262,0.997,44,82,test,train,train,train,train,train,test,train,val,train
1356,2016_Furukawa,CCCC[C@@H]1NC(=O)[C@H](CC(C)C)N(C)C(=O)CN(CCCN2CCCC2=O)C(=O)[C@H](CC(C)C)NC(=O)CN(Cc2ccc(Cl)cc2)C(=O)[C@H]2CCCN2C1=O,1.6-23,1356,-5.68,6,6,Circle,0.214053,0.0538524,-29.5117,9.756,8.284,1.472,0.13902,0.0417464,9.16,7.936,1.224,46,70,train,train,train,test,train,train,train,train,train,train
1355,2016_Furukawa,CCCC[C@@H]1NC(=O)[C@H](CC(C)C)N(C)C(=O)CN(Cc2ccccc2)C(=O)[C@H](Cc2ccccc2)NC(=O)CN(Cc2ccc(Cl)cc2)C(=O)[C@H]2CCCN2C1=O,1.6-22,1355,-8.11,6,6,Circle,0.186244,0.0547422,-21.7219,9.339,8.373,0.966,0.190301,0.041768,9.284,8.319,0.965,100,75,train,train,train,test,train,train,test,train,train,train
1354,2016_Furukawa,CCCC[C@@H]1NC(=O)[C@H](CC(C)C)N(C)C(=O)CN(CCCc2cnn(C)c2)C(=O)[C@H](CC(C)C)NC(=O)CN(Cc2ccc(Cl)cc2)C(=O)[C@H]2CCCN2C1=O,1.6-21,1354,-5.52,6,6,Circle,0.225319,0.0600638,-25.9456,9.604,8.391,1.213,0.189443,0.0434037,9.335,8.209,1.126,19,48,train,train,train,val,train,train,train,train,train,train
1353,2016_Furukawa,CCCC[C@@H]1NC(=O)[C@H](CC(C)C)N(C)C(=O)CN(CCOc2ccccc2)C(=O)[C@H](CC(C)C)NC(=O)CN(Cc2ccc(Cl)cc2)C(=O)[C@H]2CCCN2C1=O,1.6-20,1353,-7.56,6,6,Circle,0.220346,0.0541058,-23.7006,9.696,8.523,1.173,0.215741,0.0472012,9.391,8.337,1.054,44,42,val,val,train,train,train,train,train,train,train,val
1352,2016_Furukawa,CCCC[C@@H]1NC(=O)[C@H](CC(C)C)N(C)C(=O)CN(CCCc2ccccc2)C(=O)[C@H](CC(C)C)NC(=O)CN(Cc2ccc(Cl)cc2)C(=O)[C@H]2CCCN2C1=O,1.6-19,1352,-7.97,6,6,Circle,0.227241,0.0640118,-21.342,9.652,8.559,1.093,0.182582,0.0449695,9.309,8.375,0.934,4,4,train,train,val,train,train,train,train,train,train,train
1351,2016_Furukawa,CCCC[C@@H]1NC(=O)[C@H](CC(C)C)N(C)C(=O)CN(CCc2cccnc2)C(=O)[C@H](CC(C)C)NC(=O)CN(Cc2ccc(Cl)cc2)C(=O)[C@H]2CCCN2C1=O,1.6-18,1351,-5.36,6,6,Circle,0.203568,0.0520501,-22.6407,9.22,8.079,1.141,0.210254,0.0485686,9.125,8.023,1.102,41,15,train,train,train,train,test,train,train,train,val,train
1350,2016_Furukawa,CCCCCN1CC(=O)N(C)[C@@H](CC(C)C)C(=O)N[C@@H](CCCC)C(=O)N2CCC[C@@H]2C(=O)N(Cc2ccc(Cl)cc2)CC(=O)N[C@@H](Cc2ccccc2)C1=O,1.6-17,1350,-8.04,6,6,Circle,0.19591,0.0543505,-18.2432,9.363,8.31,1.053,0.174738,0.0465586,9.134,8.186,0.948,50,71,train,train,train,train,train,test,train,train,train,train
1349,2016_Furukawa,CCCC[C@@H]1NC(=O)[C@H](CC(C)C)N(C)C(=O)CN(CC2CCOCC2)C(=O)[C@H](CC(C)C)NC(=O)CN(Cc2ccc(Cl)cc2)C(=O)[C@H]2CCCN2C1=O,1.6-16,1349,-5.22,6,6,Circle,0.177938,0.046174,-21.4886,9.312,8.115,1.197,0.169502,0.0449276,8.902,7.838,1.064,87,87,train,test,train,train,train,train,val,train,train,train
1348,2016_Furukawa,CCCC[C@@H]1NC(=O)[C@H](CC(C)C)N(C)C(=O)CN(CC2CCCCC2)C(=O)[C@H](CC(C)C)NC(=O)CN(Cc2ccc(Cl)cc2)C(=O)[C@H]2CCCN2C1=O,1.6-15,1348,-7.1,6,6,Circle,0.149322,0.0435131,-15.86,9.222,8.202,1.02,0.180064,0.0491939,9.21,8.204,1.006,39,17,test,train,train,train,train,train,train,train,val,train
1347,2016_Furukawa,CCCC[C@@H]1NC(=O)[C@H](CC(C)C)N(C)C(=O)CN(CCOC)C(=O)[C@H](Cc2ccccc2)NC(=O)CN(Cc2ccc(Cl)cc2)C(=O)[C@H]2CCCN2C1=O,1.6-14,1347,-5.94,6,6,Circle,0.195812,0.0600885,-23.296,9.177,8.071,1.106,0.180771,0.0446573,8.908,7.829,1.079,27,96,train,val,train,test,train,train,train,train,train,train
1346,2016_Furukawa,CCCC[C@@H]1NC(=O)[C@H](CC(C)C)N(C)C(=O)CN(Cc2ccccc2)C(=O)[C@H](CC(C)C)NC(=O)CN(Cc2ccc(Cl)cc2)C(=O)[C@H]2CCCN2C1=O,1.6-13,1346,-6.63,6,6,Circle,0.195909,0.0617645,-22.8929,9.188,8.094,1.094,0.161337,0.0463819,8.796,7.829,0.967,100,27,train,train,train,train,train,test,train,train,test,train
1345,2016_Furukawa,CCCC[C@@H]1NC(=O)[C@H](CC(C)C)N(C)C(=O)CN(CCCN2CCCC2=O)C(=O)[C@H](C)NC(=O)CN(Cc2ccc(Cl)cc2)C(=O)[C@H]2CCCN2C1=O,1.6-12,1345,-6.44,6,6,Circle,0.180845,0.0410872,-29.3089,9.1,7.63,1.47,0.143367,0.0399311,8.814,7.549,1.265,46,92,train,train,train,train,train,train,train,train,train,train
1344,2016_Furukawa,CCCC[C@@H]1NC(=O)[C@H](CC(C)C)N(C)C(=O)CN(CCCc2cnn(C)c2)C(=O)[C@H](C)NC(=O)CN(Cc2ccc(Cl)cc2)C(=O)[C@H]2CCCN2C1=O,1.6-11,1344,-5.56,6,6,Circle,0.192457,0.0522472,-25.1383,8.972,7.76,1.212,0.198904,0.0531833,8.837,7.734,1.103,4,57,val,train,train,val,train,train,test,train,train,train
1343,2016_Furukawa,CCCC[C@@H]1NC(=O)[C@H](CC(C)C)N(C)C(=O)CN(CCOc2ccccc2)C(=O)[C@H](C)NC(=O)CN(Cc2ccc(Cl)cc2)C(=O)[C@H]2CCCN2C1=O,1.6-10,1343,-6.3,6,6,Circle,0.197776,0.0535799,-23.9609,9.085,7.921,1.164,0.207788,0.0469948,9.025,7.889,1.136,38,70,train,train,train,val,val,train,train,train,train,train
1342,2016_Furukawa,CCCC[C@@H]1NC(=O)[C@H](CC(C)C)N(C)C(=O)CN(CCCc2ccccc2)C(=O)[C@H](C)NC(=O)CN(Cc2ccc(Cl)cc2)C(=O)[C@H]2CCCN2C1=O,1.6-09,1342,-6.0,6,6,Circle,0.202352,0.0435498,-22.9397,9.253,8.095,1.158,0.185747,0.0366953,8.867,7.845,1.022,100,39,test,train,train,train,train,train,train,val,train,train
1341,2016_Furukawa,CCCCCN1CC(=O)N(C)[C@@H](CC(C)C)C(=O)N[C@@H](CCCC)C(=O)N2CCC[C@@H]2C(=O)N(Cc2ccc(Cl)cc2)CC(=O)N[C@@H](CC(C)C)C1=O,1.6-08,1341,-7.39,6,6,Circle,0.191075,0.0555176,-18.0496,9.244,8.151,1.093,0.169601,0.045661,8.833,7.831,1.002,71,52,train,train,train,val,train,train,train,train,train,train
1340,2016_Furukawa,CCCC[C@@H]1NC(=O)[C@H](CC(C)C)N(C)C(=O)CN(CCc2cccnc2)C(=O)[C@H](C)NC(=O)CN(Cc2ccc(Cl)cc2)C(=O)[C@H]2CCCN2C1=O,1.6-07,1340,-5.65,6,6,Circle,0.206761,0.0497093,-24.2552,8.731,7.526,1.205,0.204355,0.0485109,8.674,7.47,1.204,6,50,val,train,train,train,train,train,train,train,train,train
1339,2016_Furukawa,CCCC[C@@H]1NC(=O)[C@H](CC(C)C)N(C)C(=O)CN(CCOC)C(=O)[C@H](CC(C)C)NC(=O)CN(Cc2ccc(Cl)cc2)C(=O)[C@H]2CCCN2C1=O,1.6-06,1339,-5.34,6,6,Circle,0.175144,0.0568583,-22.8757,8.804,7.648,1.156,0.162292,0.0476139,8.583,7.506,1.077,3,3,train,train,train,train,train,train,test,train,val,train
1338,2016_Furukawa,CCCC[C@@H]1NC(=O)[C@H](CC(C)C)N(C)C(=O)CN(CC2CCOCC2)C(=O)[C@H](C)NC(=O)CN(Cc2ccc(Cl)cc2)C(=O)[C@H]2CCCN2C1=O,1.6-05,1338,-5.39,6,6,Circle,0.151962,0.0417478,-21.754,8.653,7.43,1.223,0.170164,0.045095,8.666,7.443,1.223,77,22,val,train,train,train,train,train,test,train,train,train
1337,2016_Furukawa,CCCC[C@@H]1NC(=O)[C@H](CC(C)C)N(C)C(=O)CN(CC2CCCCC2)C(=O)[C@H](C)NC(=O)CN(Cc2ccc(Cl)cc2)C(=O)[C@H]2CCCN2C1=O,1.6-04,1337,-6.01,6,6,Circle,0.137868,0.0424552,-17.6985,8.669,7.579,1.09,0.190186,0.0449629,8.661,7.573,1.088,4,36,train,train,train,train,val,train,train,train,test,test
1336,2016_Furukawa,CCCC[C@@H]1NC(=O)[C@H](CC(C)C)N(C)C(=O)CN(Cc2ccccc2)C(=O)[C@H](C)NC(=O)CN(Cc2ccc(Cl)cc2)C(=O)[C@H]2CCCN2C1=O,1.6-03,1336,-5.48,6,6,Circle,0.18677,0.0601924,-23.539,8.722,7.581,1.141,0.192904,0.0462385,8.755,7.622,1.133,12,50,train,val,val,train,train,test,train,val,train,val
1335,2016_Furukawa,CCCCCN1CC(=O)N(C)[C@@H](CC(C)C)C(=O)N[C@@H](CCCC)C(=O)N2CCC[C@@H]2C(=O)N(Cc2ccc(Cl)cc2)CC(=O)N[C@@H](C)C1=O,1.6-02,1335,-5.27,6,6,Circle,0.176045,0.0504012,-19.2191,8.64,7.508,1.132,0.172811,0.0462116,8.756,7.618,1.138,16,52,train,train,train,test,train,train,train,train,train,train
1334,2016_Furukawa,CCCC[C@@H]1NC(=O)[C@H](CC(C)C)N(C)C(=O)CN(CCOC)C(=O)[C@H](C)NC(=O)CN(Cc2ccc(Cl)cc2)C(=O)[C@H]2CCCN2C1=O,1.6-01,1334,-5.25,6,6,Circle,0.151638,0.050433,-22.3651,8.333,7.154,1.179,0.185705,0.0474761,8.258,7.066,1.192,22,18,train,val,val,train,train,train,train,train,train,test
1333,2016_Furukawa,CCCC[C@@H]1NC(=O)[C@H](CC(C)C)N(C)C(=O)CN(CCCN2CCCC2=O)C(=O)[C@H](Cc2ccc3ccccc3c2)NC(=O)CN(CCN2CCOCC2)C(=O)[C@H]2CCCN2C1=O,1.5-40,1333,-6.47,6,6,Circle,0.192747,0.0453884,-32.8908,10.065,8.581,1.484,0.1431,0.0387978,9.545,8.374,1.171,35,96,train,train,train,train,train,train,test,train,train,train
1332,2016_Furukawa,CCCC[C@@H]1NC(=O)[C@H](CC(C)C)N(C)C(=O)CN(CCCc2cnn(C)c2)C(=O)[C@H](Cc2ccc3ccccc3c2)NC(=O)CN(CCN2CCOCC2)C(=O)[C@H]2CCCN2C1=O,1.5-39,1332,-6.05,6,6,Circle,0.173931,0.0411636,-25.2433,9.851,8.663,1.188,0.186352,0.0407387,9.782,8.581,1.201,15,30,train,train,test,train,train,train,train,train,val,train
1331,2016_Furukawa,CCCC[C@@H]1NC(=O)[C@H](CC(C)C)N(C)C(=O)CN(CCOc2ccccc2)C(=O)[C@H](Cc2ccc3ccccc3c2)NC(=O)CN(CCN2CCOCC2)C(=O)[C@H]2CCCN2C1=O,1.5-38,1331,-6.5,6,6,Circle,0.241745,0.0435901,-28.8804,10.068,8.877,1.191,0.149526,0.041834,9.903,8.803,1.1,85,87,train,train,train,val,train,train,train,train,train,val
1330,2016_Furukawa,CCCC[C@@H]1NC(=O)[C@H](CC(C)C)N(C)C(=O)CN(CCCc2ccccc2)C(=O)[C@H](Cc2ccc3ccccc3c2)NC(=O)CN(CCN2CCOCC2)C(=O)[C@H]2CCCN2C1=O,1.5-37,1330,-6.37,6,6,Circle,0.196166,0.0449894,-23.0095,9.888,8.8,1.088,0.145828,0.0381936,9.812,8.777,1.035,30,10,val,train,train,test,train,train,train,train,train,train
1329,2016_Furukawa,CCCC[C@@H]1NC(=O)[C@H](CC(C)C)N(C)C(=O)CN(CCc2cccnc2)C(=O)[C@H](Cc2ccc3ccccc3c2)NC(=O)CN(CCN2CCOCC2)C(=O)[C@H]2CCCN2C1=O,1.5-36,1329,-6.02,6,6,Circle,0.148285,0.0477826,-26.2007,9.735,8.509,1.226,0.125982,0.0375438,9.548,8.406,1.142,55,54,train,train,val,val,train,train,test,train,train,train
1328,2016_Furukawa,CCCC[C@@H]1NC(=O)[C@H](CC(C)C)N(C)C(=O)CN(CC2CCOCC2)C(=O)[C@H](Cc2ccc3ccccc3c2)NC(=O)CN(CCN2CCOCC2)C(=O)[C@H]2CCCN2C1=O,1.5-35,1328,-5.84,6,6,Circle,0.150957,0.0422608,-26.8146,9.783,8.444,1.339,0.154573,0.0359422,9.481,8.306,1.175,53,9,val,train,val,train,train,train,train,train,train,test
1327,2016_Furukawa,CCCC[C@@H]1NC(=O)[C@H](CC(C)C)N(C)C(=O)CN(CC2CCCCC2)C(=O)[C@H](Cc2ccc3ccccc3c2)NC(=O)CN(CCN2CCOCC2)C(=O)[C@H]2CCCN2C1=O,1.5-34,1327,-6.42,6,6,Circle,0.129984,0.0426177,-25.4565,9.987,8.73,1.257,0.15619,0.0415615,9.627,8.547,1.08,8,49,val,test,val,train,test,train,train,val,train,test
1326,2016_Furukawa,CCCC[C@@H]1NC(=O)[C@H](CC(C)C)N(C)C(=O)CN(Cc2ccccc2)C(=O)[C@H](Cc2ccc3ccccc3c2)NC(=O)CN(CCN2CCOCC2)C(=O)[C@H]2CCCN2C1=O,1.5-33,1326,-5.92,6,6,Circle,0.179474,0.0444771,-25.4994,9.648,8.545,1.103,0.128871,0.0381273,9.537,8.441,1.096,78,94,train,val,train,train,train,train,train,train,train,train
1325,2016_Furukawa,CCCC[C@@H]1NC(=O)[C@H](CC(C)C)N(C)C(=O)CN(CCCN2CCCC2=O)C(=O)[C@H](Cc2ccccc2)NC(=O)CN(CCN2CCOCC2)C(=O)[C@H]2CCCN2C1=O,1.5-32,1325,-7.35,6,6,Circle,0.188164,0.0420814,-31.3399,9.889,8.422,1.467,0.133842,0.0342588,9.217,7.935,1.282,96,71,train,train,val,train,train,train,test,train,train,test
1324,2016_Furukawa,CCCC[C@@H]1NC(=O)[C@H](CC(C)C)N(C)C(=O)CN(CCCc2cnn(C)c2)C(=O)[C@H](Cc2ccccc2)NC(=O)CN(CCN2CCOCC2)C(=O)[C@H]2CCCN2C1=O,1.5-31,1324,-6.63,6,6,Circle,0.193638,0.0572598,-31.9578,9.776,8.418,1.358,0.209657,0.0437597,9.414,8.222,1.192,81,48,train,val,val,train,train,train,train,val,train,train
1323,2016_Furukawa,CCCCCN1CC(=O)N(C)[C@@H](CC(C)C)C(=O)N[C@@H](CCCC)C(=O)N2CCC[C@@H]2C(=O)N(CCN2CCOCC2)CC(=O)N[C@@H](Cc2ccc3ccccc3c2)C1=O,1.5-30,1323,-5.79,6,6,Circle,0.17606,0.0420291,-22.1975,9.627,8.468,1.159,0.129217,0.0423241,9.507,8.437,1.07,68,28,train,train,train,train,train,train,train,val,train,val
1322,2016_Furukawa,CCCC[C@@H]1NC(=O)[C@H](CC(C)C)N(C)C(=O)CN(CCOc2ccccc2)C(=O)[C@H](Cc2ccccc2)NC(=O)CN(CCN2CCOCC2)C(=O)[C@H]2CCCN2C1=O,1.5-29,1322,-5.76,6,6,Circle,0.21194,0.0549488,-28.3309,9.862,8.641,1.221,0.185486,0.0434057,9.558,8.398,1.16,49,17,train,test,train,train,train,train,train,test,test,train
1321,2016_Furukawa,CCCC[C@@H]1NC(=O)[C@H](CC(C)C)N(C)C(=O)CN(CCCc2ccccc2)C(=O)[C@H](Cc2ccccc2)NC(=O)CN(CCN2CCOCC2)C(=O)[C@H]2CCCN2C1=O,1.5-28,1321,-5.49,6,6,Circle,0.178391,0.0485409,-24.2631,9.748,8.62,1.128,0.176241,0.0458077,9.601,8.585,1.016,32,3,train,train,train,train,train,train,train,train,train,train
1320,2016_Furukawa,CCCC[C@@H]1NC(=O)[C@H](CC(C)C)N(C)C(=O)CN(CCOC)C(=O)[C@H](Cc2ccc3ccccc3c2)NC(=O)CN(CCN2CCOCC2)C(=O)[C@H]2CCCN2C1=O,1.5-27,1320,-5.73,6,6,Circle,0.20038,0.0490186,-29.1149,9.721,8.455,1.266,0.141344,0.0418534,9.251,8.081,1.17,32,88,train,test,train,train,train,train,train,train,train,train
1319,2016_Furukawa,CCCC[C@@H]1NC(=O)[C@H](CC(C)C)N(C)C(=O)CN(CCc2cccnc2)C(=O)[C@H](Cc2ccccc2)NC(=O)CN(CCN2CCOCC2)C(=O)[C@H]2CCCN2C1=O,1.5-26,1319,-6.65,6,6,Circle,0.187353,0.0567145,-29.6673,9.482,8.284,1.198,0.19115,0.0442645,9.152,7.995,1.157,57,40,test,train,train,train,val,train,train,train,test,train
1318,2016_Furukawa,CCCC[C@@H]1NC(=O)[C@H](CC(C)C)N(C)C(=O)CN(CC2CCOCC2)C(=O)[C@H](Cc2ccccc2)NC(=O)CN(CCN2CCOCC2)C(=O)[C@H]2CCCN2C1=O,1.5-25,1318,-6.45,6,6,Circle,0.157337,0.0563942,-27.2559,9.631,8.302,1.329,0.138696,0.0405684,9.561,8.117,1.444,54,100,train,val,val,train,train,train,val,train,train,train
1317,2016_Furukawa,CCCC[C@@H]1NC(=O)[C@H](CC(C)C)N(C)C(=O)CN(CC2CCCCC2)C(=O)[C@H](Cc2ccccc2)NC(=O)CN(CCN2CCOCC2)C(=O)[C@H]2CCCN2C1=O,1.5-24,1317,-5.32,6,6,Circle,0.171196,0.0568387,-22.3721,9.494,8.363,1.131,0.175719,0.0441012,9.316,8.257,1.059,45,54,train,train,train,train,train,train,train,train,train,train
1316,2016_Furukawa,CCCC[C@@H]1NC(=O)[C@H](CC(C)C)N(C)C(=O)CN(CCCN2CCCC2=O)C(=O)[C@H](CC(C)C)NC(=O)CN(CCN2CCOCC2)C(=O)[C@H]2CCCN2C1=O,1.5-23,1316,-7.77,6,6,Circle,0.185349,0.0572226,-31.7182,9.619,8.082,1.537,0.17894,0.0451345,9.008,7.771,1.237,84,8,train,train,train,train,train,train,train,test,train,train
1315,2016_Furukawa,CCCC[C@@H]1NC(=O)[C@H](CC(C)C)N(C)C(=O)CN(Cc2ccccc2)C(=O)[C@H](Cc2ccccc2)NC(=O)CN(CCN2CCOCC2)C(=O)[C@H]2CCCN2C1=O,1.5-22,1315,-5.42,6,6,Circle,0.188109,0.055298,-26.2775,9.482,8.316,1.166,0.167244,0.044355,9.254,8.215,1.039,32,76,test,val,train,test,test,val,train,train,train,train
1314,2016_Furukawa,CCCC[C@@H]1NC(=O)[C@H](CC(C)C)N(C)C(=O)CN(CCCc2cnn(C)c2)C(=O)[C@H](CC(C)C)NC(=O)CN(CCN2CCOCC2)C(=O)[C@H]2CCCN2C1=O,1.5-21,1314,-7.04,6,6,Circle,0.185881,0.0594331,-31.4491,9.504,8.119,1.385,0.156103,0.0383043,9.068,7.85,1.218,59,69,train,train,train,train,train,train,train,train,train,train
1313,2016_Furukawa,CCCC[C@@H]1NC(=O)[C@H](CC(C)C)N(C)C(=O)CN(CCOc2ccccc2)C(=O)[C@H](CC(C)C)NC(=O)CN(CCN2CCOCC2)C(=O)[C@H]2CCCN2C1=O,1.5-20,1313,-5.6,6,6,Circle,0.197558,0.0583664,-25.6564,9.545,8.318,1.227,0.160523,0.0415646,9.149,8.023,1.126,88,55,train,train,test,train,val,train,train,train,test,train
1312,2016_Furukawa,CCCC[C@@H]1NC(=O)[C@H](CC(C)C)N(C)C(=O)CN(CCCc2ccccc2)C(=O)[C@H](CC(C)C)NC(=O)CN(CCN2CCOCC2)C(=O)[C@H]2CCCN2C1=O,1.5-19,1312,-5.31,6,6,Circle,0.187062,0.0529399,-24.4831,9.53,8.357,1.173,0.155506,0.0360684,9.222,8.186,1.036,6,99,train,train,train,train,test,train,train,test,train,train
1311,2016_Furukawa,CCCC[C@@H]1NC(=O)[C@H](CC(C)C)N(C)C(=O)CN(CCc2cccnc2)C(=O)[C@H](CC(C)C)NC(=O)CN(CCN2CCOCC2)C(=O)[C@H]2CCCN2C1=O,1.5-18,1311,-6.58,6,6,Circle,0.141294,0.0441076,-28.4124,9.086,7.847,1.239,0.146038,0.03984,9.015,7.82,1.195,100,95,test,train,train,val,train,train,train,train,train,test
1310,2016_Furukawa,CCCCCN1CC(=O)N(C)[C@@H](CC(C)C)C(=O)N[C@@H](CCCC)C(=O)N2CCC[C@@H]2C(=O)N(CCN2CCOCC2)CC(=O)N[C@@H](Cc2ccccc2)C1=O,1.5-17,1310,-5.28,6,6,Circle,0.18606,0.0474876,-24.3753,9.562,8.352,1.21,0.167508,0.0416035,9.29,8.224,1.066,48,21,train,train,train,val,train,train,train,train,val,train
1309,2016_Furukawa,CCCC[C@@H]1NC(=O)[C@H](CC(C)C)N(C)C(=O)CN(CC2CCOCC2)C(=O)[C@H](CC(C)C)NC(=O)CN(CCN2CCOCC2)C(=O)[C@H]2CCCN2C1=O,1.5-16,1309,-6.87,6,6,Circle,0.11315,0.0390682,-25.7623,9.511,8.135,1.376,0.158979,0.0421905,9.449,8.007,1.442,89,61,train,train,train,train,train,train,train,train,train,train
1308,2016_Furukawa,CCCC[C@@H]1NC(=O)[C@H](CC(C)C)N(C)C(=O)CN(CC2CCCCC2)C(=O)[C@H](CC(C)C)NC(=O)CN(CCN2CCOCC2)C(=O)[C@H]2CCCN2C1=O,1.5-15,1308,-5.18,6,6,Circle,0.138565,0.0528435,-25.6698,9.349,8.03,1.319,0.142804,0.0430986,9.025,7.952,1.073,37,19,train,train,train,train,train,train,train,train,val,train
1307,2016_Furukawa,CCCC[C@@H]1NC(=O)[C@H](CC(C)C)N(C)C(=O)CN(CCOC)C(=O)[C@H](Cc2ccccc2)NC(=O)CN(CCN2CCOCC2)C(=O)[C@H]2CCCN2C1=O,1.5-14,1307,-6.38,6,6,Circle,0.16613,0.0558129,-29.4025,9.446,8.152,1.294,0.155964,0.0415952,8.935,7.781,1.154,50,44,test,train,train,train,train,test,test,train,train,train
1306,2016_Furukawa,CCCC[C@@H]1NC(=O)[C@H](CC(C)C)N(C)C(=O)CN(Cc2ccccc2)C(=O)[C@H](CC(C)C)NC(=O)CN(CCN2CCOCC2)C(=O)[C@H]2CCCN2C1=O,1.5-13,1306,-5.4,6,6,Circle,0.153914,0.0520931,-30.5373,9.232,7.913,1.319,0.138384,0.0448184,8.717,7.685,1.032,24,100,val,train,train,train,train,test,train,train,train,train
1305,2016_Furukawa,CCCC[C@@H]1NC(=O)[C@H](CC(C)C)N(C)C(=O)CN(CCCN2CCCC2=O)C(=O)[C@H](C)NC(=O)CN(CCN2CCOCC2)C(=O)[C@H]2CCCN2C1=O,1.5-12,1305,-9.0,6,6,Circle,0.176287,0.0464475,-32.3228,9.175,7.599,1.576,0.128822,0.043637,8.565,7.278,1.287,14,99,train,train,val,train,test,train,train,test,train,val
1304,2016_Furukawa,CCCC[C@@H]1NC(=O)[C@H](CC(C)C)N(C)C(=O)CN(CCCc2cnn(C)c2)C(=O)[C@H](C)NC(=O)CN(CCN2CCOCC2)C(=O)[C@H]2CCCN2C1=O,1.5-11,1304,-8.2,6,6,Circle,0.207817,0.062788,-33.6081,9.377,7.903,1.474,0.166194,0.0433668,8.472,7.257,1.215,16,75,train,test,train,train,train,val,train,train,train,train
1303,2016_Furukawa,CCCC[C@@H]1NC(=O)[C@H](CC(C)C)N(C)C(=O)CN(CCOc2ccccc2)C(=O)[C@H](C)NC(=O)CN(CCN2CCOCC2)C(=O)[C@H]2CCCN2C1=O,1.5-10,1303,-6.21,6,6,Circle,0.203695,0.0574758,-31.4068,9.214,7.831,1.383,0.14708,0.0388129,8.822,7.591,1.231,69,50,val,train,train,test,train,train,train,train,train,test
1302,2016_Furukawa,CCCC[C@@H]1NC(=O)[C@H](CC(C)C)N(C)C(=O)CN(CCCc2ccccc2)C(=O)[C@H](C)NC(=O)CN(CCN2CCOCC2)C(=O)[C@H]2CCCN2C1=O,1.5-09,1302,-5.86,6,6,Circle,0.201725,0.0507471,-27.446,9.315,8.001,1.314,0.148589,0.0352496,8.748,7.591,1.157,33,66,train,val,train,train,train,train,train,val,train,train
1301,2016_Furukawa,CCCCCN1CC(=O)N(C)[C@@H](CC(C)C)C(=O)N[C@@H](CCCC)C(=O)N2CCC[C@@H]2C(=O)N(CCN2CCOCC2)CC(=O)N[C@@H](CC(C)C)C1=O,1.5-08,1301,-5.27,6,6,Circle,0.156018,0.0597837,-21.7323,9.262,8.025,1.237,0.138711,0.0398957,8.963,7.877,1.086,89,6,train,train,val,train,train,train,train,train,train,test
1300,2016_Furukawa,CCCC[C@@H]1NC(=O)[C@H](CC(C)C)N(C)C(=O)CN(CCc2cccnc2)C(=O)[C@H](C)NC(=O)CN(CCN2CCOCC2)C(=O)[C@H]2CCCN2C1=O,1.5-07,1300,-7.48,6,6,Circle,0.177513,0.0587894,-30.8353,8.816,7.47,1.346,0.12697,0.0360547,8.514,7.31,1.204,18,90,train,val,train,train,val,train,train,train,val,train
1299,2016_Furukawa,CCCC[C@@H]1NC(=O)[C@H](CC(C)C)N(C)C(=O)CN(CCOC)C(=O)[C@H](CC(C)C)NC(=O)CN(CCN2CCOCC2)C(=O)[C@H]2CCCN2C1=O,1.5-06,1299,-6.64,6,6,Circle,0.141493,0.0583834,-26.3257,8.946,7.623,1.323,0.143334,0.0457595,8.775,7.563,1.212,86,92,train,train,train,train,train,val,train,val,train,train
1298,2016_Furukawa,CCCC[C@@H]1NC(=O)[C@H](CC(C)C)N(C)C(=O)CN(CC2CCOCC2)C(=O)[C@H](C)NC(=O)CN(CCN2CCOCC2)C(=O)[C@H]2CCCN2C1=O,1.5-05,1298,-8.28,6,6,Circle,0.136249,0.0419878,-28.0883,9.018,7.569,1.449,0.149833,0.0480701,8.536,7.256,1.28,93,19,train,train,train,train,train,val,train,train,train,train
1297,2016_Furukawa,CCCC[C@@H]1NC(=O)[C@H](CC(C)C)N(C)C(=O)CN(CC2CCCCC2)C(=O)[C@H](C)NC(=O)CN(CCN2CCOCC2)C(=O)[C@H]2CCCN2C1=O,1.5-04,1297,-5.92,6,6,Circle,0.156198,0.0584512,-24.4633,8.816,7.533,1.283,0.148517,0.0478806,8.731,7.539,1.192,100,74,train,test,train,train,train,train,train,train,train,test
1296,2016_Furukawa,CCCC[C@@H]1NC(=O)[C@H](CC(C)C)N(C)C(=O)CN(Cc2ccccc2)C(=O)[C@H](C)NC(=O)CN(CCN2CCOCC2)C(=O)[C@H]2CCCN2C1=O,1.5-03,1296,-6.49,6,6,Circle,0.161457,0.0446346,-26.6473,8.833,7.541,1.292,0.162424,0.0460557,8.623,7.396,1.227,33,50,train,train,train,train,train,train,train,train,train,train
1295,2016_Furukawa,CCCCCN1CC(=O)N(C)[C@@H](CC(C)C)C(=O)N[C@@H](CCCC)C(=O)N2CCC[C@@H]2C(=O)N(CCN2CCOCC2)CC(=O)N[C@@H](C)C1=O,1.5-02,1295,-6.42,6,6,Circle,0.148269,0.0537828,-25.5886,8.978,7.59,1.388,0.138603,0.0361909,8.466,7.295,1.171,100,3,train,train,train,train,train,train,train,train,train,train
1294,2016_Furukawa,CCCC[C@@H]1NC(=O)[C@H](CC(C)C)N(C)C(=O)CN(CCOC)C(=O)[C@H](C)NC(=O)CN(CCN2CCOCC2)C(=O)[C@H]2CCCN2C1=O,1.5-01,1294,-8.12,6,6,Circle,0.158569,0.0623584,-29.0031,8.616,7.173,1.443,0.138716,0.0404145,8.259,6.983,1.276,10,30,test,train,train,train,train,train,train,train,train,train
1293,2016_Furukawa,CCCC[C@@H]1NC(=O)[C@H](CC(C)C)N(C)C(=O)CN(CCCN2CCCC2=O)C(=O)[C@H](Cc2ccc3ccccc3c2)NC(=O)CN(CCCOC(C)C)C(=O)[C@H]2CCCN2C1=O,1.4-40,1293,-5.82,6,6,Circle,0.186477,0.0420666,-28.0589,10.235,8.838,1.397,0.151104,0.0398394,9.555,8.456,1.099,78,45,train,train,train,train,test,train,train,train,train,train
1292,2016_Furukawa,CCCC[C@@H]1NC(=O)[C@H](CC(C)C)N(C)C(=O)CN(CCCc2cnn(C)c2)C(=O)[C@H](Cc2ccc3ccccc3c2)NC(=O)CN(CCCOC(C)C)C(=O)[C@H]2CCCN2C1=O,1.4-39,1292,-5.44,6,6,Circle,0.214573,0.047623,-21.3311,9.965,8.81,1.155,0.21119,0.0483695,10.032,8.921,1.111,30,3,train,train,train,test,train,train,train,train,test,train
1291,2016_Furukawa,CCCC[C@@H]1NC(=O)[C@H](CC(C)C)N(C)C(=O)CN(CCOc2ccccc2)C(=O)[C@H](Cc2ccc3ccccc3c2)NC(=O)CN(CCCOC(C)C)C(=O)[C@H]2CCCN2C1=O,1.4-38,1291,-6.8,6,6,Circle,0.249038,0.0511575,-21.7246,10.077,8.992,1.085,0.173349,0.0428288,9.856,8.88,0.976,91,38,test,train,train,train,train,train,train,train,train,train
1290,2016_Furukawa,CCCC[C@@H]1NC(=O)[C@H](CC(C)C)N(C)C(=O)CN(CCCc2ccccc2)C(=O)[C@H](Cc2ccc3ccccc3c2)NC(=O)CN(CCCOC(C)C)C(=O)[C@H]2CCCN2C1=O,1.4-37,1290,-7.0,6,6,Circle,0.204268,0.0409016,-20.7621,10.299,9.208,1.091,0.162498,0.0401948,9.541,8.712,0.829,73,8,train,test,train,train,train,train,train,train,train,train
1289,2016_Furukawa,CCCC[C@@H]1NC(=O)[C@H](CC(C)C)N(C)C(=O)CN(CCc2cccnc2)C(=O)[C@H](Cc2ccc3ccccc3c2)NC(=O)CN(CCCOC(C)C)C(=O)[C@H]2CCCN2C1=O,1.4-36,1289,-5.32,6,6,Circle,0.211544,0.0453063,-22.8448,9.813,8.685,1.128,0.158892,0.042504,9.466,8.503,0.963,99,97,val,train,train,train,train,train,train,train,train,train
1288,2016_Furukawa,CCCC[C@@H]1NC(=O)[C@H](CC(C)C)N(C)C(=O)CN(CC2CCOCC2)C(=O)[C@H](Cc2ccc3ccccc3c2)NC(=O)CN(CCCOC(C)C)C(=O)[C@H]2CCCN2C1=O,1.4-35,1288,-5.28,6,6,Circle,0.155162,0.0461132,-21.7001,9.859,8.647,1.212,0.143452,0.0438262,9.244,8.261,0.983,20,35,train,test,train,train,train,train,train,train,train,train
1287,2016_Furukawa,CCCC[C@@H]1NC(=O)[C@H](CC(C)C)N(C)C(=O)CN(CC2CCCCC2)C(=O)[C@H](Cc2ccc3ccccc3c2)NC(=O)CN(CCCOC(C)C)C(=O)[C@H]2CCCN2C1=O,1.4-34,1287,-6.98,6,6,Circle,0.154571,0.0451654,-16.5293,9.76,8.726,1.034,0.150055,0.0382769,9.662,8.714,0.948,35,35,train,test,train,train,train,train,train,train,train,train
1286,2016_Furukawa,CCCC[C@@H]1NC(=O)[C@H](CC(C)C)N(C)C(=O)CN(Cc2ccccc2)C(=O)[C@H](Cc2ccc3ccccc3c2)NC(=O)CN(CCCOC(C)C)C(=O)[C@H]2CCCN2C1=O,1.4-33,1286,-6.55,6,6,Circle,0.218216,0.0441051,-23.5156,9.954,8.864,1.09,0.160009,0.0430403,9.283,8.448,0.835,47,86,test,train,train,train,val,train,train,train,train,train
1285,2016_Furukawa,CCCC[C@@H]1NC(=O)[C@H](CC(C)C)N(C)C(=O)CN(CCCN2CCCC2=O)C(=O)[C@H](Cc2ccccc2)NC(=O)CN(CCCOC(C)C)C(=O)[C@H]2CCCN2C1=O,1.4-32,1285,-6.23,6,6,Circle,0.19931,0.0508728,-27.495,9.834,8.483,1.351,0.172409,0.0407463,9.117,8.006,1.111,93,43,train,test,train,train,train,train,train,train,train,train
1284,2016_Furukawa,CCCC[C@@H]1NC(=O)[C@H](CC(C)C)N(C)C(=O)CN(CCCc2cnn(C)c2)C(=O)[C@H](Cc2ccccc2)NC(=O)CN(CCCOC(C)C)C(=O)[C@H]2CCCN2C1=O,1.4-31,1284,-5.33,6,6,Circle,0.194747,0.0619323,-26.9333,9.77,8.541,1.229,0.167705,0.039122,9.129,8.182,0.947,7,94,test,train,train,train,train,train,train,train,train,val
1283,2016_Furukawa,CCCCCN1CC(=O)N(C)[C@@H](CC(C)C)C(=O)N[C@@H](CCCC)C(=O)N2CCC[C@@H]2C(=O)N(CCCOC(C)C)CC(=O)N[C@@H](Cc2ccc3ccccc3c2)C1=O,1.4-30,1283,-7.19,6,6,Circle,0.194175,0.0445697,-18.1191,9.976,8.876,1.1,0.148622,0.0421668,9.492,8.565,0.927,51,53,train,val,train,train,train,train,train,train,train,train
1282,2016_Furukawa,CCCC[C@@H]1NC(=O)[C@H](CC(C)C)N(C)C(=O)CN(CCOc2ccccc2)C(=O)[C@H](Cc2ccccc2)NC(=O)CN(CCCOC(C)C)C(=O)[C@H]2CCCN2C1=O,1.4-29,1282,-5.75,6,6,Circle,0.200582,0.03689,-22.3578,9.817,8.752,1.065,0.179117,0.0416041,9.376,8.438,0.938,40,37,train,train,train,train,train,train,train,train,train,train
1281,2016_Furukawa,CCCC[C@@H]1NC(=O)[C@H](CC(C)C)N(C)C(=O)CN(CCCc2ccccc2)C(=O)[C@H](Cc2ccccc2)NC(=O)CN(CCCOC(C)C)C(=O)[C@H]2CCCN2C1=O,1.4-28,1281,-5.86,6,6,Circle,0.191927,0.0404058,-21.6708,10.082,9.0,1.082,0.171645,0.0374858,9.189,8.356,0.833,31,90,train,test,test,train,train,train,test,train,test,train
1280,2016_Furukawa,CCCC[C@@H]1NC(=O)[C@H](CC(C)C)N(C)C(=O)CN(CCOC)C(=O)[C@H](Cc2ccc3ccccc3c2)NC(=O)CN(CCCOC(C)C)C(=O)[C@H]2CCCN2C1=O,1.4-27,1280,-5.26,6,6,Circle,0.175319,0.0462085,-22.2238,9.525,8.466,1.059,0.144044,0.0431788,9.621,8.502,1.119,65,98,train,train,train,train,train,train,train,train,train,train
1279,2016_Furukawa,CCCC[C@@H]1NC(=O)[C@H](CC(C)C)N(C)C(=O)CN(CCc2cccnc2)C(=O)[C@H](Cc2ccccc2)NC(=O)CN(CCCOC(C)C)C(=O)[C@H]2CCCN2C1=O,1.4-26,1279,-5.51,6,6,Circle,0.191865,0.0561816,-23.0377,9.475,8.413,1.062,0.192195,0.0432538,9.345,8.329,1.016,61,84,train,train,train,train,train,train,val,train,test,train
1278,2016_Furukawa,CCCC[C@@H]1NC(=O)[C@H](CC(C)C)N(C)C(=O)CN(CC2CCOCC2)C(=O)[C@H](Cc2ccccc2)NC(=O)CN(CCCOC(C)C)C(=O)[C@H]2CCCN2C1=O,1.4-25,1278,-5.11,6,6,Circle,0.155814,0.0384545,-22.6379,9.867,8.599,1.268,0.160237,0.03839,9.051,7.994,1.057,85,51,train,train,train,test,train,train,train,train,train,train
1277,2016_Furukawa,CCCC[C@@H]1NC(=O)[C@H](CC(C)C)N(C)C(=O)CN(CC2CCCCC2)C(=O)[C@H](Cc2ccccc2)NC(=O)CN(CCCOC(C)C)C(=O)[C@H]2CCCN2C1=O,1.4-24,1277,-6.11,6,6,Circle,0.170837,0.0498343,-14.4102,9.17,8.152,1.018,0.174064,0.0422344,9.484,8.383,1.101,100,44,train,train,train,train,train,val,train,train,train,train
1276,2016_Furukawa,CCCC[C@@H]1NC(=O)[C@H](CC(C)C)N(C)C(=O)CN(CCCN2CCCC2=O)C(=O)[C@H](CC(C)C)NC(=O)CN(CCCOC(C)C)C(=O)[C@H]2CCCN2C1=O,1.4-23,1276,-6.47,6,6,Circle,0.194981,0.0584429,-28.5261,9.654,8.193,1.461,0.153218,0.0348257,8.892,7.764,1.128,65,76,train,train,train,val,val,train,train,train,train,val
1275,2016_Furukawa,CCCC[C@@H]1NC(=O)[C@H](CC(C)C)N(C)C(=O)CN(Cc2ccccc2)C(=O)[C@H](Cc2ccccc2)NC(=O)CN(CCCOC(C)C)C(=O)[C@H]2CCCN2C1=O,1.4-22,1275,-5.52,6,6,Circle,0.202957,0.0548125,-22.5991,9.579,8.511,1.068,0.16876,0.0407952,8.926,8.055,0.871,31,71,train,train,train,train,train,train,val,train,test,train
1274,2016_Furukawa,CCCC[C@@H]1NC(=O)[C@H](CC(C)C)N(C)C(=O)CN(CCCc2cnn(C)c2)C(=O)[C@H](CC(C)C)NC(=O)CN(CCCOC(C)C)C(=O)[C@H]2CCCN2C1=O,1.4-21,1274,-5.43,6,6,Circle,0.199329,0.0564521,-27.2228,9.698,8.352,1.346,0.196571,0.042025,9.009,8.008,1.001,41,29,train,train,train,train,train,train,train,train,train,train
1273,2016_Furukawa,CCCC[C@@H]1NC(=O)[C@H](CC(C)C)N(C)C(=O)CN(CCOc2ccccc2)C(=O)[C@H](CC(C)C)NC(=O)CN(CCCOC(C)C)C(=O)[C@H]2CCCN2C1=O,1.4-20,1273,-5.5,6,6,Circle,0.215375,0.0604395,-23.2256,9.887,8.692,1.195,0.179471,0.0403506,9.107,8.134,0.973,15,58,test,train,test,train,train,test,test,val,val,train
1272,2016_Furukawa,CCCC[C@@H]1NC(=O)[C@H](CC(C)C)N(C)C(=O)CN(CCCc2ccccc2)C(=O)[C@H](CC(C)C)NC(=O)CN(CCCOC(C)C)C(=O)[C@H]2CCCN2C1=O,1.4-19,1272,-5.6,6,6,Circle,0.198087,0.0609623,-20.5591,9.65,8.536,1.114,0.181141,0.035055,9.188,8.286,0.902,74,75,test,train,test,train,train,train,train,train,test,train
1271,2016_Furukawa,CCCC[C@@H]1NC(=O)[C@H](CC(C)C)N(C)C(=O)CN(CCc2cccnc2)C(=O)[C@H](CC(C)C)NC(=O)CN(CCCOC(C)C)C(=O)[C@H]2CCCN2C1=O,1.4-18,1271,-5.48,6,6,Circle,0.159274,0.0424923,-25.9744,9.205,7.984,1.221,0.180861,0.0457864,9.002,7.937,1.065,13,94,train,val,train,train,train,train,train,test,val,train
1270,2016_Furukawa,CCCCCN1CC(=O)N(C)[C@@H](CC(C)C)C(=O)N[C@@H](CCCC)C(=O)N2CCC[C@@H]2C(=O)N(CCCOC(C)C)CC(=O)N[C@@H](Cc2ccccc2)C1=O,1.4-17,1270,-5.47,6,6,Circle,0.168526,0.0430349,-16.3772,9.521,8.479,1.042,0.165102,0.0385451,9.099,8.211,0.888,76,8,train,train,train,train,train,train,train,train,test,train
1269,2016_Furukawa,CCCC[C@@H]1NC(=O)[C@H](CC(C)C)N(C)C(=O)CN(CC2CCOCC2)C(=O)[C@H](CC(C)C)NC(=O)CN(CCCOC(C)C)C(=O)[C@H]2CCCN2C1=O,1.4-16,1269,-5.14,6,6,Circle,0.15976,0.0525638,-22.6271,9.239,7.993,1.246,0.134573,0.0423439,8.781,7.776,1.005,70,32,train,train,val,train,train,train,train,val,train,train
1268,2016_Furukawa,CCCC[C@@H]1NC(=O)[C@H](CC(C)C)N(C)C(=O)CN(CC2CCCCC2)C(=O)[C@H](CC(C)C)NC(=O)CN(CCCOC(C)C)C(=O)[C@H]2CCCN2C1=O,1.4-15,1268,-5.76,6,6,Circle,0.142521,0.0415666,-18.8546,9.707,8.516,1.191,0.158821,0.03915,8.997,8.049,0.948,74,92,train,train,test,train,test,train,test,train,train,train
1267,2016_Furukawa,CCCC[C@@H]1NC(=O)[C@H](CC(C)C)N(C)C(=O)CN(CCOC)C(=O)[C@H](Cc2ccccc2)NC(=O)CN(CCCOC(C)C)C(=O)[C@H]2CCCN2C1=O,1.4-14,1267,-5.08,6,6,Circle,0.180571,0.0513274,-22.7908,9.404,8.223,1.181,0.185445,0.0402216,9.02,7.966,1.054,86,77,train,val,test,train,test,train,train,train,train,train
1266,2016_Furukawa,CCCC[C@@H]1NC(=O)[C@H](CC(C)C)N(C)C(=O)CN(Cc2ccccc2)C(=O)[C@H](CC(C)C)NC(=O)CN(CCCOC(C)C)C(=O)[C@H]2CCCN2C1=O,1.4-13,1266,-5.17,6,6,Circle,0.179473,0.0607118,-21.788,9.37,8.202,1.168,0.1761,0.0451534,8.765,7.849,0.916,62,26,train,train,train,train,train,test,test,train,test,val
1265,2016_Furukawa,CCCC[C@@H]1NC(=O)[C@H](CC(C)C)N(C)C(=O)CN(CCCN2CCCC2=O)C(=O)[C@H](C)NC(=O)CN(CCCOC(C)C)C(=O)[C@H]2CCCN2C1=O,1.4-12,1265,-7.72,6,6,Circle,0.174831,0.0397461,-29.4913,9.334,7.786,1.548,0.131204,0.0345484,8.677,7.414,1.263,58,90,train,test,train,train,train,train,train,train,train,train
1264,2016_Furukawa,CCCC[C@@H]1NC(=O)[C@H](CC(C)C)N(C)C(=O)CN(CCCc2cnn(C)c2)C(=O)[C@H](C)NC(=O)CN(CCCOC(C)C)C(=O)[C@H]2CCCN2C1=O,1.4-11,1264,-6.67,6,6,Circle,0.212598,0.0492914,-28.6852,9.545,8.113,1.432,0.205041,0.045251,8.664,7.502,1.162,13,28,train,train,train,test,train,train,train,train,train,train
1263,2016_Furukawa,CCCC[C@@H]1NC(=O)[C@H](CC(C)C)N(C)C(=O)CN(CCOc2ccccc2)C(=O)[C@H](C)NC(=O)CN(CCCOC(C)C)C(=O)[C@H]2CCCN2C1=O,1.4-10,1263,-5.06,6,6,Circle,0.196469,0.0644822,-23.2173,9.043,7.868,1.175,0.177799,0.0382792,8.84,7.74,1.1,61,17,train,train,train,train,train,train,train,train,train,train
1262,2016_Furukawa,CCCC[C@@H]1NC(=O)[C@H](CC(C)C)N(C)C(=O)CN(CCCc2ccccc2)C(=O)[C@H](C)NC(=O)CN(CCCOC(C)C)C(=O)[C@H]2CCCN2C1=O,1.4-09,1262,-4.88,6,6,Circle,0.211636,0.0623149,-23.5975,9.319,8.103,1.216,0.176109,0.0341475,8.699,7.711,0.988,63,51,val,train,val,train,train,train,train,train,val,val
1261,2016_Furukawa,CCCCCN1CC(=O)N(C)[C@@H](CC(C)C)C(=O)N[C@@H](CCCC)C(=O)N2CCC[C@@H]2C(=O)N(CCCOC(C)C)CC(=O)N[C@@H](CC(C)C)C1=O,1.4-08,1261,-5.24,6,6,Circle,0.172434,0.057863,-17.8386,9.276,8.137,1.139,0.151473,0.0441635,8.844,7.915,0.929,46,48,train,train,train,train,train,train,test,train,train,train
1260,2016_Furukawa,CCCC[C@@H]1NC(=O)[C@H](CC(C)C)N(C)C(=O)CN(CCc2cccnc2)C(=O)[C@H](C)NC(=O)CN(CCCOC(C)C)C(=O)[C@H]2CCCN2C1=O,1.4-07,1260,-6.74,6,6,Circle,0.164218,0.0490934,-26.6056,8.824,7.583,1.241,0.177899,0.0374958,8.583,7.474,1.109,72,25,train,train,train,test,train,train,test,test,train,train
1259,2016_Furukawa,CCCC[C@@H]1NC(=O)[C@H](CC(C)C)N(C)C(=O)CN(CCOC)C(=O)[C@H](CC(C)C)NC(=O)CN(CCCOC(C)C)C(=O)[C@H]2CCCN2C1=O,1.4-06,1259,-5.05,6,6,Circle,0.166224,0.0605798,-23.4669,9.218,7.918,1.3,0.153767,0.0410395,8.552,7.523,1.029,51,86,val,train,train,train,train,train,train,train,train,train
1258,2016_Furukawa,CCCC[C@@H]1NC(=O)[C@H](CC(C)C)N(C)C(=O)CN(CC2CCOCC2)C(=O)[C@H](C)NC(=O)CN(CCCOC(C)C)C(=O)[C@H]2CCCN2C1=O,1.4-05,1258,-6.47,6,6,Circle,0.139323,0.0411198,-22.5678,9.063,7.728,1.335,0.140981,0.0421987,8.551,7.379,1.172,65,35,train,train,train,train,train,train,train,train,train,train
1257,2016_Furukawa,CCCC[C@@H]1NC(=O)[C@H](CC(C)C)N(C)C(=O)CN(CC2CCCCC2)C(=O)[C@H](C)NC(=O)CN(CCCOC(C)C)C(=O)[C@H]2CCCN2C1=O,1.4-04,1257,-4.81,6,6,Circle,0.165633,0.0586728,-21.4731,8.933,7.71,1.223,0.167473,0.0396678,8.531,7.501,1.03,45,64,train,val,val,val,train,train,train,train,train,train
1256,2016_Furukawa,CCCC[C@@H]1NC(=O)[C@H](CC(C)C)N(C)C(=O)CN(Cc2ccccc2)C(=O)[C@H](C)NC(=O)CN(CCCOC(C)C)C(=O)[C@H]2CCCN2C1=O,1.4-03,1256,-4.97,6,6,Circle,0.170683,0.0561734,-23.298,8.859,7.668,1.191,0.17191,0.0373844,8.445,7.391,1.054,21,28,train,train,train,train,test,train,train,test,train,train
1255,2016_Furukawa,CCCCCN1CC(=O)N(C)[C@@H](CC(C)C)C(=O)N[C@@H](CCCC)C(=O)N2CCC[C@@H]2C(=O)N(CCCOC(C)C)CC(=O)N[C@@H](C)C1=O,1.4-02,1255,-4.88,6,6,Circle,0.170669,0.0579653,-20.7352,8.987,7.728,1.259,0.140378,0.0348173,8.401,7.375,1.026,54,63,train,train,train,train,val,test,train,train,train,train
1254,2016_Furukawa,CCCC[C@@H]1NC(=O)[C@H](CC(C)C)N(C)C(=O)CN(CCOC)C(=O)[C@H](C)NC(=O)CN(CCCOC(C)C)C(=O)[C@H]2CCCN2C1=O,1.4-01,1254,-6.32,6,6,Circle,0.160684,0.0612838,-26.1037,8.725,7.352,1.373,0.168614,0.0391322,8.612,7.327,1.285,31,57,test,val,train,train,test,val,train,train,val,train
1253,2016_Furukawa,CCCC[C@@H]1NC(=O)[C@H](CC(C)C)N(C)C(=O)CN(CCCN2CCCC2=O)C(=O)[C@H](Cc2ccc3ccccc3c2)NC(=O)CN(CC(C)C)C(=O)[C@H]2CCCN2C1=O,1.3-40,1253,-5.69,6,6,Circle,0.174283,0.0386988,-26.828,9.623,8.309,1.314,0.169992,0.0501724,9.397,8.181,1.216,30,47,train,train,train,train,train,train,train,test,train,train
1252,2016_Furukawa,CCCC[C@@H]1NC(=O)[C@H](CC(C)C)N(C)C(=O)CN(CCCc2cnn(C)c2)C(=O)[C@H](Cc2ccc3ccccc3c2)NC(=O)CN(CC(C)C)C(=O)[C@H]2CCCN2C1=O,1.3-39,1252,-5.65,6,6,Circle,0.193751,0.0489158,-23.1018,9.735,8.5,1.235,0.162906,0.0442828,9.44,8.324,1.116,95,76,train,val,train,test,test,train,train,train,train,train
1251,2016_Furukawa,CCCC[C@@H]1NC(=O)[C@H](CC(C)C)N(C)C(=O)CN(CCOc2ccccc2)C(=O)[C@H](Cc2ccc3ccccc3c2)NC(=O)CN(CC(C)C)C(=O)[C@H]2CCCN2C1=O,1.3-38,1251,-7.97,6,6,Circle,0.173532,0.0461613,-18.5144,9.444,8.439,1.005,0.15959,0.048878,9.638,8.533,1.105,23,3,train,train,test,train,train,train,train,train,train,train
1250,2016_Furukawa,CCCC[C@@H]1NC(=O)[C@H](CC(C)C)N(C)C(=O)CN(CCCc2ccccc2)C(=O)[C@H](Cc2ccc3ccccc3c2)NC(=O)CN(CC(C)C)C(=O)[C@H]2CCCN2C1=O,1.3-37,1250,-8.95,6,6,Circle,0.193492,0.0439373,-20.4006,9.724,8.695,1.029,0.143787,0.0488066,9.637,8.631,1.006,10,2,train,train,train,train,train,train,train,train,test,train
1249,2016_Furukawa,CCCC[C@@H]1NC(=O)[C@H](CC(C)C)N(C)C(=O)CN(CCc2cccnc2)C(=O)[C@H](Cc2ccc3ccccc3c2)NC(=O)CN(CC(C)C)C(=O)[C@H]2CCCN2C1=O,1.3-36,1249,-5.53,6,6,Circle,0.190794,0.0457396,-21.7717,9.263,8.219,1.044,0.126039,0.0440322,9.374,8.319,1.055,57,2,train,train,train,train,train,train,train,train,train,train
1248,2016_Furukawa,CCCC[C@@H]1NC(=O)[C@H](CC(C)C)N(C)C(=O)CN(CC2CCOCC2)C(=O)[C@H](Cc2ccc3ccccc3c2)NC(=O)CN(CC(C)C)C(=O)[C@H]2CCCN2C1=O,1.3-35,1248,-5.53,6,6,Circle,0.153414,0.0399786,-21.1328,9.264,8.066,1.198,0.113147,0.0368238,9.364,8.123,1.241,4,8,train,val,train,train,test,train,train,test,train,val
1247,2016_Furukawa,CCCC[C@@H]1NC(=O)[C@H](CC(C)C)N(C)C(=O)CN(CC2CCCCC2)C(=O)[C@H](Cc2ccc3ccccc3c2)NC(=O)CN(CC(C)C)C(=O)[C@H]2CCCN2C1=O,1.3-34,1247,-8.71,6,6,Circle,0.130987,0.0378132,-17.3726,9.49,8.452,1.038,0.124558,0.0444927,9.35,8.293,1.057,43,83,train,train,train,train,train,train,train,train,test,train
1246,2016_Furukawa,CCCC[C@@H]1NC(=O)[C@H](CC(C)C)N(C)C(=O)CN(Cc2ccccc2)C(=O)[C@H](Cc2ccc3ccccc3c2)NC(=O)CN(CC(C)C)C(=O)[C@H]2CCCN2C1=O,1.3-33,1246,-7.78,6,6,Circle,0.121466,0.0391528,-20.1006,9.255,8.256,0.999,0.176067,0.0446476,9.198,8.186,1.012,31,2,train,train,test,test,test,train,test,train,train,train
1245,2016_Furukawa,CCCC[C@@H]1NC(=O)[C@H](CC(C)C)N(C)C(=O)CN(CCCN2CCCC2=O)C(=O)[C@H](Cc2ccccc2)NC(=O)CN(CC(C)C)C(=O)[C@H]2CCCN2C1=O,1.3-32,1245,-6.03,6,6,Circle,0.20214,0.0521737,-27.62,9.442,8.187,1.255,0.153187,0.040171,9.19,7.917,1.273,13,18,train,train,train,train,train,train,train,test,val,train
1244,2016_Furukawa,CCCC[C@@H]1NC(=O)[C@H](CC(C)C)N(C)C(=O)CN(CCCc2cnn(C)c2)C(=O)[C@H](Cc2ccccc2)NC(=O)CN(CC(C)C)C(=O)[C@H]2CCCN2C1=O,1.3-31,1244,-5.22,6,6,Circle,0.176191,0.0543011,-25.1885,9.161,7.944,1.217,0.225668,0.0485447,9.277,8.089,1.188,9,77,train,train,train,train,train,train,train,train,train,train
1243,2016_Furukawa,CCCCCN1CC(=O)N(C)[C@@H](CC(C)C)C(=O)N[C@@H](CCCC)C(=O)N2CCC[C@@H]2C(=O)N(CC(C)C)CC(=O)N[C@@H](Cc2ccc3ccccc3c2)C1=O,1.3-30,1243,-8.59,6,6,Circle,0.176691,0.0469816,-16.4997,9.297,8.229,1.068,0.128636,0.042623,9.055,8.106,0.949,9,75,train,train,train,train,train,train,train,train,train,train
1242,2016_Furukawa,CCCC[C@@H]1NC(=O)[C@H](CC(C)C)N(C)C(=O)CN(CCOc2ccccc2)C(=O)[C@H](Cc2ccccc2)NC(=O)CN(CC(C)C)C(=O)[C@H]2CCCN2C1=O,1.3-29,1242,-6.33,6,6,Circle,0.206889,0.0620779,-20.9061,9.258,8.174,1.084,0.201085,0.043552,9.284,8.162,1.122,19,15,test,train,train,train,val,train,train,train,train,train
1241,2016_Furukawa,CCCC[C@@H]1NC(=O)[C@H](CC(C)C)N(C)C(=O)CN(CCCc2ccccc2)C(=O)[C@H](Cc2ccccc2)NC(=O)CN(CC(C)C)C(=O)[C@H]2CCCN2C1=O,1.3-28,1241,-6.57,6,6,Circle,0.165426,0.053647,-19.5549,9.253,8.21,1.043,0.154967,0.0404454,9.479,8.441,1.038,36,87,val,train,train,train,train,train,train,train,train,train
1240,2016_Furukawa,CCCC[C@@H]1NC(=O)[C@H](CC(C)C)N(C)C(=O)CN(CCOC)C(=O)[C@H](Cc2ccc3ccccc3c2)NC(=O)CN(CC(C)C)C(=O)[C@H]2CCCN2C1=O,1.3-27,1240,-5.65,6,6,Circle,0.161519,0.0397847,-21.839,9.068,7.958,1.11,0.109772,0.0413012,8.962,7.885,1.077,68,67,train,train,train,train,train,train,train,train,train,train
1239,2016_Furukawa,CCCC[C@@H]1NC(=O)[C@H](CC(C)C)N(C)C(=O)CN(CCc2cccnc2)C(=O)[C@H](Cc2ccccc2)NC(=O)CN(CC(C)C)C(=O)[C@H]2CCCN2C1=O,1.3-26,1239,-5.35,6,6,Circle,0.194597,0.0552036,-22.1646,9.009,7.893,1.116,0.165361,0.0381058,8.866,7.847,1.019,97,13,train,train,train,train,train,train,val,train,train,train
1238,2016_Furukawa,CCCC[C@@H]1NC(=O)[C@H](CC(C)C)N(C)C(=O)CN(CC2CCOCC2)C(=O)[C@H](Cc2ccccc2)NC(=O)CN(CC(C)C)C(=O)[C@H]2CCCN2C1=O,1.3-25,1238,-5.07,6,6,Circle,0.130799,0.0384688,-20.1391,9.173,7.951,1.222,0.153482,0.0419762,9.044,7.827,1.217,6,34,train,train,train,train,test,train,train,train,train,test
1237,2016_Furukawa,CCCC[C@@H]1NC(=O)[C@H](CC(C)C)N(C)C(=O)CN(CC2CCCCC2)C(=O)[C@H](Cc2ccccc2)NC(=O)CN(CC(C)C)C(=O)[C@H]2CCCN2C1=O,1.3-24,1237,-6.82,6,6,Circle,0.132393,0.0408216,-16.7004,9.254,8.124,1.13,0.144071,0.0392392,9.117,8.03,1.087,3,42,train,test,train,train,train,train,train,train,train,train
1236,2016_Furukawa,CCCC[C@@H]1NC(=O)[C@H](CC(C)C)N(C)C(=O)CN(CCCN2CCCC2=O)C(=O)[C@H](CC(C)C)NC(=O)CN(CC(C)C)C(=O)[C@H]2CCCN2C1=O,1.3-23,1236,-6.27,6,6,Circle,0.181161,0.0605228,-28.6136,9.075,7.544,1.531,0.101123,0.0359883,8.597,7.414,1.183,46,81,train,test,train,train,train,train,test,train,val,train
1235,2016_Furukawa,CCCC[C@@H]1NC(=O)[C@H](CC(C)C)N(C)C(=O)CN(Cc2ccccc2)C(=O)[C@H](Cc2ccccc2)NC(=O)CN(CC(C)C)C(=O)[C@H]2CCCN2C1=O,1.3-22,1235,-6.06,6,6,Circle,0.174971,0.044528,-20.3244,9.056,7.967,1.089,0.134184,0.0388247,8.682,7.67,1.012,53,42,train,train,train,train,train,train,train,train,train,test
1234,2016_Furukawa,CCCC[C@@H]1NC(=O)[C@H](CC(C)C)N(C)C(=O)CN(CCCc2cnn(C)c2)C(=O)[C@H](CC(C)C)NC(=O)CN(CC(C)C)C(=O)[C@H]2CCCN2C1=O,1.3-21,1234,-5.3,6,6,Circle,0.163967,0.0529291,-25.1283,8.928,7.649,1.279,0.159804,0.0413599,8.824,7.662,1.162,63,91,train,train,train,train,train,train,val,train,val,train
1233,2016_Furukawa,CCCC[C@@H]1NC(=O)[C@H](CC(C)C)N(C)C(=O)CN(CCOc2ccccc2)C(=O)[C@H](CC(C)C)NC(=O)CN(CC(C)C)C(=O)[C@H]2CCCN2C1=O,1.3-20,1233,-5.89,6,6,Circle,0.181155,0.0614937,-22.4848,9.024,7.865,1.159,0.160181,0.0489636,8.952,7.861,1.091,63,43,train,val,val,train,train,train,train,train,train,train
1232,2016_Furukawa,CCCC[C@@H]1NC(=O)[C@H](CC(C)C)N(C)C(=O)CN(CCCc2ccccc2)C(=O)[C@H](CC(C)C)NC(=O)CN(CC(C)C)C(=O)[C@H]2CCCN2C1=O,1.3-19,1232,-6.02,6,6,Circle,0.17637,0.0576635,-20.6802,9.146,7.999,1.147,0.165491,0.0379904,8.817,7.88,0.937,4,34,val,train,train,train,test,train,train,train,train,train
1231,2016_Furukawa,CCCC[C@@H]1NC(=O)[C@H](CC(C)C)N(C)C(=O)CN(CCc2cccnc2)C(=O)[C@H](CC(C)C)NC(=O)CN(CC(C)C)C(=O)[C@H]2CCCN2C1=O,1.3-18,1231,-5.29,6,6,Circle,0.106203,0.035442,-23.2666,8.423,7.264,1.159,0.146921,0.042196,8.564,7.508,1.056,88,95,train,val,train,train,train,val,train,train,val,train
1230,2016_Furukawa,CCCCCN1CC(=O)N(C)[C@@H](CC(C)C)C(=O)N[C@@H](CCCC)C(=O)N2CCC[C@@H]2C(=O)N(CC(C)C)CC(=O)N[C@@H](Cc2ccccc2)C1=O,1.3-17,1230,-5.97,6,6,Circle,0.164082,0.058643,-17.2515,9.025,7.914,1.111,0.155191,0.0390498,8.852,7.881,0.971,32,54,train,train,train,train,train,train,train,train,train,train
1229,2016_Furukawa,CCCC[C@@H]1NC(=O)[C@H](CC(C)C)N(C)C(=O)CN(CC2CCOCC2)C(=O)[C@H](CC(C)C)NC(=O)CN(CC(C)C)C(=O)[C@H]2CCCN2C1=O,1.3-16,1229,-5.07,6,6,Circle,0.160548,0.0571958,-19.5808,8.846,7.606,1.24,0.12299,0.0430922,8.83,7.598,1.232,12,40,train,train,train,test,train,train,train,test,train,train
1228,2016_Furukawa,CCCC[C@@H]1NC(=O)[C@H](CC(C)C)N(C)C(=O)CN(CC2CCCCC2)C(=O)[C@H](CC(C)C)NC(=O)CN(CC(C)C)C(=O)[C@H]2CCCN2C1=O,1.3-15,1228,-6.2,6,6,Circle,0.111182,0.043401,-15.9709,9.037,7.884,1.153,0.122589,0.0441546,8.969,7.851,1.118,79,32,train,train,train,train,train,train,val,train,val,train
1227,2016_Furukawa,CCCC[C@@H]1NC(=O)[C@H](CC(C)C)N(C)C(=O)CN(CCOC)C(=O)[C@H](Cc2ccccc2)NC(=O)CN(CC(C)C)C(=O)[C@H]2CCCN2C1=O,1.3-14,1227,-5.06,6,6,Circle,0.158031,0.0548859,-20.7493,8.747,7.631,1.116,0.149344,0.042884,8.714,7.587,1.127,11,29,test,train,train,train,train,train,train,train,train,train
1226,2016_Furukawa,CCCC[C@@H]1NC(=O)[C@H](CC(C)C)N(C)C(=O)CN(Cc2ccccc2)C(=O)[C@H](CC(C)C)NC(=O)CN(CC(C)C)C(=O)[C@H]2CCCN2C1=O,1.3-13,1226,-5.44,6,6,Circle,0.16849,0.0591116,-21.2203,8.593,7.448,1.145,0.16587,0.0421758,8.559,7.526,1.033,86,6,test,train,train,train,val,test,train,train,test,train
1225,2016_Furukawa,CCCC[C@@H]1NC(=O)[C@H](CC(C)C)N(C)C(=O)CN(CCCN2CCCC2=O)C(=O)[C@H](C)NC(=O)CN(CC(C)C)C(=O)[C@H]2CCCN2C1=O,1.3-12,1225,-7.62,6,6,Circle,0.171129,0.0527835,-26.7458,8.568,7.13,1.438,0.150139,0.0476588,8.529,7.127,1.402,43,100,train,train,train,train,train,train,train,train,train,train
1224,2016_Furukawa,CCCC[C@@H]1NC(=O)[C@H](CC(C)C)N(C)C(=O)CN(CCCc2cnn(C)c2)C(=O)[C@H](C)NC(=O)CN(CC(C)C)C(=O)[C@H]2CCCN2C1=O,1.3-11,1224,-6.43,6,6,Circle,0.180631,0.0597464,-26.5711,8.659,7.318,1.341,0.165253,0.0388914,8.366,7.238,1.128,34,72,train,val,train,val,train,train,val,train,train,train
1223,2016_Furukawa,CCCC[C@@H]1NC(=O)[C@H](CC(C)C)N(C)C(=O)CN(CCOc2ccccc2)C(=O)[C@H](C)NC(=O)CN(CC(C)C)C(=O)[C@H]2CCCN2C1=O,1.3-10,1223,-5.05,6,6,Circle,0.186687,0.0611105,-24.6803,8.554,7.334,1.22,0.139873,0.0360953,8.469,7.344,1.125,54,21,train,val,train,train,train,train,train,train,train,val
1222,2016_Furukawa,CCCC[C@@H]1NC(=O)[C@H](CC(C)C)N(C)C(=O)CN(CCCc2ccccc2)C(=O)[C@H](C)NC(=O)CN(CC(C)C)C(=O)[C@H]2CCCN2C1=O,1.3-09,1222,-4.96,6,6,Circle,0.176131,0.0539165,-21.9058,8.849,7.632,1.217,0.180189,0.0457862,8.624,7.521,1.103,32,90,test,train,train,train,train,train,val,train,train,train
1221,2016_Furukawa,CCCCCN1CC(=O)N(C)[C@@H](CC(C)C)C(=O)N[C@@H](CCCC)C(=O)N2CCC[C@@H]2C(=O)N(CC(C)C)CC(=O)N[C@@H](CC(C)C)C1=O,1.3-08,1221,-5.54,6,6,Circle,0.141565,0.0601841,-17.5368,8.715,7.525,1.19,0.13769,0.0434946,8.751,7.68,1.071,55,58,train,val,train,train,train,train,train,train,train,train
1220,2016_Furukawa,CCCC[C@@H]1NC(=O)[C@H](CC(C)C)N(C)C(=O)CN(CCc2cccnc2)C(=O)[C@H](C)NC(=O)CN(CC(C)C)C(=O)[C@H]2CCCN2C1=O,1.3-07,1220,-6.54,6,6,Circle,0.149791,0.0541406,-24.5044,8.215,6.979,1.236,0.120736,0.0350998,8.029,6.923,1.106,100,16,val,val,train,train,train,train,train,train,train,train
1219,2016_Furukawa,CCCC[C@@H]1NC(=O)[C@H](CC(C)C)N(C)C(=O)CN(CCOC)C(=O)[C@H](CC(C)C)NC(=O)CN(CC(C)C)C(=O)[C@H]2CCCN2C1=O,1.3-06,1219,-5.01,6,6,Circle,0.119661,0.0505715,-21.9737,8.312,7.058,1.254,0.132657,0.0473568,8.444,7.275,1.169,29,76,train,train,train,train,train,train,val,val,val,train
1218,2016_Furukawa,CCCC[C@@H]1NC(=O)[C@H](CC(C)C)N(C)C(=O)CN(CC2CCOCC2)C(=O)[C@H](C)NC(=O)CN(CC(C)C)C(=O)[C@H]2CCCN2C1=O,1.3-05,1218,-6.26,6,6,Circle,0.118529,0.0472801,-21.699,8.499,7.152,1.347,0.113846,0.0386961,8.3,7.001,1.299,72,25,train,train,train,train,train,train,train,train,train,train
1217,2016_Furukawa,CCCC[C@@H]1NC(=O)[C@H](CC(C)C)N(C)C(=O)CN(CC2CCCCC2)C(=O)[C@H](C)NC(=O)CN(CC(C)C)C(=O)[C@H]2CCCN2C1=O,1.3-04,1217,-4.96,6,6,Circle,0.134005,0.0614655,-19.3996,8.435,7.212,1.223,0.114026,0.0414701,8.202,7.12,1.082,74,28,train,train,train,val,train,train,train,val,val,train
1216,2016_Furukawa,CCCC[C@@H]1NC(=O)[C@H](CC(C)C)N(C)C(=O)CN(Cc2ccccc2)C(=O)[C@H](C)NC(=O)CN(CC(C)C)C(=O)[C@H]2CCCN2C1=O,1.3-03,1216,-4.98,6,6,Circle,0.151178,0.0624988,-24.1446,8.268,7.017,1.251,0.154816,0.0410538,8.077,6.973,1.104,46,29,test,train,train,train,train,train,train,train,train,train
1215,2016_Furukawa,CCCCCN1CC(=O)N(C)[C@@H](CC(C)C)C(=O)N[C@@H](CCCC)C(=O)N2CCC[C@@H]2C(=O)N(CC(C)C)CC(=O)N[C@@H](C)C1=O,1.3-02,1215,-4.9,6,6,Circle,0.142229,0.0575286,-18.673,8.374,7.114,1.26,0.106748,0.0330932,8.098,7.028,1.07,75,100,train,train,train,train,train,val,train,train,train,val
1214,2016_Furukawa,CCCC[C@@H]1NC(=O)[C@H](CC(C)C)N(C)C(=O)CN(CCOC)C(=O)[C@H](C)NC(=O)CN(CC(C)C)C(=O)[C@H]2CCCN2C1=O,1.3-01,1214,-6.08,6,6,Circle,0.11258,0.0515876,-24.2308,7.952,6.596,1.356,0.112806,0.0380437,8.035,6.765,1.27,66,96,train,train,val,train,test,train,val,test,train,train
1213,2016_Furukawa,CCCC[C@@H]1NC(=O)[C@H](CC(C)C)N(C)C(=O)CN(CCCN2CCCC2=O)C(=O)[C@H](Cc2ccc3ccccc3c2)NC(=O)CN(CCC)C(=O)[C@H]2CCCN2C1=O,1.2-40,1213,-5.76,6,6,Circle,0.208494,0.0416243,-26.3387,9.342,8.07,1.272,0.104598,0.0368408,9.162,7.991,1.171,36,6,train,train,train,train,train,train,train,test,train,test
1212,2016_Furukawa,CCCC[C@@H]1NC(=O)[C@H](CC(C)C)N(C)C(=O)CN(CCCc2cnn(C)c2)C(=O)[C@H](Cc2ccc3ccccc3c2)NC(=O)CN(CCC)C(=O)[C@H]2CCCN2C1=O,1.2-39,1212,-5.53,6,6,Circle,0.183376,0.0429368,-22.6384,9.443,8.314,1.129,0.163079,0.0393214,9.404,8.295,1.109,17,37,val,train,train,train,train,test,train,train,val,train
1211,2016_Furukawa,CCCC[C@@H]1NC(=O)[C@H](CC(C)C)N(C)C(=O)CN(CCOc2ccccc2)C(=O)[C@H](Cc2ccc3ccccc3c2)NC(=O)CN(CCC)C(=O)[C@H]2CCCN2C1=O,1.2-38,1211,-7.29,6,6,Circle,0.181112,0.0521427,-19.7627,9.271,8.24,1.031,0.13972,0.0416329,9.382,8.37,1.012,49,33,train,test,train,train,train,val,train,train,train,train
1210,2016_Furukawa,CCCC[C@@H]1NC(=O)[C@H](CC(C)C)N(C)C(=O)CN(CCCc2ccccc2)C(=O)[C@H](Cc2ccc3ccccc3c2)NC(=O)CN(CCC)C(=O)[C@H]2CCCN2C1=O,1.2-37,1210,-7.44,6,6,Circle,0.203559,0.0426102,-19.6921,9.523,8.506,1.017,0.188599,0.0404438,9.469,8.5,0.969,61,35,train,val,train,train,train,val,val,val,train,train
1209,2016_Furukawa,CCCC[C@@H]1NC(=O)[C@H](CC(C)C)N(C)C(=O)CN(CCc2cccnc2)C(=O)[C@H](Cc2ccc3ccccc3c2)NC(=O)CN(CCC)C(=O)[C@H]2CCCN2C1=O,1.2-36,1209,-5.43,6,6,Circle,0.193676,0.0476569,-20.3591,9.043,7.995,1.048,0.130705,0.0393799,9.079,8.002,1.077,3,14,train,train,train,train,train,train,test,train,train,train
1208,2016_Furukawa,CCCC[C@@H]1NC(=O)[C@H](CC(C)C)N(C)C(=O)CN(CC2CCOCC2)C(=O)[C@H](Cc2ccc3ccccc3c2)NC(=O)CN(CCC)C(=O)[C@H]2CCCN2C1=O,1.2-35,1208,-5.37,6,6,Circle,0.128159,0.0412206,-19.7969,9.065,7.892,1.173,0.174068,0.0370338,8.917,7.858,1.059,12,80,train,train,train,train,val,test,train,train,train,val
1207,2016_Furukawa,CCCC[C@@H]1NC(=O)[C@H](CC(C)C)N(C)C(=O)CN(CC2CCCCC2)C(=O)[C@H](Cc2ccc3ccccc3c2)NC(=O)CN(CCC)C(=O)[C@H]2CCCN2C1=O,1.2-34,1207,-7.24,6,6,Circle,0.154424,0.037396,-17.2649,9.176,8.111,1.065,0.130115,0.0455567,9.06,8.044,1.016,97,14,train,train,train,train,val,train,train,train,train,test
1206,2016_Furukawa,CCCC[C@@H]1NC(=O)[C@H](CC(C)C)N(C)C(=O)CN(Cc2ccccc2)C(=O)[C@H](Cc2ccc3ccccc3c2)NC(=O)CN(CCC)C(=O)[C@H]2CCCN2C1=O,1.2-33,1206,-6.74,6,6,Circle,0.179528,0.04408,-20.5188,9.023,8.031,0.992,0.125879,0.0404156,9.007,8.002,1.005,33,32,train,train,train,train,train,train,train,train,train,train
1205,2016_Furukawa,CCCC[C@@H]1NC(=O)[C@H](CC(C)C)N(C)C(=O)CN(CCCN2CCCC2=O)C(=O)[C@H](Cc2ccccc2)NC(=O)CN(CCC)C(=O)[C@H]2CCCN2C1=O,1.2-32,1205,-6.24,6,6,Circle,0.183352,0.0510701,-26.2352,9.128,7.78,1.348,0.142951,0.0425098,9.011,7.744,1.267,79,36,train,train,train,train,train,test,train,train,train,test
1204,2016_Furukawa,CCCC[C@@H]1NC(=O)[C@H](CC(C)C)N(C)C(=O)CN(CCCc2cnn(C)c2)C(=O)[C@H](Cc2ccccc2)NC(=O)CN(CCC)C(=O)[C@H]2CCCN2C1=O,1.2-31,1204,-5.43,6,6,Circle,0.196731,0.0522418,-25.599,9.376,8.119,1.257,0.195015,0.0407936,8.961,7.84,1.121,48,75,train,train,train,train,train,test,val,train,train,test
1203,2016_Furukawa,CCCCCN1CC(=O)N(C)[C@@H](CC(C)C)C(=O)N[C@@H](CCCC)C(=O)N2CCC[C@@H]2C(=O)N(CCC)CC(=O)N[C@@H](Cc2ccc3ccccc3c2)C1=O,1.2-30,1203,-7.2,6,6,Circle,0.156188,0.0415836,-18.0089,9.211,8.155,1.056,0.174154,0.0444678,9.012,8.045,0.967,45,41,train,train,val,train,train,train,train,train,train,train
1202,2016_Furukawa,CCCC[C@@H]1NC(=O)[C@H](CC(C)C)N(C)C(=O)CN(CCOc2ccccc2)C(=O)[C@H](Cc2ccccc2)NC(=O)CN(CCC)C(=O)[C@H]2CCCN2C1=O,1.2-29,1202,-6.05,6,6,Circle,0.192984,0.0483023,-21.2586,9.125,8.053,1.072,0.179092,0.0436956,9.054,8.015,1.039,34,63,train,train,val,train,train,train,train,train,train,train
1201,2016_Furukawa,CCCC[C@@H]1NC(=O)[C@H](CC(C)C)N(C)C(=O)CN(CCCc2ccccc2)C(=O)[C@H](Cc2ccccc2)NC(=O)CN(CCC)C(=O)[C@H]2CCCN2C1=O,1.2-28,1201,-6.04,6,6,Circle,0.149809,0.0483185,-20.4312,9.092,8.078,1.014,0.194719,0.0441298,9.171,8.156,1.015,55,28,train,train,train,train,train,test,test,val,train,train
1200,2016_Furukawa,CCCC[C@@H]1NC(=O)[C@H](CC(C)C)N(C)C(=O)CN(CCOC)C(=O)[C@H](Cc2ccc3ccccc3c2)NC(=O)CN(CCC)C(=O)[C@H]2CCCN2C1=O,1.2-27,1200,-5.34,6,6,Circle,0.151611,0.0439992,-20.3442,8.88,7.736,1.144,0.120066,0.0430148,8.809,7.736,1.073,19,43,train,train,train,test,val,train,train,train,train,train
1199,2016_Furukawa,CCCC[C@@H]1NC(=O)[C@H](CC(C)C)N(C)C(=O)CN(CCc2cccnc2)C(=O)[C@H](Cc2ccccc2)NC(=O)CN(CCC)C(=O)[C@H]2CCCN2C1=O,1.2-26,1199,-5.58,6,6,Circle,0.166733,0.0562237,-22.309,8.619,7.594,1.025,0.164766,0.0509292,8.807,7.776,1.031,19,57,train,train,train,train,train,train,train,train,train,train
1198,2016_Furukawa,CCCC[C@@H]1NC(=O)[C@H](CC(C)C)N(C)C(=O)CN(CC2CCOCC2)C(=O)[C@H](Cc2ccccc2)NC(=O)CN(CCC)C(=O)[C@H]2CCCN2C1=O,1.2-25,1198,-5.19,6,6,Circle,0.140725,0.040809,-20.0621,8.905,7.719,1.186,0.158986,0.0447769,8.812,7.667,1.145,11,10,train,train,train,train,train,train,train,val,train,train
1197,2016_Furukawa,CCCC[C@@H]1NC(=O)[C@H](CC(C)C)N(C)C(=O)CN(CC2CCCCC2)C(=O)[C@H](Cc2ccccc2)NC(=O)CN(CCC)C(=O)[C@H]2CCCN2C1=O,1.2-24,1197,-6.23,6,6,Circle,0.137188,0.0426022,-17.0874,9.071,7.962,1.109,0.149404,0.0435704,8.912,7.892,1.02,51,42,train,test,train,test,train,train,test,train,train,train
1196,2016_Furukawa,CCCC[C@@H]1NC(=O)[C@H](CC(C)C)N(C)C(=O)CN(CCCN2CCCC2=O)C(=O)[C@H](CC(C)C)NC(=O)CN(CCC)C(=O)[C@H]2CCCN2C1=O,1.2-23,1196,-6.54,6,6,Circle,0.164576,0.0487258,-25.2644,8.998,7.592,1.406,0.175532,0.0445422,8.67,7.405,1.265,45,2,train,train,train,train,train,train,train,train,train,val
1195,2016_Furukawa,CCCC[C@@H]1NC(=O)[C@H](CC(C)C)N(C)C(=O)CN(Cc2ccccc2)C(=O)[C@H](Cc2ccccc2)NC(=O)CN(CCC)C(=O)[C@H]2CCCN2C1=O,1.2-22,1195,-5.63,6,6,Circle,0.183205,0.0562551,-21.0044,8.797,7.72,1.077,0.17572,0.0397182,8.573,7.571,1.002,63,98,train,train,train,train,test,train,train,train,train,train
1194,2016_Furukawa,CCCC[C@@H]1NC(=O)[C@H](CC(C)C)N(C)C(=O)CN(CCCc2cnn(C)c2)C(=O)[C@H](CC(C)C)NC(=O)CN(CCC)C(=O)[C@H]2CCCN2C1=O,1.2-21,1194,-5.59,6,6,Circle,0.158237,0.0537892,-26.1438,8.713,7.462,1.251,0.119412,0.0387118,8.298,7.327,0.971,100,67,train,train,test,val,train,train,val,train,train,val
1193,2016_Furukawa,CCCC[C@@H]1NC(=O)[C@H](CC(C)C)N(C)C(=O)CN(CCOc2ccccc2)C(=O)[C@H](CC(C)C)NC(=O)CN(CCC)C(=O)[C@H]2CCCN2C1=O,1.2-20,1193,-5.59,6,6,Circle,0.190129,0.0609871,-21.9504,8.803,7.692,1.111,0.165274,0.044138,8.807,7.727,1.08,24,71,train,train,train,train,train,train,train,val,train,train
1192,2016_Furukawa,CCCC[C@@H]1NC(=O)[C@H](CC(C)C)N(C)C(=O)CN(CCCc2ccccc2)C(=O)[C@H](CC(C)C)NC(=O)CN(CCC)C(=O)[C@H]2CCCN2C1=O,1.2-19,1192,-5.57,6,6,Circle,0.176029,0.0568115,-19.3267,8.915,7.841,1.074,0.184166,0.042176,8.821,7.831,0.99,71,50,test,test,train,val,train,test,train,train,train,train
1191,2016_Furukawa,CCCC[C@@H]1NC(=O)[C@H](CC(C)C)N(C)C(=O)CN(CCc2cccnc2)C(=O)[C@H](CC(C)C)NC(=O)CN(CCC)C(=O)[C@H]2CCCN2C1=O,1.2-18,1191,-5.62,6,6,Circle,0.110174,0.0432064,-22.7059,8.286,7.193,1.093,0.143825,0.0406568,8.392,7.355,1.037,75,32,train,train,train,test,train,train,train,val,train,train
1190,2016_Furukawa,CCCCCN1CC(=O)N(C)[C@@H](CC(C)C)C(=O)N[C@@H](CCCC)C(=O)N2CCC[C@@H]2C(=O)N(CCC)CC(=O)N[C@@H](Cc2ccccc2)C1=O,1.2-17,1190,-5.56,6,6,Circle,0.15695,0.0563781,-16.6972,8.854,7.795,1.059,0.150149,0.0393808,8.744,7.747,0.997,48,62,train,val,train,train,train,train,train,train,test,train
1189,2016_Furukawa,CCCC[C@@H]1NC(=O)[C@H](CC(C)C)N(C)C(=O)CN(CC2CCOCC2)C(=O)[C@H](CC(C)C)NC(=O)CN(CCC)C(=O)[C@H]2CCCN2C1=O,1.2-16,1189,-5.34,6,6,Circle,0.11476,0.0425739,-20.1644,8.737,7.49,1.247,0.127949,0.0455208,8.583,7.42,1.163,35,16,test,test,train,train,train,val,train,train,test,train
1188,2016_Furukawa,CCCC[C@@H]1NC(=O)[C@H](CC(C)C)N(C)C(=O)CN(CC2CCCCC2)C(=O)[C@H](CC(C)C)NC(=O)CN(CCC)C(=O)[C@H]2CCCN2C1=O,1.2-15,1188,-5.7,6,6,Circle,0.139893,0.055103,-17.1077,8.503,7.399,1.104,0.145602,0.0676958,8.681,7.536,1.145,73,63,train,train,train,val,train,test,train,train,train,test
1187,2016_Furukawa,CCCC[C@@H]1NC(=O)[C@H](CC(C)C)N(C)C(=O)CN(CCOC)C(=O)[C@H](Cc2ccccc2)NC(=O)CN(CCC)C(=O)[C@H]2CCCN2C1=O,1.2-14,1187,-5.12,6,6,Circle,0.158279,0.060715,-21.4865,8.602,7.433,1.169,0.15357,0.0389824,8.535,7.397,1.138,42,55,train,train,train,train,train,train,train,test,train,train
1186,2016_Furukawa,CCCC[C@@H]1NC(=O)[C@H](CC(C)C)N(C)C(=O)CN(Cc2ccccc2)C(=O)[C@H](CC(C)C)NC(=O)CN(CCC)C(=O)[C@H]2CCCN2C1=O,1.2-13,1186,-5.2,6,6,Circle,0.157068,0.0579528,-20.4179,8.401,7.334,1.067,0.146808,0.0401122,8.314,7.322,0.992,76,99,val,train,train,train,test,train,train,val,train,train
1185,2016_Furukawa,CCCC[C@@H]1NC(=O)[C@H](CC(C)C)N(C)C(=O)CN(CCCN2CCCC2=O)C(=O)[C@H](C)NC(=O)CN(CCC)C(=O)[C@H]2CCCN2C1=O,1.2-12,1185,-7.96,6,6,Circle,0.168797,0.0394056,-28.8903,8.625,7.093,1.532,0.178531,0.043486,8.369,6.931,1.438,54,82,train,train,train,train,train,train,train,train,test,train
1184,2016_Furukawa,CCCC[C@@H]1NC(=O)[C@H](CC(C)C)N(C)C(=O)CN(CCCc2cnn(C)c2)C(=O)[C@H](C)NC(=O)CN(CCC)C(=O)[C@H]2CCCN2C1=O,1.2-11,1184,-6.86,6,6,Circle,0.180443,0.06242,-26.0605,8.48,7.185,1.295,0.138409,0.0431047,7.952,6.867,1.085,37,76,train,train,train,train,train,train,train,train,train,train
1183,2016_Furukawa,CCCC[C@@H]1NC(=O)[C@H](CC(C)C)N(C)C(=O)CN(CCOc2ccccc2)C(=O)[C@H](C)NC(=O)CN(CCC)C(=O)[C@H]2CCCN2C1=O,1.2-10,1183,-5.22,6,6,Circle,0.176606,0.0662524,-23.7536,8.378,7.184,1.194,0.178967,0.0571262,8.145,6.954,1.191,53,64,val,train,train,train,train,train,train,train,train,train
1182,2016_Furukawa,CCCC[C@@H]1NC(=O)[C@H](CC(C)C)N(C)C(=O)CN(CCCc2ccccc2)C(=O)[C@H](C)NC(=O)CN(CCC)C(=O)[C@H]2CCCN2C1=O,1.2-09,1182,-4.96,6,6,Circle,0.169766,0.0520378,-23.3257,8.456,7.289,1.167,0.161146,0.0427557,8.505,7.375,1.13,100,21,train,test,train,train,val,train,train,test,train,train
1181,2016_Furukawa,CCCCCN1CC(=O)N(C)[C@@H](CC(C)C)C(=O)N[C@@H](CCCC)C(=O)N2CCC[C@@H]2C(=O)N(CCC)CC(=O)N[C@@H](CC(C)C)C1=O,1.2-08,1181,-5.23,6,6,Circle,0.150594,0.0588264,-17.1103,8.491,7.354,1.137,0.143614,0.0458892,8.533,7.48,1.053,54,29,train,train,train,train,train,val,train,train,train,train
1180,2016_Furukawa,CCCC[C@@H]1NC(=O)[C@H](CC(C)C)N(C)C(=O)CN(CCc2cccnc2)C(=O)[C@H](C)NC(=O)CN(CCC)C(=O)[C@H]2CCCN2C1=O,1.2-07,1180,-6.94,6,6,Circle,0.150882,0.0591648,-23.9935,7.996,6.831,1.165,0.113195,0.0329337,7.824,6.725,1.099,74,45,train,train,train,train,test,train,train,train,train,train
1179,2016_Furukawa,CCCC[C@@H]1NC(=O)[C@H](CC(C)C)N(C)C(=O)CN(CCOC)C(=O)[C@H](CC(C)C)NC(=O)CN(CCC)C(=O)[C@H]2CCCN2C1=O,1.2-06,1179,-5.16,6,6,Circle,0.146722,0.0614492,-21.0549,8.306,7.072,1.234,0.132438,0.0435681,8.275,7.109,1.166,19,15,train,train,val,train,train,train,train,train,train,train
1178,2016_Furukawa,CCCC[C@@H]1NC(=O)[C@H](CC(C)C)N(C)C(=O)CN(CC2CCOCC2)C(=O)[C@H](C)NC(=O)CN(CCC)C(=O)[C@H]2CCCN2C1=O,1.2-05,1178,-6.69,6,6,Circle,0.126251,0.0501975,-21.4433,8.132,6.85,1.282,0.110031,0.0419986,8.153,6.874,1.279,90,19,train,train,train,train,test,train,train,train,train,train
1177,2016_Furukawa,CCCC[C@@H]1NC(=O)[C@H](CC(C)C)N(C)C(=O)CN(CC2CCCCC2)C(=O)[C@H](C)NC(=O)CN(CCC)C(=O)[C@H]2CCCN2C1=O,1.2-04,1177,-4.93,6,6,Circle,0.100601,0.0434056,-17.4842,8.37,7.185,1.185,0.122194,0.0420874,8.266,7.091,1.175,23,7,train,train,train,train,train,train,train,train,val,train
1176,2016_Furukawa,CCCC[C@@H]1NC(=O)[C@H](CC(C)C)N(C)C(=O)CN(Cc2ccccc2)C(=O)[C@H](C)NC(=O)CN(CCC)C(=O)[C@H]2CCCN2C1=O,1.2-03,1176,-5.12,6,6,Circle,0.154309,0.0591477,-22.3981,8.088,6.912,1.176,0.146174,0.0371129,7.888,6.79,1.098,29,72,test,train,train,test,train,train,train,train,train,train
1175,2016_Furukawa,CCCCCN1CC(=O)N(C)[C@@H](CC(C)C)C(=O)N[C@@H](CCCC)C(=O)N2CCC[C@@H]2C(=O)N(CCC)CC(=O)N[C@@H](C)C1=O,1.2-02,1175,-5.05,6,6,Circle,0.134662,0.057984,-17.7549,8.14,6.946,1.194,0.128773,0.0407458,8.148,6.99,1.158,97,87,train,train,train,train,train,train,val,train,train,train
1174,2016_Furukawa,CCCC[C@@H]1NC(=O)[C@H](CC(C)C)N(C)C(=O)CN(CCOC)C(=O)[C@H](C)NC(=O)CN(CCC)C(=O)[C@H]2CCCN2C1=O,1.2-01,1174,-6.56,6,6,Circle,0.135147,0.0643544,-23.6071,7.877,6.548,1.329,0.0905853,0.0363216,7.759,6.544,1.215,8,56,test,test,train,val,train,train,train,train,train,train
1173,2016_Furukawa,CCCC[C@@H]1NC(=O)[C@H](CC(C)C)N(C)C(=O)CN(CCCN2CCCC2=O)C(=O)[C@H](Cc2ccc3ccccc3c2)NC(=O)CN(CC)C(=O)[C@H]2CCCN2C1=O,1.1-40,1173,-5.85,6,6,Circle,0.200983,0.0424045,-26.0622,9.095,7.817,1.278,0.169074,0.0379786,8.852,7.545,1.307,52,44,test,train,train,train,train,train,train,train,train,train
1172,2016_Furukawa,CCCC[C@@H]1NC(=O)[C@H](CC(C)C)N(C)C(=O)CN(CCCc2cnn(C)c2)C(=O)[C@H](Cc2ccc3ccccc3c2)NC(=O)CN(CC)C(=O)[C@H]2CCCN2C1=O,1.1-39,1172,-5.47,6,6,Circle,0.212731,0.0467488,-23.8812,9.262,8.081,1.181,0.196268,0.0423628,9.062,7.952,1.11,27,34,train,train,train,test,test,train,train,train,train,train
1171,2016_Furukawa,CCCC[C@@H]1NC(=O)[C@H](CC(C)C)N(C)C(=O)CN(CCOc2ccccc2)C(=O)[C@H](Cc2ccc3ccccc3c2)NC(=O)CN(CC)C(=O)[C@H]2CCCN2C1=O,1.1-38,1171,-6.32,6,6,Circle,0.18564,0.042039,-22.4931,9.275,8.171,1.104,0.141406,0.0389143,9.147,8.132,1.015,3,20,train,train,train,train,train,test,train,train,train,train
1170,2016_Furukawa,CCCC[C@@H]1NC(=O)[C@H](CC(C)C)N(C)C(=O)CN(CCCc2ccccc2)C(=O)[C@H](Cc2ccc3ccccc3c2)NC(=O)CN(CC)C(=O)[C@H]2CCCN2C1=O,1.1-37,1170,-7.08,6,6,Circle,0.205216,0.0435869,-20.6158,9.2,8.194,1.006,0.208697,0.0399834,9.189,8.22,0.969,85,40,train,train,train,train,val,train,train,test,test,train
1169,2016_Furukawa,CCCC[C@@H]1NC(=O)[C@H](CC(C)C)N(C)C(=O)CN(CCc2cccnc2)C(=O)[C@H](Cc2ccc3ccccc3c2)NC(=O)CN(CC)C(=O)[C@H]2CCCN2C1=O,1.1-36,1169,-5.51,6,6,Circle,0.21519,0.0481678,-23.4497,8.917,7.848,1.069,0.133196,0.037702,8.892,7.811,1.081,92,31,train,train,val,train,train,train,test,train,train,train
1168,2016_Furukawa,CCCC[C@@H]1NC(=O)[C@H](CC(C)C)N(C)C(=O)CN(CC2CCOCC2)C(=O)[C@H](Cc2ccc3ccccc3c2)NC(=O)CN(CC)C(=O)[C@H]2CCCN2C1=O,1.1-35,1168,-5.23,6,6,Circle,0.158828,0.0408408,-22.1383,8.848,7.663,1.185,0.130046,0.0468788,8.791,7.683,1.108,100,28,train,train,test,train,train,train,train,train,train,test
1167,2016_Furukawa,CCCC[C@@H]1NC(=O)[C@H](CC(C)C)N(C)C(=O)CN(CC2CCCCC2)C(=O)[C@H](Cc2ccc3ccccc3c2)NC(=O)CN(CC)C(=O)[C@H]2CCCN2C1=O,1.1-34,1167,-6.58,6,6,Circle,0.115527,0.0440204,-17.6965,8.929,7.829,1.1,0.107381,0.0353235,8.846,7.874,0.972,49,95,train,train,test,test,train,train,train,train,train,train
1166,2016_Furukawa,CCCC[C@@H]1NC(=O)[C@H](CC(C)C)N(C)C(=O)CN(Cc2ccccc2)C(=O)[C@H](Cc2ccc3ccccc3c2)NC(=O)CN(CC)C(=O)[C@H]2CCCN2C1=O,1.1-33,1166,-6.08,6,6,Circle,0.168844,0.0432489,-21.5756,8.833,7.816,1.017,0.173151,0.0408763,8.68,7.738,0.942,99,70,train,train,train,train,train,train,train,train,val,train
1165,2016_Furukawa,CCCC[C@@H]1NC(=O)[C@H](CC(C)C)N(C)C(=O)CN(CCCN2CCCC2=O)C(=O)[C@H](Cc2ccccc2)NC(=O)CN(CC)C(=O)[C@H]2CCCN2C1=O,1.1-32,1165,-6.6,6,6,Circle,0.181433,0.0466222,-26.1044,8.875,7.541,1.334,0.179834,0.045787,8.718,7.458,1.26,3,99,train,train,train,train,train,train,train,val,train,train
1164,2016_Furukawa,CCCC[C@@H]1NC(=O)[C@H](CC(C)C)N(C)C(=O)CN(CCCc2cnn(C)c2)C(=O)[C@H](Cc2ccccc2)NC(=O)CN(CC)C(=O)[C@H]2CCCN2C1=O,1.1-31,1164,-5.7,6,6,Circle,0.183503,0.0600505,-25.4676,8.713,7.587,1.126,0.145726,0.0386006,8.398,7.426,0.972,43,86,train,test,train,train,train,train,train,test,val,val
1163,2016_Furukawa,CCCCCN1CC(=O)N(C)[C@@H](CC(C)C)C(=O)N[C@@H](CCCC)C(=O)N2CCC[C@@H]2C(=O)N(CC)CC(=O)N[C@@H](Cc2ccc3ccccc3c2)C1=O,1.1-30,1163,-6.49,6,6,Circle,0.167328,0.0419218,-18.1828,8.883,7.818,1.065,0.180288,0.0403023,8.769,7.781,0.988,67,56,train,train,train,train,train,train,val,test,val,train
1162,2016_Furukawa,CCCC[C@@H]1NC(=O)[C@H](CC(C)C)N(C)C(=O)CN(CCOc2ccccc2)C(=O)[C@H](Cc2ccccc2)NC(=O)CN(CC)C(=O)[C@H]2CCCN2C1=O,1.1-29,1162,-5.47,6,6,Circle,0.166475,0.0393732,-21.5811,8.897,7.846,1.051,0.169595,0.0410276,8.862,7.785,1.077,93,59,test,train,train,train,train,train,test,train,train,train
1161,2016_Furukawa,CCCC[C@@H]1NC(=O)[C@H](CC(C)C)N(C)C(=O)CN(CCCc2ccccc2)C(=O)[C@H](Cc2ccccc2)NC(=O)CN(CC)C(=O)[C@H]2CCCN2C1=O,1.1-28,1161,-5.38,6,6,Circle,0.164483,0.0561084,-20.7377,8.854,7.806,1.048,0.189685,0.0405066,8.802,7.82,0.982,96,72,train,train,test,train,train,train,val,train,train,train
1160,2016_Furukawa,CCCC[C@@H]1NC(=O)[C@H](CC(C)C)N(C)C(=O)CN(CCOC)C(=O)[C@H](Cc2ccc3ccccc3c2)NC(=O)CN(CC)C(=O)[C@H]2CCCN2C1=O,1.1-27,1160,-5.17,6,6,Circle,0.154825,0.0409254,-22.1082,8.704,7.576,1.128,0.149344,0.0409831,8.606,7.526,1.08,87,25,train,train,train,train,train,train,test,train,val,train
1159,2016_Furukawa,CCCC[C@@H]1NC(=O)[C@H](CC(C)C)N(C)C(=O)CN(CCc2cccnc2)C(=O)[C@H](Cc2ccccc2)NC(=O)CN(CC)C(=O)[C@H]2CCCN2C1=O,1.1-26,1159,-5.87,6,6,Circle,0.160192,0.0543838,-22.7676,8.454,7.438,1.016,0.168774,0.0412898,8.486,7.47,1.016,73,3,train,test,test,val,train,train,train,train,train,train
1158,2016_Furukawa,CCCC[C@@H]1NC(=O)[C@H](CC(C)C)N(C)C(=O)CN(CC2CCOCC2)C(=O)[C@H](Cc2ccccc2)NC(=O)CN(CC)C(=O)[C@H]2CCCN2C1=O,1.1-25,1158,-5.5,6,6,Circle,0.134848,0.041105,-21.5022,8.779,7.57,1.209,0.128678,0.0425131,8.539,7.414,1.125,32,63,train,train,train,val,test,train,train,train,train,train
1157,2016_Furukawa,CCCC[C@@H]1NC(=O)[C@H](CC(C)C)N(C)C(=O)CN(CC2CCCCC2)C(=O)[C@H](Cc2ccccc2)NC(=O)CN(CC)C(=O)[C@H]2CCCN2C1=O,1.1-24,1157,-5.54,6,6,Circle,0.112556,0.038019,-17.1862,8.829,7.764,1.065,0.138185,0.0402549,8.626,7.532,1.094,18,59,train,train,train,test,test,train,train,train,train,train
1156,2016_Furukawa,CCCC[C@@H]1NC(=O)[C@H](CC(C)C)N(C)C(=O)CN(CCCN2CCCC2=O)C(=O)[C@H](CC(C)C)NC(=O)CN(CC)C(=O)[C@H]2CCCN2C1=O,1.1-23,1156,-7.02,6,6,Circle,0.174333,0.0611541,-28.2964,8.642,7.209,1.433,0.115227,0.0393176,8.126,6.867,1.259,60,58,train,train,train,train,train,train,train,train,train,train
1155,2016_Furukawa,CCCC[C@@H]1NC(=O)[C@H](CC(C)C)N(C)C(=O)CN(Cc2ccccc2)C(=O)[C@H](Cc2ccccc2)NC(=O)CN(CC)C(=O)[C@H]2CCCN2C1=O,1.1-22,1155,-5.16,6,6,Circle,0.184782,0.0551682,-21.4669,8.557,7.504,1.053,0.166814,0.0407477,8.278,7.288,0.99,21,32,train,val,train,train,train,train,train,train,train,train
1154,2016_Furukawa,CCCC[C@@H]1NC(=O)[C@H](CC(C)C)N(C)C(=O)CN(CCCc2cnn(C)c2)C(=O)[C@H](CC(C)C)NC(=O)CN(CC)C(=O)[C@H]2CCCN2C1=O,1.1-21,1154,-6.0,6,6,Circle,0.18881,0.0547607,-26.1231,8.884,7.569,1.315,0.164461,0.0397339,8.557,7.383,1.174,84,4,train,train,train,train,train,train,train,train,train,train
1153,2016_Furukawa,CCCC[C@@H]1NC(=O)[C@H](CC(C)C)N(C)C(=O)CN(CCOc2ccccc2)C(=O)[C@H](CC(C)C)NC(=O)CN(CC)C(=O)[C@H]2CCCN2C1=O,1.1-20,1153,-5.19,6,6,Circle,0.168575,0.0550764,-22.2235,8.654,7.56,1.094,0.149954,0.0418132,8.639,7.562,1.077,29,28,train,train,train,train,train,train,train,train,train,val
1152,2016_Furukawa,CCCC[C@@H]1NC(=O)[C@H](CC(C)C)N(C)C(=O)CN(CCCc2ccccc2)C(=O)[C@H](CC(C)C)NC(=O)CN(CC)C(=O)[C@H]2CCCN2C1=O,1.1-19,1152,-5.11,6,6,Circle,0.167471,0.0559546,-20.395,8.755,7.671,1.084,0.179398,0.0415186,8.649,7.647,1.002,100,16,train,train,train,train,train,test,train,train,train,train
1151,2016_Furukawa,CCCC[C@@H]1NC(=O)[C@H](CC(C)C)N(C)C(=O)CN(CCc2cccnc2)C(=O)[C@H](CC(C)C)NC(=O)CN(CC)C(=O)[C@H]2CCCN2C1=O,1.1-18,1151,-6.14,6,6,Circle,0.118706,0.0458934,-24.057,8.008,6.907,1.101,0.142588,0.0400133,8.287,7.217,1.07,49,13,train,train,train,train,val,train,train,train,train,train
1150,2016_Furukawa,CCCCCN1CC(=O)N(C)[C@@H](CC(C)C)C(=O)N[C@@H](CCCC)C(=O)N2CCC[C@@H]2C(=O)N(CC)CC(=O)N[C@@H](Cc2ccccc2)C1=O,1.1-17,1150,-5.1,6,6,Circle,0.155873,0.0529378,-18.1046,8.641,7.58,1.061,0.146157,0.0404932,8.567,7.548,1.019,17,40,train,train,train,val,train,train,train,train,train,test
1149,2016_Furukawa,CCCC[C@@H]1NC(=O)[C@H](CC(C)C)N(C)C(=O)CN(CC2CCOCC2)C(=O)[C@H](CC(C)C)NC(=O)CN(CC)C(=O)[C@H]2CCCN2C1=O,1.1-16,1149,-5.75,6,6,Circle,0.102768,0.0406188,-20.5608,8.511,7.273,1.238,0.140973,0.0460571,8.235,7.095,1.14,46,54,train,train,train,train,train,train,train,train,train,train
1148,2016_Furukawa,CCCC[C@@H]1NC(=O)[C@H](CC(C)C)N(C)C(=O)CN(CC2CCCCC2)C(=O)[C@H](CC(C)C)NC(=O)CN(CC)C(=O)[C@H]2CCCN2C1=O,1.1-15,1148,-5.17,6,6,Circle,0.111133,0.0419997,-17.1538,8.588,7.459,1.129,0.125756,0.044254,8.49,7.385,1.105,97,53,train,train,train,train,test,train,val,train,train,train
1147,2016_Furukawa,CCCC[C@@H]1NC(=O)[C@H](CC(C)C)N(C)C(=O)CN(CCOC)C(=O)[C@H](Cc2ccccc2)NC(=O)CN(CC)C(=O)[C@H]2CCCN2C1=O,1.1-14,1147,-5.4,6,6,Circle,0.139574,0.0460418,-21.3838,8.38,7.245,1.135,0.16234,0.0462968,8.242,7.004,1.238,97,43,train,train,train,train,test,val,train,train,train,train
1146,2016_Furukawa,CCCC[C@@H]1NC(=O)[C@H](CC(C)C)N(C)C(=O)CN(Cc2ccccc2)C(=O)[C@H](CC(C)C)NC(=O)CN(CC)C(=O)[C@H]2CCCN2C1=O,1.1-13,1146,-4.99,6,6,Circle,0.168183,0.0575652,-20.9083,8.255,7.171,1.084,0.149977,0.0422848,8.156,7.134,1.022,65,71,train,val,train,test,train,train,test,train,train,train
1145,2016_Furukawa,CCCC[C@@H]1NC(=O)[C@H](CC(C)C)N(C)C(=O)CN(CCCN2CCCC2=O)C(=O)[C@H](C)NC(=O)CN(CC)C(=O)[C@H]2CCCN2C1=O,1.1-12,1145,-8.28,6,6,Circle,0.160653,0.0441561,-28.884,8.312,6.809,1.503,0.150984,0.0393581,7.989,6.629,1.36,10,54,train,train,train,test,train,val,val,train,train,val
1144,2016_Furukawa,CCCC[C@@H]1NC(=O)[C@H](CC(C)C)N(C)C(=O)CN(CCCc2cnn(C)c2)C(=O)[C@H](C)NC(=O)CN(CC)C(=O)[C@H]2CCCN2C1=O,1.1-11,1144,-7.33,6,6,Circle,0.178789,0.0610923,-27.6952,8.278,6.959,1.319,0.177298,0.0431256,8.178,6.884,1.294,67,81,train,train,train,train,train,train,train,train,train,train
1143,2016_Furukawa,CCCC[C@@H]1NC(=O)[C@H](CC(C)C)N(C)C(=O)CN(CCOc2ccccc2)C(=O)[C@H](C)NC(=O)CN(CC)C(=O)[C@H]2CCCN2C1=O,1.1-10,1143,-5.46,6,6,Circle,0.167853,0.0526772,-24.6089,8.406,7.139,1.267,0.148434,0.0429763,8.256,7.077,1.179,81,44,train,train,train,test,train,val,test,val,val,train
1142,2016_Furukawa,CCCC[C@@H]1NC(=O)[C@H](CC(C)C)N(C)C(=O)CN(CCCc2ccccc2)C(=O)[C@H](C)NC(=O)CN(CC)C(=O)[C@H]2CCCN2C1=O,1.1-09,1142,-5.16,6,6,Circle,0.165237,0.0474075,-21.5477,8.305,7.177,1.128,0.161884,0.0513355,8.269,7.168,1.101,66,14,train,test,train,test,train,train,test,train,test,val
1141,2016_Furukawa,CCCCCN1CC(=O)N(C)[C@@H](CC(C)C)C(=O)N[C@@H](CCCC)C(=O)N2CCC[C@@H]2C(=O)N(CC)CC(=O)N[C@@H](CC(C)C)C1=O,1.1-08,1141,-4.94,6,6,Circle,0.145302,0.0595251,-16.9482,8.356,7.23,1.126,0.135619,0.042128,8.28,7.243,1.037,24,33,train,test,train,train,train,train,train,train,test,train
1140,2016_Furukawa,CCCC[C@@H]1NC(=O)[C@H](CC(C)C)N(C)C(=O)CN(CCc2cccnc2)C(=O)[C@H](C)NC(=O)CN(CC)C(=O)[C@H]2CCCN2C1=O,1.1-07,1140,-7.4,6,6,Circle,0.150797,0.0533152,-23.8626,7.774,6.608,1.166,0.123983,0.035681,7.713,6.592,1.121,89,12,test,train,train,train,train,train,val,train,train,train
1139,2016_Furukawa,CCCC[C@@H]1NC(=O)[C@H](CC(C)C)N(C)C(=O)CN(CCOC)C(=O)[C@H](CC(C)C)NC(=O)CN(CC)C(=O)[C@H]2CCCN2C1=O,1.1-06,1139,-5.55,6,6,Circle,0.134286,0.0586409,-21.4605,7.992,6.784,1.208,0.140768,0.0466577,8.156,6.889,1.267,42,96,test,train,train,train,train,train,train,test,val,train
1138,2016_Furukawa,CCCC[C@@H]1NC(=O)[C@H](CC(C)C)N(C)C(=O)CN(CC2CCOCC2)C(=O)[C@H](C)NC(=O)CN(CC)C(=O)[C@H]2CCCN2C1=O,1.1-05,1138,-7.27,6,6,Circle,0.108689,0.0404602,-22.7068,8.052,6.716,1.336,0.109432,0.0420356,7.939,6.653,1.286,59,88,train,val,train,train,train,train,train,train,train,test
1137,2016_Furukawa,CCCC[C@@H]1NC(=O)[C@H](CC(C)C)N(C)C(=O)CN(CC2CCCCC2)C(=O)[C@H](C)NC(=O)CN(CC)C(=O)[C@H]2CCCN2C1=O,1.1-04,1137,-5.04,6,6,Circle,0.102515,0.0410656,-18.3066,8.132,6.932,1.2,0.109055,0.0399276,8.041,6.858,1.183,51,99,train,train,train,train,test,val,train,train,train,train
1136,2016_Furukawa,CCCC[C@@H]1NC(=O)[C@H](CC(C)C)N(C)C(=O)CN(Cc2ccccc2)C(=O)[C@H](C)NC(=O)CN(CC)C(=O)[C@H]2CCCN2C1=O,1.1-03,1136,-5.45,6,6,Circle,0.154386,0.0572314,-23.0668,7.875,6.677,1.198,0.143095,0.0393173,7.628,6.547,1.081,46,82,train,train,train,train,train,train,train,val,train,train
1135,2016_Furukawa,CCCCCN1CC(=O)N(C)[C@@H](CC(C)C)C(=O)N[C@@H](CCCC)C(=O)N2CCC[C@@H]2C(=O)N(CC)CC(=O)N[C@@H](C)C1=O,1.1-02,1135,-5.32,6,6,Circle,0.141167,0.0587457,-18.6669,7.935,6.716,1.219,0.118741,0.0363796,7.813,6.684,1.129,38,43,train,train,train,train,test,train,train,train,train,train
1134,2016_Furukawa,CCCC[C@@H]1NC(=O)[C@H](CC(C)C)N(C)C(=O)CN(CCOC)C(=O)[C@H](C)NC(=O)CN(CC)C(=O)[C@H]2CCCN2C1=O,1.1-01,1134,-7.13,6,6,Circle,0.13261,0.0566967,-22.7649,7.663,6.354,1.309,0.0980843,0.0363491,7.595,6.346,1.249,88,34,train,train,train,train,train,train,test,train,train,test
1106,2015_Wang,CC(C)C[C@@H]1NC(=O)[C@H](Cc2ccccc2)NC(=O)[C@H]([C@@H](C)O)N(C)C(=O)CN(C)C(=O)[C@H]([C@@H](C)O)NC(=O)[C@H](Cc2ccc(O)cc2)NC1=O,Compound.62,1106,-8.0,6,6,Circle,0.239232,0.0780769,-46.8516,8.084,6.719,1.365,0.219948,0.0893361,7.675,6.422,1.253,65,13,train,train,train,train,train,test,train,train,train,train
1105,2015_Wang,CC(C)C[C@@H]1NC(=O)[C@H](Cc2ccccc2)NC(=O)[C@H]([C@@H](C)O)NC(=O)CN(C)C(=O)[C@H]([C@@H](C)O)NC(=O)[C@H](Cc2ccc(O)cc2)NC1=O,Compound.61,1105,-7.7,6,6,Circle,0.148783,0.0384882,-47.8753,8.035,6.67,1.365,0.132183,0.0716813,7.918,6.463,1.455,4,88,train,train,test,train,train,train,train,test,train,train
1104,2015_Wang,CC(C)C[C@@H]1NC(=O)[C@H](C(C)C)NC(=O)[C@H](Cc2cc3ccccc3[nH]2)N(C)C(=O)[C@H](Cc2ccccc2)NC(=O)[C@H](Cc2ccccc2)NC(=O)[C@@H]2CCCN2C1=O,Compound.60,1104,-10.0,6,6,Circle,0.194669,0.0516233,-34.8739,9.355,8.232,1.123,0.145507,0.0425428,9.214,8.144,1.07,100,94,train,train,train,train,train,train,train,train,val,train
1103,2015_Wang,CC(C)C[C@H]1C(=O)N2CCC[C@H]2C(=O)N[C@@H](Cc2ccccc2)C(=O)N[C@@H](Cc2ccccc2)C(=O)N[C@@H](Cc2cc3ccccc3[nH]2)C(=O)N[C@@H](C(C)C)C(=O)N1C,Compound.59,1103,-10.0,6,6,Circle,0.212928,0.0447332,-35.0731,9.334,8.134,1.2,0.152844,0.0509548,9.131,8.028,1.103,63,83,train,train,train,train,train,train,test,train,test,test
1102,2015_Wang,CC(C)C[C@@H]1NC(=O)[C@H](Cc2ccccc2)NC(=O)[C@H]([C@@H](C)O)NC(=O)CNC(=O)[C@H]([C@@H](C)O)NC(=O)[C@H](Cc2ccc(O)cc2)NC1=O,Compound.58,1102,-7.7,6,6,Circle,0.171042,0.0654515,-50.5092,7.753,6.221,1.532,0.166893,0.0571773,7.358,5.87,1.488,100,96,val,train,train,train,train,train,train,train,train,train
1101,2015_Wang,CC(C)C[C@@H]1NC(=O)CNC(=O)[C@H](Cc2ccccc2)NC(=O)[C@H](CC(N)=O)NC(=O)[C@H](Cc2ccc(O)cc2)NC(=O)[C@H](C)NC1=O,Compound.57,1101,-8.0,6,6,Circle,0.165238,0.0506986,-56.3562,7.83,5.5,2.33,0.159169,0.0435433,7.345,5.277,2.068,31,64,train,train,train,train,train,val,train,train,train,train
1100,2015_Wang,CC(C)C[C@@H]1NC(=O)[C@H](Cc2ccccc2)NC(=O)[C@H]([C@@H](C)O)NC(=O)CNC(=O)[C@H](C)NC(=O)[C@H](Cc2ccc(O)cc2)NC1=O,Compound.56,1100,-7.7,6,6,Circle,0.159364,0.054935,-47.6435,7.667,6.07,1.597,0.194745,0.0754848,7.552,6.016,1.536,59,26,val,train,train,train,train,train,train,val,train,train
1099,2015_Wang,CC[C@H](C)[C@@H]1NC(=O)[C@H](Cc2ccc(O)cc2)NC(=O)[C@H](Cc2ccccc2)NC(=O)CNC(=O)[C@H](C(C)C)NC(=O)CNC1=O,Compound.55,1099,-8.0,6,6,Circle,0.244584,0.120208,-47.1747,7.766,6.136,1.63,0.151487,0.029184,7.437,6.131,1.306,29,86,train,train,train,train,val,train,train,train,train,train
1098,2015_Wang,CC(C)C[C@@H]1NC(=O)[C@H](Cc2ccccc2)NC(=O)[C@H]([C@@H](C)O)NC(=O)CNC(=O)[C@H](C(C)C)NC(=O)[C@H](Cc2ccc(O)cc2)NC1=O,Compound.54,1098,-7.4,6,6,Circle,0.123805,0.0330276,-42.8527,7.746,6.233,1.513,0.156374,0.0274836,7.322,6.053,1.269,95,52,train,train,train,train,train,train,train,val,train,val
1097,2015_Wang,CC[C@H](C)[C@@H]1NC(=O)[C@H](C(C)C)NC(=O)[C@H](CC(C)C)NC(=O)CNC(=O)[C@@H]2CCCN2C(=O)[C@H](Cc2ccc(O)cc2)NC1=O,Compound.53,1097,-10.0,6,6,Circle,0.121197,0.0358657,-33.6441,7.499,6.065,1.434,0.105118,0.029791,7.344,6.175,1.169,49,33,test,train,train,train,test,train,test,train,train,train
1096,2015_Wang,CC(C)C[C@@H]1NC(=O)CNC(=O)[C@@H]2CCCN2C(=O)[C@H](Cc2ccc(O)cc2)NC(=O)[C@H](Cc2ccccc2)NC(=O)[C@@H]2CCCN2C1=O,Compound.52,1096,-8.0,6,6,Circle,0.169466,0.0439529,-43.2447,7.583,6.039,1.544,0.092193,0.0365926,7.133,5.546,1.587,24,39,train,train,train,train,train,train,test,train,train,train
1095,2015_Wang,CC(C)C[C@@H]1NC(=O)[C@H](C(C)C)NC(=O)[C@H](Cc2cc3ccccc3[nH]2)NC(=O)[C@H](Cc2ccccc2)NC(=O)[C@H](Cc2ccccc2)NC(=O)[C@@H]2CCCN2C1=O,Compound.51,1095,-6.43,6,6,Circle,0.16579,0.0610463,-32.7881,8.777,7.405,1.372,0.170854,0.0596099,8.609,7.226,1.383,90,8,test,train,train,train,train,train,train,test,train,train
1094,2015_Wang,C[C@@H]1NC(=O)[C@H](C)N(C)C(=O)[C@H](C)NC(=O)[C@H](C)N(C)C(=O)[C@H](C)NC(=O)[C@@H](C)NC1=O,Compound.50,1094,-8.0,6,6,Circle,0.0844431,0.0710806,-30.1314,5.701,4.354,1.347,0.0531359,0.0358248,5.535,4.215,1.32,33,78,train,train,train,train,train,val,train,val,train,train
1093,2015_Wang,N=C(N)NCCC[C@@H]1NC(=O)[C@H](Cc2cc3ccccc3[nH]2)NC(=O)[C@H]2CCCN2C(=O)[C@H](CCCCN)NC(=O)[C@H](CCCNC(=N)N)NC(=O)[C@@H](CCCNC(=N)N)NC1=O,Compound.49,1093,-10.0,6,6,Circle,0.203851,0.0524626,-455.5223,10.7,8.091,2.609,0.114255,0.0321923,10.132,8.041,2.091,11,13,val,test,test,train,train,train,train,train,train,test
1092,2015_Wang,CC(C)C[C@@H]1NC(=O)[C@H](Cc2ccccc2)NC(=O)[C@@H](CC(C)C)N(C)C(=O)[C@H](CC(C)C)N(C)C(=O)[C@H](Cc2ccc(O)cc2)NC(=O)[C@@H]2CCCN2C1=O,Compound.48,1092,-6.39,6,6,Circle,0.13318,0.0393908,-29.7608,9.251,8.067,1.184,0.196324,0.0527364,8.977,7.938,1.039,51,79,train,train,train,train,train,train,train,train,train,train
1091,2015_Wang,CC(C)C[C@@H]1NC(=O)[C@H](Cc2ccccc2)NC(=O)CN(C)C(=O)[C@H](CC(C)C)N(C)C(=O)[C@H](Cc2ccc(O)cc2)NC(=O)[C@@H]2CCCN2C1=O,Compound.47,1091,-7.0,6,6,Circle,0.179283,0.0467495,-37.5901,8.486,7.239,1.247,0.165362,0.046215,8.403,7.096,1.307,62,99,train,train,train,train,train,train,val,train,train,train
1090,2015_Wang,CC(C)C[C@H]1C(=O)N2CCC[C@H]2C(=O)N[C@@H](Cc2ccc(O)cc2)C(=O)N(C)[C@H](C)C(=O)N(C)CC(=O)N[C@@H](Cc2ccccc2)C(=O)N1C,Compound.46,1090,-10.0,6,6,Circle,0.152026,0.0426173,-33.5101,7.671,6.411,1.26,0.14158,0.037721,8.039,6.81,1.229,40,47,train,val,train,train,test,train,train,train,train,val
1089,2015_Wang,CC(C)C[C@@H]1NC(=O)[C@@H](Cc2ccccc2)NC(=O)CN(C)C(=O)[C@@H](C)N(C)C(=O)[C@H](Cc2ccc(O)cc2)NC(=O)[C@@H]2CCCN2C1=O,Compound.45,1089,-6.85,6,6,Circle,0.161809,0.0608898,-51.2654,7.943,6.623,1.32,0.161823,0.0436839,7.438,6.377,1.061,99,45,train,train,test,train,val,val,train,val,train,train
1088,2015_Wang,CC(C)C[C@H]1NC(=O)[C@@H](Cc2ccccc2)NC(=O)CN(C)C(=O)[C@H](C)N(C)C(=O)[C@H](Cc2ccc(O)cc2)NC(=O)[C@@H]2CCCN2C1=O,Compound.44,1088,-7.52,6,6,Circle,0.236992,0.0976238,-43.5462,7.815,6.481,1.334,0.195342,0.059719,7.475,6.092,1.383,31,66,train,train,test,train,test,train,train,test,train,train
1087,2015_Wang,CC(C)C[C@H]1C(=O)N[C@@H](Cc2ccc(O)cc2)C(=O)N(C)[C@H](C)C(=O)N(C)CC(=O)N[C@@H](Cc2ccccc2)C(=O)N(C)[C@H](CC(C)C)C(=O)N1C,Compound.43,1087,-6.03,6,6,Circle,0.119157,0.0342166,-29.4581,8.36,7.236,1.124,0.108603,0.0311487,8.378,7.257,1.121,38,69,train,train,test,test,train,train,train,train,train,val
1086,2015_Wang,CC(C)C[C@@H]1C(=O)N2CCC[C@H]2C(=O)N[C@@H](Cc2ccc(O)cc2)C(=O)N(C)[C@H](C)C(=O)N(C)CC(=O)N[C@@H](Cc2ccccc2)C(=O)N1C,Compound.42,1086,-7.15,6,6,Circle,0.171674,0.0629272,-39.2346,7.744,6.466,1.278,0.164503,0.0397044,7.697,6.514,1.183,56,21,train,train,val,val,val,test,train,val,test,train
1085,2015_Wang,CC(C)C[C@H]1C(=O)N2CCC[C@@H]2C(=O)N(C)[C@@H](Cc2ccc(O)cc2)C(=O)N[C@@H](C)C(=O)NCC(=O)N(C)[C@@H](Cc2ccccc2)C(=O)N1C,Compound.41,1085,-6.8,6,6,Circle,0.152229,0.0325682,-42.2131,8.16,7.049,1.111,0.159226,0.0577221,7.922,6.733,1.189,25,100,train,train,train,test,train,val,train,train,train,test
1084,2015_Wang,CC(C)C[C@@H]1NC(=O)[C@H](Cc2ccccc2)N(C)C(=O)CN(C)C(=O)[C@H](C)NC(=O)[C@H](Cc2ccc(O)cc2)N(C)C(=O)[C@H]2CCCN2C1=O,Compound.40,1084,-6.46,6,6,Circle,0.193711,0.0782728,-41.6571,8.203,7.104,1.099,0.179094,0.0477022,8.08,6.965,1.115,30,59,train,train,train,val,val,train,train,train,train,train
1083,2015_Wang,CC(C)C[C@@H]1NC(=O)[C@H](Cc2ccccc2)NC(=O)CNC(=O)[C@@H](C)NC(=O)[C@H](Cc2ccc(O)cc2)NC(=O)[C@@H]2CCCN2C1=O,Compound.39,1083,-7.52,6,6,Circle,0.165334,0.0404434,-45.593,7.74,6.208,1.532,0.226221,0.108287,7.274,5.906,1.368,2,72,train,test,train,train,val,train,train,test,train,train
1082,2015_Wang,CC(C)C[C@@H]1NC(=O)[C@@H](Cc2ccccc2)NC(=O)CNC(=O)[C@@H](C)NC(=O)[C@H](Cc2ccc(O)cc2)NC(=O)[C@@H]2CCCN2C1=O,Compound.38,1082,-8.0,6,6,Circle,0.095464,0.05024,-44.2082,7.619,6.019,1.6,0.121961,0.0330259,7.434,6.099,1.335,19,32,train,test,train,train,train,val,train,val,test,train
1081,2015_Wang,CC(C)C[C@H]1NC(=O)[C@@H](Cc2ccccc2)NC(=O)CNC(=O)[C@H](C)NC(=O)[C@H](Cc2ccc(O)cc2)NC(=O)[C@@H]2CCCN2C1=O,Compound.37,1081,-8.0,6,6,Circle,0.0949649,0.0384596,-39.4393,7.342,5.799,1.543,0.162967,0.0624354,7.475,5.968,1.507,43,61,train,train,train,train,train,test,train,train,train,train
1080,2015_Wang,CC(C)C[C@@H]1NC(=O)[C@@H](CC(C)C)NC(=O)[C@H](Cc2ccccc2)NC(=O)CNC(=O)[C@@H](C)NC(=O)[C@H](Cc2ccc(O)cc2)NC1=O,Compound.36,1080,-7.7,6,6,Circle,0.179876,0.069395,-44.2272,8.228,6.495,1.733,0.147272,0.0312171,7.563,6.262,1.301,95,63,train,train,train,train,train,train,train,train,train,test
1079,2015_Wang,CC(C)C[C@H]1NC(=O)[C@H](Cc2ccccc2)NC(=O)CNC(=O)[C@@H](C)NC(=O)[C@H](Cc2ccc(O)cc2)NC(=O)[C@@H]2CCCN2C1=O,Compound.35,1079,-7.15,6,6,Circle,0.20441,0.0624663,-42.555,7.621,5.973,1.648,0.126749,0.0324054,7.55,6.244,1.306,28,36,train,train,train,train,val,val,train,train,train,train
1078,2015_Wang,CC(C)C[C@@H]1NC(=O)[C@H](Cc2ccccc2)NC(=O)CNC(=O)[C@H](C)NC(=O)[C@H](Cc2ccc(O)cc2)NC(=O)[C@H]2CCCN2C1=O,Compound.34,1078,-8.0,6,6,Circle,0.230375,0.0876144,-46.7651,7.906,6.307,1.599,0.182522,0.0326755,7.124,5.791,1.333,41,57,train,train,test,train,train,train,train,train,train,train
1077,2015_Wang,C[C@@H](O)[C@@H]1NC(=O)[C@@H](CCCCN)NC(=O)[C@@H](Cc2cc3ccccc3[nH]2)NC(=O)[C@H](Cc2ccccc2)NC(=O)[C@@H]2CCCN2C(=O)[C@@H](Cc2ccccc2)NC1=O,Compound.33,1077,-7.05,6,6,Circle,0.267853,0.068754,-100.0606,9.084,7.587,1.497,0.130412,0.0262093,8.74,7.608,1.132,33,9,train,train,test,test,val,train,val,train,train,train
1076,2015_Wang,C[C@@H](O)[C@@H]1NC(=O)[C@H](CCCCN)NC(=O)[C@@H](Cc2cc3ccccc3[nH]2)NC(=O)[C@H](Cc2ccccc2)NC(=O)[C@@H]2CCCN2C(=O)[C@H](Cc2ccccc2)NC1=O,Compound.32,1076,-7.1,6,6,Circle,0.147526,0.0394908,-110.3888,9.083,7.518,1.565,0.270446,0.0986552,8.713,7.563,1.15,29,15,train,train,train,train,train,train,train,train,test,val
1075,2015_Wang,CC(C)C[C@@H]1NC(=O)[C@H](CC(C)C)NC(=O)[C@H](Cc2cc3ccccc3[nH]2)NC(=O)[C@H]2CCCN2C(=O)[C@H](Cc2cc3ccccc3[nH]2)NC(=O)[C@H](Cc2cc3ccccc3[nH]2)NC1=O,Compound.31,1075,-10.0,6,6,Circle,0.157534,0.0419977,-39.2632,9.626,8.092,1.534,0.223781,0.0843372,9.714,8.349,1.365,55,74,val,train,train,train,val,train,val,train,train,val
1074,2015_Wang,CC(C)C[C@@H]1NC(=O)[C@H](Cc2cc3ccccc3[nH]2)NC(=O)[C@H]2CCCN2C(=O)[C@H](CC(C)C)NC(=O)[C@H](Cc2cc3ccccc3[nH]2)NC(=O)[C@@H](CC(C)C)NC1=O,Compound.30,1074,-10.0,6,6,Circle,0.168194,0.0412098,-30.1441,9.337,7.949,1.388,0.115168,0.0389486,9.154,7.809,1.345,70,49,train,test,val,train,train,train,test,test,test,train
1073,2015_Wang,O=C1N[C@H](Cc2ccccc2)C(=O)N[C@@H](Cc2ccccc2)C(=O)N[C@@H](Cc2ccccc2)C(=O)N2CCC[C@@H]2C(=O)N[C@@H](Cc2cc3ccccc3[nH]2)C(=O)N[C@H]1Cc1ccccc1,Compound.29,1073,-10.0,6,6,Circle,0.21909,0.0451905,-33.8314,9.858,8.674,1.184,0.186145,0.0433424,9.884,8.688,1.196,100,49,train,train,train,train,train,train,train,train,val,train
1072,2015_Wang,CC[C@H](C)[C@@H]1NC(=O)[C@H](Cc2cc3ccccc3[nH]2)NC(=O)[C@H]2CCCN2C(=O)[C@H]([C@@H](C)CC)NC(=O)[C@H]([C@@H](C)CC)NC(=O)[C@@H](CC(C)C)NC1=O,Compound.28,1072,-6.39,6,6,Circle,0.307523,0.115486,-28.8466,8.539,7.279,1.26,0.164823,0.0342633,8.195,7.003,1.192,30,19,train,train,train,train,train,train,train,train,train,train
1071,2015_Wang,CC(C)C[C@@H]1NC(=O)[C@H](Cc2cc3ccccc3[nH]2)NC(=O)[C@H]2CCCN2C(=O)[C@H](CC(C)C)NC(=O)[C@H](CC(C)C)NC(=O)[C@@H](CC(C)C)NC1=O,Compound.27,1071,-5.78,6,6,Circle,0.216934,0.0859079,-31.9109,8.896,7.498,1.398,0.129231,0.0498062,8.739,7.414,1.325,8,2,train,val,train,train,train,train,train,train,train,train
1070,2015_Wang,CC(C)C[C@@H]1NC(=O)[C@@H](CC(C)C)NC(=O)[C@@H](CC(C)C)NC(=O)[C@H](Cc2cc3ccccc3[nH]2)NC(=O)[C@@H]2CCCN2C(=O)[C@@H](CC(C)C)NC1=O,Compound.26,1070,-5.6,6,6,Circle,0.277041,0.108434,-30.2223,9.22,7.91,1.31,0.122826,0.0333412,8.903,7.76,1.143,21,74,test,train,test,train,train,train,train,train,train,train
1069,2015_Wang,CC(C)C[C@@H]1NC(=O)[C@@H](CC(C)C)NC(=O)[C@@H](CC(C)C)NC(=O)[C@@H](CC(C)C)NC(=O)[C@H](Cc2cc3ccccc3[nH]2)NC(=O)[C@@H]2CCCN2C1=O,Compound.25,1069,-6.55,6,6,Circle,0.116069,0.0360056,-42.583,9.021,7.65,1.371,0.161587,0.029985,8.803,7.723,1.08,33,51,train,val,train,train,train,val,train,train,train,test
1068,2015_Wang,CC(C)C[C@@H]1NC(=O)[C@H](Cc2cc3ccccc3[nH]2)NC(=O)[C@@H]2CCCN2C(=O)[C@H]2CCCN2C(=O)[C@@H](CC(C)C)NC(=O)[C@H](CC(C)C)NC1=O,Compound.24,1068,-6.72,6,6,Circle,0.136943,0.0582717,-21.6769,8.419,7.307,1.112,0.114038,0.0325127,7.859,6.909,0.95,87,47,train,train,train,train,train,train,train,val,train,train
1067,2015_Wang,CC(C)C[C@@H]1NC(=O)[C@H](Cc2cc3ccccc3[nH]2)NC(=O)[C@@H]2CCCN2C(=O)[C@@H](CC(C)C)NC(=O)[C@@H](CC(C)C)NC(=O)[C@@H](CC(C)C)NC1=O,Compound.23,1067,-5.48,6,6,Circle,0.189376,0.0654083,-30.3246,9.188,7.801,1.387,0.129868,0.0443445,9.119,7.883,1.236,36,35,test,train,train,train,train,val,val,train,train,train
1066,2015_Wang,CC(C)C[C@@H]1NC(=O)[C@H](Cc2ccc(O)cc2)NC(=O)[C@H]2CCCN2C(=O)[C@@H](CC(C)C)NC(=O)[C@H](CC(C)C)NC(=O)[C@@H](CC(C)C)NC1=O,Compound.22,9,-6.96,6,6,Circle,0.191616,0.057869,-38.0034,9.027,7.553,1.474,0.15821,0.047698,8.711,7.36,1.351,68,91,train,train,train,train,train,test,train,train,train,train
1065,2015_Wang,CC(C)C[C@@H]1NC(=O)[C@H](CC(C)C)N(C)C(=O)[C@@H](CC(C)C)N(C)C(=O)[C@H](Cc2ccc(O)cc2)NC(=O)[C@@H]2CCCN2C(=O)[C@H](CC(C)C)N(C)C1=O,Compound.21,1065,-5.64,6,6,Circle,0.112585,0.0336503,-25.1876,8.848,7.749,1.099,0.114888,0.031076,8.916,7.907,1.009,56,5,train,train,train,train,val,train,train,train,train,train
1064,2015_Wang,CC(C)C[C@@H]1NC(=O)[C@H](CC(C)C)NC(=O)[C@@H](CC(C)C)NC(=O)[C@H](Cc2ccc(O)cc2)NC(=O)[C@@H]2CCCN2C(=O)[C@H](CC(C)C)NC1=O,Compound.20,1064,-6.23,6,6,Circle,0.187451,0.0475332,-40.3203,8.792,7.471,1.321,0.139743,0.0462234,8.755,7.375,1.38,44,22,train,train,test,train,train,train,train,val,train,val
1063,2015_Wang,CC(C)C[C@@H]1NC(=O)[C@@H](CC(C)C)N(C)C(=O)[C@@H](CC(C)C)N(C)C(=O)[C@H](Cc2ccc(O)cc2)NC(=O)[C@@H]2CCCN2C(=O)[C@@H](CC(C)C)NC1=O,Compound.19,1063,-6.17,6,6,Circle,0.178485,0.0422343,-27.9754,9.123,7.803,1.32,0.186626,0.06091,8.696,7.58,1.116,34,92,val,train,train,train,train,train,train,train,train,train
1062,2015_Wang,CC(C)C[C@@H]1NC(=O)[C@H](CC(C)C)N(C)C(=O)[C@H](Cc2ccc(O)cc2)NC(=O)[C@@H]2CCCN2C(=O)[C@H]2CCCN2C(=O)[C@@H](CC(C)C)NC1=O,Compound.18,1062,-6.54,6,6,Circle,0.194396,0.071404,-33.2044,8.533,7.343,1.19,0.156989,0.0525149,8.419,7.356,1.063,49,2,train,train,test,train,train,train,train,train,train,train
1061,2015_Wang,CC(C)C[C@@H]1NC(=O)[C@H](CC(C)C)N(C)C(=O)[C@@H](CC(C)C)N(C)C(=O)[C@H](CC(C)C)N(C)C(=O)[C@H](Cc2ccc(O)cc2)N(C)C(=O)[C@H]2CCCN2C1=O,Compound.17,1061,-5.82,6,6,Circle,0.165121,0.0615729,-29.2069,9.221,8.25,0.971,0.174226,0.0455557,9.174,8.279,0.895,23,32,train,test,val,train,train,train,train,train,test,train
1060,2015_Wang,CC(C)C[C@@H]1NC(=O)[C@@H](CC(C)C)N(C)C(=O)[C@@H](CC(C)C)N(C)C(=O)[C@H](Cc2ccc(O)cc2)NC(=O)[C@@H]2CCCN2C(=O)[C@@H](CC(C)C)N(C)C1=O,Compound.16,1060,-7.0,6,6,Circle,0.21803,0.0787793,-26.1968,9.115,7.925,1.19,0.257403,0.0840264,8.945,7.751,1.194,8,16,val,train,val,train,test,val,train,train,train,train
1059,2015_Wang,CC(C)C[C@H]1C(=O)N2CCC[C@H]2C(=O)N[C@@H](Cc2ccc(O)cc2)C(=O)N(C)[C@H](CC(C)C)C(=O)N(C)[C@H](CC(C)C)C(=O)N[C@H](CC(C)C)C(=O)N1C,Compound.15,1059,-5.73,6,6,Circle,0.165702,0.030917,-26.7274,8.938,7.839,1.099,0.109925,0.0325624,8.785,7.708,1.077,40,56,train,train,val,train,train,test,train,train,train,train
1058,2015_Wang,CC(C)C[C@H]1C(=O)N(C)[C@@H](CC(C)C)C(=O)N[C@H](CC(C)C)C(=O)N2CCC[C@@H]2C(=O)N2CCC[C@H]2C(=O)N[C@@H](Cc2ccc(O)cc2)C(=O)N1C,Compound.14,1058,-5.95,6,6,Circle,0.107753,0.0442384,-30.4528,8.327,7.174,1.153,0.157565,0.0378299,8.383,7.393,0.99,31,41,train,train,train,test,val,val,train,train,train,train
1057,2015_Wang,CC(C)C[C@H]1C(=O)N(C)[C@H](CC(C)C)C(=O)N[C@H](CC(C)C)C(=O)N[C@H](CC(C)C)C(=O)N2CCC[C@H]2C(=O)N[C@@H](Cc2ccc(O)cc2)C(=O)N1C,Compound.13,1057,-5.42,6,6,Circle,0.165786,0.0384514,-29.9377,8.882,7.606,1.276,0.0935942,0.0304489,8.389,7.291,1.098,35,83,train,train,train,test,train,train,train,test,val,train
1056,2015_Wang,CC(C)C[C@@H]1NC(=O)[C@H](Cc2ccc(O)cc2)N(C)C(=O)[C@H]2CCCN2C(=O)[C@H](CC(C)C)NC(=O)[C@H](CC(C)C)N(C)C(=O)[C@@H](CC(C)C)N(C)C1=O,Compound.12,25,-6.24,6,6,Circle,0.177916,0.0568791,-26.3673,9.191,8.26,0.931,0.151941,0.0497355,9.186,8.346,0.84,55,56,train,val,val,train,train,train,train,train,train,train
1055,2015_Wang,CC(C)C[C@@H]1NC(=O)[C@H](Cc2ccc(O)cc2)N(C)C(=O)[C@H]2CCCN2C(=O)[C@H](CC(C)C)NC(=O)[C@H](CC(C)C)N(C)C(=O)[C@@H](CC(C)C)NC1=O,Compound.11,1055,-5.88,6,6,Circle,0.192247,0.0645316,-30.1253,9.193,8.02,1.173,0.157823,0.0413079,9.197,8.073,1.124,84,19,train,train,train,train,train,test,train,val,train,val
1054,2015_Wang,CC(C)C[C@@H]1NC(=O)[C@@H](CC(C)C)N(C)C(=O)[C@H](CC(C)C)NC(=O)[C@H](Cc2ccc(O)cc2)N(C)C(=O)[C@H]2CCCN2C(=O)[C@H](CC(C)C)NC1=O,Compound.10,1054,-5.82,6,6,Circle,0.154077,0.0412441,-31.537,9.156,8.112,1.044,0.150336,0.0404104,9.37,8.27,1.1,56,66,test,val,train,train,train,train,train,train,train,train
1053,2015_Wang,CC(C)C[C@@H]1NC(=O)[C@H](Cc2ccc(O)cc2)NC(=O)[C@H]2CCCN2C(=O)[C@H](CC(C)C)NC(=O)[C@H](CC(C)C)N(C)C(=O)[C@@H](CC(C)C)N(C)C1=O,Compound.9,1053,-6.02,6,6,Circle,0.162913,0.0640242,-33.6929,8.931,7.758,1.173,0.127076,0.0425323,9.072,7.83,1.242,23,44,train,train,train,train,val,train,train,train,train,train
1052,2015_Wang,CC(C)C[C@@H]1NC(=O)[C@H](Cc2ccc(O)cc2)N(C)C(=O)[C@H]2CCCN2C(=O)[C@H](CC(C)C)NC(=O)[C@H](CC(C)C)NC(=O)[C@@H](CC(C)C)NC1=O,Compound.8,1052,-5.89,6,6,Circle,0.193296,0.0649328,-35.74,9.213,7.959,1.254,0.171861,0.0446908,8.765,7.751,1.014,58,23,train,train,val,test,train,test,train,train,val,train
1051,2015_Wang,CC(C)C[C@@H]1NC(=O)[C@H](Cc2ccc(O)cc2)NC(=O)[C@H]2CCCN2C(=O)[C@H](CC(C)C)NC(=O)[C@H](CC(C)C)N(C)C(=O)[C@@H](CC(C)C)NC1=O,Compound.7,1051,-6.12,6,6,Circle,0.120335,0.036149,-40.5813,8.912,7.679,1.233,0.135395,0.0534484,8.503,7.304,1.199,66,64,test,val,train,train,train,train,train,train,val,train
1050,2015_Wang,CC(C)C[C@@H]1NC(=O)[C@@H](CC(C)C)N(C)C(=O)[C@H](CC(C)C)NC(=O)[C@H](Cc2ccc(O)cc2)NC(=O)[C@H]2CCCN2C(=O)[C@H](CC(C)C)NC1=O,Compound.6,1050,-6.11,6,6,Circle,0.152267,0.0434191,-31.3922,9.014,7.686,1.328,0.20982,0.0906657,8.89,7.63,1.26,80,31,train,train,train,train,train,train,train,train,train,train
1049,2015_Wang,CC(C)C[C@@H]1NC(=O)[C@H](Cc2ccc(O)cc2)NC(=O)[C@H]2CCCN2C(=O)[C@H](CC(C)C)NC(=O)[C@H](CC(C)C)NC(=O)[C@@H](CC(C)C)NC1=O,Compound.5,10,-5.91,6,6,Circle,0.228466,0.0919221,-39.075,8.857,7.454,1.403,0.16065,0.0360656,8.343,7.159,1.184,20,6,train,train,train,train,val,val,test,train,train,train
1048,2015_Wang,CC(C)C[C@@H]1NC(=O)[C@@H](CC(C)C)NC(=O)[C@@H](CC(C)C)NC(=O)[C@H](Cc2ccc(O)cc2)NC(=O)[C@@H]2CCCN2C(=O)[C@@H](CC(C)C)NC1=O,Compound.4,2,-5.46,6,6,Circle,0.174185,0.0661962,-31.9352,8.795,7.376,1.419,0.125746,0.0328488,8.469,7.336,1.133,5,45,train,train,train,val,train,train,train,train,train,test
1047,2015_Wang,CC(C)C[C@@H]1NC(=O)[C@@H](CC(C)C)NC(=O)[C@@H](CC(C)C)NC(=O)[C@@H](CC(C)C)NC(=O)[C@H](Cc2ccc(O)cc2)NC(=O)[C@@H]2CCCN2C1=O,Compound.3,1047,-6.96,6,6,Circle,0.165952,0.0417074,-29.6008,8.69,7.346,1.344,0.160866,0.0420466,8.524,7.242,1.282,52,64,train,train,train,train,train,val,train,test,val,train
1046,2015_Wang,CC(C)C[C@@H]1NC(=O)[C@H](Cc2ccc(O)cc2)NC(=O)[C@@H]2CCCN2C(=O)[C@H]2CCCN2C(=O)[C@@H](CC(C)C)NC(=O)[C@H](CC(C)C)NC1=O,Compound.2,1046,-7.05,6,6,Circle,0.320055,0.136462,-33.053,8.382,7.074,1.308,0.163987,0.0336558,7.952,6.73,1.222,6,56,train,val,train,test,train,train,train,train,train,train
1045,2015_Wang,CC(C)C[C@@H]1NC(=O)[C@H](Cc2ccc(O)cc2)NC(=O)[C@@H]2CCCN2C(=O)[C@@H](CC(C)C)NC(=O)[C@@H](CC(C)C)NC(=O)[C@@H](CC(C)C)NC1=O,Compound.1,5,-5.79,6,6,Circle,0.150412,0.0519362,-33.1752,8.669,7.265,1.404,0.117787,0.0368999,8.825,7.42,1.405,41,73,train,val,train,train,train,val,train,train,train,train
